run,P0DT1H0M0S,P0DT1H15M0S,P0DT1H30M0S,P0DT1H45M0S,P0DT2H0M0S,P0DT2H15M0S,P0DT2H30M0S,P0DT2H45M0S,P0DT3H0M0S,P0DT3H15M0S,P0DT3H30M0S,P0DT3H45M0S,P0DT4H0M0S,P0DT4H15M0S,P0DT4H30M0S,P0DT4H45M0S,P0DT5H0M0S,P0DT5H15M0S,P0DT5H30M0S,P0DT5H45M0S,P0DT6H0M0S,P0DT6H15M0S,P0DT6H30M0S,P0DT6H45M0S,P0DT7H0M0S,P0DT7H15M0S,P0DT7H30M0S,P0DT7H45M0S,P0DT8H0M0S,P0DT8H15M0S,P0DT8H30M0S,P0DT8H45M0S,P0DT9H0M0S,P0DT9H15M0S,P0DT9H30M0S,P0DT9H45M0S,P0DT10H0M0S,P0DT10H15M0S,P0DT10H30M0S,P0DT10H45M0S,P0DT11H0M0S,P0DT11H15M0S,P0DT11H30M0S,P0DT11H45M0S,P0DT12H0M0S,P0DT12H15M0S,P0DT12H30M0S,P0DT12H45M0S,P0DT13H0M0S,P0DT13H15M0S,P0DT13H30M0S,P0DT13H45M0S,P0DT14H0M0S,P0DT14H15M0S,P0DT14H30M0S,P0DT14H45M0S,P0DT15H0M0S,P0DT15H15M0S,P0DT15H30M0S,P0DT15H45M0S,P0DT16H0M0S,P0DT16H15M0S,P0DT16H30M0S,P0DT16H45M0S,P0DT17H0M0S,P0DT17H15M0S,P0DT17H30M0S,P0DT17H45M0S,P0DT18H0M0S,P0DT18H15M0S,P0DT18H30M0S,P0DT18H45M0S,P0DT19H0M0S,P0DT19H15M0S,P0DT19H30M0S,P0DT19H45M0S,P0DT20H0M0S,P0DT20H15M0S,P0DT20H30M0S,P0DT20H45M0S,P0DT21H0M0S,P0DT21H15M0S,P0DT21H30M0S,P0DT21H45M0S,P0DT22H0M0S,P0DT22H15M0S,P0DT22H30M0S,P0DT22H45M0S,P0DT23H0M0S,P0DT23H15M0S,P0DT23H30M0S,P0DT23H45M0S,P1DT0H0M0S,P1DT0H15M0S,P1DT0H30M0S,P1DT0H45M0S,P1DT1H0M0S,P1DT1H15M0S,P1DT1H30M0S,P1DT1H45M0S,P1DT2H0M0S,P1DT2H15M0S,P1DT2H30M0S,P1DT2H45M0S,P1DT3H0M0S,P1DT3H15M0S,P1DT3H30M0S,P1DT3H45M0S,P1DT4H0M0S,P1DT4H15M0S,P1DT4H30M0S,P1DT4H45M0S,P1DT5H0M0S,P1DT5H15M0S,P1DT5H30M0S,P1DT5H45M0S,P1DT6H0M0S,P1DT6H15M0S,P1DT6H30M0S,P1DT6H45M0S,P1DT7H0M0S,P1DT7H15M0S,P1DT7H30M0S,P1DT7H45M0S,P1DT8H0M0S,P1DT8H15M0S,P1DT8H30M0S,P1DT8H45M0S,P1DT9H0M0S,P1DT9H15M0S,P1DT9H30M0S,P1DT9H45M0S,P1DT10H0M0S,P1DT10H15M0S,P1DT10H30M0S,P1DT10H45M0S,P1DT11H0M0S,P1DT11H15M0S,P1DT11H30M0S,P1DT11H45M0S,P1DT12H0M0S,P1DT12H15M0S,P1DT12H30M0S,P1DT12H45M0S,P1DT13H0M0S,P1DT13H15M0S,P1DT13H30M0S,P1DT13H45M0S,P1DT14H0M0S,P1DT14H15M0S,P1DT14H30M0S,P1DT14H45M0S,P1DT15H0M0S,P1DT15H15M0S,P1DT15H30M0S,P1DT15H45M0S,P1DT16H0M0S,P1DT16H15M0S,P1DT16H30M0S,P1DT16H45M0S,P1DT17H0M0S,P1DT17H15M0S,P1DT17H30M0S,P1DT17H45M0S,P1DT18H0M0S
2016-01-01T00:00:00+00:00,2.34,2.24,2.14,2.24,2.33,2.43,2.53,2.18,1.82,1.47,1.11,1.04,0.96,0.89,0.82,0.87,0.92,0.97,1.03,1.11,1.19,1.27,1.35,1.38,1.42,1.45,1.49,1.59,1.7,1.81,1.92,2.08,2.24,2.4,2.56,2.57,2.58,2.59,2.6,2.73,2.85,2.98,3.11,3.06,3.01,2.96,2.91,3.04,3.17,3.29,3.42,3.56,3.69,3.83,3.96,4.13,4.29,4.45,4.61,4.65,4.69,4.72,4.76,4.56,4.37,4.17,3.98,3.87,3.76,3.66,3.55,3.52,3.49,3.46,3.43,3.48,3.54,3.59,3.64,3.64,3.65,3.65,3.65,3.64,3.63,3.63,3.62,3.62,3.62,3.63,3.63,3.55,3.47,3.38,3.3,3.39,3.47,3.56,3.64,3.65,3.66,3.67,3.68,3.7,3.71,3.73,3.75,3.78,3.81,3.84,3.86,4.06,4.26,4.45,4.65,4.84,5.03,5.22,5.41,5.45,5.48,5.52,5.55,5.67,5.79,5.9,6.02,6.16,6.3,6.44,6.59,6.65,6.7,6.76,6.82,6.8,6.78,6.76,6.74,6.66,6.57,6.49,6.41,6.4,6.38,6.37,6.36,6.2,6.04,5.88,5.72,5.73,5.73,5.73,5.74,5.61,5.48,5.36,5.23,5.16,5.1,5.03,4.96,,
2016-01-02T00:00:00+00:00,3.49,3.59,3.69,3.9,4.11,4.32,4.52,4.75,4.98,5.2,5.43,5.35,5.27,5.19,5.11,5.06,5.02,4.98,4.94,5.14,5.33,5.53,5.73,5.77,5.81,5.86,5.9,6.1,6.29,6.49,6.69,6.66,6.63,6.6,6.57,6.67,6.77,6.87,6.98,7.1,7.23,7.36,7.48,7.71,7.94,8.16,8.39,8.24,8.08,7.93,7.77,7.73,7.7,7.66,7.63,7.66,7.69,7.73,7.76,7.86,7.97,8.07,8.17,8.01,7.86,7.7,7.54,7.56,7.57,7.59,7.61,7.52,7.43,7.34,7.25,6.97,6.7,6.42,6.14,6.04,5.93,5.82,5.71,5.67,5.62,5.57,5.53,5.48,5.43,5.38,5.33,5.18,5.03,4.88,4.74,4.71,4.69,4.67,4.65,4.42,4.19,3.95,3.72,3.68,3.64,3.6,3.56,3.63,3.69,3.75,3.81,3.67,3.52,3.38,3.24,3.59,3.94,4.29,4.64,4.68,4.71,4.75,4.78,4.98,5.18,5.38,5.58,5.51,5.45,5.39,5.32,5.63,5.93,6.23,6.54,6.59,6.64,6.69,6.75,6.79,6.82,6.86,6.9,7.05,7.2,7.34,7.49,7.45,7.41,7.37,7.33,7.39,7.45,7.51,7.57,7.42,7.26,7.11,6.96,6.32,5.69,5.06,4.43,,
2016-01-03T00:00:00+00:00,4.48,4.21,3.95,3.84,3.74,3.63,3.52,3.51,3.51,3.5,3.49,3.63,3.78,3.92,4.07,4.07,4.08,4.08,4.09,4.07,4.05,4.03,4.02,4.21,4.4,4.59,4.78,4.9,5.01,5.13,5.24,5.24,5.23,5.23,5.22,5.5,5.78,6.05,6.33,6.49,6.64,6.8,6.95,6.93,6.91,6.89,6.87,6.97,7.08,7.19,7.29,7.39,7.49,7.59,7.68,7.59,7.49,7.39,7.29,7.23,7.17,7.11,7.04,7.07,7.09,7.12,7.14,6.97,6.79,6.62,6.44,6.33,6.21,6.09,5.97,5.77,5.57,5.36,5.16,5.06,4.97,4.88,4.79,4.83,4.87,4.91,4.95,4.85,4.74,4.63,4.53,4.56,4.6,4.64,4.68,4.75,4.82,4.9,4.97,5.07,5.17,5.27,5.37,5.27,5.18,5.09,5.0,4.95,4.89,4.84,4.79,4.9,5.01,5.13,5.24,5.07,4.89,4.72,4.55,4.65,4.75,4.85,4.95,4.91,4.88,4.84,4.8,4.94,5.08,5.22,5.36,5.56,5.76,5.96,6.16,6.14,6.12,6.1,6.07,6.2,6.33,6.45,6.58,6.47,6.36,6.25,6.14,6.06,5.97,5.88,5.8,5.7,5.61,5.51,5.42,5.3,5.18,5.07,4.95,4.96,4.97,4.98,4.99,,
2016-01-04T00:00:00+00:00,5.58,5.34,5.09,5.03,4.98,4.93,4.87,5.03,5.18,5.33,5.49,5.28,5.08,4.88,4.67,4.75,4.82,4.89,4.97,5.01,5.06,5.11,5.15,5.28,5.4,5.53,5.65,5.56,5.47,5.37,5.28,5.38,5.48,5.58,5.68,5.67,5.66,5.65,5.64,5.74,5.85,5.95,6.05,6.11,6.17,6.24,6.3,6.24,6.18,6.13,6.07,5.91,5.76,5.6,5.44,5.36,5.28,5.19,5.11,5.03,4.95,4.87,4.78,4.68,4.58,4.48,4.38,4.48,4.58,4.68,4.78,4.74,4.69,4.65,4.6,4.6,4.6,4.6,4.6,4.58,4.55,4.53,4.5,4.53,4.56,4.59,4.62,4.44,4.25,4.07,3.89,4.1,4.32,4.53,4.75,4.86,4.97,5.08,5.19,5.24,5.29,5.33,5.38,5.29,5.2,5.12,5.03,5.07,5.1,5.14,5.18,5.35,5.52,5.68,5.85,5.9,5.94,5.98,6.03,5.99,5.96,5.92,5.89,5.86,5.83,5.8,5.76,5.77,5.78,5.79,5.8,5.94,6.08,6.22,6.37,6.27,6.17,6.07,5.98,5.86,5.75,5.64,5.53,5.47,5.41,5.35,5.29,5.1,4.92,4.74,4.56,4.48,4.4,4.33,4.25,4.43,4.6,4.78,4.96,4.83,4.7,4.57,4.44,,
2016-01-05T00:00:00+00:00,5.23,5.3,5.37,5.41,5.46,5.51,5.56,5.59,5.61,5.64,5.66,5.66,5.66,5.66,5.66,5.62,5.57,5.53,5.49,5.53,5.57,5.61,5.65,5.45,5.25,5.04,4.84,4.9,4.97,5.03,5.09,5.22,5.36,5.49,5.63,5.68,5.73,5.78,5.83,5.73,5.62,5.52,5.41,5.37,5.33,5.3,5.26,5.33,5.41,5.49,5.57,5.56,5.55,5.55,5.54,5.4,5.25,5.11,4.96,5.03,5.09,5.15,5.21,5.32,5.42,5.53,5.63,5.54,5.45,5.36,5.26,5.4,5.53,5.66,5.8,5.31,4.83,4.34,3.86,3.84,3.82,3.81,3.79,3.75,3.72,3.68,3.64,3.5,3.36,3.23,3.09,3.3,3.52,3.74,3.96,3.88,3.8,3.73,3.65,3.68,3.71,3.75,3.78,3.81,3.84,3.87,3.9,3.74,3.59,3.44,3.29,3.26,3.23,3.21,3.18,3.29,3.4,3.51,3.61,3.59,3.56,3.53,3.5,3.55,3.59,3.64,3.68,3.78,3.88,3.97,4.07,4.09,4.12,4.15,4.17,4.13,4.09,4.05,4.0,4.2,4.41,4.61,4.81,4.82,4.84,4.85,4.87,4.72,4.58,4.44,4.29,4.04,3.79,3.54,3.29,3.21,3.12,3.04,2.95,2.94,2.92,2.9,2.89,,
2016-01-06T00:00:00+00:00,4.24,4.29,4.34,4.2,4.05,3.91,3.77,3.8,3.84,3.87,3.91,3.78,3.66,3.53,3.41,3.34,3.27,3.21,3.14,3.16,3.18,3.19,3.21,3.12,3.02,2.93,2.84,2.94,3.04,3.14,3.24,3.23,3.22,3.22,3.21,3.25,3.29,3.32,3.36,3.53,3.69,3.86,4.02,3.97,3.93,3.88,3.84,3.68,3.53,3.38,3.22,3.43,3.64,3.85,4.06,4.04,4.02,4.01,3.99,4.06,4.13,4.2,4.26,4.24,4.22,4.19,4.17,3.96,3.76,3.55,3.35,3.39,3.43,3.48,3.52,3.54,3.56,3.59,3.61,3.57,3.52,3.48,3.44,3.48,3.52,3.55,3.59,3.84,4.09,4.34,4.59,4.66,4.74,4.81,4.88,5.09,5.29,5.5,5.71,5.77,5.82,5.88,5.93,6.09,6.24,6.4,6.55,6.48,6.4,6.32,6.24,6.16,6.08,6.0,5.92,5.68,5.45,5.21,4.98,4.9,4.83,4.76,4.68,4.86,5.03,5.2,5.37,5.23,5.09,4.94,4.8,5.14,5.49,5.83,6.18,6.92,7.67,8.41,9.16,8.74,8.32,7.91,7.49,7.52,7.55,7.58,7.61,7.28,6.96,6.64,6.31,5.96,5.61,5.26,4.91,5.16,5.42,5.67,5.92,5.48,5.03,4.59,4.15,,
2016-01-07T00:00:00+00:00,3.11,3.0,2.88,2.84,2.8,2.75,2.71,3.27,3.82,4.38,4.93,5.21,5.49,5.76,6.04,6.17,6.29,6.42,6.55,6.5,6.44,6.39,6.34,5.89,5.44,4.99,4.54,4.62,4.71,4.79,4.87,5.03,5.19,5.34,5.5,6.53,7.56,8.59,9.62,9.65,9.68,9.72,9.75,9.44,9.13,8.82,8.51,8.59,8.68,8.77,8.85,8.4,7.95,7.5,7.05,6.87,6.69,6.5,6.32,6.26,6.2,6.15,6.09,5.51,4.93,4.35,3.77,3.88,3.99,4.09,4.2,4.19,4.18,4.17,4.16,4.06,3.97,3.87,3.78,3.69,3.59,3.5,3.41,3.33,3.26,3.18,3.11,3.01,2.91,2.81,2.7,2.59,2.48,2.36,2.25,2.13,2.02,1.9,1.79,1.76,1.74,1.72,1.7,1.77,1.85,1.92,2.0,2.18,2.37,2.55,2.73,2.55,2.36,2.18,1.99,2.31,2.62,2.93,3.24,3.14,3.05,2.95,2.86,2.87,2.87,2.88,2.89,2.75,2.62,2.49,2.36,2.39,2.42,2.45,2.48,2.59,2.7,2.82,2.93,3.12,3.31,3.5,3.69,3.56,3.43,3.3,3.16,3.12,3.07,3.02,2.97,2.98,2.98,2.99,2.99,2.88,2.77,2.66,2.55,2.38,2.22,2.05,1.89,,
2016-01-08T00:00:00+00:00,1.71,1.41,1.11,1.22,1.33,1.44,1.55,1.59,1.62,1.66,1.69,1.55,1.41,1.26,1.12,1.36,1.6,1.84,2.07,2.29,2.51,2.72,2.94,2.73,2.52,2.31,2.1,2.3,2.49,2.69,2.88,2.91,2.95,2.98,3.01,2.84,2.66,2.49,2.32,2.17,2.02,1.87,1.71,1.8,1.89,1.98,2.07,2.09,2.12,2.15,2.17,2.09,2.01,1.93,1.85,1.76,1.67,1.58,1.49,1.59,1.7,1.8,1.91,1.72,1.52,1.32,1.13,0.94,0.75,0.56,0.37,0.38,0.39,0.41,0.42,0.48,0.53,0.59,0.64,0.72,0.8,0.88,0.96,0.98,1.0,1.03,1.05,1.15,1.24,1.34,1.44,1.45,1.46,1.47,1.48,1.39,1.3,1.21,1.11,1.22,1.32,1.43,1.54,1.55,1.57,1.59,1.61,1.72,1.83,1.95,2.06,2.65,3.25,3.84,4.43,4.24,4.05,3.85,3.66,3.68,3.7,3.71,3.73,3.56,3.39,3.21,3.04,3.19,3.33,3.47,3.62,3.62,3.62,3.62,3.62,3.58,3.55,3.52,3.48,3.72,3.95,4.19,4.43,4.52,4.61,4.7,4.8,4.88,4.96,5.04,5.13,5.11,5.1,5.09,5.07,5.29,5.52,5.74,5.96,6.09,6.22,6.35,6.48,,
2016-01-09T00:00:00+00:00,0.89,0.8,0.72,1.12,1.53,1.94,2.35,2.15,1.94,1.74,1.54,1.71,1.88,2.05,2.22,2.11,1.99,1.88,1.77,1.94,2.11,2.29,2.46,2.92,3.39,3.86,4.32,4.3,4.27,4.25,4.23,3.91,3.6,3.29,2.97,3.1,3.22,3.34,3.47,3.76,4.06,4.35,4.64,4.62,4.59,4.56,4.53,4.79,5.04,5.29,5.54,5.61,5.68,5.75,5.82,5.72,5.62,5.52,5.42,5.19,4.96,4.74,4.51,4.57,4.64,4.7,4.77,4.81,4.84,4.87,4.91,5.23,5.56,5.88,6.2,6.33,6.47,6.6,6.73,7.4,8.06,8.73,9.4,9.47,9.53,9.6,9.67,9.48,9.29,9.1,8.91,8.66,8.42,8.18,7.94,7.6,7.26,6.92,6.58,6.36,6.14,5.91,5.69,5.5,5.3,5.11,4.91,4.78,4.64,4.51,4.37,4.41,4.46,4.5,4.54,4.37,4.19,4.02,3.84,3.8,3.76,3.72,3.68,3.67,3.66,3.65,3.64,3.99,4.35,4.71,5.06,5.13,5.2,5.28,5.35,5.12,4.89,4.67,4.44,4.8,5.15,5.51,5.87,6.16,6.46,6.75,7.05,7.0,6.96,6.91,6.87,6.66,6.45,6.24,6.03,6.06,6.09,6.12,6.15,5.71,5.28,4.84,4.4,,
2016-01-10T00:00:00+00:00,6.22,6.33,6.43,6.41,6.39,6.37,6.35,5.83,5.31,4.78,4.26,4.61,4.96,5.31,5.65,5.51,5.36,5.22,5.07,5.0,4.92,4.85,4.78,4.81,4.84,4.87,4.9,5.17,5.43,5.7,5.96,5.88,5.81,5.73,5.65,5.86,6.06,6.27,6.47,6.48,6.48,6.48,6.49,6.32,6.16,6.0,5.84,5.93,6.03,6.12,6.21,5.97,5.74,5.5,5.26,5.06,4.85,4.65,4.44,4.55,4.67,4.78,4.89,4.79,4.7,4.6,4.5,4.34,4.18,4.02,3.86,3.8,3.73,3.66,3.6,3.54,3.48,3.42,3.36,3.4,3.44,3.48,3.52,3.5,3.48,3.45,3.43,3.38,3.33,3.28,3.23,3.33,3.43,3.53,3.63,3.82,4.0,4.18,4.37,4.27,4.18,4.09,3.99,3.97,3.94,3.91,3.89,3.89,3.88,3.88,3.88,4.0,4.13,4.26,4.38,4.23,4.08,3.93,3.78,3.79,3.8,3.8,3.81,4.58,5.34,6.11,6.87,6.65,6.43,6.21,5.99,6.6,7.21,7.82,8.43,8.55,8.67,8.79,8.9,8.5,8.1,7.69,7.29,7.33,7.38,7.42,7.46,7.39,7.31,7.23,7.16,7.22,7.29,7.36,7.42,7.05,6.67,6.29,5.92,5.91,5.9,5.88,5.87,,
2016-01-11T00:00:00+00:00,4.36,4.9,5.43,5.79,6.15,6.51,6.87,6.18,5.49,4.8,4.11,4.41,4.72,5.02,5.32,5.56,5.8,6.04,6.29,6.49,6.7,6.91,7.12,6.81,6.49,6.17,5.86,6.12,6.38,6.65,6.91,6.65,6.39,6.14,5.88,6.4,6.93,7.45,7.98,8.08,8.18,8.28,8.38,8.38,8.38,8.37,8.37,8.29,8.22,8.14,8.06,8.12,8.18,8.25,8.31,7.94,7.58,7.21,6.84,6.72,6.6,6.48,6.36,6.91,7.46,8.02,8.57,8.2,7.82,7.45,7.07,6.83,6.58,6.34,6.09,6.11,6.14,6.16,6.18,6.04,5.91,5.77,5.63,5.69,5.74,5.79,5.85,5.84,5.83,5.82,5.81,5.9,5.99,6.07,6.16,6.12,6.08,6.04,5.99,6.17,6.34,6.51,6.68,6.55,6.43,6.3,6.18,6.07,5.96,5.85,5.73,5.87,6.0,6.14,6.27,6.39,6.52,6.65,6.77,6.59,6.41,6.22,6.04,5.82,5.6,5.39,5.17,5.45,5.73,6.01,6.29,6.21,6.13,6.05,5.96,6.18,6.39,6.6,6.81,6.46,6.11,5.76,5.41,5.39,5.37,5.35,5.33,5.61,5.89,6.17,6.46,6.4,6.34,6.28,6.23,5.95,5.68,5.4,5.13,5.47,5.8,6.14,6.48,,
2016-01-12T00:00:00+00:00,6.19,6.12,6.04,5.82,5.61,5.39,5.17,5.17,5.16,5.15,5.15,5.3,5.46,5.61,5.77,5.72,5.68,5.64,5.59,5.51,5.43,5.35,5.27,5.22,5.17,5.11,5.06,5.44,5.83,6.21,6.59,6.88,7.18,7.47,7.77,7.65,7.53,7.41,7.29,7.0,6.7,6.41,6.12,6.32,6.53,6.74,6.95,6.85,6.75,6.65,6.55,6.58,6.62,6.65,6.69,6.59,6.48,6.38,6.28,6.28,6.28,6.29,6.29,6.2,6.11,6.02,5.93,6.13,6.34,6.55,6.75,6.27,5.79,5.31,4.82,5.41,6.0,6.58,7.17,7.03,6.9,6.76,6.63,6.7,6.78,6.85,6.93,6.9,6.88,6.85,6.82,6.73,6.63,6.54,6.44,6.43,6.41,6.4,6.38,6.13,5.87,5.62,5.36,5.38,5.4,5.42,5.44,5.31,5.17,5.03,4.9,4.86,4.83,4.79,4.76,4.58,4.4,4.22,4.04,3.89,3.73,3.58,3.42,3.65,3.88,4.1,4.33,4.33,4.32,4.32,4.32,4.22,4.12,4.02,3.92,3.74,3.56,3.38,3.19,3.29,3.39,3.48,3.58,3.66,3.75,3.83,3.91,3.88,3.85,3.81,3.78,3.71,3.63,3.56,3.49,3.54,3.59,3.64,3.69,3.73,3.77,3.81,3.85,,
2016-01-13T00:00:00+00:00,6.84,6.51,6.17,5.91,5.65,5.39,5.13,4.99,4.85,4.71,4.57,4.7,4.84,4.97,5.1,5.14,5.18,5.21,5.25,5.17,5.08,5.0,4.91,4.62,4.32,4.02,3.72,3.89,4.05,4.21,4.37,4.26,4.16,4.05,3.94,4.01,4.07,4.14,4.2,4.22,4.25,4.27,4.3,4.23,4.16,4.1,4.03,3.98,3.94,3.89,3.84,3.95,4.06,4.17,4.28,4.34,4.41,4.48,4.54,4.32,4.1,3.88,3.66,3.64,3.61,3.59,3.57,3.54,3.51,3.48,3.45,3.59,3.74,3.88,4.03,4.11,4.19,4.26,4.34,4.31,4.28,4.25,4.22,4.34,4.46,4.58,4.71,4.66,4.62,4.58,4.54,4.56,4.58,4.61,4.63,4.62,4.61,4.6,4.58,4.66,4.73,4.81,4.88,5.09,5.29,5.5,5.71,5.6,5.5,5.4,5.3,5.2,5.11,5.01,4.91,4.93,4.94,4.95,4.96,4.91,4.85,4.8,4.75,4.51,4.27,4.03,3.8,3.45,3.11,2.77,2.43,2.86,3.29,3.72,4.15,4.2,4.25,4.3,4.35,4.18,4.01,3.85,3.68,3.96,4.24,4.51,4.79,4.79,4.8,4.8,4.81,4.82,4.83,4.84,4.85,5.11,5.38,5.64,5.9,5.77,5.63,5.49,5.36,,
2016-01-14T00:00:00+00:00,3.48,3.58,3.69,3.55,3.42,3.28,3.15,3.08,3.02,2.95,2.88,3.04,3.19,3.34,3.5,3.46,3.42,3.38,3.35,3.42,3.48,3.55,3.62,3.62,3.62,3.61,3.61,3.76,3.92,4.07,4.22,4.25,4.27,4.3,4.32,4.17,4.02,3.87,3.72,3.63,3.55,3.47,3.38,3.68,3.99,4.29,4.59,4.79,4.98,5.17,5.36,5.46,5.55,5.65,5.75,5.58,5.41,5.24,5.07,5.29,5.52,5.74,5.97,5.85,5.74,5.62,5.5,5.25,4.99,4.73,4.47,4.72,4.97,5.22,5.47,5.52,5.57,5.62,5.67,5.74,5.81,5.89,5.96,6.09,6.23,6.36,6.49,6.55,6.61,6.67,6.72,6.76,6.79,6.83,6.86,6.85,6.84,6.82,6.81,6.66,6.52,6.37,6.23,6.08,5.93,5.78,5.63,5.51,5.39,5.26,5.14,5.21,5.27,5.34,5.41,5.31,5.21,5.11,5.01,4.9,4.79,4.68,4.56,4.58,4.6,4.61,4.63,4.64,4.65,4.66,4.68,4.82,4.97,5.11,5.26,5.32,5.39,5.45,5.52,5.44,5.36,5.29,5.21,5.22,5.23,5.24,5.25,4.96,4.67,4.38,4.09,4.26,4.43,4.6,4.76,4.52,4.28,4.04,3.8,3.69,3.58,3.47,3.36,,
2016-01-15T00:00:00+00:00,6.44,6.53,6.62,6.44,6.26,6.09,5.91,5.61,5.31,5.01,4.72,4.57,4.42,4.28,4.13,4.01,3.89,3.76,3.64,3.86,4.08,4.31,4.53,4.43,4.32,4.22,4.11,4.08,4.04,4.0,3.96,3.38,2.8,2.21,1.63,2.07,2.52,2.96,3.41,3.63,3.85,4.08,4.3,4.15,4.01,3.86,3.71,4.14,4.56,4.99,5.41,5.28,5.15,5.01,4.88,4.89,4.9,4.91,4.91,5.01,5.1,5.19,5.29,5.38,5.48,5.58,5.67,5.63,5.6,5.56,5.52,5.36,5.2,5.04,4.88,4.85,4.82,4.79,4.76,4.69,4.62,4.55,4.48,4.43,4.39,4.34,4.3,4.24,4.18,4.11,4.05,3.91,3.76,3.62,3.47,3.36,3.24,3.13,3.01,3.06,3.11,3.15,3.2,2.97,2.73,2.5,2.27,2.45,2.63,2.82,3.0,3.14,3.27,3.41,3.54,3.39,3.24,3.08,2.93,3.06,3.2,3.33,3.47,3.44,3.42,3.4,3.37,3.45,3.53,3.6,3.68,3.83,3.97,4.12,4.26,4.36,4.45,4.55,4.64,4.68,4.72,4.76,4.81,4.78,4.76,4.74,4.72,4.56,4.41,4.25,4.1,4.12,4.13,4.15,4.17,4.12,4.07,4.02,3.98,3.93,3.88,3.82,3.77,,
2016-01-16T00:00:00+00:00,3.82,3.88,3.93,3.88,3.83,3.77,3.72,3.69,3.65,3.61,3.57,3.48,3.38,3.29,3.19,3.24,3.29,3.34,3.39,3.34,3.29,3.23,3.18,2.97,2.76,2.54,2.33,2.42,2.51,2.6,2.69,2.82,2.96,3.1,3.24,3.59,3.93,4.28,4.63,4.55,4.46,4.38,4.29,4.29,4.29,4.29,4.29,4.18,4.07,3.96,3.84,3.75,3.65,3.56,3.46,3.39,3.32,3.25,3.18,3.05,2.93,2.81,2.69,2.79,2.9,3.0,3.11,3.12,3.13,3.14,3.15,3.14,3.14,3.14,3.14,3.03,2.93,2.83,2.73,2.63,2.53,2.43,2.34,2.3,2.27,2.23,2.2,2.18,2.16,2.14,2.11,2.19,2.26,2.33,2.4,2.3,2.2,2.1,2.0,2.11,2.22,2.33,2.45,2.36,2.27,2.18,2.1,2.22,2.34,2.47,2.59,2.58,2.57,2.56,2.55,2.4,2.25,2.1,1.95,1.88,1.81,1.74,1.67,1.72,1.76,1.81,1.85,1.85,1.84,1.84,1.83,1.72,1.6,1.49,1.37,1.32,1.26,1.21,1.15,1.11,1.08,1.04,1.0,0.98,0.96,0.93,0.91,1.02,1.12,1.23,1.34,1.51,1.68,1.85,2.02,1.91,1.79,1.67,1.56,1.71,1.86,2.01,2.16,,
2016-01-17T00:00:00+00:00,2.9,2.98,3.05,2.95,2.84,2.74,2.64,2.53,2.42,2.31,2.2,1.92,1.65,1.37,1.1,1.48,1.86,2.25,2.63,2.41,2.19,1.97,1.75,1.66,1.56,1.47,1.38,1.16,0.95,0.74,0.53,0.59,0.65,0.71,0.77,0.98,1.2,1.41,1.62,1.54,1.46,1.38,1.3,1.35,1.41,1.46,1.51,1.57,1.64,1.7,1.76,1.86,1.97,2.07,2.17,2.25,2.33,2.42,2.5,2.35,2.2,2.05,1.89,1.96,2.02,2.08,2.14,2.07,2.0,1.93,1.86,2.0,2.15,2.29,2.43,2.42,2.41,2.4,2.39,2.32,2.26,2.2,2.13,2.09,2.05,2.01,1.96,2.1,2.23,2.36,2.49,2.62,2.75,2.88,3.01,3.0,3.0,2.99,2.99,3.07,3.15,3.23,3.3,3.32,3.33,3.34,3.35,3.24,3.13,3.02,2.91,2.82,2.73,2.64,2.55,2.67,2.78,2.9,3.02,3.21,3.4,3.59,3.77,3.82,3.86,3.9,3.95,3.83,3.71,3.59,3.48,3.49,3.51,3.53,3.55,3.63,3.71,3.8,3.88,3.9,3.93,3.95,3.97,3.93,3.9,3.86,3.82,3.8,3.79,3.77,3.75,3.68,3.6,3.53,3.46,3.4,3.35,3.3,3.25,3.17,3.09,3.01,2.92,,
2016-01-18T00:00:00+00:00,3.13,3.2,3.27,3.35,3.42,3.49,3.57,3.52,3.46,3.41,3.36,3.31,3.27,3.23,3.19,3.27,3.35,3.43,3.51,3.51,3.51,3.51,3.51,3.51,3.51,3.52,3.52,3.42,3.32,3.21,3.11,3.11,3.11,3.11,3.11,3.13,3.14,3.16,3.18,3.25,3.33,3.41,3.48,3.48,3.48,3.47,3.47,3.47,3.46,3.46,3.45,3.52,3.59,3.66,3.73,3.71,3.69,3.67,3.65,3.69,3.73,3.77,3.81,3.6,3.4,3.19,2.99,2.86,2.74,2.61,2.48,2.48,2.48,2.48,2.48,2.45,2.43,2.4,2.38,2.37,2.37,2.36,2.36,2.35,2.35,2.34,2.33,2.14,1.94,1.74,1.55,1.6,1.66,1.71,1.77,1.82,1.88,1.94,1.99,1.96,1.93,1.9,1.86,1.98,2.09,2.21,2.32,2.25,2.17,2.1,2.02,1.96,1.89,1.83,1.76,1.67,1.57,1.47,1.37,1.52,1.67,1.82,1.97,1.93,1.89,1.85,1.81,1.86,1.91,1.97,2.02,1.84,1.65,1.47,1.28,1.36,1.43,1.5,1.57,1.63,1.69,1.74,1.8,1.79,1.78,1.77,1.76,1.73,1.69,1.66,1.63,1.68,1.73,1.78,1.83,1.82,1.8,1.79,1.77,1.87,1.96,2.05,2.14,,
2016-01-19T00:00:00+00:00,1.92,1.91,1.89,1.87,1.86,1.84,1.83,1.85,1.87,1.89,1.91,2.15,2.39,2.63,2.87,2.66,2.46,2.25,2.04,1.9,1.76,1.62,1.47,1.53,1.59,1.64,1.7,1.54,1.37,1.21,1.05,0.99,0.94,0.89,0.83,1.1,1.36,1.63,1.89,1.77,1.64,1.52,1.39,1.31,1.23,1.15,1.07,1.09,1.12,1.15,1.18,1.19,1.21,1.22,1.24,1.34,1.44,1.53,1.63,1.73,1.83,1.93,2.03,1.99,1.95,1.9,1.86,1.75,1.64,1.53,1.41,1.43,1.44,1.45,1.46,1.54,1.62,1.71,1.79,1.66,1.54,1.41,1.29,1.33,1.38,1.42,1.46,1.6,1.73,1.87,2.01,1.99,1.97,1.95,1.93,1.89,1.85,1.8,1.76,1.62,1.47,1.33,1.18,1.15,1.11,1.08,1.05,1.11,1.17,1.23,1.29,1.32,1.35,1.37,1.4,1.43,1.46,1.49,1.52,1.55,1.58,1.62,1.65,1.64,1.63,1.62,1.61,1.6,1.6,1.6,1.6,1.55,1.49,1.44,1.39,1.4,1.41,1.43,1.44,1.46,1.48,1.51,1.53,1.55,1.57,1.59,1.6,1.6,1.6,1.6,1.6,1.76,1.92,2.08,2.24,2.29,2.34,2.39,2.44,2.36,2.28,2.2,2.12,,
2016-01-20T00:00:00+00:00,1.83,1.82,1.81,1.85,1.88,1.92,1.96,1.95,1.93,1.92,1.91,1.83,1.75,1.67,1.59,1.52,1.46,1.39,1.32,1.39,1.45,1.51,1.57,1.56,1.54,1.53,1.51,1.48,1.45,1.42,1.38,1.28,1.17,1.06,0.95,0.9,0.85,0.8,0.74,0.71,0.68,0.65,0.62,0.62,0.62,0.63,0.63,0.64,0.65,0.66,0.67,0.82,0.97,1.11,1.26,1.41,1.55,1.7,1.85,1.95,2.04,2.14,2.24,2.16,2.08,2.0,1.91,1.79,1.66,1.53,1.41,1.42,1.43,1.44,1.45,1.46,1.47,1.48,1.5,1.38,1.26,1.14,1.03,1.14,1.25,1.37,1.48,1.55,1.63,1.7,1.77,1.69,1.61,1.53,1.45,1.47,1.48,1.5,1.52,1.55,1.58,1.62,1.65,1.57,1.49,1.41,1.33,1.41,1.48,1.55,1.63,1.58,1.53,1.48,1.44,1.4,1.37,1.34,1.31,1.28,1.26,1.24,1.21,1.09,0.96,0.83,0.7,0.8,0.89,0.98,1.08,1.12,1.16,1.2,1.24,1.32,1.39,1.47,1.55,1.59,1.63,1.67,1.71,1.66,1.61,1.56,1.51,1.5,1.49,1.48,1.47,1.57,1.67,1.77,1.87,1.93,1.98,2.04,2.1,2.1,2.11,2.12,2.13,,
2016-01-21T00:00:00+00:00,1.5,1.71,1.91,1.99,2.06,2.14,2.21,2.15,2.09,2.02,1.96,1.83,1.69,1.56,1.43,1.33,1.22,1.12,1.02,1.14,1.26,1.37,1.49,1.57,1.64,1.71,1.78,1.79,1.79,1.8,1.81,1.71,1.61,1.51,1.4,1.39,1.38,1.36,1.35,1.49,1.64,1.78,1.93,1.99,2.06,2.13,2.2,2.27,2.34,2.41,2.48,2.36,2.23,2.11,1.99,1.9,1.81,1.72,1.63,1.79,1.95,2.1,2.26,2.35,2.43,2.52,2.61,2.57,2.53,2.49,2.45,2.35,2.25,2.16,2.06,2.06,2.05,2.05,2.05,2.02,1.98,1.95,1.91,1.91,1.91,1.91,1.91,1.9,1.9,1.89,1.88,1.85,1.81,1.78,1.74,1.79,1.84,1.89,1.94,1.93,1.93,1.93,1.92,1.83,1.74,1.65,1.56,1.72,1.87,2.03,2.19,2.15,2.11,2.07,2.04,2.22,2.4,2.58,2.76,2.64,2.52,2.4,2.27,2.16,2.05,1.94,1.82,1.78,1.75,1.71,1.67,1.79,1.9,2.02,2.14,2.21,2.29,2.37,2.45,2.67,2.89,3.12,3.34,3.43,3.52,3.6,3.69,3.6,3.5,3.41,3.32,3.46,3.6,3.74,3.88,3.88,3.88,3.88,3.88,4.07,4.26,4.45,4.64,,
2016-02-11T00:00:00+00:00,2.99,2.96,2.93,3.07,3.22,3.36,3.5,3.44,3.38,3.32,3.26,3.11,2.95,2.8,2.64,2.6,2.55,2.5,2.46,2.58,2.69,2.81,2.92,2.8,2.67,2.54,2.41,2.44,2.47,2.5,2.53,2.42,2.32,2.22,2.12,2.32,2.52,2.72,2.92,3.01,3.1,3.2,3.29,3.47,3.66,3.84,4.03,3.97,3.91,3.85,3.79,3.97,4.14,4.32,4.49,4.32,4.14,3.97,3.79,3.73,3.67,3.61,3.54,3.57,3.59,3.61,3.63,3.63,3.64,3.64,3.65,3.57,3.49,3.42,3.34,3.36,3.38,3.4,3.42,3.39,3.36,3.34,3.31,3.3,3.29,3.28,3.26,3.38,3.5,3.62,3.74,3.7,3.65,3.61,3.56,3.37,3.18,2.99,2.79,2.9,3.0,3.1,3.21,3.4,3.59,3.78,3.98,4.13,4.28,4.43,4.58,4.41,4.24,4.07,3.9,3.99,4.09,4.19,4.29,4.27,4.24,4.22,4.2,4.16,4.13,4.09,4.06,4.01,3.96,3.9,3.85,3.74,3.63,3.53,3.42,3.27,3.12,2.96,2.81,2.54,2.27,1.99,1.72,1.43,1.15,0.86,0.58,0.63,0.67,0.72,0.76,0.93,1.1,1.27,1.44,1.23,1.02,0.81,0.59,0.61,0.63,0.64,0.66,,
2016-02-12T00:00:00+00:00,3.04,2.98,2.93,2.7,2.48,2.26,2.03,2.19,2.35,2.51,2.66,2.7,2.74,2.78,2.82,2.86,2.89,2.92,2.95,3.11,3.28,3.44,3.61,3.62,3.64,3.65,3.67,3.66,3.65,3.63,3.62,3.64,3.66,3.68,3.7,3.94,4.18,4.43,4.67,4.48,4.29,4.1,3.91,3.81,3.71,3.61,3.51,3.31,3.11,2.91,2.71,2.47,2.22,1.98,1.73,1.58,1.43,1.28,1.13,1.03,0.93,0.83,0.73,0.85,0.97,1.08,1.2,1.25,1.3,1.34,1.39,1.53,1.67,1.81,1.95,1.9,1.84,1.79,1.74,1.62,1.51,1.39,1.27,1.17,1.06,0.96,0.86,0.89,0.92,0.96,0.99,1.31,1.64,1.96,2.28,2.22,2.16,2.1,2.04,1.93,1.82,1.71,1.6,1.66,1.72,1.77,1.83,2.05,2.27,2.49,2.72,2.81,2.9,3.0,3.09,3.11,3.14,3.16,3.18,3.32,3.45,3.58,3.71,3.91,4.1,4.3,4.5,4.63,4.76,4.89,5.02,5.28,5.54,5.8,6.06,6.65,7.25,7.84,8.43,7.87,7.3,6.73,6.17,7.14,8.11,9.08,10.05,9.75,9.45,9.15,8.85,9.0,9.15,9.3,9.45,9.61,9.76,9.92,10.08,10.12,10.15,10.19,10.22,,
2016-02-13T00:00:00+00:00,2.27,2.51,2.75,2.68,2.61,2.54,2.47,2.43,2.4,2.36,2.32,2.42,2.52,2.62,2.72,2.77,2.82,2.87,2.92,2.83,2.75,2.67,2.58,2.9,3.21,3.53,3.85,3.95,4.05,4.15,4.26,4.13,4.01,3.89,3.76,3.65,3.54,3.42,3.31,3.78,4.25,4.72,5.19,5.81,6.42,7.03,7.65,7.26,6.87,6.49,6.1,6.6,7.1,7.6,8.1,8.59,9.08,9.57,10.06,9.84,9.62,9.4,9.18,9.09,9.0,8.9,8.81,8.77,8.74,8.7,8.66,8.65,8.64,8.62,8.61,8.56,8.5,8.45,8.39,8.44,8.5,8.55,8.6,8.46,8.32,8.17,8.03,7.76,7.5,7.24,6.97,6.76,6.54,6.32,6.1,5.54,4.97,4.41,3.85,4.17,4.49,4.81,5.13,5.16,5.19,5.21,5.24,5.19,5.15,5.1,5.05,4.77,4.49,4.21,3.93,3.85,3.76,3.67,3.59,3.61,3.64,3.66,3.68,3.52,3.35,3.19,3.02,3.08,3.14,3.2,3.26,3.37,3.48,3.59,3.7,3.47,3.24,3.0,2.77,2.9,3.04,3.17,3.3,3.44,3.58,3.72,3.86,3.81,3.76,3.71,3.66,3.77,3.89,4.0,4.11,3.71,3.31,2.91,2.52,3.1,3.68,4.26,4.84,,
2016-02-14T00:00:00+00:00,4.22,3.95,3.67,3.36,3.06,2.75,2.44,2.43,2.42,2.41,2.4,2.19,1.99,1.78,1.57,1.7,1.82,1.95,2.08,1.94,1.81,1.67,1.53,1.55,1.56,1.58,1.59,1.47,1.35,1.22,1.1,1.22,1.34,1.46,1.59,1.65,1.71,1.77,1.83,1.77,1.71,1.64,1.58,1.58,1.59,1.59,1.59,1.77,1.95,2.13,2.3,2.65,3.0,3.35,3.7,3.88,4.05,4.23,4.4,4.1,3.8,3.49,3.19,3.24,3.29,3.34,3.38,3.37,3.36,3.35,3.33,3.47,3.61,3.76,3.9,4.04,4.18,4.32,4.46,4.49,4.53,4.57,4.61,4.56,4.5,4.45,4.39,4.23,4.07,3.91,3.75,3.9,4.06,4.21,4.37,4.51,4.64,4.78,4.91,4.93,4.95,4.97,4.99,4.96,4.94,4.91,4.89,4.69,4.48,4.28,4.07,3.91,3.76,3.6,3.44,3.78,4.11,4.45,4.79,4.63,4.46,4.3,4.14,4.29,4.44,4.59,4.74,4.79,4.84,4.9,4.95,5.16,5.37,5.59,5.8,5.95,6.09,6.24,6.38,6.45,6.53,6.6,6.67,6.55,6.43,6.31,6.19,6.1,6.01,5.91,5.82,5.68,5.53,5.39,5.25,4.99,4.73,4.47,4.22,4.18,4.15,4.12,4.08,,
2016-02-15T00:00:00+00:00,5.54,5.53,5.53,5.32,5.12,4.91,4.71,4.87,5.03,5.19,5.34,5.22,5.09,4.96,4.83,4.54,4.25,3.96,3.66,3.92,4.18,4.44,4.7,4.74,4.78,4.82,4.86,4.9,4.95,5.0,5.05,5.34,5.62,5.91,6.19,6.03,5.88,5.72,5.57,5.65,5.73,5.81,5.89,5.85,5.81,5.77,5.73,5.61,5.49,5.37,5.26,5.05,4.84,4.63,4.42,4.55,4.67,4.8,4.92,4.86,4.79,4.72,4.65,4.51,4.38,4.24,4.1,4.15,4.21,4.26,4.31,4.22,4.13,4.04,3.95,4.07,4.2,4.32,4.45,4.34,4.23,4.12,4.01,3.89,3.77,3.64,3.52,3.53,3.54,3.55,3.56,3.58,3.6,3.61,3.63,3.57,3.5,3.44,3.37,3.37,3.36,3.36,3.35,3.34,3.33,3.33,3.32,3.32,3.32,3.31,3.31,3.23,3.15,3.06,2.98,3.05,3.11,3.17,3.24,3.1,2.96,2.82,2.69,2.67,2.66,2.65,2.63,2.76,2.89,3.02,3.15,3.22,3.28,3.35,3.41,3.39,3.37,3.34,3.32,3.36,3.39,3.43,3.47,3.49,3.51,3.54,3.56,3.51,3.46,3.41,3.36,3.29,3.23,3.16,3.1,3.06,3.02,2.98,2.94,2.82,2.71,2.6,2.49,,
2016-02-16T00:00:00+00:00,3.5,3.54,3.59,3.45,3.3,3.16,3.02,3.05,3.08,3.11,3.14,3.21,3.28,3.35,3.42,3.46,3.49,3.53,3.57,3.52,3.47,3.42,3.37,3.47,3.58,3.69,3.79,3.81,3.82,3.83,3.85,3.85,3.85,3.84,3.84,3.75,3.65,3.55,3.46,3.38,3.3,3.22,3.14,3.12,3.09,3.06,3.04,2.94,2.85,2.75,2.66,2.73,2.8,2.87,2.94,2.91,2.87,2.84,2.81,2.85,2.88,2.92,2.95,2.9,2.85,2.8,2.75,2.75,2.75,2.75,2.75,2.47,2.19,1.91,1.64,1.7,1.76,1.82,1.88,1.97,2.05,2.13,2.22,2.36,2.49,2.63,2.77,2.37,1.96,1.56,1.15,1.23,1.3,1.37,1.44,1.35,1.26,1.17,1.07,1.0,0.93,0.86,0.79,0.84,0.88,0.93,0.98,0.9,0.83,0.76,0.69,0.7,0.72,0.74,0.75,0.78,0.8,0.83,0.85,0.76,0.68,0.59,0.51,0.46,0.41,0.36,0.31,0.27,0.24,0.21,0.18,0.36,0.55,0.74,0.92,1.15,1.38,1.62,1.85,1.9,1.95,2.0,2.05,2.11,2.16,2.22,2.28,2.31,2.35,2.38,2.41,2.4,2.39,2.38,2.37,2.39,2.42,2.45,2.47,2.38,2.28,2.18,2.08,,
2016-02-18T00:00:00+00:00,2.53,2.76,2.99,2.96,2.93,2.9,2.87,2.73,2.59,2.46,2.32,2.41,2.5,2.58,2.67,2.58,2.48,2.39,2.3,2.52,2.75,2.98,3.2,3.18,3.15,3.13,3.1,3.11,3.12,3.13,3.14,3.3,3.47,3.63,3.79,3.7,3.61,3.53,3.44,3.5,3.57,3.64,3.7,3.64,3.57,3.5,3.44,3.32,3.2,3.08,2.96,2.97,2.98,3.0,3.01,2.84,2.66,2.49,2.32,2.76,3.2,3.65,4.09,4.02,3.95,3.87,3.8,3.77,3.74,3.7,3.67,3.56,3.45,3.34,3.23,3.26,3.29,3.32,3.35,3.17,2.99,2.81,2.63,2.63,2.62,2.61,2.61,2.64,2.68,2.71,2.75,2.74,2.73,2.72,2.71,2.61,2.5,2.39,2.29,2.28,2.28,2.27,2.27,2.28,2.29,2.3,2.31,2.32,2.33,2.34,2.35,2.3,2.25,2.19,2.14,2.09,2.04,1.99,1.94,2.02,2.1,2.18,2.27,2.39,2.51,2.62,2.74,2.74,2.74,2.74,2.73,2.91,3.09,3.27,3.45,3.59,3.72,3.86,4.0,4.01,4.01,4.02,4.03,3.95,3.88,3.8,3.72,3.86,3.99,4.13,4.26,4.18,4.09,4.01,3.92,3.86,3.79,3.72,3.65,3.66,3.66,3.66,3.67,,
2016-02-19T00:00:00+00:00,3.36,3.33,3.3,3.23,3.15,3.07,3.0,2.91,2.83,2.74,2.66,2.64,2.63,2.61,2.59,2.69,2.79,2.89,2.99,3.05,3.1,3.15,3.21,3.16,3.1,3.05,3.0,3.08,3.16,3.24,3.32,3.37,3.42,3.46,3.51,3.49,3.48,3.46,3.44,3.49,3.54,3.58,3.63,3.73,3.84,3.94,4.04,4.2,4.35,4.5,4.65,4.6,4.55,4.5,4.44,4.48,4.51,4.54,4.58,4.45,4.32,4.18,4.05,4.29,4.53,4.77,5.01,4.98,4.96,4.93,4.9,4.93,4.95,4.98,5.01,5.09,5.17,5.25,5.33,5.55,5.76,5.98,6.19,6.15,6.11,6.07,6.02,6.23,6.43,6.63,6.84,6.9,6.97,7.04,7.1,7.34,7.59,7.83,8.07,7.97,7.88,7.78,7.68,7.54,7.41,7.27,7.13,6.94,6.75,6.56,6.38,6.44,6.5,6.57,6.63,6.57,6.51,6.46,6.4,6.31,6.23,6.14,6.06,6.09,6.12,6.15,6.18,6.0,5.82,5.63,5.45,5.4,5.36,5.31,5.27,5.69,6.11,6.53,6.95,6.84,6.73,6.62,6.51,6.61,6.71,6.81,6.91,6.77,6.63,6.5,6.36,6.53,6.7,6.87,7.04,6.94,6.84,6.74,6.64,6.65,6.67,6.68,6.69,,
2016-02-20T00:00:00+00:00,6.72,7.03,7.35,7.2,7.05,6.9,6.75,6.63,6.51,6.39,6.27,6.34,6.42,6.5,6.58,6.36,6.15,5.94,5.72,5.62,5.52,5.42,5.32,5.37,5.42,5.47,5.52,5.35,5.19,5.02,4.85,5.05,5.26,5.46,5.66,5.72,5.78,5.84,5.9,6.17,6.45,6.72,6.99,7.06,7.13,7.21,7.28,7.15,7.03,6.91,6.78,6.61,6.43,6.26,6.08,6.37,6.66,6.95,7.24,6.86,6.49,6.11,5.73,5.99,6.25,6.5,6.76,6.89,7.03,7.16,7.29,7.38,7.46,7.55,7.64,7.7,7.77,7.83,7.9,7.83,7.76,7.69,7.62,7.38,7.15,6.92,6.68,6.72,6.77,6.81,6.85,6.84,6.82,6.81,6.8,6.73,6.66,6.6,6.53,6.45,6.38,6.3,6.22,6.22,6.22,6.22,6.22,6.23,6.24,6.26,6.27,6.38,6.5,6.61,6.73,6.6,6.47,6.35,6.22,6.1,5.97,5.85,5.72,5.85,5.98,6.11,6.25,6.24,6.24,6.24,6.24,6.01,5.79,5.57,5.34,5.64,5.94,6.23,6.53,6.24,5.94,5.65,5.36,5.38,5.39,5.41,5.43,5.1,4.78,4.45,4.13,4.39,4.65,4.91,5.16,5.02,4.87,4.72,4.57,4.4,4.22,4.05,3.87,,
2016-02-21T00:00:00+00:00,7.09,7.03,6.97,6.92,6.88,6.84,6.8,6.48,6.15,5.83,5.5,5.59,5.69,5.78,5.87,5.82,5.76,5.71,5.65,5.71,5.77,5.83,5.89,6.08,6.27,6.46,6.65,6.57,6.5,6.43,6.36,6.34,6.32,6.3,6.28,6.25,6.22,6.19,6.16,6.15,6.14,6.14,6.13,5.89,5.64,5.4,5.15,5.22,5.29,5.36,5.42,5.55,5.68,5.8,5.93,5.78,5.63,5.48,5.33,5.34,5.35,5.36,5.37,5.34,5.32,5.3,5.28,5.23,5.18,5.13,5.08,5.0,4.92,4.85,4.77,4.95,5.13,5.31,5.48,5.41,5.34,5.27,5.19,5.08,4.96,4.85,4.73,4.64,4.54,4.44,4.35,4.66,4.98,5.29,5.61,5.49,5.37,5.25,5.14,5.1,5.06,5.02,4.98,5.17,5.35,5.54,5.73,5.41,5.1,4.79,4.48,4.51,4.54,4.57,4.6,4.61,4.61,4.61,4.62,4.64,4.67,4.69,4.72,4.71,4.7,4.69,4.68,4.76,4.84,4.92,5.0,5.09,5.18,5.26,5.35,5.38,5.41,5.44,5.48,5.54,5.6,5.66,5.73,5.61,5.49,5.37,5.25,5.14,5.03,4.92,4.81,4.96,5.1,5.24,5.38,5.23,5.07,4.91,4.75,4.79,4.84,4.88,4.92,,
2016-02-22T00:00:00+00:00,6.18,5.85,5.53,5.28,5.04,4.79,4.55,4.47,4.4,4.33,4.26,4.27,4.29,4.3,4.32,4.37,4.42,4.47,4.52,4.5,4.49,4.47,4.45,4.64,4.83,5.02,5.21,5.33,5.45,5.57,5.69,5.8,5.9,6.01,6.11,6.09,6.07,6.04,6.02,6.08,6.14,6.19,6.25,6.1,5.95,5.79,5.64,5.83,6.02,6.21,6.4,6.34,6.28,6.22,6.16,6.11,6.07,6.03,5.99,5.94,5.89,5.84,5.8,5.68,5.57,5.46,5.35,5.31,5.27,5.23,5.19,4.83,4.46,4.09,3.73,3.67,3.61,3.55,3.49,3.61,3.74,3.86,3.99,3.81,3.64,3.46,3.29,3.22,3.16,3.1,3.04,2.96,2.88,2.81,2.73,2.76,2.78,2.81,2.83,2.79,2.75,2.71,2.67,2.65,2.63,2.61,2.59,2.4,2.21,2.03,1.84,1.88,1.93,1.98,2.02,1.98,1.94,1.9,1.86,1.87,1.88,1.89,1.9,2.01,2.12,2.23,2.34,2.27,2.21,2.15,2.09,2.15,2.21,2.28,2.34,2.36,2.37,2.39,2.4,2.37,2.33,2.3,2.26,2.3,2.34,2.38,2.42,2.42,2.42,2.43,2.43,2.39,2.35,2.31,2.27,2.18,2.09,2.01,1.92,1.82,1.73,1.64,1.55,,
2016-02-23T00:00:00+00:00,5.36,5.49,5.62,4.86,4.11,3.36,2.61,2.54,2.47,2.4,2.33,2.42,2.5,2.59,2.67,2.71,2.75,2.79,2.83,3.06,3.28,3.51,3.74,3.66,3.57,3.49,3.41,3.49,3.57,3.65,3.73,3.74,3.75,3.76,3.77,3.79,3.8,3.81,3.82,3.86,3.9,3.94,3.98,4.0,4.03,4.06,4.08,4.0,3.92,3.84,3.76,3.92,4.09,4.26,4.42,4.05,3.67,3.3,2.92,2.79,2.65,2.52,2.38,3.16,3.94,4.72,5.5,4.79,4.09,3.38,2.67,2.48,2.29,2.09,1.9,1.8,1.71,1.62,1.52,1.48,1.43,1.38,1.34,1.35,1.37,1.39,1.4,1.47,1.55,1.62,1.69,1.49,1.28,1.08,0.88,1.02,1.16,1.31,1.45,1.41,1.37,1.33,1.29,1.42,1.54,1.67,1.8,1.68,1.56,1.44,1.32,1.29,1.27,1.24,1.22,1.37,1.53,1.69,1.85,1.94,2.04,2.14,2.23,2.46,2.69,2.92,3.15,3.14,3.12,3.1,3.08,2.93,2.77,2.61,2.45,2.49,2.53,2.56,2.6,2.62,2.63,2.65,2.66,2.68,2.71,2.73,2.76,2.88,3.0,3.12,3.25,3.19,3.14,3.08,3.02,3.01,2.99,2.98,2.96,3.01,3.06,3.1,3.15,,
2016-02-24T00:00:00+00:00,0.74,0.62,0.5,0.54,0.59,0.64,0.68,0.97,1.27,1.56,1.85,1.71,1.57,1.43,1.28,1.41,1.53,1.66,1.78,1.98,2.18,2.38,2.58,2.28,1.98,1.68,1.38,1.44,1.49,1.54,1.6,1.54,1.48,1.42,1.36,1.48,1.6,1.72,1.84,2.03,2.22,2.41,2.6,2.88,3.16,3.44,3.72,3.92,4.11,4.31,4.5,4.42,4.34,4.26,4.18,3.89,3.6,3.31,3.03,3.18,3.33,3.48,3.63,3.59,3.55,3.51,3.47,3.61,3.74,3.88,4.02,4.2,4.39,4.58,4.76,4.63,4.5,4.37,4.24,4.12,3.99,3.87,3.75,3.54,3.34,3.13,2.93,2.87,2.82,2.76,2.71,2.71,2.7,2.7,2.69,2.75,2.81,2.87,2.93,2.98,3.02,3.06,3.1,3.13,3.16,3.19,3.22,3.21,3.2,3.2,3.19,3.19,3.19,3.19,3.19,3.14,3.09,3.04,2.98,2.93,2.87,2.82,2.76,2.72,2.68,2.65,2.61,2.61,2.61,2.61,2.61,2.65,2.68,2.72,2.76,2.83,2.9,2.96,3.03,3.07,3.11,3.14,3.18,3.25,3.31,3.38,3.45,3.43,3.41,3.38,3.36,3.26,3.16,3.07,2.97,2.87,2.76,2.66,2.56,2.36,2.15,1.94,1.73,,
2016-02-25T00:00:00+00:00,3.08,3.13,3.19,2.91,2.63,2.35,2.07,1.7,1.33,0.96,0.59,0.82,1.05,1.28,1.51,1.49,1.48,1.46,1.44,1.5,1.55,1.6,1.65,1.62,1.58,1.55,1.52,1.67,1.83,1.99,2.15,2.29,2.44,2.58,2.73,2.67,2.61,2.55,2.49,2.34,2.19,2.04,1.89,1.72,1.56,1.39,1.22,1.45,1.68,1.91,2.14,2.26,2.38,2.49,2.61,2.59,2.58,2.56,2.54,2.52,2.5,2.48,2.46,2.33,2.19,2.05,1.91,2.21,2.51,2.8,3.1,2.65,2.21,1.76,1.31,1.38,1.45,1.52,1.6,1.53,1.47,1.4,1.34,1.22,1.1,0.99,0.87,1.03,1.2,1.36,1.52,1.47,1.41,1.35,1.3,1.19,1.09,0.99,0.88,0.96,1.03,1.1,1.18,0.92,0.66,0.4,0.14,0.25,0.36,0.47,0.58,0.57,0.56,0.55,0.54,0.74,0.95,1.16,1.37,1.35,1.34,1.33,1.32,1.36,1.39,1.43,1.47,1.53,1.6,1.67,1.74,1.93,2.13,2.33,2.52,2.64,2.75,2.87,2.98,2.79,2.6,2.4,2.21,2.47,2.74,3.0,3.27,3.38,3.49,3.6,3.71,3.76,3.82,3.88,3.93,4.0,4.06,4.12,4.19,4.1,4.01,3.92,3.84,,
2016-02-26T00:00:00+00:00,1.21,1.31,1.4,1.45,1.5,1.55,1.6,1.34,1.08,0.82,0.56,0.72,0.87,1.03,1.18,1.12,1.06,1.0,0.94,1.01,1.09,1.16,1.23,0.97,0.71,0.45,0.19,0.3,0.41,0.52,0.63,0.79,0.95,1.11,1.27,1.47,1.67,1.87,2.07,2.31,2.55,2.79,3.03,3.17,3.31,3.46,3.6,3.67,3.74,3.82,3.89,3.89,3.89,3.88,3.88,3.8,3.72,3.64,3.56,3.51,3.46,3.41,3.36,3.48,3.61,3.74,3.86,3.86,3.86,3.86,3.85,3.76,3.66,3.57,3.47,3.46,3.45,3.43,3.42,3.38,3.34,3.3,3.26,3.22,3.17,3.13,3.08,3.02,2.96,2.89,2.83,2.79,2.74,2.69,2.65,2.78,2.92,3.05,3.19,3.24,3.29,3.35,3.4,3.47,3.54,3.6,3.67,3.77,3.87,3.98,4.08,4.12,4.16,4.2,4.25,4.21,4.18,4.15,4.12,4.15,4.18,4.22,4.25,4.28,4.31,4.33,4.36,4.38,4.41,4.43,4.46,4.5,4.54,4.58,4.63,4.68,4.73,4.78,4.83,4.83,4.84,4.84,4.85,4.96,5.07,5.18,5.29,5.27,5.24,5.22,5.2,5.1,5.0,4.9,4.8,4.82,4.84,4.86,4.88,4.88,4.88,4.88,4.88,,
2016-02-27T00:00:00+00:00,3.51,3.51,3.5,3.63,3.76,3.9,4.03,3.85,3.67,3.49,3.31,3.34,3.36,3.39,3.42,3.67,3.92,4.18,4.43,4.65,4.86,5.08,5.3,5.16,5.01,4.87,4.73,4.7,4.67,4.65,4.62,4.53,4.44,4.35,4.27,4.36,4.45,4.54,4.63,4.79,4.95,5.11,5.27,5.35,5.42,5.49,5.56,5.64,5.72,5.79,5.87,5.82,5.78,5.74,5.69,5.7,5.7,5.71,5.72,5.78,5.85,5.92,5.98,5.96,5.94,5.92,5.9,5.68,5.45,5.22,4.99,5.13,5.27,5.41,5.55,5.68,5.81,5.95,6.08,6.06,6.05,6.03,6.01,5.92,5.83,5.73,5.64,5.6,5.55,5.51,5.46,5.49,5.51,5.53,5.56,5.6,5.65,5.7,5.75,5.69,5.62,5.56,5.5,5.48,5.47,5.46,5.44,5.55,5.66,5.77,5.88,5.88,5.87,5.86,5.85,5.83,5.8,5.77,5.74,5.84,5.94,6.04,6.15,6.22,6.29,6.36,6.42,6.32,6.22,6.12,6.02,6.06,6.09,6.13,6.17,6.2,6.24,6.27,6.31,6.29,6.28,6.27,6.25,6.26,6.26,6.27,6.27,6.27,6.27,6.28,6.28,6.26,6.24,6.22,6.2,6.14,6.09,6.03,5.97,6.11,6.24,6.37,6.51,,
2016-02-28T00:00:00+00:00,4.64,4.78,4.93,5.06,5.2,5.34,5.47,5.48,5.48,5.48,5.48,5.5,5.51,5.53,5.55,5.58,5.62,5.66,5.7,5.69,5.68,5.67,5.66,5.76,5.86,5.96,6.07,6.17,6.27,6.37,6.47,6.51,6.56,6.6,6.65,6.63,6.6,6.58,6.55,6.52,6.49,6.45,6.42,6.48,6.54,6.61,6.67,6.65,6.63,6.61,6.59,6.59,6.58,6.57,6.57,6.56,6.56,6.55,6.55,6.55,6.54,6.54,6.54,6.54,6.54,6.54,6.54,6.61,6.69,6.76,6.84,6.83,6.82,6.8,6.79,6.78,6.78,6.77,6.76,6.63,6.51,6.38,6.26,6.15,6.05,5.95,5.85,5.8,5.75,5.7,5.65,5.7,5.75,5.8,5.85,5.88,5.9,5.93,5.96,5.9,5.84,5.78,5.72,5.75,5.77,5.79,5.82,5.8,5.78,5.76,5.74,5.73,5.72,5.72,5.71,5.77,5.82,5.87,5.93,5.88,5.83,5.78,5.73,5.66,5.6,5.53,5.47,5.49,5.51,5.53,5.55,5.64,5.72,5.81,5.9,5.9,5.9,5.91,5.91,5.89,5.87,5.85,5.83,5.78,5.74,5.69,5.64,5.56,5.48,5.41,5.33,5.36,5.38,5.41,5.43,5.29,5.15,5.02,4.88,4.58,4.28,3.99,3.69,,
2016-02-29T00:00:00+00:00,5.89,5.93,5.96,6.0,6.04,6.08,6.11,6.06,6.01,5.96,5.91,5.82,5.73,5.64,5.55,5.51,5.47,5.43,5.39,5.34,5.29,5.25,5.2,5.2,5.2,5.2,5.2,5.33,5.45,5.58,5.71,5.57,5.43,5.29,5.15,5.15,5.16,5.17,5.17,5.2,5.22,5.25,5.27,5.3,5.32,5.35,5.37,5.34,5.3,5.27,5.23,5.26,5.29,5.32,5.36,5.3,5.25,5.2,5.15,5.0,4.86,4.71,4.57,4.54,4.52,4.5,4.47,4.31,4.15,3.99,3.83,3.77,3.72,3.66,3.61,3.56,3.52,3.48,3.43,3.11,2.79,2.47,2.15,2.1,2.05,1.99,1.94,1.88,1.83,1.77,1.72,1.67,1.61,1.56,1.51,1.6,1.69,1.77,1.86,1.99,2.11,2.24,2.37,2.16,1.95,1.74,1.52,1.74,1.95,2.16,2.37,2.27,2.17,2.06,1.96,2.1,2.24,2.38,2.52,2.67,2.83,2.99,3.14,3.22,3.3,3.38,3.45,3.58,3.71,3.84,3.97,4.14,4.3,4.47,4.64,4.73,4.82,4.91,5.0,5.15,5.29,5.44,5.58,5.62,5.65,5.68,5.72,5.62,5.53,5.43,5.33,5.41,5.48,5.55,5.62,5.58,5.53,5.48,5.44,5.66,5.88,6.1,6.32,,
2016-03-01T00:00:00+00:00,1.27,1.18,1.09,1.21,1.34,1.46,1.58,1.57,1.56,1.56,1.55,1.6,1.66,1.72,1.77,1.82,1.87,1.92,1.96,2.08,2.2,2.32,2.44,2.4,2.36,2.32,2.28,2.47,2.66,2.85,3.04,3.31,3.59,3.86,4.14,4.22,4.29,4.37,4.45,4.79,5.14,5.49,5.83,5.75,5.66,5.57,5.48,5.49,5.49,5.49,5.5,5.57,5.64,5.72,5.79,5.75,5.71,5.67,5.63,5.69,5.76,5.83,5.89,6.05,6.2,6.36,6.51,6.52,6.53,6.53,6.54,6.29,6.04,5.79,5.55,5.51,5.47,5.43,5.4,5.33,5.26,5.19,5.13,5.26,5.39,5.52,5.65,5.35,5.05,4.74,4.44,4.65,4.85,5.05,5.26,5.29,5.33,5.36,5.39,5.53,5.66,5.8,5.93,6.03,6.13,6.22,6.32,6.36,6.39,6.43,6.46,6.33,6.2,6.06,5.93,5.75,5.58,5.4,5.23,5.56,5.89,6.23,6.56,6.29,6.03,5.76,5.49,5.63,5.76,5.9,6.03,6.33,6.63,6.92,7.22,7.03,6.84,6.65,6.46,6.65,6.84,7.02,7.21,7.17,7.13,7.09,7.06,7.2,7.35,7.49,7.63,7.44,7.24,7.05,6.85,6.76,6.67,6.59,6.5,6.53,6.56,6.6,6.63,,
2016-03-02T00:00:00+00:00,6.73,6.56,6.4,6.0,5.6,5.2,4.8,5.18,5.56,5.93,6.31,5.88,5.44,5.01,4.58,4.64,4.7,4.76,4.83,5.03,5.23,5.44,5.64,5.6,5.56,5.52,5.48,5.23,4.97,4.71,4.46,5.05,5.65,6.25,6.84,6.9,6.96,7.02,7.08,7.06,7.04,7.02,7.01,6.96,6.92,6.88,6.83,7.08,7.33,7.58,7.82,7.63,7.43,7.23,7.03,7.04,7.04,7.05,7.05,7.2,7.35,7.49,7.64,7.34,7.05,6.76,6.46,5.89,5.32,4.75,4.18,4.33,4.48,4.63,4.78,4.75,4.73,4.71,4.69,4.79,4.89,5.0,5.1,5.15,5.2,5.25,5.3,5.49,5.68,5.87,6.06,6.47,6.88,7.29,7.71,7.3,6.89,6.48,6.06,6.35,6.63,6.92,7.2,6.99,6.79,6.58,6.38,6.46,6.54,6.62,6.71,6.75,6.79,6.83,6.87,6.85,6.82,6.8,6.78,6.94,7.1,7.27,7.43,7.31,7.2,7.09,6.98,6.97,6.96,6.96,6.95,6.93,6.9,6.88,6.85,6.19,5.53,4.87,4.21,4.06,3.91,3.76,3.61,3.58,3.56,3.53,3.51,3.27,3.04,2.8,2.57,2.67,2.77,2.87,2.97,2.77,2.57,2.37,2.16,2.17,2.17,2.18,2.18,,
2016-03-03T00:00:00+00:00,5.69,5.7,5.71,5.57,5.42,5.28,5.13,5.54,5.95,6.36,6.77,7.01,7.24,7.47,7.71,7.87,8.02,8.18,8.34,8.29,8.24,8.19,8.14,8.18,8.22,8.26,8.3,8.26,8.21,8.17,8.12,8.28,8.43,8.58,8.73,8.17,7.62,7.06,6.5,6.55,6.59,6.64,6.68,6.61,6.54,6.47,6.4,6.39,6.37,6.35,6.33,6.08,5.82,5.57,5.31,5.0,4.69,4.37,4.06,3.76,3.47,3.17,2.87,2.59,2.3,2.02,1.74,1.54,1.33,1.13,0.93,1.11,1.3,1.48,1.67,2.02,2.38,2.73,3.08,3.3,3.52,3.73,3.95,4.11,4.27,4.44,4.6,4.59,4.58,4.57,4.56,4.68,4.79,4.91,5.02,5.21,5.39,5.58,5.76,5.85,5.95,6.04,6.13,5.95,5.77,5.59,5.41,5.25,5.09,4.93,4.77,5.04,5.3,5.57,5.83,6.02,6.22,6.41,6.61,6.27,5.94,5.61,5.28,4.91,4.54,4.16,3.79,3.54,3.29,3.04,2.79,2.71,2.63,2.55,2.47,2.61,2.75,2.89,3.02,3.01,3.0,2.98,2.97,2.92,2.87,2.82,2.77,2.8,2.83,2.86,2.89,2.62,2.35,2.08,1.81,1.92,2.04,2.16,2.27,2.48,2.69,2.9,3.11,,
2016-03-04T00:00:00+00:00,5.37,5.68,5.99,5.9,5.81,5.73,5.64,5.58,5.53,5.48,5.42,5.39,5.36,5.33,5.3,5.22,5.14,5.07,4.99,4.73,4.47,4.21,3.95,4.59,5.23,5.87,6.51,6.33,6.16,5.99,5.82,5.3,4.79,4.27,3.76,3.48,3.19,2.91,2.62,2.5,2.38,2.26,2.14,2.26,2.38,2.51,2.63,2.14,1.66,1.17,0.69,0.76,0.83,0.9,0.97,1.17,1.37,1.58,1.78,1.63,1.48,1.32,1.17,1.56,1.95,2.33,2.72,2.26,1.79,1.33,0.87,1.22,1.58,1.94,2.29,2.11,1.93,1.75,1.57,1.5,1.44,1.37,1.3,1.44,1.58,1.72,1.86,2.04,2.21,2.38,2.56,2.67,2.79,2.91,3.03,3.07,3.11,3.15,3.19,3.21,3.22,3.24,3.26,3.13,3.01,2.89,2.77,2.75,2.73,2.71,2.69,2.72,2.76,2.79,2.83,2.73,2.62,2.52,2.42,2.59,2.76,2.93,3.1,3.2,3.31,3.41,3.52,3.16,2.81,2.45,2.1,2.06,2.03,1.99,1.96,2.05,2.13,2.22,2.31,2.52,2.74,2.95,3.16,3.1,3.05,2.99,2.93,3.18,3.42,3.67,3.92,4.04,4.16,4.29,4.41,4.02,3.62,3.22,2.83,2.7,2.58,2.46,2.34,,
2016-03-05T00:00:00+00:00,2.72,2.71,2.69,2.84,2.99,3.14,3.29,3.19,3.09,2.99,2.89,2.87,2.84,2.82,2.79,2.88,2.97,3.06,3.16,2.99,2.83,2.67,2.51,2.78,3.05,3.32,3.59,3.68,3.77,3.86,3.94,3.88,3.82,3.76,3.7,3.65,3.6,3.55,3.5,3.22,2.94,2.65,2.37,2.57,2.77,2.97,3.17,3.35,3.53,3.71,3.89,3.99,4.08,4.18,4.28,4.17,4.06,3.94,3.83,3.72,3.61,3.49,3.38,3.23,3.07,2.91,2.75,2.71,2.68,2.64,2.6,2.68,2.76,2.84,2.92,2.79,2.66,2.53,2.4,2.71,3.02,3.33,3.64,3.62,3.6,3.57,3.55,3.55,3.55,3.55,3.55,3.64,3.73,3.82,3.91,3.71,3.51,3.31,3.11,3.01,2.91,2.81,2.71,2.88,3.05,3.21,3.38,3.33,3.29,3.24,3.19,3.2,3.22,3.23,3.25,3.2,3.16,3.11,3.06,3.18,3.29,3.4,3.51,3.78,4.06,4.33,4.6,4.69,4.78,4.87,4.96,4.93,4.9,4.87,4.84,4.75,4.67,4.58,4.49,4.41,4.33,4.24,4.16,4.07,3.99,3.91,3.83,3.8,3.77,3.74,3.71,3.56,3.41,3.26,3.1,3.01,2.91,2.81,2.72,2.59,2.47,2.35,2.23,,
2016-03-06T00:00:00+00:00,3.33,3.33,3.32,3.52,3.72,3.92,4.11,4.06,4.0,3.94,3.88,3.96,4.03,4.11,4.19,3.94,3.69,3.43,3.18,3.28,3.38,3.49,3.59,3.56,3.54,3.52,3.49,3.43,3.37,3.31,3.26,3.27,3.29,3.31,3.33,3.63,3.93,4.23,4.53,4.54,4.56,4.58,4.59,4.3,4.01,3.72,3.43,3.3,3.17,3.04,2.9,2.44,1.98,1.51,1.05,1.44,1.84,2.23,2.63,2.46,2.3,2.14,1.98,2.28,2.59,2.89,3.2,2.5,1.8,1.11,0.41,0.39,0.38,0.36,0.35,0.37,0.4,0.42,0.45,0.63,0.8,0.98,1.16,1.52,1.89,2.25,2.61,2.52,2.43,2.34,2.26,2.22,2.18,2.14,2.1,2.16,2.21,2.26,2.31,2.42,2.52,2.63,2.73,2.72,2.71,2.7,2.69,2.77,2.84,2.92,3.0,2.96,2.91,2.87,2.83,2.7,2.57,2.44,2.32,2.55,2.78,3.02,3.25,3.32,3.39,3.45,3.52,3.58,3.65,3.71,3.77,3.69,3.6,3.51,3.43,3.64,3.85,4.07,4.28,4.32,4.36,4.4,4.44,4.5,4.57,4.64,4.71,5.31,5.91,6.51,7.11,6.12,5.13,4.14,3.15,3.04,2.94,2.84,2.74,3.17,3.6,4.03,4.47,,
2016-03-07T00:00:00+00:00,1.36,1.63,1.89,1.92,1.95,1.98,2.0,1.94,1.87,1.81,1.74,1.89,2.05,2.21,2.36,2.68,3.01,3.33,3.65,3.59,3.54,3.48,3.42,3.31,3.2,3.08,2.97,3.14,3.31,3.49,3.66,3.73,3.81,3.89,3.96,4.36,4.75,5.15,5.55,5.59,5.63,5.68,5.72,5.46,5.2,4.94,4.68,5.12,5.56,6.01,6.45,6.29,6.13,5.98,5.82,5.76,5.7,5.64,5.57,5.54,5.51,5.48,5.44,5.22,4.99,4.76,4.54,4.49,4.44,4.39,4.34,4.25,4.16,4.08,3.99,4.01,4.03,4.05,4.07,3.96,3.86,3.76,3.66,3.73,3.81,3.88,3.96,3.98,3.99,4.01,4.03,4.13,4.22,4.32,4.41,4.32,4.23,4.14,4.05,3.94,3.84,3.73,3.62,3.49,3.35,3.21,3.07,2.84,2.6,2.36,2.13,2.13,2.14,2.15,2.16,2.09,2.03,1.96,1.9,1.78,1.67,1.55,1.44,1.45,1.46,1.48,1.49,1.56,1.63,1.7,1.76,1.69,1.62,1.54,1.47,1.62,1.77,1.91,2.06,2.05,2.04,2.04,2.03,1.98,1.92,1.87,1.82,2.09,2.36,2.64,2.91,2.89,2.88,2.86,2.84,2.96,3.08,3.2,3.32,3.14,2.96,2.78,2.59,,
2016-03-16T00:00:00+00:00,5.6,5.62,5.65,5.64,5.64,5.63,5.63,5.62,5.61,5.59,5.58,5.5,5.43,5.35,5.27,5.19,5.1,5.02,4.94,4.97,5.0,5.02,5.05,5.13,5.22,5.3,5.38,5.5,5.62,5.75,5.87,6.07,6.27,6.46,6.66,6.91,7.16,7.4,7.65,7.86,8.07,8.28,8.49,8.52,8.55,8.59,8.62,8.77,8.91,9.06,9.21,9.24,9.28,9.31,9.35,9.34,9.34,9.33,9.33,9.33,9.33,9.34,9.34,8.53,7.71,6.9,6.09,6.1,6.11,6.11,6.12,6.01,5.91,5.8,5.69,5.98,6.27,6.56,6.85,6.76,6.66,6.57,6.48,6.31,6.14,5.98,5.81,5.64,5.48,5.32,5.15,5.07,5.0,4.92,4.84,4.85,4.86,4.87,4.87,4.72,4.56,4.4,4.25,4.23,4.22,4.2,4.19,4.1,4.02,3.93,3.84,3.77,3.69,3.61,3.53,3.47,3.41,3.35,3.29,3.28,3.26,3.25,3.23,3.44,3.66,3.87,4.08,4.39,4.69,5.0,5.3,5.72,6.13,6.55,6.97,7.43,7.88,8.34,8.8,9.14,9.47,9.81,10.15,10.37,10.59,10.81,11.03,11.16,11.29,11.42,11.55,11.6,11.66,11.71,11.76,11.69,11.61,11.54,11.46,11.27,11.08,10.89,10.7,,
2016-03-18T00:00:00+00:00,3.33,3.37,3.42,3.31,3.2,3.09,2.98,3.0,3.02,3.03,3.05,2.95,2.86,2.76,2.66,2.48,2.29,2.11,1.92,2.03,2.14,2.25,2.35,2.29,2.23,2.17,2.11,2.17,2.23,2.3,2.36,2.53,2.71,2.89,3.06,3.09,3.12,3.15,3.18,3.2,3.23,3.25,3.28,3.21,3.15,3.09,3.02,2.98,2.95,2.91,2.87,2.89,2.91,2.93,2.95,2.96,2.96,2.96,2.96,2.98,3.01,3.03,3.06,3.13,3.21,3.28,3.35,3.52,3.68,3.84,4.0,3.89,3.77,3.66,3.54,3.38,3.21,3.04,2.88,2.89,2.9,2.92,2.93,3.1,3.27,3.44,3.61,3.6,3.58,3.56,3.54,3.49,3.44,3.38,3.33,3.5,3.66,3.83,3.99,3.92,3.85,3.78,3.71,3.62,3.53,3.44,3.35,3.08,2.81,2.54,2.27,2.34,2.4,2.47,2.54,2.87,3.2,3.53,3.87,3.65,3.43,3.21,2.99,3.13,3.26,3.39,3.52,3.43,3.34,3.24,3.15,3.27,3.4,3.52,3.64,3.58,3.51,3.45,3.39,3.51,3.62,3.74,3.85,3.82,3.79,3.76,3.74,3.8,3.87,3.93,4.0,4.02,4.04,4.06,4.08,3.9,3.72,3.53,3.35,3.38,3.42,3.45,3.49,,
2016-03-19T00:00:00+00:00,3.51,3.45,3.38,3.36,3.33,3.3,3.27,3.36,3.46,3.55,3.65,3.39,3.14,2.88,2.62,2.85,3.07,3.3,3.52,3.51,3.49,3.48,3.47,3.5,3.53,3.56,3.59,3.59,3.58,3.58,3.58,3.7,3.82,3.94,4.06,4.02,3.98,3.94,3.9,3.86,3.81,3.77,3.72,3.77,3.81,3.85,3.9,3.9,3.89,3.89,3.89,3.86,3.84,3.82,3.8,3.79,3.78,3.78,3.77,3.75,3.73,3.71,3.69,3.69,3.69,3.69,3.69,3.75,3.81,3.87,3.93,3.92,3.91,3.89,3.88,3.96,4.05,4.13,4.21,4.25,4.28,4.32,4.36,4.4,4.45,4.49,4.54,4.42,4.3,4.17,4.05,3.96,3.87,3.78,3.69,3.7,3.71,3.72,3.73,3.7,3.67,3.65,3.62,3.6,3.58,3.56,3.54,3.54,3.54,3.54,3.54,3.54,3.53,3.52,3.52,3.56,3.6,3.64,3.68,3.78,3.87,3.97,4.06,4.18,4.3,4.42,4.54,4.49,4.44,4.39,4.34,4.23,4.12,4.01,3.9,3.8,3.7,3.61,3.51,3.57,3.63,3.7,3.76,3.79,3.82,3.85,3.88,3.94,4.0,4.06,4.12,4.22,4.32,4.42,4.52,4.49,4.47,4.44,4.41,4.36,4.32,4.27,4.23,,
2016-03-20T00:00:00+00:00,3.66,3.49,3.33,3.26,3.19,3.12,3.05,3.15,3.25,3.35,3.44,3.53,3.61,3.7,3.79,3.89,3.98,4.08,4.18,4.18,4.17,4.17,4.16,4.17,4.18,4.19,4.2,4.27,4.33,4.39,4.45,4.48,4.5,4.53,4.55,4.43,4.3,4.17,4.04,3.98,3.91,3.85,3.79,3.74,3.7,3.65,3.61,3.58,3.55,3.52,3.49,3.57,3.66,3.74,3.82,3.97,4.11,4.25,4.4,4.43,4.47,4.5,4.53,4.56,4.58,4.6,4.63,4.46,4.3,4.13,3.97,3.69,3.42,3.14,2.86,3.04,3.22,3.39,3.57,3.76,3.96,4.15,4.35,4.44,4.52,4.61,4.7,4.59,4.48,4.38,4.27,4.2,4.14,4.07,4.0,3.89,3.79,3.68,3.57,3.63,3.68,3.74,3.79,3.75,3.7,3.65,3.61,3.5,3.4,3.3,3.2,3.23,3.26,3.29,3.32,3.4,3.49,3.58,3.67,3.53,3.39,3.25,3.11,3.32,3.54,3.75,3.96,3.89,3.81,3.73,3.66,3.61,3.57,3.53,3.49,3.57,3.66,3.74,3.83,3.86,3.9,3.94,3.97,3.77,3.56,3.35,3.14,3.08,3.02,2.96,2.9,3.13,3.36,3.59,3.82,3.74,3.66,3.58,3.5,3.44,3.39,3.34,3.28,,
2016-03-21T00:00:00+00:00,3.37,3.42,3.48,3.56,3.64,3.72,3.8,3.73,3.66,3.6,3.53,3.57,3.62,3.67,3.71,3.65,3.58,3.52,3.45,3.35,3.26,3.16,3.06,3.18,3.29,3.41,3.52,3.59,3.67,3.74,3.81,3.74,3.67,3.6,3.53,3.5,3.48,3.46,3.44,3.58,3.73,3.88,4.03,4.15,4.28,4.41,4.53,4.37,4.2,4.03,3.86,3.85,3.83,3.81,3.8,3.78,3.76,3.73,3.71,3.69,3.68,3.66,3.64,3.5,3.35,3.21,3.06,2.84,2.62,2.4,2.18,2.17,2.16,2.15,2.14,2.12,2.1,2.08,2.07,2.22,2.38,2.54,2.69,2.71,2.72,2.74,2.75,2.66,2.56,2.47,2.37,2.31,2.24,2.18,2.12,2.0,1.89,1.77,1.66,1.78,1.91,2.04,2.17,2.01,1.85,1.69,1.53,1.46,1.38,1.31,1.24,1.32,1.41,1.49,1.58,1.56,1.54,1.52,1.5,1.53,1.56,1.6,1.63,1.72,1.82,1.91,2.0,2.25,2.5,2.75,3.0,3.15,3.3,3.44,3.59,3.62,3.65,3.68,3.71,3.8,3.88,3.97,4.06,4.13,4.21,4.28,4.36,4.39,4.42,4.44,4.47,4.45,4.42,4.4,4.38,4.33,4.28,4.24,4.19,4.19,4.19,4.19,4.19,,
2016-03-22T00:00:00+00:00,1.48,1.62,1.77,1.83,1.9,1.96,2.03,2.14,2.25,2.36,2.47,2.58,2.69,2.8,2.91,2.91,2.91,2.91,2.91,2.84,2.77,2.71,2.64,2.72,2.79,2.87,2.94,3.02,3.11,3.19,3.27,3.3,3.33,3.36,3.39,3.38,3.37,3.36,3.35,3.32,3.29,3.26,3.23,3.31,3.39,3.47,3.55,3.71,3.87,4.03,4.19,4.2,4.22,4.23,4.25,4.25,4.24,4.24,4.24,4.22,4.21,4.19,4.17,4.14,4.1,4.07,4.04,3.96,3.89,3.81,3.74,3.79,3.85,3.9,3.95,4.0,4.06,4.11,4.16,4.1,4.04,3.99,3.93,3.96,4.0,4.04,4.07,4.05,4.04,4.02,4.0,3.86,3.71,3.57,3.42,3.2,2.97,2.75,2.52,2.41,2.3,2.19,2.08,2.25,2.43,2.6,2.77,2.75,2.74,2.72,2.71,2.71,2.72,2.73,2.74,2.8,2.85,2.91,2.97,2.91,2.84,2.77,2.71,2.84,2.97,3.1,3.23,3.54,3.86,4.17,4.48,4.39,4.3,4.2,4.11,4.1,4.08,4.07,4.06,4.13,4.2,4.27,4.34,4.26,4.19,4.11,4.03,3.97,3.9,3.84,3.77,3.7,3.63,3.55,3.48,3.43,3.38,3.33,3.27,3.18,3.08,2.99,2.89,,
2016-03-23T00:00:00+00:00,3.44,3.52,3.6,3.51,3.43,3.35,3.26,3.19,3.13,3.06,2.99,3.08,3.16,3.25,3.33,3.58,3.83,4.08,4.33,4.11,3.89,3.67,3.45,3.5,3.55,3.6,3.65,3.53,3.42,3.31,3.2,3.24,3.29,3.34,3.38,3.4,3.41,3.42,3.44,3.58,3.73,3.87,4.01,4.02,4.02,4.02,4.02,4.07,4.13,4.18,4.24,4.1,3.96,3.82,3.68,3.64,3.59,3.55,3.5,3.54,3.58,3.62,3.66,3.67,3.69,3.7,3.72,3.74,3.76,3.79,3.81,3.81,3.82,3.83,3.83,3.67,3.5,3.34,3.17,3.07,2.97,2.87,2.76,2.62,2.47,2.33,2.18,2.13,2.07,2.02,1.96,2.0,2.05,2.09,2.14,2.12,2.1,2.08,2.06,2.11,2.15,2.2,2.25,2.13,2.01,1.9,1.78,1.8,1.82,1.84,1.86,1.8,1.73,1.66,1.6,1.55,1.51,1.47,1.43,1.36,1.29,1.22,1.16,1.25,1.34,1.43,1.53,1.75,1.98,2.2,2.43,2.49,2.56,2.63,2.69,2.7,2.7,2.7,2.71,2.87,3.04,3.21,3.37,3.52,3.66,3.81,3.95,3.89,3.83,3.77,3.7,3.55,3.4,3.24,3.09,3.02,2.95,2.87,2.8,2.8,2.8,2.8,2.79,,
2016-03-24T00:00:00+00:00,1.5,1.38,1.25,1.37,1.49,1.61,1.73,1.72,1.72,1.72,1.72,1.86,2.01,2.16,2.31,2.2,2.09,1.99,1.88,1.93,1.99,2.04,2.09,1.99,1.89,1.79,1.69,1.72,1.76,1.8,1.84,2.4,2.96,3.52,4.08,4.15,4.23,4.3,4.37,4.26,4.14,4.03,3.92,3.89,3.87,3.84,3.82,3.78,3.74,3.7,3.66,3.53,3.39,3.26,3.13,3.12,3.12,3.11,3.11,2.97,2.83,2.7,2.56,2.48,2.4,2.32,2.24,2.01,1.79,1.56,1.34,1.4,1.46,1.53,1.59,1.8,2.02,2.23,2.44,2.52,2.6,2.68,2.76,2.82,2.87,2.93,2.98,2.99,3.0,3.0,3.01,3.07,3.13,3.18,3.24,3.37,3.5,3.62,3.75,3.84,3.93,4.02,4.1,4.26,4.42,4.58,4.73,4.86,5.0,5.13,5.26,5.29,5.33,5.37,5.4,5.4,5.39,5.38,5.37,5.37,5.37,5.36,5.36,5.24,5.12,5.0,4.88,4.78,4.67,4.56,4.46,4.26,4.07,3.87,3.68,3.72,3.77,3.82,3.87,3.89,3.91,3.92,3.94,4.03,4.13,4.22,4.31,4.12,3.94,3.75,3.57,3.46,3.35,3.24,3.13,2.97,2.82,2.67,2.52,2.4,2.27,2.15,2.02,,
2016-03-25T00:00:00+00:00,2.84,2.6,2.35,3.02,3.69,4.36,5.03,4.99,4.95,4.91,4.87,4.95,5.04,5.12,5.2,5.04,4.88,4.72,4.55,4.68,4.81,4.94,5.06,5.16,5.25,5.35,5.44,5.37,5.31,5.24,5.17,5.15,5.12,5.09,5.06,4.94,4.82,4.7,4.58,4.49,4.4,4.31,4.23,4.3,4.37,4.44,4.51,4.49,4.48,4.46,4.44,4.48,4.53,4.57,4.62,4.58,4.55,4.51,4.47,4.29,4.12,3.94,3.76,3.54,3.32,3.1,2.87,2.53,2.18,1.83,1.48,1.41,1.35,1.28,1.21,1.1,0.99,0.87,0.76,0.69,0.62,0.55,0.48,0.39,0.31,0.23,0.14,0.25,0.36,0.46,0.57,0.8,1.04,1.27,1.5,1.73,1.96,2.19,2.42,2.62,2.82,3.02,3.22,3.13,3.05,2.96,2.87,2.95,3.04,3.12,3.21,3.24,3.28,3.32,3.35,3.35,3.35,3.35,3.35,3.35,3.36,3.36,3.37,3.52,3.68,3.84,4.0,4.17,4.34,4.51,4.69,4.67,4.65,4.64,4.62,4.68,4.74,4.8,4.87,4.84,4.81,4.78,4.76,4.73,4.7,4.68,4.65,4.74,4.82,4.91,4.99,5.18,5.37,5.57,5.76,5.6,5.45,5.3,5.15,5.2,5.24,5.29,5.34,,
2016-03-26T00:00:00+00:00,1.75,1.78,1.81,1.59,1.38,1.17,0.96,1.39,1.82,2.26,2.69,2.77,2.85,2.92,3.0,3.13,3.27,3.4,3.53,3.38,3.24,3.09,2.95,3.26,3.56,3.87,4.18,4.13,4.08,4.03,3.98,3.99,4.0,4.02,4.03,4.39,4.75,5.11,5.47,5.59,5.72,5.85,5.98,5.96,5.93,5.91,5.89,5.77,5.66,5.55,5.44,5.46,5.47,5.49,5.51,5.37,5.23,5.09,4.95,5.15,5.34,5.54,5.74,5.6,5.47,5.34,5.21,5.25,5.3,5.34,5.39,5.49,5.59,5.69,5.79,5.94,6.08,6.23,6.38,6.61,6.85,7.09,7.33,7.21,7.1,6.99,6.87,6.23,5.59,4.94,4.3,4.09,3.88,3.67,3.46,3.33,3.2,3.07,2.95,3.1,3.25,3.4,3.55,3.89,4.24,4.59,4.93,5.0,5.06,5.13,5.19,5.2,5.21,5.21,5.22,5.31,5.41,5.5,5.6,5.52,5.43,5.35,5.27,5.47,5.66,5.86,6.06,5.82,5.59,5.36,5.13,5.27,5.42,5.56,5.71,5.8,5.88,5.97,6.05,6.16,6.26,6.37,6.47,6.27,6.06,5.85,5.64,5.54,5.43,5.32,5.21,6.15,7.08,8.01,8.95,7.93,6.92,5.9,4.88,4.8,4.73,4.65,4.57,,
2016-03-27T00:00:00+00:00,2.68,2.58,2.48,3.29,4.1,4.91,5.72,6.27,6.81,7.35,7.9,7.51,7.13,6.74,6.36,6.18,6.0,5.83,5.65,5.47,5.29,5.11,4.93,5.21,5.49,5.77,6.05,6.06,6.07,6.08,6.09,6.26,6.44,6.61,6.79,6.74,6.7,6.66,6.62,6.52,6.42,6.32,6.22,6.23,6.25,6.26,6.28,6.3,6.33,6.36,6.38,6.11,5.84,5.57,5.3,5.52,5.73,5.95,6.17,5.89,5.6,5.32,5.04,4.77,4.49,4.22,3.95,4.15,4.34,4.54,4.74,5.06,5.38,5.7,6.02,6.24,6.47,6.7,6.93,7.12,7.31,7.51,7.7,7.54,7.38,7.21,7.05,7.05,7.05,7.05,7.05,7.14,7.23,7.33,7.42,7.93,8.44,8.95,9.47,9.47,9.48,9.49,9.5,9.62,9.75,9.87,10.0,10.17,10.34,10.5,10.67,10.69,10.7,10.72,10.73,10.79,10.85,10.91,10.97,10.82,10.66,10.5,10.34,10.17,10.0,9.83,9.66,9.04,8.42,7.8,7.18,7.18,7.17,7.17,7.17,7.47,7.76,8.06,8.36,8.46,8.56,8.66,8.76,8.46,8.17,7.87,7.58,6.98,6.37,5.77,5.17,5.69,6.2,6.72,7.24,6.97,6.71,6.44,6.18,6.74,7.3,7.87,8.43,,
2016-03-28T00:00:00+00:00,8.94,8.89,8.84,9.04,9.25,9.45,9.66,9.85,10.05,10.24,10.44,10.34,10.25,10.16,10.07,10.2,10.33,10.46,10.59,10.61,10.62,10.63,10.64,10.51,10.38,10.26,10.13,9.73,9.34,8.95,8.56,8.71,8.86,9.01,9.16,8.91,8.67,8.43,8.18,8.23,8.28,8.32,8.37,8.38,8.39,8.4,8.41,7.55,6.69,5.84,4.98,5.64,6.31,6.98,7.64,6.77,5.89,5.02,4.14,4.46,4.77,5.08,5.39,5.98,6.56,7.15,7.73,7.24,6.75,6.25,5.76,5.73,5.7,5.68,5.65,5.54,5.44,5.33,5.23,5.17,5.11,5.05,4.99,5.02,5.05,5.08,5.11,5.23,5.35,5.46,5.58,5.74,5.91,6.07,6.23,6.05,5.87,5.69,5.51,5.42,5.32,5.22,5.13,5.03,4.93,4.83,4.73,4.73,4.73,4.73,4.72,4.61,4.51,4.4,4.29,4.3,4.3,4.31,4.32,4.45,4.57,4.7,4.82,4.87,4.91,4.96,5.0,5.24,5.48,5.71,5.95,6.11,6.27,6.43,6.59,6.54,6.5,6.46,6.41,5.75,5.09,4.43,3.77,3.49,3.21,2.93,2.64,2.66,2.67,2.68,2.69,2.79,2.88,2.98,3.07,3.35,3.64,3.92,4.21,4.1,4.0,3.89,3.79,,
2016-03-29T00:00:00+00:00,5.72,5.74,5.77,5.5,5.22,4.95,4.68,4.68,4.68,4.68,4.67,4.65,4.63,4.61,4.59,4.52,4.46,4.39,4.32,4.43,4.54,4.65,4.76,4.97,5.17,5.37,5.57,5.6,5.62,5.65,5.67,5.86,6.06,6.25,6.44,6.28,6.11,5.95,5.78,5.82,5.85,5.88,5.92,5.92,5.93,5.93,5.94,5.76,5.59,5.42,5.25,5.36,5.46,5.57,5.67,5.71,5.74,5.78,5.81,5.55,5.28,5.02,4.75,4.58,4.42,4.25,4.08,4.04,4.01,3.97,3.94,4.13,4.33,4.53,4.73,4.92,5.11,5.3,5.49,5.78,6.07,6.36,6.65,6.39,6.13,5.87,5.6,5.47,5.33,5.19,5.05,4.89,4.73,4.57,4.41,4.31,4.22,4.12,4.03,4.0,3.98,3.95,3.92,3.8,3.68,3.57,3.45,3.34,3.24,3.14,3.04,2.93,2.83,2.73,2.62,2.55,2.49,2.42,2.35,2.33,2.3,2.28,2.25,2.29,2.32,2.35,2.38,2.32,2.25,2.18,2.12,2.18,2.25,2.32,2.38,2.36,2.34,2.32,2.3,2.18,2.06,1.94,1.83,1.63,1.44,1.24,1.05,0.82,0.59,0.36,0.13,0.79,1.44,2.1,2.75,2.72,2.7,2.67,2.64,2.84,3.04,3.24,3.44,,
2016-03-30T00:00:00+00:00,3.12,3.41,3.69,3.81,3.93,4.04,4.16,4.22,4.27,4.33,4.39,4.43,4.47,4.51,4.55,4.35,4.15,3.95,3.75,3.6,3.45,3.29,3.14,3.25,3.35,3.46,3.56,3.31,3.06,2.81,2.56,2.71,2.86,3.01,3.16,3.04,2.91,2.79,2.66,2.71,2.75,2.8,2.84,2.67,2.5,2.33,2.16,2.18,2.19,2.21,2.22,1.86,1.5,1.13,0.77,0.69,0.62,0.55,0.47,0.53,0.58,0.63,0.68,0.78,0.87,0.96,1.06,1.12,1.18,1.24,1.3,1.36,1.42,1.48,1.55,1.59,1.63,1.68,1.72,1.78,1.83,1.88,1.93,2.18,2.42,2.66,2.9,3.03,3.16,3.29,3.43,3.33,3.23,3.13,3.04,3.15,3.27,3.39,3.5,3.69,3.87,4.06,4.24,4.19,4.14,4.09,4.04,4.04,4.05,4.05,4.05,3.89,3.72,3.56,3.39,3.94,4.49,5.04,5.59,5.55,5.52,5.48,5.44,5.54,5.64,5.75,5.85,5.84,5.83,5.82,5.82,5.92,6.02,6.13,6.23,6.16,6.08,6.01,5.93,5.95,5.98,6.0,6.02,5.67,5.31,4.95,4.6,4.56,4.52,4.48,4.44,4.31,4.17,4.04,3.9,4.33,4.75,5.17,5.6,5.34,5.08,4.82,4.56,,
2016-03-31T00:00:00+00:00,3.19,3.38,3.57,3.47,3.38,3.28,3.18,3.3,3.42,3.54,3.66,3.52,3.39,3.25,3.11,3.09,3.07,3.04,3.02,3.3,3.58,3.86,4.14,4.09,4.04,4.0,3.95,3.99,4.04,4.08,4.12,4.0,3.87,3.75,3.62,3.58,3.54,3.51,3.47,3.66,3.85,4.04,4.23,4.13,4.04,3.95,3.85,4.21,4.56,4.91,5.27,5.18,5.09,5.01,4.92,5.11,5.3,5.48,5.67,5.96,6.25,6.55,6.84,6.63,6.42,6.21,6.0,5.97,5.94,5.91,5.87,5.65,5.42,5.19,4.96,4.85,4.75,4.64,4.54,4.72,4.9,5.08,5.27,5.05,4.82,4.6,4.38,4.47,4.55,4.63,4.72,4.65,4.59,4.52,4.46,4.52,4.58,4.64,4.7,4.42,4.14,3.85,3.57,3.57,3.57,3.57,3.57,3.65,3.74,3.82,3.9,3.82,3.73,3.65,3.56,3.53,3.49,3.46,3.42,3.28,3.13,2.98,2.83,2.84,2.86,2.87,2.89,2.81,2.74,2.66,2.59,2.51,2.43,2.36,2.28,2.41,2.53,2.65,2.78,2.74,2.7,2.66,2.62,2.5,2.38,2.26,2.14,2.24,2.33,2.43,2.53,2.53,2.53,2.53,2.53,2.68,2.83,2.99,3.14,2.98,2.83,2.67,2.52,,
2016-04-01T00:00:00+00:00,3.82,3.84,3.85,3.86,3.86,3.86,3.86,3.96,4.05,4.14,4.23,3.99,3.74,3.5,3.26,2.94,2.62,2.31,1.99,2.04,2.09,2.14,2.2,2.29,2.39,2.49,2.59,2.6,2.61,2.62,2.63,2.63,2.64,2.64,2.64,2.53,2.43,2.32,2.21,2.16,2.11,2.05,2.0,1.86,1.73,1.59,1.45,1.4,1.34,1.28,1.23,1.3,1.37,1.44,1.51,1.64,1.76,1.88,2.0,1.82,1.64,1.46,1.27,1.5,1.73,1.95,2.18,2.2,2.21,2.23,2.24,1.89,1.54,1.19,0.84,1.0,1.16,1.32,1.49,1.36,1.23,1.1,0.97,1.15,1.34,1.52,1.7,1.57,1.44,1.3,1.17,1.22,1.27,1.32,1.37,1.18,0.99,0.8,0.62,0.77,0.92,1.07,1.23,1.34,1.46,1.57,1.69,1.69,1.69,1.68,1.68,1.52,1.37,1.21,1.05,1.01,0.96,0.91,0.86,1.05,1.25,1.44,1.63,1.64,1.65,1.66,1.66,1.82,1.99,2.15,2.31,2.59,2.86,3.14,3.42,3.38,3.34,3.29,3.25,3.24,3.23,3.23,3.22,3.21,3.21,3.2,3.19,3.03,2.87,2.7,2.54,2.65,2.76,2.87,2.97,2.72,2.48,2.23,1.98,1.69,1.4,1.12,0.83,,
2016-04-02T00:00:00+00:00,0.68,0.58,0.47,0.47,0.46,0.46,0.46,0.5,0.55,0.59,0.63,0.8,0.98,1.15,1.32,1.47,1.61,1.76,1.91,1.81,1.7,1.59,1.49,1.54,1.58,1.63,1.68,1.99,2.3,2.62,2.93,3.13,3.33,3.52,3.72,3.86,4.0,4.13,4.27,4.23,4.19,4.15,4.1,4.15,4.19,4.23,4.27,4.22,4.17,4.12,4.07,4.26,4.46,4.65,4.84,4.6,4.35,4.11,3.87,3.72,3.56,3.41,3.25,3.23,3.2,3.17,3.15,3.49,3.84,4.18,4.53,4.4,4.28,4.16,4.04,4.15,4.27,4.38,4.5,4.37,4.24,4.11,3.99,3.83,3.68,3.53,3.38,3.14,2.9,2.66,2.42,2.41,2.41,2.4,2.4,2.47,2.55,2.62,2.7,2.7,2.71,2.72,2.72,2.75,2.78,2.82,2.85,2.8,2.74,2.69,2.64,2.76,2.87,2.98,3.1,3.0,2.9,2.8,2.71,2.56,2.41,2.26,2.12,2.21,2.31,2.4,2.5,2.61,2.73,2.84,2.96,3.12,3.27,3.43,3.59,3.71,3.84,3.96,4.09,4.03,3.96,3.9,3.83,3.87,3.91,3.95,3.99,4.02,4.06,4.09,4.13,4.15,4.17,4.18,4.2,4.2,4.2,4.19,4.19,3.84,3.49,3.14,2.79,,
2016-04-03T00:00:00+00:00,2.0,2.2,2.4,2.58,2.76,2.94,3.12,2.98,2.83,2.69,2.54,2.31,2.08,1.85,1.61,1.56,1.5,1.44,1.39,1.48,1.58,1.68,1.77,1.79,1.8,1.82,1.83,2.02,2.21,2.41,2.6,2.78,2.97,3.15,3.33,3.46,3.59,3.72,3.84,3.88,3.93,3.97,4.01,4.02,4.04,4.05,4.06,3.96,3.85,3.75,3.64,3.65,3.66,3.66,3.67,3.83,3.99,4.16,4.32,3.61,2.91,2.21,1.5,1.28,1.06,0.84,0.62,0.56,0.5,0.43,0.37,1.41,2.45,3.49,4.53,3.88,3.22,2.57,1.91,2.01,2.11,2.21,2.32,2.43,2.54,2.66,2.77,2.99,3.2,3.42,3.64,3.58,3.52,3.47,3.41,3.59,3.76,3.93,4.11,4.26,4.42,4.57,4.72,4.78,4.84,4.89,4.95,4.87,4.78,4.7,4.62,4.6,4.58,4.56,4.54,4.43,4.32,4.2,4.09,4.05,4.02,3.98,3.95,3.94,3.94,3.93,3.92,3.94,3.96,3.99,4.01,4.05,4.09,4.13,4.17,4.1,4.03,3.96,3.89,3.72,3.54,3.36,3.18,3.14,3.1,3.06,3.01,2.97,2.92,2.87,2.82,2.97,3.13,3.28,3.43,3.22,3.01,2.79,2.58,2.76,2.93,3.1,3.27,,
2016-04-04T00:00:00+00:00,3.51,3.58,3.66,3.78,3.9,4.03,4.15,4.36,4.58,4.79,5.01,4.83,4.66,4.48,4.3,4.18,4.05,3.92,3.8,3.99,4.19,4.38,4.58,4.54,4.5,4.46,4.42,4.4,4.38,4.37,4.35,4.36,4.37,4.38,4.39,4.39,4.4,4.41,4.41,4.56,4.72,4.87,5.02,4.82,4.63,4.43,4.23,4.14,4.04,3.95,3.85,3.76,3.67,3.58,3.48,3.3,3.11,2.92,2.73,2.58,2.44,2.3,2.15,1.89,1.63,1.37,1.1,1.07,1.04,1.01,0.97,1.02,1.06,1.11,1.15,1.31,1.46,1.61,1.77,1.57,1.37,1.17,0.97,1.02,1.07,1.13,1.18,1.02,0.86,0.7,0.54,0.74,0.94,1.14,1.34,1.19,1.05,0.91,0.76,0.75,0.73,0.72,0.7,0.63,0.56,0.48,0.41,0.57,0.74,0.9,1.06,0.99,0.91,0.84,0.77,0.84,0.91,0.98,1.05,1.09,1.12,1.15,1.19,1.19,1.19,1.19,1.2,1.21,1.22,1.22,1.23,1.5,1.77,2.04,2.31,2.48,2.65,2.82,3.0,3.29,3.59,3.88,4.18,4.16,4.14,4.13,4.11,4.16,4.21,4.26,4.31,4.3,4.29,4.28,4.27,4.05,3.84,3.63,3.41,3.47,3.53,3.58,3.64,,
2016-04-05T00:00:00+00:00,0.71,0.55,0.39,0.51,0.64,0.76,0.88,1.0,1.13,1.25,1.37,1.55,1.74,1.92,2.1,2.61,3.13,3.64,4.16,3.81,3.45,3.1,2.74,2.74,2.75,2.75,2.75,2.79,2.83,2.87,2.91,2.89,2.86,2.84,2.81,2.88,2.94,3.0,3.06,3.19,3.32,3.44,3.57,3.64,3.7,3.77,3.83,3.8,3.77,3.75,3.72,3.7,3.67,3.65,3.63,3.63,3.62,3.62,3.62,3.6,3.58,3.56,3.54,3.1,2.66,2.21,1.77,1.92,2.06,2.21,2.35,2.33,2.31,2.29,2.27,2.27,2.28,2.29,2.29,2.24,2.2,2.15,2.1,2.23,2.36,2.49,2.61,2.72,2.83,2.94,3.05,2.98,2.91,2.83,2.76,2.89,3.01,3.14,3.27,3.22,3.17,3.12,3.08,3.06,3.04,3.03,3.01,2.99,2.97,2.94,2.92,3.07,3.23,3.38,3.53,3.65,3.77,3.89,4.01,4.13,4.25,4.37,4.48,4.57,4.65,4.73,4.81,5.19,5.56,5.94,6.31,6.38,6.45,6.53,6.6,6.54,6.49,6.44,6.38,6.27,6.15,6.03,5.92,5.8,5.68,5.56,5.44,5.53,5.62,5.72,5.81,5.59,5.36,5.14,4.92,4.84,4.76,4.69,4.61,4.49,4.38,4.26,4.15,,
2016-04-06T00:00:00+00:00,2.05,2.09,2.13,2.11,2.09,2.07,2.05,2.18,2.31,2.44,2.57,2.45,2.33,2.21,2.09,2.04,2.0,1.95,1.9,1.98,2.05,2.12,2.2,2.44,2.69,2.94,3.19,3.53,3.86,4.2,4.54,4.96,5.38,5.81,6.23,6.29,6.34,6.39,6.45,6.5,6.55,6.6,6.65,6.57,6.49,6.4,6.32,6.35,6.37,6.4,6.42,6.2,5.97,5.75,5.53,5.55,5.57,5.59,5.61,5.71,5.81,5.92,6.02,5.63,5.24,4.85,4.46,4.44,4.41,4.39,4.37,4.27,4.16,4.06,3.95,3.93,3.91,3.89,3.87,3.83,3.8,3.76,3.72,3.73,3.73,3.73,3.74,3.66,3.58,3.51,3.43,3.48,3.53,3.57,3.62,3.59,3.56,3.52,3.49,3.47,3.45,3.43,3.41,3.44,3.48,3.52,3.56,3.51,3.47,3.42,3.38,3.41,3.44,3.47,3.5,3.52,3.54,3.56,3.58,3.73,3.89,4.04,4.2,4.0,3.8,3.6,3.4,3.45,3.5,3.55,3.6,3.57,3.53,3.5,3.47,3.58,3.7,3.81,3.93,3.75,3.57,3.4,3.22,3.72,4.22,4.72,5.22,4.61,4.0,3.39,2.78,3.2,3.62,4.04,4.46,4.12,3.77,3.43,3.08,2.91,2.74,2.57,2.4,,
2016-04-07T00:00:00+00:00,4.98,5.07,5.16,4.69,4.23,3.76,3.29,3.29,3.28,3.28,3.27,3.42,3.57,3.71,3.86,3.87,3.88,3.89,3.9,3.92,3.95,3.98,4.01,4.01,4.01,4.01,4.01,4.07,4.14,4.2,4.27,4.39,4.51,4.62,4.74,4.6,4.45,4.31,4.17,4.32,4.47,4.62,4.77,4.61,4.45,4.28,4.12,4.55,4.97,5.4,5.82,5.51,5.19,4.88,4.56,4.46,4.36,4.26,4.15,4.09,4.02,3.95,3.88,3.76,3.64,3.53,3.41,3.26,3.1,2.95,2.8,2.99,3.18,3.37,3.56,3.4,3.24,3.09,2.93,2.86,2.78,2.71,2.64,2.62,2.6,2.58,2.56,2.66,2.76,2.86,2.96,2.93,2.9,2.87,2.84,2.8,2.76,2.72,2.67,2.6,2.52,2.44,2.37,2.43,2.49,2.55,2.61,2.55,2.49,2.43,2.37,2.41,2.44,2.48,2.51,2.44,2.37,2.3,2.23,2.3,2.37,2.43,2.5,2.55,2.6,2.65,2.7,2.86,3.01,3.16,3.31,3.53,3.76,3.98,4.2,4.07,3.94,3.82,3.69,3.56,3.44,3.32,3.19,3.36,3.54,3.71,3.89,3.85,3.8,3.76,3.72,3.28,2.83,2.39,1.95,1.65,1.35,1.05,0.75,1.21,1.66,2.12,2.58,,
2016-04-08T00:00:00+00:00,2.51,2.6,2.69,2.69,2.7,2.7,2.7,2.63,2.56,2.49,2.42,2.45,2.47,2.5,2.53,2.47,2.4,2.34,2.28,2.25,2.22,2.19,2.15,2.16,2.16,2.17,2.17,2.35,2.53,2.71,2.89,2.81,2.73,2.66,2.58,2.66,2.74,2.81,2.89,2.82,2.74,2.67,2.59,2.51,2.43,2.34,2.26,2.32,2.37,2.43,2.49,2.53,2.57,2.61,2.65,2.69,2.72,2.75,2.79,2.9,3.01,3.11,3.22,3.19,3.15,3.11,3.07,2.83,2.6,2.37,2.13,1.95,1.76,1.57,1.38,1.62,1.86,2.09,2.33,2.13,1.92,1.72,1.52,1.59,1.65,1.72,1.79,1.84,1.9,1.96,2.02,1.76,1.51,1.25,1.0,1.01,1.03,1.05,1.06,0.97,0.88,0.79,0.7,0.98,1.27,1.55,1.83,1.82,1.82,1.81,1.8,1.8,1.79,1.79,1.79,1.59,1.39,1.19,1.0,1.48,1.97,2.45,2.93,3.0,3.06,3.12,3.19,3.29,3.4,3.5,3.6,3.67,3.74,3.8,3.87,4.03,4.18,4.34,4.5,4.51,4.51,4.52,4.53,4.46,4.4,4.33,4.27,4.15,4.03,3.91,3.79,4.39,4.99,5.59,6.19,5.12,4.06,2.99,1.93,2.05,2.18,2.3,2.43,,
2016-04-09T00:00:00+00:00,1.27,1.38,1.49,1.67,1.86,2.04,2.23,2.02,1.81,1.61,1.4,1.55,1.71,1.86,2.01,1.9,1.79,1.67,1.56,1.5,1.43,1.37,1.31,1.5,1.7,1.9,2.09,2.47,2.85,3.22,3.6,3.71,3.81,3.92,4.03,4.01,3.99,3.97,3.95,4.06,4.17,4.28,4.39,4.44,4.49,4.54,4.59,4.61,4.62,4.64,4.65,4.74,4.83,4.92,5.01,4.81,4.61,4.41,4.21,5.06,5.9,6.74,7.58,6.66,5.74,4.81,3.89,3.49,3.1,2.7,2.3,2.28,2.26,2.24,2.22,1.88,1.54,1.2,0.86,0.85,0.83,0.82,0.81,0.76,0.71,0.67,0.62,0.75,0.87,0.99,1.12,0.98,0.84,0.7,0.56,0.47,0.37,0.28,0.18,0.18,0.18,0.17,0.17,0.51,0.85,1.19,1.53,1.63,1.73,1.83,1.93,1.91,1.89,1.87,1.85,1.89,1.94,1.98,2.03,2.36,2.69,3.01,3.34,3.49,3.65,3.8,3.95,3.72,3.49,3.25,3.02,3.24,3.45,3.67,3.88,4.08,4.27,4.47,4.66,4.79,4.92,5.05,5.18,5.24,5.3,5.36,5.42,5.44,5.45,5.47,5.48,5.52,5.55,5.59,5.62,5.62,5.62,5.62,5.62,5.59,5.55,5.52,5.48,,
2016-04-10T00:00:00+00:00,0.66,0.84,1.02,1.05,1.07,1.1,1.13,1.24,1.35,1.46,1.57,1.62,1.67,1.72,1.77,1.79,1.82,1.84,1.87,1.87,1.88,1.88,1.88,1.96,2.04,2.12,2.2,2.4,2.59,2.79,2.99,3.15,3.32,3.48,3.65,3.67,3.69,3.71,3.73,3.94,4.15,4.36,4.56,4.76,4.95,5.15,5.34,5.51,5.67,5.84,6.01,6.01,6.01,6.01,6.02,6.04,6.07,6.1,6.13,6.17,6.22,6.26,6.31,6.19,6.06,5.94,5.82,5.63,5.43,5.24,5.04,4.95,4.85,4.76,4.66,4.55,4.45,4.34,4.23,4.2,4.17,4.14,4.11,4.07,4.03,3.99,3.94,3.26,2.57,1.89,1.2,1.63,2.06,2.49,2.91,2.83,2.74,2.65,2.56,2.5,2.43,2.37,2.31,2.33,2.34,2.36,2.38,2.2,2.01,1.83,1.64,1.66,1.67,1.69,1.7,1.81,1.91,2.01,2.12,2.14,2.17,2.19,2.22,2.22,2.22,2.23,2.23,2.43,2.63,2.83,3.03,2.85,2.66,2.48,2.29,2.17,2.04,1.92,1.79,1.93,2.08,2.22,2.36,2.53,2.7,2.87,3.03,3.51,3.98,4.46,4.93,4.69,4.44,4.19,3.95,4.14,4.33,4.52,4.71,4.43,4.15,3.87,3.59,,
2016-04-11T00:00:00+00:00,2.41,2.56,2.71,2.38,2.05,1.72,1.39,1.69,2.0,2.31,2.62,2.46,2.31,2.15,2.0,2.09,2.19,2.28,2.37,2.31,2.24,2.17,2.1,1.67,1.25,0.83,0.4,0.88,1.36,1.84,2.32,2.33,2.33,2.34,2.35,2.2,2.04,1.89,1.74,2.2,2.67,3.13,3.59,3.2,2.82,2.43,2.05,1.91,1.77,1.64,1.5,1.7,1.9,2.11,2.31,2.42,2.52,2.63,2.74,2.48,2.21,1.95,1.68,1.51,1.35,1.18,1.01,1.03,1.05,1.07,1.09,0.87,0.64,0.42,0.2,0.35,0.49,0.64,0.79,0.73,0.66,0.6,0.54,0.72,0.91,1.1,1.28,1.19,1.09,1.0,0.9,0.89,0.87,0.86,0.85,1.06,1.27,1.48,1.69,1.43,1.17,0.91,0.65,0.81,0.97,1.13,1.28,1.33,1.38,1.43,1.47,1.4,1.33,1.27,1.2,1.71,2.22,2.73,3.24,2.7,2.16,1.62,1.07,0.96,0.86,0.75,0.64,0.93,1.23,1.52,1.82,1.76,1.71,1.66,1.6,1.92,2.23,2.55,2.87,2.62,2.37,2.13,1.88,1.83,1.78,1.73,1.68,1.78,1.89,2.0,2.11,2.41,2.71,3.0,3.3,3.18,3.05,2.93,2.8,2.78,2.75,2.72,2.7,,
2016-04-12T00:00:00+00:00,1.75,2.08,2.41,2.55,2.69,2.83,2.97,2.65,2.34,2.02,1.7,1.56,1.42,1.28,1.13,1.06,0.98,0.9,0.82,0.98,1.14,1.3,1.46,1.14,0.82,0.5,0.19,0.54,0.89,1.24,1.59,2.37,3.14,3.92,4.69,3.85,3.02,2.18,1.34,1.6,1.87,2.13,2.39,2.47,2.55,2.64,2.72,2.74,2.77,2.79,2.81,2.26,1.7,1.14,0.59,1.01,1.43,1.85,2.27,2.03,1.8,1.57,1.33,1.35,1.37,1.39,1.41,2.61,3.8,5.0,6.19,5.02,3.86,2.7,1.53,1.56,1.58,1.61,1.64,1.71,1.79,1.87,1.95,1.74,1.54,1.33,1.13,1.21,1.3,1.38,1.46,1.61,1.75,1.89,2.03,1.96,1.89,1.82,1.75,1.79,1.83,1.87,1.91,1.65,1.4,1.15,0.9,0.9,0.91,0.91,0.91,0.97,1.03,1.09,1.14,1.07,0.99,0.92,0.84,0.78,0.71,0.65,0.58,0.6,0.62,0.64,0.65,0.76,0.88,0.99,1.1,1.11,1.12,1.12,1.13,1.49,1.84,2.2,2.55,2.61,2.66,2.71,2.76,3.36,3.96,4.56,5.16,4.88,4.61,4.33,4.05,3.51,2.96,2.42,1.88,1.83,1.79,1.74,1.7,2.13,2.55,2.98,3.41,,
2016-04-14T00:00:00+00:00,2.28,1.68,1.09,1.51,1.94,2.36,2.78,2.51,2.24,1.97,1.7,1.8,1.9,2.0,2.1,2.03,1.96,1.89,1.83,1.81,1.8,1.78,1.77,1.78,1.79,1.8,1.8,1.69,1.58,1.47,1.36,1.57,1.77,1.98,2.19,2.28,2.37,2.46,2.55,2.75,2.95,3.15,3.35,3.33,3.31,3.3,3.28,3.31,3.35,3.38,3.42,3.33,3.24,3.15,3.06,2.96,2.86,2.77,2.67,2.95,3.23,3.51,3.79,3.48,3.17,2.87,2.56,2.86,3.15,3.45,3.75,3.89,4.03,4.17,4.32,4.07,3.82,3.57,3.32,3.34,3.36,3.39,3.41,3.43,3.46,3.49,3.51,3.9,4.29,4.68,5.07,5.2,5.34,5.47,5.6,5.28,4.95,4.63,4.3,4.28,4.26,4.24,4.22,4.05,3.88,3.71,3.54,3.62,3.69,3.77,3.85,3.87,3.89,3.92,3.94,3.96,3.98,4.0,4.02,3.87,3.72,3.56,3.41,3.86,4.31,4.75,5.2,5.19,5.18,5.17,5.16,5.25,5.35,5.44,5.53,5.64,5.75,5.86,5.97,6.21,6.44,6.68,6.92,6.54,6.17,5.8,5.43,5.64,5.86,6.07,6.28,6.52,6.76,6.99,7.23,7.23,7.23,7.22,7.22,6.96,6.7,6.43,6.17,,
2016-04-15T00:00:00+00:00,4.69,4.74,4.78,4.57,4.36,4.15,3.94,3.85,3.77,3.69,3.6,3.68,3.76,3.84,3.92,4.1,4.28,4.46,4.64,4.56,4.48,4.39,4.31,4.48,4.66,4.84,5.02,5.12,5.22,5.32,5.42,5.32,5.21,5.11,5.0,5.11,5.22,5.33,5.44,5.56,5.69,5.81,5.94,5.99,6.04,6.09,6.14,5.94,5.75,5.56,5.36,5.6,5.84,6.08,6.32,6.27,6.22,6.17,6.12,6.19,6.26,6.33,6.41,6.45,6.5,6.54,6.59,6.4,6.22,6.03,5.84,5.88,5.93,5.97,6.01,5.88,5.75,5.62,5.49,5.46,5.43,5.4,5.37,5.25,5.13,5.02,4.9,4.57,4.23,3.9,3.56,3.73,3.89,4.06,4.22,4.17,4.12,4.06,4.01,4.0,4.0,3.99,3.98,3.9,3.82,3.74,3.66,3.63,3.61,3.58,3.56,3.47,3.39,3.3,3.22,3.25,3.28,3.31,3.34,3.53,3.73,3.92,4.11,4.23,4.34,4.46,4.58,4.86,5.15,5.43,5.71,5.75,5.78,5.81,5.84,5.94,6.03,6.13,6.22,6.1,5.97,5.84,5.71,5.8,5.89,5.98,6.07,5.97,5.87,5.77,5.67,5.44,5.22,4.99,4.76,4.48,4.2,3.91,3.63,3.54,3.45,3.36,3.27,,
2016-04-16T00:00:00+00:00,3.84,3.93,4.03,3.89,3.75,3.62,3.48,3.51,3.53,3.55,3.57,3.59,3.6,3.61,3.63,3.5,3.37,3.24,3.12,3.14,3.17,3.2,3.23,3.5,3.78,4.05,4.33,4.38,4.43,4.49,4.54,4.52,4.49,4.47,4.45,4.57,4.68,4.8,4.92,4.77,4.63,4.49,4.34,4.03,3.71,3.4,3.09,3.92,4.75,5.58,6.41,6.04,5.68,5.31,4.94,4.8,4.66,4.52,4.39,4.13,3.87,3.61,3.35,3.3,3.25,3.2,3.15,3.02,2.88,2.74,2.6,2.66,2.73,2.79,2.85,2.98,3.1,3.23,3.36,3.18,3.0,2.82,2.64,2.69,2.74,2.78,2.83,2.81,2.8,2.78,2.77,2.54,2.31,2.08,1.85,2.19,2.53,2.87,3.21,3.05,2.89,2.74,2.58,2.52,2.47,2.42,2.37,2.28,2.18,2.09,2.0,2.06,2.12,2.18,2.24,2.38,2.52,2.65,2.79,2.84,2.88,2.93,2.97,2.96,2.95,2.94,2.93,2.86,2.79,2.71,2.64,2.51,2.38,2.26,2.13,2.2,2.26,2.33,2.4,2.44,2.49,2.53,2.58,2.6,2.63,2.65,2.67,2.56,2.45,2.34,2.23,3.1,3.97,4.84,5.71,5.18,4.64,4.11,3.57,3.52,3.48,3.43,3.39,,
2016-04-17T00:00:00+00:00,2.04,1.83,1.61,2.06,2.51,2.96,3.4,3.22,3.05,2.87,2.69,2.69,2.69,2.68,2.68,2.38,2.07,1.76,1.45,1.64,1.83,2.01,2.2,2.45,2.7,2.95,3.2,3.04,2.87,2.7,2.54,2.55,2.56,2.58,2.59,2.5,2.42,2.34,2.25,2.38,2.5,2.62,2.74,2.66,2.57,2.48,2.4,3.35,4.31,5.26,6.22,5.05,3.89,2.72,1.56,2.13,2.7,3.27,3.84,3.52,3.2,2.88,2.56,3.04,3.52,4.0,4.48,4.1,3.73,3.35,2.98,2.47,1.96,1.45,0.94,1.4,1.86,2.32,2.78,2.69,2.59,2.5,2.41,2.39,2.37,2.35,2.34,2.43,2.53,2.62,2.72,2.82,2.92,3.02,3.12,3.14,3.17,3.19,3.22,2.99,2.75,2.52,2.29,2.22,2.16,2.1,2.04,2.05,2.05,2.06,2.06,1.96,1.86,1.76,1.65,1.57,1.48,1.39,1.3,1.29,1.27,1.26,1.25,1.36,1.47,1.58,1.69,1.77,1.86,1.94,2.02,2.26,2.49,2.73,2.97,2.94,2.91,2.88,2.86,2.9,2.94,2.98,3.02,3.03,3.03,3.04,3.04,3.01,2.99,2.96,2.93,2.84,2.76,2.68,2.6,2.51,2.43,2.35,2.27,2.18,2.09,2.01,1.92,,
2016-04-18T00:00:00+00:00,3.35,3.3,3.24,3.14,3.04,2.93,2.83,2.45,2.06,1.68,1.3,1.4,1.51,1.61,1.72,1.69,1.67,1.64,1.62,1.65,1.68,1.72,1.75,1.68,1.61,1.54,1.47,1.34,1.21,1.07,0.94,1.17,1.39,1.62,1.85,1.99,2.14,2.28,2.42,2.53,2.63,2.74,2.84,3.01,3.18,3.34,3.51,3.57,3.63,3.7,3.76,3.7,3.63,3.57,3.51,3.45,3.4,3.34,3.29,3.19,3.1,3.0,2.91,2.8,2.7,2.6,2.49,2.37,2.25,2.13,2.01,1.92,1.82,1.73,1.63,1.59,1.54,1.5,1.46,1.61,1.76,1.91,2.06,1.99,1.93,1.87,1.8,1.7,1.59,1.48,1.37,1.46,1.55,1.64,1.73,1.71,1.69,1.67,1.65,1.63,1.6,1.58,1.56,1.55,1.55,1.54,1.53,1.46,1.38,1.31,1.23,1.23,1.22,1.21,1.21,1.15,1.1,1.05,1.0,1.01,1.02,1.03,1.04,0.93,0.81,0.7,0.59,0.74,0.9,1.06,1.21,1.32,1.43,1.53,1.64,1.8,1.97,2.13,2.29,2.49,2.68,2.88,3.07,3.15,3.22,3.29,3.37,3.41,3.45,3.49,3.52,3.7,3.88,4.05,4.23,4.23,4.23,4.22,4.22,4.33,4.43,4.54,4.64,,
2016-04-19T00:00:00+00:00,0.72,0.78,0.85,0.87,0.89,0.92,0.94,0.96,0.99,1.01,1.03,1.13,1.22,1.32,1.42,1.22,1.02,0.82,0.63,0.63,0.62,0.62,0.62,0.66,0.69,0.72,0.76,0.74,0.73,0.72,0.71,0.7,0.7,0.69,0.69,0.9,1.11,1.32,1.53,1.72,1.9,2.09,2.27,2.38,2.48,2.59,2.69,2.97,3.25,3.52,3.8,3.95,4.1,4.24,4.39,4.42,4.45,4.48,4.51,4.51,4.52,4.52,4.53,4.47,4.42,4.36,4.3,4.11,3.92,3.73,3.54,3.58,3.62,3.66,3.7,3.7,3.7,3.7,3.7,3.88,4.06,4.24,4.42,4.76,5.1,5.44,5.78,5.76,5.73,5.71,5.69,5.38,5.07,4.76,4.45,4.26,4.06,3.86,3.67,3.75,3.84,3.92,4.01,3.86,3.71,3.56,3.41,3.55,3.69,3.83,3.98,4.07,4.17,4.27,4.37,4.28,4.2,4.11,4.03,4.15,4.27,4.39,4.51,4.59,4.68,4.76,4.85,5.07,5.29,5.52,5.74,5.74,5.74,5.74,5.73,5.69,5.65,5.6,5.56,5.57,5.59,5.6,5.61,5.62,5.63,5.63,5.64,5.75,5.86,5.97,6.08,6.09,6.1,6.11,6.12,6.2,6.29,6.37,6.46,6.32,6.18,6.04,5.9,,
2016-04-20T00:00:00+00:00,4.5,4.45,4.39,4.32,4.26,4.19,4.13,3.98,3.83,3.68,3.53,3.53,3.52,3.52,3.51,3.8,4.1,4.39,4.68,4.7,4.72,4.74,4.76,4.92,5.08,5.24,5.4,5.47,5.53,5.59,5.66,5.66,5.67,5.68,5.69,5.74,5.79,5.85,5.9,5.83,5.75,5.68,5.61,5.52,5.43,5.34,5.26,5.39,5.52,5.65,5.78,5.79,5.81,5.82,5.84,5.82,5.8,5.78,5.76,5.77,5.78,5.79,5.8,5.86,5.91,5.96,6.01,5.93,5.85,5.77,5.69,5.56,5.43,5.3,5.17,4.98,4.79,4.6,4.41,4.43,4.46,4.48,4.51,4.49,4.48,4.47,4.45,4.45,4.45,4.45,4.45,4.11,3.78,3.44,3.11,3.47,3.83,4.19,4.54,4.34,4.14,3.94,3.74,3.8,3.87,3.93,3.99,3.88,3.77,3.66,3.55,3.67,3.79,3.91,4.03,3.89,3.74,3.59,3.44,3.4,3.35,3.3,3.26,3.19,3.12,3.05,2.99,2.98,2.98,2.97,2.97,2.83,2.69,2.56,2.42,2.39,2.36,2.34,2.31,2.3,2.29,2.27,2.26,2.26,2.26,2.26,2.25,2.35,2.45,2.55,2.64,2.61,2.57,2.54,2.5,2.46,2.41,2.37,2.32,2.29,2.25,2.21,2.17,,
2016-04-21T00:00:00+00:00,4.39,4.49,4.59,4.53,4.47,4.41,4.35,4.26,4.17,4.09,4.0,3.87,3.75,3.62,3.5,3.31,3.12,2.93,2.74,2.72,2.7,2.68,2.65,2.69,2.72,2.75,2.78,2.82,2.85,2.89,2.92,2.67,2.41,2.15,1.9,1.47,1.05,0.62,0.2,0.59,0.98,1.36,1.75,1.65,1.54,1.44,1.33,1.61,1.88,2.16,2.44,2.23,2.02,1.81,1.61,1.6,1.6,1.59,1.59,1.76,1.94,2.12,2.29,2.3,2.3,2.31,2.31,2.35,2.38,2.41,2.45,2.57,2.7,2.82,2.95,2.6,2.25,1.9,1.55,1.72,1.88,2.05,2.21,2.07,1.94,1.8,1.66,2.14,2.61,3.08,3.55,3.58,3.6,3.62,3.65,3.3,2.95,2.6,2.25,2.09,1.93,1.77,1.61,1.49,1.37,1.25,1.14,1.18,1.22,1.26,1.3,1.13,0.97,0.81,0.64,0.76,0.88,1.0,1.12,1.16,1.19,1.22,1.26,1.23,1.2,1.18,1.15,1.11,1.08,1.04,1.0,1.11,1.22,1.33,1.44,1.34,1.24,1.13,1.03,1.29,1.55,1.82,2.08,2.4,2.72,3.04,3.36,3.34,3.33,3.32,3.31,3.0,2.68,2.37,2.06,2.51,2.95,3.39,3.83,3.74,3.64,3.55,3.45,,
2016-04-22T00:00:00+00:00,2.26,2.41,2.55,2.24,1.92,1.61,1.29,1.51,1.72,1.93,2.15,2.28,2.41,2.54,2.67,2.58,2.48,2.38,2.29,1.99,1.7,1.4,1.11,1.03,0.95,0.88,0.8,0.71,0.62,0.52,0.43,0.78,1.12,1.47,1.81,2.03,2.25,2.46,2.68,2.29,1.91,1.53,1.15,1.41,1.67,1.93,2.19,2.12,2.06,2.0,1.93,2.26,2.58,2.91,3.23,3.39,3.56,3.72,3.89,3.55,3.21,2.87,2.54,2.37,2.19,2.02,1.85,1.75,1.65,1.56,1.46,1.5,1.54,1.58,1.61,1.57,1.53,1.49,1.44,1.79,2.14,2.49,2.83,2.72,2.62,2.51,2.4,2.53,2.66,2.79,2.92,3.08,3.23,3.39,3.54,3.57,3.6,3.63,3.66,3.65,3.64,3.63,3.62,3.63,3.65,3.66,3.67,3.7,3.73,3.75,3.78,3.76,3.73,3.71,3.68,3.7,3.71,3.72,3.74,3.83,3.92,4.01,4.1,4.08,4.07,4.05,4.04,4.05,4.07,4.09,4.11,4.13,4.15,4.17,4.19,4.33,4.46,4.59,4.73,4.73,4.74,4.74,4.75,4.81,4.87,4.94,5.0,4.98,4.95,4.93,4.91,4.91,4.91,4.91,4.91,5.01,5.11,5.22,5.32,5.31,5.29,5.28,5.27,,
2016-04-23T00:00:00+00:00,2.4,2.36,2.32,2.62,2.92,3.22,3.51,3.62,3.73,3.83,3.94,3.99,4.04,4.09,4.15,4.07,4.0,3.92,3.85,3.82,3.8,3.78,3.76,3.8,3.85,3.89,3.93,3.92,3.91,3.9,3.9,3.86,3.82,3.78,3.75,3.8,3.85,3.91,3.96,4.0,4.03,4.06,4.09,4.04,3.98,3.92,3.86,3.88,3.9,3.92,3.94,4.3,4.65,5.01,5.36,5.27,5.17,5.08,4.98,5.26,5.54,5.82,6.09,5.72,5.36,4.99,4.62,4.72,4.82,4.92,5.01,4.97,4.92,4.87,4.83,4.66,4.5,4.34,4.17,3.97,3.76,3.55,3.35,3.09,2.84,2.59,2.33,2.44,2.55,2.65,2.76,2.69,2.61,2.54,2.47,2.47,2.48,2.48,2.49,2.38,2.26,2.14,2.03,1.96,1.89,1.83,1.76,1.74,1.71,1.69,1.67,1.7,1.74,1.77,1.81,1.9,1.98,2.07,2.15,2.31,2.47,2.63,2.79,3.0,3.2,3.41,3.62,3.57,3.52,3.47,3.42,3.4,3.38,3.36,3.33,3.26,3.19,3.12,3.05,3.27,3.48,3.69,3.91,3.65,3.4,3.15,2.89,3.51,4.13,4.75,5.37,5.45,5.52,5.6,5.67,5.44,5.21,4.99,4.76,4.59,4.42,4.25,4.08,,
2016-04-24T00:00:00+00:00,1.94,1.95,1.95,1.88,1.8,1.73,1.66,1.67,1.69,1.71,1.73,1.8,1.88,1.95,2.03,1.97,1.91,1.86,1.8,1.88,1.95,2.02,2.1,2.25,2.4,2.55,2.7,2.97,3.25,3.53,3.8,4.1,4.4,4.71,5.01,4.92,4.84,4.75,4.67,4.52,4.38,4.23,4.09,4.14,4.2,4.25,4.31,3.92,3.54,3.15,2.76,3.23,3.69,4.15,4.62,4.86,5.09,5.33,5.56,5.34,5.11,4.88,4.66,4.52,4.39,4.25,4.12,4.11,4.11,4.1,4.09,3.87,3.64,3.42,3.19,2.95,2.71,2.46,2.22,2.13,2.04,1.95,1.85,1.95,2.04,2.13,2.22,2.21,2.21,2.2,2.19,2.37,2.55,2.72,2.9,2.88,2.87,2.86,2.84,2.88,2.92,2.96,3.0,3.26,3.51,3.77,4.02,4.05,4.07,4.09,4.12,4.04,3.97,3.89,3.81,3.74,3.67,3.59,3.52,3.47,3.42,3.37,3.32,3.61,3.9,4.18,4.47,4.37,4.27,4.17,4.07,4.13,4.19,4.25,4.31,4.21,4.1,3.99,3.88,3.8,3.73,3.65,3.57,4.66,5.74,6.82,7.9,7.42,6.94,6.46,5.98,5.96,5.94,5.92,5.9,5.65,5.4,5.15,4.9,4.47,4.05,3.63,3.2,,
2016-04-25T00:00:00+00:00,2.58,2.58,2.58,2.53,2.47,2.42,2.36,2.67,2.98,3.29,3.59,3.73,3.86,4.0,4.13,4.05,3.97,3.89,3.82,3.89,3.96,4.03,4.1,4.12,4.13,4.15,4.17,4.38,4.58,4.79,5.0,4.88,4.75,4.62,4.5,4.57,4.64,4.71,4.78,5.13,5.48,5.84,6.19,6.34,6.49,6.65,6.8,6.78,6.76,6.73,6.71,6.62,6.52,6.42,6.33,6.26,6.19,6.12,6.05,6.13,6.2,6.28,6.36,6.13,5.9,5.67,5.44,5.46,5.47,5.49,5.5,5.31,5.11,4.92,4.72,4.74,4.76,4.79,4.81,4.89,4.97,5.05,5.14,5.24,5.33,5.43,5.53,5.49,5.46,5.43,5.39,4.92,4.45,3.98,3.51,3.66,3.81,3.96,4.11,3.64,3.17,2.7,2.23,2.56,2.89,3.22,3.55,3.49,3.43,3.37,3.31,3.15,3.0,2.85,2.69,2.83,2.97,3.11,3.25,3.45,3.64,3.84,4.04,4.05,4.07,4.09,4.1,4.07,4.03,4.0,3.97,4.01,4.06,4.11,4.16,3.93,3.71,3.49,3.26,3.44,3.62,3.8,3.98,4.34,4.71,5.08,5.44,4.72,3.99,3.26,2.53,2.97,3.42,3.86,4.3,3.56,2.81,2.07,1.33,1.23,1.13,1.03,0.93,,
2016-04-27T00:00:00+00:00,3.59,3.62,3.66,3.71,3.75,3.8,3.84,3.9,3.96,4.02,4.08,4.16,4.24,4.32,4.41,4.26,4.11,3.96,3.82,3.74,3.67,3.6,3.53,3.43,3.33,3.23,3.13,3.26,3.38,3.51,3.64,3.71,3.79,3.86,3.94,3.79,3.64,3.49,3.35,3.46,3.57,3.68,3.79,3.87,3.94,4.02,4.1,3.78,3.46,3.14,2.82,3.61,4.39,5.18,5.96,5.2,4.44,3.68,2.92,2.67,2.43,2.19,1.95,1.88,1.81,1.74,1.67,1.99,2.3,2.62,2.93,2.67,2.41,2.15,1.89,1.97,2.06,2.14,2.22,2.11,2.0,1.88,1.77,1.46,1.15,0.84,0.53,0.79,1.05,1.32,1.58,1.81,2.04,2.27,2.5,2.43,2.36,2.3,2.23,2.31,2.39,2.46,2.54,2.4,2.26,2.12,1.98,1.97,1.96,1.95,1.94,1.86,1.78,1.7,1.62,1.81,2.01,2.21,2.41,2.51,2.61,2.72,2.82,2.93,3.05,3.16,3.28,3.36,3.43,3.5,3.58,3.57,3.56,3.56,3.55,3.53,3.51,3.49,3.48,3.43,3.38,3.33,3.28,3.26,3.24,3.23,3.21,3.14,3.06,2.99,2.92,2.92,2.91,2.91,2.91,2.88,2.85,2.81,2.78,2.9,3.02,3.14,3.26,,
2016-05-03T00:00:00+00:00,4.32,4.1,3.89,3.64,3.38,3.13,2.88,2.98,3.08,3.19,3.29,3.33,3.37,3.41,3.46,3.49,3.52,3.55,3.58,3.55,3.51,3.48,3.45,3.39,3.33,3.27,3.21,3.17,3.14,3.1,3.06,3.09,3.12,3.15,3.18,3.19,3.2,3.22,3.23,3.32,3.41,3.5,3.58,3.64,3.7,3.76,3.82,3.86,3.91,3.96,4.01,3.94,3.87,3.8,3.73,3.74,3.75,3.75,3.76,3.72,3.68,3.64,3.6,3.44,3.28,3.11,2.95,2.8,2.66,2.51,2.37,2.27,2.18,2.09,2.0,2.01,2.03,2.05,2.07,2.21,2.35,2.49,2.63,2.46,2.28,2.11,1.94,1.85,1.77,1.68,1.6,1.61,1.62,1.63,1.64,1.65,1.66,1.67,1.68,1.69,1.69,1.7,1.7,1.7,1.71,1.71,1.72,1.63,1.54,1.45,1.36,1.26,1.15,1.04,0.94,1.11,1.28,1.46,1.63,1.63,1.63,1.63,1.62,1.71,1.8,1.88,1.97,1.94,1.91,1.89,1.86,1.85,1.84,1.83,1.82,1.92,2.02,2.12,2.21,2.27,2.32,2.38,2.44,2.41,2.38,2.35,2.32,2.5,2.67,2.85,3.02,3.05,3.07,3.1,3.12,3.21,3.3,3.39,3.48,3.42,3.36,3.31,3.25,,
2016-05-04T00:00:00+00:00,2.18,2.23,2.28,2.11,1.94,1.77,1.6,1.48,1.36,1.24,1.12,1.11,1.09,1.08,1.07,1.07,1.08,1.09,1.1,1.05,1.01,0.97,0.93,1.16,1.39,1.62,1.85,1.98,2.11,2.24,2.37,2.29,2.22,2.14,2.06,1.95,1.83,1.71,1.6,1.59,1.58,1.57,1.56,1.7,1.84,1.98,2.12,2.29,2.47,2.65,2.82,2.93,3.04,3.16,3.27,3.28,3.29,3.3,3.32,3.31,3.31,3.3,3.3,3.32,3.34,3.35,3.37,3.34,3.3,3.26,3.23,3.15,3.08,3.0,2.93,2.86,2.8,2.74,2.68,2.67,2.66,2.66,2.65,2.7,2.74,2.79,2.84,2.9,2.96,3.02,3.08,2.94,2.81,2.67,2.54,2.61,2.69,2.77,2.85,2.91,2.96,3.02,3.08,3.15,3.22,3.29,3.36,3.33,3.29,3.26,3.22,3.24,3.26,3.28,3.3,3.29,3.29,3.28,3.28,3.4,3.51,3.63,3.75,3.78,3.82,3.86,3.89,4.02,4.14,4.27,4.39,4.45,4.51,4.57,4.64,4.7,4.76,4.82,4.88,4.78,4.68,4.59,4.49,4.52,4.56,4.59,4.63,4.63,4.63,4.63,4.63,4.59,4.56,4.52,4.49,4.48,4.47,4.46,4.45,4.36,4.27,4.17,4.08,,
2016-05-05T00:00:00+00:00,2.78,2.73,2.69,2.61,2.53,2.45,2.37,2.61,2.85,3.09,3.33,3.2,3.07,2.94,2.81,2.83,2.85,2.88,2.9,2.87,2.83,2.8,2.77,2.75,2.74,2.73,2.72,2.85,2.99,3.13,3.27,3.38,3.49,3.61,3.72,3.95,4.18,4.41,4.64,4.73,4.82,4.92,5.01,5.0,4.99,4.97,4.96,4.87,4.78,4.69,4.59,4.65,4.7,4.76,4.81,4.91,5.01,5.11,5.21,5.15,5.09,5.02,4.96,4.79,4.63,4.46,4.3,4.19,4.09,3.99,3.89,3.68,3.48,3.27,3.07,3.05,3.03,3.01,2.99,3.01,3.04,3.07,3.1,3.12,3.14,3.16,3.18,3.04,2.9,2.76,2.63,2.51,2.39,2.27,2.16,2.27,2.38,2.49,2.61,2.63,2.65,2.67,2.69,2.59,2.49,2.4,2.3,2.29,2.27,2.26,2.25,2.13,2.02,1.9,1.79,1.75,1.72,1.69,1.65,1.65,1.64,1.64,1.63,1.67,1.71,1.75,1.79,2.03,2.27,2.5,2.74,2.89,3.04,3.19,3.34,3.34,3.35,3.36,3.37,3.33,3.3,3.27,3.24,3.29,3.34,3.4,3.45,3.49,3.53,3.56,3.6,3.69,3.78,3.87,3.96,3.99,4.03,4.06,4.09,3.9,3.7,3.5,3.31,,
2016-05-06T00:00:00+00:00,2.68,2.6,2.51,2.56,2.61,2.65,2.7,2.65,2.6,2.56,2.51,2.44,2.37,2.31,2.24,2.0,1.77,1.53,1.3,1.29,1.28,1.27,1.26,1.27,1.28,1.28,1.29,1.48,1.67,1.86,2.05,2.28,2.5,2.72,2.95,3.07,3.19,3.3,3.42,3.5,3.57,3.64,3.72,3.69,3.67,3.64,3.61,3.72,3.83,3.94,4.04,4.16,4.28,4.4,4.52,4.43,4.35,4.27,4.19,4.12,4.06,3.99,3.93,3.76,3.6,3.44,3.28,3.11,2.94,2.77,2.61,2.56,2.52,2.47,2.43,2.39,2.35,2.31,2.28,2.34,2.41,2.48,2.54,2.65,2.75,2.86,2.96,2.9,2.83,2.76,2.69,2.74,2.78,2.83,2.88,2.93,2.98,3.03,3.08,3.1,3.12,3.13,3.15,2.88,2.61,2.34,2.07,2.15,2.24,2.32,2.41,2.37,2.32,2.28,2.23,2.33,2.43,2.53,2.62,2.78,2.93,3.09,3.24,3.23,3.22,3.2,3.19,3.24,3.29,3.34,3.39,3.39,3.38,3.38,3.37,3.54,3.71,3.88,4.05,4.03,4.01,3.99,3.96,4.0,4.03,4.07,4.1,4.06,4.01,3.96,3.91,3.87,3.82,3.78,3.73,3.83,3.92,4.02,4.11,3.99,3.87,3.75,3.63,,
2016-05-07T00:00:00+00:00,1.94,1.98,2.02,2.1,2.18,2.26,2.35,2.46,2.58,2.69,2.81,2.87,2.94,3.0,3.06,2.85,2.64,2.43,2.22,2.38,2.54,2.69,2.85,2.96,3.07,3.18,3.29,3.36,3.42,3.49,3.55,3.57,3.6,3.62,3.65,3.7,3.75,3.8,3.85,3.94,4.03,4.12,4.21,4.22,4.24,4.26,4.27,4.32,4.37,4.41,4.46,4.4,4.35,4.29,4.23,4.17,4.12,4.06,4.0,3.99,3.98,3.97,3.95,3.93,3.9,3.87,3.85,3.76,3.68,3.59,3.51,3.33,3.16,2.98,2.8,2.71,2.61,2.52,2.42,2.37,2.31,2.25,2.19,2.22,2.25,2.27,2.3,2.32,2.35,2.37,2.4,2.43,2.46,2.5,2.53,2.44,2.34,2.24,2.14,2.11,2.09,2.06,2.04,1.99,1.94,1.89,1.84,1.9,1.96,2.03,2.09,2.14,2.2,2.26,2.32,2.43,2.54,2.66,2.77,3.0,3.24,3.47,3.7,3.79,3.88,3.96,4.05,4.13,4.21,4.28,4.36,4.51,4.65,4.79,4.94,5.1,5.26,5.42,5.58,5.82,6.06,6.3,6.54,6.5,6.45,6.4,6.35,6.22,6.09,5.96,5.83,5.81,5.8,5.78,5.77,5.71,5.66,5.6,5.55,5.43,5.31,5.19,5.08,,
2016-05-08T00:00:00+00:00,2.76,2.68,2.59,2.49,2.38,2.27,2.17,2.17,2.18,2.18,2.19,2.02,1.84,1.66,1.49,1.59,1.69,1.79,1.89,1.93,1.97,2.0,2.04,2.27,2.5,2.73,2.96,3.0,3.04,3.09,3.13,3.29,3.45,3.61,3.77,3.99,4.21,4.43,4.65,4.87,5.08,5.29,5.51,5.53,5.55,5.57,5.58,5.57,5.55,5.53,5.51,5.64,5.76,5.89,6.02,6.02,6.02,6.02,6.02,5.86,5.71,5.55,5.4,5.2,5.01,4.81,4.62,4.06,3.5,2.94,2.38,2.42,2.46,2.51,2.55,2.8,3.05,3.3,3.55,3.52,3.48,3.45,3.42,3.38,3.34,3.31,3.27,3.38,3.49,3.6,3.71,3.69,3.67,3.65,3.63,3.99,4.35,4.72,5.08,4.94,4.79,4.64,4.5,4.38,4.27,4.16,4.05,4.09,4.14,4.18,4.23,4.17,4.1,4.04,3.98,3.96,3.94,3.92,3.9,3.87,3.85,3.82,3.8,3.73,3.65,3.58,3.51,3.51,3.51,3.51,3.52,3.54,3.57,3.6,3.63,3.5,3.36,3.23,3.1,2.9,2.7,2.5,2.31,2.41,2.51,2.61,2.71,3.05,3.39,3.72,4.06,3.3,2.54,1.78,1.02,1.47,1.93,2.38,2.84,3.39,3.94,4.5,5.05,,
2016-05-09T00:00:00+00:00,4.37,4.5,4.63,4.44,4.25,4.06,3.88,3.83,3.78,3.73,3.68,3.63,3.58,3.54,3.49,3.71,3.94,4.17,4.4,4.52,4.64,4.76,4.88,4.83,4.78,4.73,4.67,4.68,4.68,4.68,4.69,4.74,4.79,4.84,4.89,4.87,4.84,4.82,4.79,4.7,4.61,4.52,4.43,4.29,4.15,4.01,3.87,3.87,3.87,3.88,3.88,3.75,3.62,3.49,3.35,3.42,3.48,3.54,3.61,3.66,3.72,3.77,3.82,3.72,3.62,3.52,3.42,2.91,2.4,1.89,1.39,2.19,2.99,3.79,4.59,4.25,3.9,3.56,3.22,3.31,3.4,3.49,3.58,3.49,3.39,3.3,3.21,3.34,3.48,3.62,3.76,3.55,3.34,3.13,2.92,2.98,3.04,3.1,3.16,2.97,2.79,2.6,2.42,2.33,2.25,2.16,2.08,2.01,1.94,1.87,1.81,1.91,2.01,2.12,2.22,2.41,2.61,2.8,3.0,2.98,2.97,2.95,2.94,2.84,2.74,2.64,2.54,2.61,2.68,2.75,2.82,2.83,2.83,2.84,2.84,3.15,3.45,3.76,4.06,3.96,3.85,3.75,3.64,3.71,3.79,3.87,3.94,3.93,3.92,3.91,3.9,3.73,3.56,3.4,3.23,2.66,2.09,1.53,0.96,1.12,1.27,1.43,1.59,,
2016-05-10T00:00:00+00:00,2.86,3.03,3.19,2.99,2.78,2.58,2.38,2.31,2.24,2.18,2.11,2.07,2.04,2.0,1.96,2.11,2.25,2.4,2.54,2.47,2.4,2.33,2.26,2.24,2.23,2.21,2.2,2.54,2.89,3.23,3.57,3.52,3.47,3.41,3.36,3.28,3.21,3.13,3.05,2.84,2.62,2.4,2.18,2.29,2.39,2.49,2.6,2.52,2.43,2.35,2.27,2.3,2.32,2.35,2.37,2.37,2.36,2.35,2.35,2.52,2.69,2.86,3.03,2.94,2.85,2.76,2.68,2.51,2.35,2.19,2.03,1.91,1.79,1.67,1.56,1.46,1.36,1.26,1.16,1.24,1.32,1.4,1.48,1.51,1.54,1.57,1.6,1.54,1.48,1.42,1.36,1.31,1.26,1.21,1.16,1.18,1.2,1.21,1.23,1.26,1.28,1.31,1.33,1.44,1.54,1.65,1.75,1.74,1.72,1.71,1.7,1.5,1.3,1.1,0.9,0.99,1.09,1.18,1.28,1.44,1.61,1.77,1.93,2.01,2.08,2.15,2.22,2.24,2.25,2.26,2.28,2.14,2.01,1.87,1.74,2.04,2.35,2.66,2.96,3.0,3.04,3.08,3.12,3.28,3.45,3.61,3.77,3.96,4.15,4.34,4.53,3.75,2.96,2.18,1.39,1.43,1.47,1.52,1.56,1.73,1.9,2.07,2.24,,
2016-05-11T00:00:00+00:00,1.53,1.57,1.62,1.7,1.79,1.87,1.96,1.74,1.53,1.31,1.1,1.16,1.22,1.28,1.35,1.09,0.83,0.58,0.32,0.38,0.43,0.49,0.54,0.58,0.61,0.65,0.68,0.86,1.05,1.23,1.42,1.16,0.9,0.65,0.39,0.64,0.89,1.13,1.38,1.41,1.45,1.48,1.52,1.68,1.84,2.0,2.16,2.21,2.25,2.29,2.33,2.27,2.21,2.14,2.08,2.17,2.27,2.37,2.46,2.42,2.38,2.34,2.3,2.47,2.65,2.83,3.0,2.76,2.51,2.27,2.02,2.28,2.54,2.8,3.06,2.91,2.76,2.6,2.45,2.46,2.48,2.49,2.51,2.3,2.1,1.89,1.68,1.7,1.71,1.72,1.73,1.66,1.58,1.5,1.42,1.61,1.81,2.0,2.19,2.17,2.15,2.14,2.12,2.0,1.88,1.76,1.64,1.74,1.84,1.94,2.04,1.84,1.64,1.44,1.24,1.2,1.16,1.12,1.08,1.17,1.25,1.34,1.43,1.37,1.31,1.25,1.19,1.53,1.87,2.21,2.56,2.09,1.62,1.15,0.68,0.91,1.14,1.37,1.6,2.0,2.4,2.8,3.2,3.13,3.06,2.99,2.92,2.93,2.94,2.95,2.96,3.0,3.05,3.1,3.14,3.31,3.47,3.63,3.79,3.67,3.55,3.42,3.3,,
2016-05-12T00:00:00+00:00,1.06,1.1,1.14,1.2,1.27,1.34,1.41,1.47,1.52,1.58,1.64,1.51,1.37,1.23,1.1,1.1,1.1,1.1,1.1,1.11,1.11,1.12,1.12,0.97,0.82,0.67,0.52,0.78,1.05,1.31,1.58,1.48,1.38,1.28,1.18,1.38,1.58,1.79,1.99,1.99,2.0,2.01,2.02,2.3,2.58,2.86,3.13,3.37,3.61,3.85,4.09,4.1,4.11,4.12,4.13,3.95,3.77,3.59,3.41,3.35,3.29,3.23,3.17,3.25,3.34,3.42,3.5,3.4,3.3,3.2,3.1,3.03,2.96,2.9,2.83,2.82,2.81,2.81,2.8,2.91,3.03,3.15,3.26,3.1,2.94,2.77,2.61,2.55,2.48,2.42,2.36,2.51,2.66,2.81,2.96,2.9,2.84,2.79,2.73,2.61,2.48,2.36,2.23,2.23,2.24,2.24,2.24,2.21,2.18,2.15,2.12,2.08,2.04,2.0,1.97,1.93,1.9,1.87,1.83,1.64,1.44,1.24,1.05,1.07,1.1,1.13,1.15,1.09,1.02,0.96,0.89,0.8,0.71,0.62,0.53,0.51,0.49,0.48,0.46,0.71,0.96,1.21,1.46,1.53,1.59,1.66,1.73,1.83,1.94,2.04,2.14,2.73,3.31,3.9,4.48,4.07,3.66,3.25,2.84,2.45,2.06,1.66,1.27,,
2016-05-13T00:00:00+00:00,2.14,2.14,2.14,2.04,1.94,1.85,1.75,1.61,1.47,1.33,1.2,1.27,1.34,1.42,1.49,1.49,1.49,1.48,1.48,1.42,1.35,1.29,1.23,1.6,1.98,2.36,2.74,2.44,2.15,1.85,1.55,1.55,1.55,1.55,1.55,1.62,1.69,1.75,1.82,1.88,1.94,2.0,2.06,2.06,2.06,2.07,2.07,2.57,3.07,3.58,4.08,3.69,3.31,2.92,2.54,3.2,3.85,4.51,5.17,5.26,5.35,5.44,5.53,4.34,3.14,1.95,0.76,0.79,0.82,0.85,0.88,1.46,2.05,2.63,3.22,3.49,3.77,4.04,4.32,4.26,4.2,4.14,4.08,3.98,3.87,3.77,3.67,3.67,3.66,3.66,3.66,3.72,3.79,3.85,3.92,4.0,4.08,4.16,4.25,4.29,4.34,4.39,4.44,4.37,4.31,4.24,4.17,4.19,4.2,4.22,4.23,4.26,4.29,4.32,4.34,4.4,4.45,4.5,4.55,4.47,4.39,4.31,4.24,4.18,4.12,4.07,4.01,4.06,4.11,4.16,4.21,4.09,3.97,3.85,3.73,3.8,3.87,3.93,4.0,4.12,4.23,4.34,4.46,4.5,4.54,4.58,4.62,4.65,4.69,4.72,4.76,4.71,4.67,4.62,4.58,4.54,4.5,4.46,4.42,4.39,4.37,4.35,4.33,,
2016-05-14T00:00:00+00:00,4.73,4.81,4.89,4.84,4.8,4.75,4.7,4.54,4.37,4.21,4.05,4.18,4.32,4.45,4.59,4.6,4.61,4.63,4.64,4.58,4.53,4.47,4.41,4.46,4.5,4.54,4.58,4.64,4.69,4.74,4.8,4.62,4.45,4.27,4.1,4.02,3.94,3.86,3.79,3.81,3.82,3.84,3.86,3.81,3.76,3.71,3.66,3.68,3.7,3.72,3.74,3.85,3.96,4.07,4.18,4.22,4.26,4.29,4.33,4.33,4.33,4.33,4.33,4.28,4.22,4.17,4.12,4.29,4.46,4.63,4.8,4.76,4.72,4.68,4.63,4.51,4.38,4.25,4.12,3.92,3.72,3.52,3.32,3.26,3.2,3.13,3.07,2.91,2.76,2.6,2.44,2.25,2.07,1.89,1.7,1.81,1.92,2.04,2.15,2.08,2.02,1.95,1.89,1.91,1.92,1.94,1.96,1.99,2.03,2.06,2.1,1.98,1.86,1.75,1.63,1.74,1.84,1.94,2.04,2.23,2.42,2.61,2.79,2.84,2.88,2.92,2.96,2.93,2.9,2.87,2.84,2.9,2.96,3.01,3.07,2.95,2.83,2.71,2.59,2.65,2.72,2.78,2.85,3.28,3.72,4.16,4.59,3.58,2.56,1.54,0.53,1.22,1.91,2.6,3.29,3.28,3.27,3.26,3.25,3.0,2.74,2.49,2.24,,
2016-05-15T00:00:00+00:00,2.24,2.31,2.37,2.22,2.07,1.92,1.77,1.78,1.8,1.82,1.83,1.86,1.88,1.91,1.93,1.88,1.84,1.79,1.74,2.08,2.41,2.75,3.08,3.12,3.16,3.2,3.23,3.25,3.26,3.28,3.29,3.23,3.16,3.1,3.04,2.81,2.57,2.34,2.11,2.15,2.18,2.21,2.24,2.21,2.19,2.16,2.13,2.17,2.21,2.25,2.29,2.2,2.11,2.02,1.93,1.71,1.49,1.28,1.06,1.03,1.0,0.97,0.94,1.08,1.22,1.36,1.5,1.56,1.62,1.68,1.74,1.69,1.64,1.6,1.55,1.54,1.54,1.54,1.54,1.48,1.42,1.36,1.3,1.54,1.78,2.02,2.26,2.16,2.06,1.96,1.86,1.83,1.81,1.79,1.77,1.77,1.78,1.78,1.79,1.87,1.95,2.03,2.11,2.1,2.09,2.08,2.07,2.12,2.17,2.22,2.27,2.29,2.3,2.32,2.33,2.46,2.58,2.7,2.82,2.53,2.23,1.94,1.64,1.71,1.77,1.84,1.91,1.96,2.01,2.06,2.11,2.04,1.97,1.9,1.83,1.77,1.71,1.66,1.6,1.65,1.7,1.75,1.8,1.85,1.9,1.96,2.01,2.34,2.68,3.01,3.35,3.07,2.79,2.51,2.23,2.44,2.66,2.88,3.09,3.04,2.99,2.93,2.88,,
2016-05-16T00:00:00+00:00,1.71,1.72,1.73,1.68,1.64,1.59,1.55,1.69,1.84,1.99,2.14,2.17,2.19,2.22,2.24,2.32,2.4,2.47,2.55,2.47,2.39,2.31,2.23,2.31,2.39,2.47,2.54,2.58,2.63,2.67,2.71,2.79,2.87,2.95,3.03,2.99,2.96,2.93,2.9,3.13,3.35,3.58,3.8,3.78,3.76,3.74,3.72,3.74,3.77,3.79,3.82,3.99,4.17,4.35,4.53,4.58,4.63,4.68,4.73,4.53,4.34,4.14,3.94,3.96,3.98,4.0,4.01,4.01,4.0,3.99,3.98,3.82,3.66,3.5,3.34,3.16,2.99,2.81,2.63,2.64,2.64,2.65,2.66,2.59,2.53,2.46,2.4,2.31,2.22,2.13,2.04,2.06,2.07,2.09,2.11,2.0,1.89,1.78,1.67,1.68,1.7,1.71,1.73,1.84,1.95,2.05,2.16,2.1,2.04,1.97,1.91,1.88,1.85,1.82,1.79,1.82,1.84,1.86,1.89,1.92,1.95,1.99,2.02,2.11,2.2,2.29,2.37,2.43,2.48,2.53,2.58,2.69,2.79,2.9,3.01,2.96,2.92,2.88,2.84,2.89,2.94,3.0,3.05,3.23,3.41,3.6,3.78,3.66,3.54,3.42,3.3,3.14,2.99,2.84,2.68,2.5,2.32,2.14,1.96,2.4,2.84,3.28,3.72,,
2016-05-17T00:00:00+00:00,1.78,1.81,1.84,1.81,1.78,1.74,1.71,1.65,1.58,1.51,1.45,1.6,1.76,1.91,2.07,2.03,1.99,1.95,1.91,1.87,1.82,1.77,1.72,1.95,2.17,2.4,2.63,2.49,2.36,2.23,2.1,2.18,2.27,2.36,2.44,2.55,2.66,2.76,2.87,2.92,2.96,3.01,3.06,3.1,3.14,3.19,3.23,3.35,3.47,3.59,3.71,3.69,3.66,3.64,3.61,3.3,2.99,2.68,2.37,2.42,2.47,2.51,2.56,2.49,2.41,2.34,2.27,2.21,2.15,2.08,2.02,2.06,2.09,2.13,2.17,2.11,2.06,2.0,1.95,1.99,2.04,2.08,2.12,2.02,1.92,1.82,1.71,1.78,1.84,1.9,1.96,2.0,2.03,2.06,2.09,2.04,1.98,1.92,1.87,1.82,1.78,1.73,1.68,1.71,1.74,1.77,1.8,2.0,2.21,2.41,2.61,2.5,2.38,2.27,2.16,2.54,2.92,3.3,3.67,3.74,3.8,3.86,3.92,4.13,4.34,4.56,4.77,4.87,4.97,5.07,5.17,5.08,4.99,4.9,4.81,4.96,5.1,5.25,5.39,5.39,5.38,5.38,5.38,5.57,5.76,5.95,6.14,6.11,6.07,6.04,6.0,6.14,6.28,6.43,6.57,5.74,4.91,4.09,3.26,3.3,3.34,3.39,3.43,,
2016-05-18T00:00:00+00:00,2.27,2.71,3.16,3.17,3.18,3.19,3.2,3.12,3.05,2.97,2.89,2.79,2.7,2.6,2.51,2.58,2.66,2.73,2.81,3.18,3.55,3.92,4.29,4.43,4.58,4.72,4.87,4.91,4.95,5.0,5.04,5.27,5.5,5.73,5.97,5.97,5.98,5.99,6.0,5.87,5.74,5.62,5.49,5.47,5.45,5.43,5.41,5.5,5.6,5.7,5.79,5.0,4.21,3.42,2.63,3.13,3.64,4.14,4.65,4.71,4.77,4.83,4.89,4.43,3.98,3.53,3.08,3.14,3.2,3.26,3.32,3.18,3.05,2.91,2.77,2.93,3.09,3.25,3.41,3.34,3.28,3.21,3.15,3.27,3.39,3.52,3.64,3.58,3.52,3.46,3.4,3.5,3.6,3.7,3.8,3.87,3.94,4.01,4.08,4.21,4.35,4.48,4.61,4.31,4.01,3.7,3.4,3.52,3.63,3.75,3.87,3.92,3.97,4.03,4.08,4.3,4.51,4.73,4.94,5.04,5.13,5.23,5.33,5.07,4.81,4.55,4.29,4.43,4.57,4.71,4.85,4.84,4.83,4.83,4.82,4.8,4.78,4.76,4.74,4.54,4.33,4.13,3.93,4.08,4.22,4.36,4.5,4.27,4.04,3.8,3.57,3.59,3.61,3.64,3.66,3.69,3.71,3.73,3.76,3.49,3.23,2.97,2.7,,
2016-05-19T00:00:00+00:00,4.31,4.18,4.06,4.25,4.43,4.62,4.81,4.91,5.01,5.11,5.2,5.07,4.93,4.79,4.65,4.66,4.66,4.67,4.67,4.68,4.69,4.69,4.7,4.68,4.65,4.63,4.6,4.54,4.47,4.4,4.34,4.54,4.74,4.94,5.14,5.08,5.03,4.97,4.92,4.64,4.37,4.1,3.83,3.62,3.4,3.19,2.98,3.08,3.18,3.28,3.38,3.26,3.14,3.02,2.89,3.12,3.34,3.56,3.78,3.81,3.83,3.85,3.88,3.63,3.37,3.12,2.87,2.62,2.37,2.12,1.87,1.67,1.47,1.27,1.07,1.03,0.99,0.94,0.9,1.1,1.29,1.49,1.69,1.89,2.09,2.29,2.5,2.92,3.35,3.77,4.2,4.08,3.97,3.86,3.74,3.87,4.0,4.13,4.26,4.13,4.01,3.89,3.77,3.73,3.7,3.66,3.62,3.51,3.39,3.27,3.15,3.29,3.42,3.56,3.69,3.67,3.64,3.62,3.6,3.46,3.32,3.19,3.05,3.08,3.11,3.14,3.17,3.26,3.36,3.46,3.55,3.47,3.4,3.32,3.24,3.6,3.96,4.32,4.68,4.66,4.65,4.63,4.61,4.54,4.48,4.41,4.35,4.21,4.08,3.94,3.8,3.81,3.82,3.83,3.84,3.8,3.75,3.7,3.66,3.59,3.52,3.45,3.38,,
2016-05-20T00:00:00+00:00,2.06,1.86,1.66,1.55,1.44,1.33,1.22,1.41,1.61,1.8,1.99,2.17,2.35,2.52,2.7,2.57,2.43,2.29,2.16,2.26,2.36,2.46,2.56,2.69,2.82,2.94,3.07,3.18,3.29,3.39,3.5,3.41,3.32,3.24,3.15,3.06,2.97,2.89,2.8,3.11,3.41,3.72,4.02,3.98,3.94,3.9,3.86,3.88,3.9,3.92,3.94,3.84,3.75,3.65,3.56,3.37,3.18,3.0,2.81,2.87,2.94,3.01,3.08,3.15,3.22,3.29,3.36,3.24,3.12,3.0,2.88,2.81,2.74,2.66,2.59,2.59,2.58,2.58,2.58,2.61,2.64,2.67,2.7,2.66,2.61,2.57,2.52,2.45,2.37,2.3,2.23,2.29,2.36,2.42,2.49,2.54,2.6,2.65,2.71,2.61,2.51,2.4,2.3,2.4,2.49,2.58,2.67,2.64,2.6,2.56,2.53,2.45,2.37,2.29,2.22,2.3,2.39,2.47,2.56,2.68,2.81,2.93,3.05,3.15,3.24,3.34,3.44,3.48,3.53,3.58,3.63,3.73,3.83,3.94,4.04,4.03,4.03,4.02,4.01,3.98,3.94,3.9,3.87,3.96,4.06,4.16,4.26,3.97,3.69,3.4,3.11,3.2,3.3,3.39,3.48,3.58,3.67,3.77,3.87,4.11,4.36,4.61,4.86,,
2016-05-21T00:00:00+00:00,2.26,2.35,2.45,2.48,2.51,2.54,2.58,2.49,2.4,2.32,2.23,2.31,2.4,2.48,2.56,2.62,2.68,2.73,2.79,2.9,3.02,3.13,3.24,3.35,3.46,3.57,3.68,3.65,3.62,3.59,3.56,3.59,3.61,3.63,3.65,3.6,3.55,3.5,3.45,3.56,3.67,3.77,3.88,3.94,4.01,4.07,4.14,4.27,4.39,4.52,4.64,4.66,4.67,4.69,4.7,4.74,4.77,4.8,4.84,4.76,4.68,4.6,4.53,4.4,4.28,4.15,4.03,4.16,4.29,4.42,4.54,4.49,4.44,4.39,4.33,3.88,3.42,2.96,2.51,3.26,4.02,4.78,5.54,5.12,4.7,4.29,3.87,3.68,3.5,3.32,3.13,2.92,2.72,2.51,2.3,2.58,2.85,3.13,3.4,3.15,2.89,2.64,2.39,2.65,2.91,3.17,3.43,3.45,3.48,3.5,3.53,3.43,3.33,3.24,3.14,3.07,3.0,2.93,2.86,2.86,2.85,2.85,2.85,2.78,2.72,2.65,2.59,2.5,2.42,2.34,2.25,2.07,1.9,1.72,1.54,1.51,1.48,1.45,1.43,1.89,2.36,2.83,3.3,3.21,3.12,3.03,2.95,2.86,2.77,2.68,2.59,2.68,2.78,2.87,2.97,2.74,2.52,2.29,2.06,2.08,2.09,2.1,2.11,,
2016-05-22T00:00:00+00:00,2.92,2.72,2.52,2.51,2.5,2.49,2.48,2.4,2.33,2.25,2.18,2.19,2.2,2.22,2.23,2.4,2.57,2.74,2.91,2.88,2.84,2.81,2.78,2.53,2.29,2.04,1.8,2.05,2.29,2.54,2.78,2.63,2.48,2.32,2.17,2.36,2.56,2.75,2.94,3.08,3.22,3.36,3.5,3.59,3.69,3.79,3.88,3.89,3.89,3.9,3.9,3.28,2.67,2.05,1.43,2.14,2.84,3.54,4.25,3.75,3.25,2.76,2.26,2.12,1.98,1.84,1.71,1.36,1.01,0.66,0.31,1.77,3.22,4.67,6.13,5.23,4.32,3.42,2.52,2.64,2.76,2.87,2.99,3.46,3.92,4.39,4.86,4.79,4.72,4.66,4.59,4.38,4.18,3.97,3.77,3.95,4.14,4.32,4.5,4.65,4.8,4.95,5.1,5.2,5.3,5.4,5.5,5.47,5.44,5.41,5.38,5.44,5.5,5.57,5.63,5.56,5.49,5.41,5.34,5.45,5.56,5.67,5.77,5.7,5.63,5.56,5.48,5.59,5.69,5.79,5.9,5.85,5.8,5.75,5.7,5.34,4.99,4.63,4.28,4.38,4.49,4.59,4.7,4.62,4.55,4.47,4.4,4.58,4.76,4.94,5.12,5.06,5.01,4.95,4.9,4.72,4.54,4.35,4.17,4.12,4.06,4.0,3.94,,
2016-05-23T00:00:00+00:00,3.73,3.51,3.3,3.3,3.31,3.31,3.31,3.45,3.58,3.71,3.84,4.25,4.67,5.08,5.49,5.53,5.57,5.61,5.66,5.47,5.29,5.1,4.92,4.99,5.06,5.13,5.2,5.16,5.12,5.08,5.04,4.88,4.72,4.57,4.41,4.42,4.43,4.44,4.45,4.47,4.49,4.51,4.52,4.64,4.76,4.88,5.0,5.07,5.13,5.2,5.26,5.24,5.22,5.2,5.18,5.16,5.14,5.13,5.11,5.08,5.06,5.03,5.01,4.77,4.54,4.3,4.07,3.89,3.72,3.54,3.37,3.47,3.58,3.68,3.79,3.4,3.0,2.61,2.22,2.0,1.79,1.57,1.36,1.48,1.61,1.74,1.87,2.01,2.15,2.28,2.42,2.44,2.45,2.46,2.47,2.46,2.44,2.43,2.41,2.33,2.24,2.15,2.07,1.98,1.9,1.82,1.74,1.66,1.58,1.5,1.42,1.81,2.21,2.6,3.0,2.86,2.72,2.58,2.44,2.38,2.32,2.26,2.2,2.18,2.17,2.16,2.14,2.26,2.38,2.5,2.62,2.72,2.83,2.93,3.04,3.1,3.17,3.23,3.3,3.21,3.11,3.02,2.93,2.99,3.05,3.11,3.17,3.22,3.27,3.31,3.36,3.44,3.51,3.59,3.66,3.65,3.63,3.61,3.6,3.68,3.76,3.85,3.93,,
2016-05-24T00:00:00+00:00,2.24,2.5,2.76,2.73,2.71,2.68,2.65,2.49,2.33,2.17,2.01,1.95,1.89,1.84,1.78,1.76,1.75,1.73,1.72,1.86,2.0,2.14,2.28,2.36,2.45,2.53,2.61,2.63,2.64,2.66,2.67,2.78,2.89,3.0,3.11,3.08,3.06,3.04,3.01,3.11,3.21,3.3,3.4,3.53,3.66,3.8,3.93,3.84,3.76,3.67,3.59,3.58,3.58,3.58,3.58,3.55,3.53,3.51,3.48,3.5,3.52,3.54,3.57,3.52,3.48,3.43,3.39,3.37,3.35,3.33,3.3,3.32,3.34,3.36,3.38,3.46,3.53,3.6,3.68,3.74,3.81,3.88,3.94,3.91,3.88,3.85,3.81,3.7,3.59,3.47,3.36,3.31,3.26,3.21,3.17,3.17,3.17,3.18,3.18,3.13,3.07,3.01,2.96,2.94,2.92,2.9,2.88,2.83,2.78,2.73,2.68,2.58,2.48,2.37,2.27,2.25,2.23,2.21,2.19,2.2,2.21,2.22,2.23,2.29,2.35,2.41,2.47,2.49,2.51,2.53,2.55,2.54,2.54,2.53,2.53,2.57,2.61,2.65,2.68,2.64,2.6,2.56,2.52,2.53,2.54,2.55,2.56,2.59,2.62,2.66,2.69,2.52,2.35,2.18,2.0,1.95,1.89,1.83,1.77,1.66,1.56,1.45,1.34,,
2016-05-25T00:00:00+00:00,3.2,3.12,3.03,3.01,2.99,2.96,2.94,2.95,2.96,2.96,2.97,2.92,2.87,2.82,2.77,2.72,2.68,2.64,2.6,2.54,2.49,2.43,2.37,2.4,2.43,2.46,2.49,2.51,2.52,2.54,2.56,2.57,2.58,2.59,2.6,2.64,2.68,2.73,2.77,2.82,2.86,2.91,2.96,2.95,2.94,2.93,2.92,2.95,2.97,3.0,3.02,2.95,2.87,2.8,2.73,2.7,2.67,2.65,2.62,2.6,2.57,2.55,2.52,2.54,2.56,2.57,2.59,2.59,2.59,2.59,2.59,2.43,2.28,2.12,1.96,1.89,1.82,1.74,1.67,1.82,1.96,2.11,2.26,2.31,2.36,2.42,2.47,2.64,2.8,2.97,3.13,2.99,2.85,2.7,2.56,2.66,2.76,2.85,2.95,2.84,2.72,2.61,2.49,2.59,2.69,2.78,2.88,2.77,2.66,2.55,2.44,2.4,2.36,2.32,2.28,2.19,2.09,2.0,1.9,1.88,1.85,1.83,1.81,1.66,1.52,1.38,1.24,1.35,1.46,1.58,1.69,1.79,1.89,1.99,2.09,2.03,1.96,1.89,1.82,1.82,1.82,1.82,1.82,1.92,2.02,2.12,2.22,2.11,2.0,1.88,1.77,1.73,1.7,1.66,1.63,1.95,2.27,2.59,2.92,2.87,2.82,2.77,2.72,,
2016-05-26T00:00:00+00:00,2.16,2.32,2.48,2.43,2.39,2.34,2.3,2.38,2.46,2.54,2.62,2.58,2.54,2.5,2.46,2.67,2.87,3.07,3.27,3.11,2.95,2.79,2.63,2.74,2.86,2.98,3.1,3.13,3.16,3.19,3.22,3.34,3.45,3.56,3.67,3.55,3.42,3.3,3.17,3.02,2.87,2.72,2.57,2.68,2.79,2.9,3.01,2.91,2.81,2.71,2.6,3.09,3.57,4.05,4.53,4.38,4.22,4.06,3.91,3.99,4.07,4.15,4.23,4.06,3.9,3.74,3.57,3.41,3.25,3.09,2.92,2.79,2.66,2.52,2.39,2.41,2.43,2.46,2.48,2.54,2.61,2.67,2.74,2.99,3.25,3.5,3.76,3.25,2.74,2.23,1.72,1.65,1.58,1.51,1.44,1.62,1.79,1.97,2.14,2.1,2.07,2.03,1.99,1.72,1.45,1.18,0.91,1.22,1.54,1.85,2.16,2.0,1.83,1.66,1.5,1.72,1.94,2.16,2.38,2.2,2.03,1.86,1.68,1.59,1.51,1.42,1.33,1.28,1.22,1.16,1.1,0.98,0.86,0.74,0.62,0.62,0.63,0.63,0.63,0.82,1.01,1.2,1.39,1.61,1.84,2.06,2.29,2.24,2.18,2.13,2.07,2.45,2.83,3.2,3.58,3.37,3.17,2.96,2.76,2.4,2.04,1.68,1.32,,
2016-05-27T00:00:00+00:00,1.88,1.87,1.85,1.9,1.96,2.01,2.07,1.84,1.62,1.39,1.17,1.15,1.14,1.12,1.11,1.25,1.39,1.54,1.68,1.51,1.34,1.17,1.0,0.95,0.9,0.85,0.8,0.88,0.96,1.04,1.12,1.14,1.15,1.17,1.19,1.18,1.16,1.15,1.13,1.27,1.41,1.56,1.7,1.87,2.03,2.2,2.37,2.5,2.63,2.76,2.89,2.99,3.1,3.2,3.31,3.2,3.09,2.99,2.88,2.75,2.61,2.48,2.34,2.35,2.35,2.36,2.36,2.83,3.29,3.75,4.22,3.7,3.18,2.65,2.13,1.89,1.65,1.41,1.16,1.28,1.39,1.5,1.62,1.64,1.66,1.68,1.71,1.53,1.35,1.17,0.99,0.99,0.99,1.0,1.0,1.15,1.3,1.45,1.6,1.63,1.67,1.7,1.74,1.89,2.05,2.21,2.37,2.2,2.03,1.87,1.7,1.62,1.54,1.46,1.39,1.42,1.45,1.48,1.51,1.65,1.79,1.93,2.07,2.0,1.92,1.85,1.78,1.65,1.52,1.38,1.25,1.33,1.4,1.48,1.55,1.56,1.56,1.56,1.57,1.67,1.78,1.89,2.0,2.11,2.22,2.33,2.44,2.79,3.14,3.48,3.83,3.44,3.05,2.66,2.27,1.92,1.58,1.23,0.89,1.76,2.63,3.5,4.37,,
2016-05-28T00:00:00+00:00,0.74,0.75,0.75,0.65,0.54,0.43,0.32,0.64,0.97,1.29,1.61,1.42,1.24,1.05,0.87,1.1,1.33,1.57,1.8,1.81,1.83,1.84,1.85,1.93,2.01,2.09,2.17,2.14,2.1,2.07,2.04,2.03,2.02,2.02,2.01,2.14,2.27,2.41,2.54,3.1,3.67,4.23,4.79,4.44,4.08,3.72,3.36,3.16,2.96,2.76,2.56,2.03,1.5,0.97,0.44,1.06,1.69,2.32,2.94,2.66,2.37,2.09,1.8,1.87,1.93,2.0,2.06,2.48,2.89,3.3,3.71,3.86,4.01,4.16,4.31,3.92,3.53,3.14,2.75,3.06,3.37,3.69,4.0,4.06,4.13,4.19,4.26,4.07,3.89,3.7,3.52,3.23,2.94,2.65,2.35,2.58,2.81,3.04,3.27,3.5,3.73,3.96,4.2,4.11,4.02,3.94,3.85,3.61,3.37,3.13,2.89,2.97,3.05,3.13,3.2,3.17,3.14,3.11,3.08,3.14,3.19,3.24,3.3,3.24,3.19,3.13,3.08,3.18,3.28,3.38,3.48,3.63,3.78,3.93,4.08,3.83,3.58,3.32,3.07,3.2,3.32,3.45,3.58,3.47,3.36,3.25,3.14,3.19,3.25,3.31,3.36,3.16,2.97,2.77,2.57,2.87,3.18,3.49,3.8,3.77,3.74,3.71,3.69,,
2016-05-29T00:00:00+00:00,1.55,1.82,2.09,2.13,2.16,2.2,2.23,2.31,2.39,2.47,2.55,2.59,2.63,2.66,2.7,2.81,2.93,3.05,3.16,3.35,3.54,3.74,3.93,3.82,3.72,3.61,3.51,3.26,3.0,2.75,2.5,2.48,2.46,2.45,2.43,2.51,2.59,2.67,2.76,2.62,2.49,2.35,2.22,2.27,2.32,2.37,2.43,2.07,1.71,1.35,0.99,1.28,1.58,1.87,2.17,2.09,2.02,1.94,1.87,2.0,2.13,2.26,2.39,2.65,2.9,3.16,3.41,3.55,3.69,3.82,3.96,3.67,3.38,3.09,2.8,2.98,3.16,3.34,3.52,3.35,3.17,3.0,2.82,3.08,3.34,3.59,3.85,3.89,3.94,3.98,4.02,4.14,4.25,4.36,4.47,4.48,4.5,4.51,4.52,4.33,4.14,3.95,3.77,3.78,3.8,3.81,3.82,3.8,3.77,3.74,3.71,3.68,3.66,3.63,3.61,3.5,3.4,3.29,3.19,3.25,3.3,3.36,3.42,3.43,3.43,3.44,3.45,3.4,3.36,3.32,3.28,3.22,3.16,3.1,3.04,3.05,3.07,3.08,3.1,3.04,2.99,2.93,2.87,2.98,3.08,3.19,3.29,3.3,3.3,3.3,3.3,3.33,3.35,3.37,3.39,3.25,3.11,2.97,2.83,2.81,2.79,2.77,2.75,,
2016-05-30T00:00:00+00:00,4.99,4.91,4.83,4.8,4.78,4.75,4.73,4.61,4.49,4.38,4.26,4.08,3.89,3.71,3.53,3.68,3.84,3.99,4.14,4.3,4.45,4.61,4.77,4.76,4.75,4.74,4.72,4.77,4.82,4.87,4.92,4.9,4.89,4.87,4.85,4.89,4.92,4.96,4.99,5.14,5.28,5.43,5.57,5.55,5.52,5.5,5.47,5.66,5.85,6.04,6.23,6.25,6.27,6.29,6.32,6.21,6.1,6.0,5.89,5.84,5.79,5.73,5.68,5.72,5.75,5.79,5.82,5.75,5.67,5.59,5.51,5.56,5.62,5.67,5.72,5.77,5.82,5.87,5.92,5.84,5.77,5.7,5.62,5.43,5.25,5.06,4.87,4.8,4.73,4.65,4.58,4.49,4.39,4.3,4.2,4.18,4.16,4.14,4.11,4.12,4.14,4.15,4.16,4.26,4.36,4.46,4.56,4.72,4.88,5.04,5.2,5.23,5.26,5.28,5.31,5.33,5.34,5.35,5.36,5.35,5.33,5.31,5.29,5.18,5.06,4.94,4.83,4.73,4.64,4.54,4.44,4.41,4.37,4.34,4.31,4.19,4.07,3.95,3.83,3.64,3.45,3.25,3.06,2.88,2.69,2.5,2.32,2.23,2.14,2.06,1.97,1.89,1.82,1.74,1.66,1.63,1.59,1.56,1.52,1.38,1.24,1.09,0.95,,
2016-05-31T00:00:00+00:00,5.42,5.52,5.62,5.62,5.61,5.6,5.6,5.67,5.74,5.81,5.88,5.83,5.77,5.71,5.66,5.61,5.57,5.53,5.48,5.32,5.17,5.01,4.85,4.89,4.92,4.96,4.99,4.96,4.94,4.91,4.88,4.86,4.85,4.83,4.81,4.77,4.73,4.69,4.65,4.59,4.54,4.48,4.42,4.38,4.33,4.29,4.25,4.3,4.35,4.41,4.46,4.39,4.33,4.26,4.19,4.12,4.05,3.98,3.91,3.86,3.81,3.76,3.72,3.92,4.12,4.32,4.52,4.54,4.56,4.58,4.6,4.53,4.46,4.38,4.31,4.19,4.06,3.94,3.82,3.78,3.73,3.69,3.65,3.6,3.54,3.49,3.44,3.4,3.36,3.31,3.27,3.13,2.99,2.85,2.72,2.66,2.6,2.54,2.48,2.39,2.3,2.21,2.12,2.14,2.16,2.17,2.19,2.14,2.1,2.06,2.01,1.95,1.88,1.81,1.74,1.93,2.11,2.3,2.49,2.49,2.5,2.51,2.51,2.42,2.32,2.23,2.13,2.16,2.19,2.22,2.25,2.41,2.56,2.72,2.88,2.7,2.53,2.36,2.19,1.9,1.61,1.32,1.03,1.05,1.08,1.11,1.13,1.52,1.92,2.31,2.7,2.79,2.89,2.98,3.07,3.08,3.09,3.1,3.11,3.43,3.75,4.07,4.39,,
2016-06-01T00:00:00+00:00,3.7,3.89,4.08,3.95,3.81,3.67,3.53,3.31,3.09,2.87,2.65,2.79,2.94,3.08,3.23,3.19,3.16,3.12,3.09,2.97,2.85,2.74,2.62,2.61,2.6,2.59,2.58,2.58,2.58,2.58,2.58,2.43,2.29,2.14,2.0,2.21,2.43,2.64,2.86,2.9,2.94,2.98,3.03,3.06,3.09,3.12,3.15,2.92,2.7,2.47,2.24,2.53,2.82,3.11,3.41,3.51,3.62,3.72,3.83,3.92,4.01,4.11,4.2,4.16,4.12,4.08,4.04,4.2,4.35,4.5,4.66,4.7,4.74,4.79,4.83,4.79,4.75,4.71,4.67,4.54,4.4,4.27,4.14,4.21,4.29,4.36,4.44,4.3,4.16,4.02,3.89,3.98,4.08,4.18,4.28,4.32,4.36,4.4,4.44,4.28,4.13,3.97,3.81,3.94,4.07,4.2,4.33,4.24,4.15,4.06,3.97,4.05,4.13,4.21,4.29,4.24,4.18,4.12,4.06,3.97,3.89,3.8,3.71,3.69,3.67,3.64,3.62,3.61,3.59,3.57,3.56,3.69,3.82,3.96,4.09,4.28,4.46,4.65,4.84,4.68,4.53,4.38,4.23,4.33,4.43,4.53,4.64,4.32,4.0,3.69,3.37,3.62,3.86,4.11,4.36,4.36,4.36,4.36,4.36,4.3,4.24,4.18,4.13,,
2016-06-02T00:00:00+00:00,3.86,4.02,4.17,4.26,4.34,4.42,4.5,4.41,4.32,4.22,4.13,4.32,4.52,4.71,4.9,5.11,5.31,5.52,5.73,5.8,5.88,5.95,6.03,6.22,6.41,6.6,6.79,6.45,6.12,5.78,5.45,5.21,4.97,4.73,4.49,4.49,4.49,4.49,4.48,4.59,4.69,4.79,4.89,4.99,5.09,5.18,5.28,5.17,5.06,4.95,4.84,4.89,4.94,4.99,5.04,5.02,5.0,4.99,4.97,4.94,4.91,4.88,4.85,4.81,4.76,4.72,4.68,4.61,4.54,4.48,4.41,4.31,4.21,4.11,4.0,4.0,4.0,4.0,4.0,3.96,3.91,3.86,3.82,3.76,3.7,3.64,3.59,3.66,3.73,3.8,3.87,3.83,3.78,3.73,3.69,3.62,3.56,3.5,3.43,3.35,3.27,3.2,3.12,3.04,2.97,2.9,2.82,2.87,2.92,2.97,3.02,3.04,3.06,3.08,3.1,3.07,3.05,3.02,3.0,2.99,2.99,2.99,2.98,2.95,2.93,2.9,2.87,2.88,2.89,2.9,2.91,2.92,2.93,2.93,2.94,2.94,2.95,2.95,2.96,2.87,2.78,2.69,2.6,2.72,2.84,2.95,3.07,3.11,3.15,3.2,3.24,3.21,3.18,3.15,3.12,2.99,2.86,2.73,2.61,2.69,2.78,2.87,2.96,,
2016-06-03T00:00:00+00:00,3.41,3.41,3.42,3.4,3.39,3.37,3.36,3.27,3.19,3.1,3.01,2.95,2.88,2.82,2.75,2.75,2.76,2.76,2.77,2.66,2.55,2.44,2.33,2.34,2.35,2.36,2.38,2.42,2.46,2.51,2.55,2.58,2.61,2.64,2.67,2.62,2.56,2.51,2.45,2.37,2.29,2.21,2.13,2.21,2.3,2.38,2.46,2.56,2.66,2.75,2.85,2.87,2.89,2.9,2.92,2.89,2.86,2.82,2.79,2.7,2.61,2.53,2.44,2.39,2.33,2.28,2.22,2.41,2.6,2.79,2.98,2.94,2.9,2.86,2.82,2.72,2.62,2.52,2.42,2.44,2.47,2.49,2.52,2.57,2.63,2.68,2.73,2.66,2.58,2.5,2.42,2.36,2.3,2.24,2.19,2.19,2.19,2.19,2.19,2.16,2.13,2.1,2.07,2.17,2.28,2.38,2.49,2.46,2.43,2.41,2.38,2.26,2.13,2.01,1.89,2.0,2.1,2.21,2.32,2.31,2.3,2.29,2.28,2.31,2.34,2.37,2.4,2.49,2.58,2.67,2.76,2.74,2.72,2.7,2.68,2.66,2.64,2.63,2.61,2.8,2.99,3.18,3.37,3.34,3.31,3.28,3.25,3.18,3.12,3.05,2.99,3.01,3.03,3.05,3.07,3.19,3.3,3.41,3.53,3.57,3.61,3.65,3.7,,
2016-06-04T00:00:00+00:00,2.31,2.25,2.19,2.12,2.05,1.98,1.91,2.0,2.09,2.18,2.27,2.29,2.31,2.34,2.36,2.4,2.44,2.48,2.52,2.49,2.47,2.45,2.43,2.41,2.39,2.38,2.36,2.36,2.36,2.36,2.36,2.4,2.45,2.49,2.53,2.48,2.43,2.38,2.33,2.42,2.51,2.6,2.69,2.8,2.92,3.04,3.16,3.24,3.33,3.41,3.49,3.44,3.38,3.32,3.26,3.37,3.47,3.58,3.68,3.56,3.45,3.33,3.21,3.3,3.4,3.49,3.59,3.58,3.58,3.57,3.57,3.58,3.6,3.61,3.63,3.6,3.57,3.54,3.51,3.5,3.5,3.5,3.49,3.51,3.52,3.54,3.56,3.4,3.24,3.09,2.93,3.03,3.13,3.22,3.32,3.31,3.3,3.29,3.27,3.15,3.02,2.9,2.77,2.73,2.69,2.65,2.61,2.5,2.39,2.28,2.17,2.2,2.23,2.26,2.29,2.35,2.41,2.47,2.53,2.44,2.36,2.27,2.19,2.17,2.16,2.14,2.12,2.03,1.94,1.85,1.76,1.77,1.79,1.8,1.81,1.81,1.8,1.79,1.78,1.76,1.74,1.72,1.7,1.67,1.64,1.61,1.58,1.56,1.54,1.51,1.49,1.51,1.53,1.55,1.57,1.75,1.94,2.13,2.31,2.5,2.69,2.88,3.07,,
2016-06-05T00:00:00+00:00,3.0,3.02,3.04,2.68,2.32,1.95,1.59,1.66,1.74,1.81,1.88,2.05,2.23,2.4,2.58,2.45,2.33,2.2,2.08,2.02,1.96,1.9,1.85,1.72,1.6,1.48,1.36,1.35,1.34,1.33,1.32,1.42,1.52,1.62,1.72,1.76,1.8,1.84,1.89,1.72,1.56,1.4,1.23,1.3,1.37,1.43,1.5,1.65,1.81,1.96,2.12,1.93,1.75,1.57,1.39,1.6,1.81,2.02,2.23,2.34,2.45,2.56,2.67,2.61,2.55,2.49,2.43,2.44,2.45,2.46,2.46,2.19,1.91,1.63,1.36,1.23,1.1,0.97,0.84,0.9,0.95,1.01,1.06,1.2,1.33,1.47,1.61,1.59,1.56,1.54,1.52,1.48,1.44,1.41,1.37,1.28,1.19,1.1,1.01,1.25,1.49,1.72,1.96,1.74,1.52,1.29,1.07,1.21,1.34,1.48,1.62,1.33,1.05,0.76,0.47,0.6,0.72,0.84,0.97,1.0,1.03,1.06,1.09,1.1,1.12,1.13,1.15,1.27,1.39,1.51,1.63,1.66,1.69,1.72,1.75,1.59,1.44,1.29,1.13,1.55,1.96,2.37,2.78,2.65,2.53,2.4,2.27,2.33,2.39,2.45,2.51,2.24,1.96,1.68,1.41,1.58,1.74,1.91,2.08,2.18,2.27,2.37,2.46,,
2016-06-06T00:00:00+00:00,1.13,1.09,1.05,1.03,1.01,0.99,0.98,0.98,0.98,0.97,0.97,1.02,1.07,1.12,1.16,0.98,0.81,0.63,0.45,0.52,0.59,0.66,0.73,0.8,0.87,0.93,1.0,0.94,0.87,0.8,0.74,0.72,0.69,0.67,0.65,0.67,0.7,0.72,0.75,0.95,1.16,1.36,1.57,2.04,2.51,2.99,3.46,2.98,2.51,2.03,1.55,1.94,2.34,2.73,3.12,2.7,2.29,1.87,1.46,1.17,0.89,0.61,0.33,1.12,1.92,2.71,3.5,2.94,2.37,1.8,1.23,1.47,1.72,1.96,2.2,2.0,1.8,1.6,1.4,1.35,1.3,1.26,1.21,1.14,1.08,1.01,0.94,1.06,1.18,1.3,1.42,1.37,1.31,1.26,1.2,1.21,1.22,1.22,1.23,1.18,1.13,1.09,1.04,1.04,1.04,1.04,1.04,1.01,0.99,0.97,0.95,0.85,0.76,0.67,0.58,0.56,0.53,0.51,0.49,0.76,1.02,1.29,1.55,1.5,1.44,1.39,1.34,1.42,1.5,1.58,1.66,1.72,1.77,1.82,1.88,1.91,1.95,1.99,2.02,2.33,2.64,2.94,3.25,3.47,3.69,3.91,4.14,3.58,3.02,2.46,1.91,2.07,2.23,2.39,2.55,2.99,3.44,3.88,4.32,4.72,5.12,5.52,5.92,,
2016-06-07T00:00:00+00:00,1.63,1.62,1.6,1.75,1.89,2.03,2.18,2.0,1.83,1.65,1.48,1.52,1.56,1.61,1.65,1.74,1.83,1.91,2.0,1.88,1.77,1.65,1.53,1.6,1.66,1.72,1.79,2.05,2.31,2.57,2.83,2.76,2.69,2.61,2.54,2.53,2.51,2.5,2.48,2.54,2.6,2.66,2.72,2.71,2.7,2.69,2.68,3.03,3.37,3.72,4.06,3.99,3.92,3.85,3.78,3.95,4.12,4.29,4.46,4.39,4.32,4.25,4.18,4.2,4.22,4.23,4.25,4.23,4.2,4.18,4.16,3.24,2.33,1.42,0.51,1.15,1.79,2.43,3.07,3.11,3.15,3.18,3.22,3.2,3.18,3.15,3.13,2.95,2.76,2.58,2.4,2.43,2.46,2.49,2.53,2.34,2.16,1.97,1.79,1.78,1.76,1.75,1.74,1.77,1.81,1.85,1.88,2.06,2.25,2.43,2.61,2.65,2.69,2.73,2.76,2.75,2.74,2.72,2.71,2.71,2.71,2.71,2.7,2.47,2.24,2.01,1.78,1.86,1.95,2.03,2.11,2.17,2.22,2.27,2.32,2.42,2.53,2.63,2.73,2.88,3.03,3.19,3.34,3.44,3.55,3.65,3.75,3.86,3.97,4.08,4.19,4.23,4.27,4.31,4.35,4.39,4.43,4.47,4.51,4.47,4.43,4.39,4.35,,
2016-06-08T00:00:00+00:00,3.17,3.2,3.22,3.16,3.09,3.02,2.96,2.96,2.96,2.96,2.96,2.89,2.82,2.75,2.68,2.8,2.91,3.03,3.14,3.07,3.0,2.92,2.85,2.8,2.75,2.7,2.64,2.64,2.64,2.64,2.64,2.65,2.65,2.65,2.65,2.68,2.71,2.74,2.76,2.76,2.76,2.76,2.76,2.9,3.03,3.17,3.31,3.45,3.58,3.72,3.85,3.89,3.92,3.95,3.99,3.95,3.91,3.87,3.84,3.8,3.77,3.73,3.7,3.49,3.29,3.09,2.88,2.87,2.85,2.84,2.82,2.62,2.42,2.22,2.02,2.2,2.39,2.57,2.75,2.63,2.5,2.38,2.25,2.4,2.55,2.69,2.84,2.84,2.84,2.84,2.84,2.66,2.47,2.29,2.1,2.1,2.09,2.09,2.09,2.08,2.08,2.08,2.08,2.05,2.01,1.97,1.93,1.85,1.77,1.69,1.6,1.71,1.82,1.93,2.04,1.99,1.94,1.89,1.84,1.88,1.91,1.95,1.99,2.02,2.06,2.09,2.13,2.05,1.98,1.91,1.83,1.82,1.81,1.8,1.79,1.85,1.91,1.96,2.02,2.09,2.17,2.24,2.31,2.38,2.45,2.51,2.58,2.51,2.44,2.37,2.29,2.4,2.51,2.61,2.72,2.69,2.67,2.65,2.63,2.64,2.66,2.67,2.68,,
2016-06-09T00:00:00+00:00,2.76,2.9,3.04,3.09,3.13,3.17,3.22,3.07,2.93,2.78,2.64,2.62,2.59,2.57,2.55,2.51,2.47,2.43,2.4,2.4,2.4,2.4,2.39,2.3,2.2,2.1,2.0,2.03,2.06,2.09,2.12,2.11,2.11,2.1,2.09,2.09,2.09,2.09,2.09,2.15,2.21,2.26,2.32,2.31,2.31,2.3,2.29,2.34,2.39,2.44,2.49,2.56,2.64,2.71,2.78,2.8,2.81,2.83,2.84,2.88,2.92,2.96,3.0,2.96,2.93,2.9,2.86,2.92,2.97,3.03,3.08,2.88,2.68,2.47,2.27,2.27,2.27,2.27,2.28,2.43,2.58,2.73,2.88,2.75,2.62,2.48,2.35,2.24,2.13,2.02,1.91,1.98,2.06,2.14,2.22,2.14,2.06,1.99,1.91,1.96,2.01,2.05,2.1,2.17,2.24,2.32,2.39,2.25,2.12,1.99,1.86,1.82,1.78,1.74,1.7,1.58,1.46,1.33,1.21,1.24,1.28,1.31,1.35,1.42,1.49,1.57,1.64,1.77,1.9,2.03,2.16,2.27,2.38,2.48,2.59,2.61,2.63,2.64,2.66,2.66,2.66,2.65,2.65,2.72,2.78,2.85,2.92,2.88,2.84,2.81,2.77,2.89,3.02,3.14,3.27,3.33,3.38,3.44,3.5,3.4,3.3,3.2,3.1,,
2016-06-10T00:00:00+00:00,2.17,2.24,2.3,2.47,2.64,2.81,2.98,2.9,2.82,2.73,2.65,2.38,2.11,1.84,1.57,1.38,1.19,1.0,0.81,0.78,0.75,0.72,0.69,0.7,0.72,0.73,0.75,0.82,0.89,0.96,1.02,0.99,0.96,0.93,0.9,1.01,1.12,1.23,1.34,1.33,1.33,1.32,1.31,1.27,1.22,1.18,1.13,1.34,1.55,1.76,1.98,1.96,1.94,1.92,1.9,1.85,1.79,1.74,1.69,1.77,1.85,1.93,2.01,2.02,2.04,2.06,2.08,2.1,2.12,2.14,2.15,2.16,2.17,2.18,2.19,2.01,1.83,1.65,1.48,1.92,2.37,2.81,3.26,2.7,2.14,1.58,1.01,0.98,0.95,0.92,0.9,0.99,1.08,1.18,1.27,1.58,1.9,2.21,2.52,2.26,2.01,1.75,1.49,1.59,1.68,1.77,1.87,1.86,1.86,1.86,1.86,1.89,1.92,1.95,1.98,2.14,2.3,2.47,2.63,2.77,2.92,3.06,3.2,3.14,3.09,3.03,2.97,3.28,3.58,3.88,4.18,4.16,4.14,4.13,4.11,4.01,3.91,3.82,3.72,3.61,3.49,3.38,3.27,3.27,3.28,3.29,3.3,3.64,3.98,4.31,4.65,4.43,4.21,3.99,3.76,3.88,3.99,4.11,4.22,4.31,4.39,4.48,4.56,,
2016-06-11T00:00:00+00:00,1.59,1.49,1.4,1.55,1.71,1.86,2.02,2.09,2.17,2.24,2.31,2.06,1.81,1.56,1.31,1.53,1.75,1.97,2.19,2.26,2.33,2.41,2.48,2.28,2.07,1.87,1.67,1.64,1.61,1.58,1.55,1.67,1.78,1.9,2.01,2.17,2.33,2.48,2.64,2.93,3.22,3.51,3.8,3.83,3.85,3.88,3.9,3.78,3.65,3.53,3.4,3.1,2.79,2.48,2.18,2.03,1.89,1.74,1.6,2.01,2.42,2.83,3.24,3.01,2.78,2.56,2.33,2.28,2.23,2.18,2.13,2.04,1.95,1.86,1.77,1.82,1.88,1.93,1.98,1.86,1.74,1.62,1.5,1.68,1.87,2.06,2.25,2.37,2.49,2.61,2.72,2.84,2.96,3.07,3.19,3.31,3.44,3.57,3.7,3.73,3.76,3.79,3.82,3.68,3.55,3.42,3.29,3.23,3.17,3.11,3.05,3.06,3.06,3.07,3.08,3.0,2.93,2.85,2.78,2.73,2.68,2.64,2.59,2.74,2.88,3.02,3.16,3.11,3.06,3.01,2.95,3.04,3.13,3.21,3.3,3.52,3.74,3.96,4.18,4.2,4.22,4.25,4.27,4.29,4.32,4.35,4.37,4.11,3.84,3.58,3.32,3.29,3.26,3.23,3.2,3.11,3.02,2.93,2.84,2.61,2.39,2.17,1.94,,
2016-06-12T00:00:00+00:00,2.97,3.12,3.27,3.09,2.91,2.74,2.56,2.54,2.52,2.5,2.48,2.42,2.36,2.3,2.23,2.28,2.34,2.39,2.44,2.37,2.3,2.24,2.17,2.33,2.49,2.65,2.81,2.81,2.81,2.81,2.81,2.87,2.93,2.99,3.05,3.29,3.53,3.77,4.01,4.09,4.17,4.25,4.33,4.45,4.56,4.68,4.8,4.6,4.4,4.2,4.0,3.92,3.85,3.78,3.7,3.69,3.68,3.67,3.66,3.64,3.62,3.6,3.58,3.6,3.63,3.65,3.68,3.99,4.29,4.6,4.9,4.32,3.74,3.17,2.59,2.6,2.62,2.64,2.66,2.84,3.01,3.19,3.37,3.39,3.41,3.43,3.45,3.36,3.27,3.18,3.1,3.4,3.7,4.0,4.3,4.19,4.07,3.95,3.84,3.88,3.91,3.95,3.99,3.97,3.94,3.92,3.9,3.76,3.63,3.5,3.37,3.43,3.49,3.55,3.61,3.67,3.73,3.78,3.84,3.83,3.82,3.81,3.8,3.91,4.02,4.13,4.24,4.03,3.81,3.59,3.38,3.21,3.04,2.87,2.7,2.81,2.93,3.04,3.16,3.04,2.92,2.8,2.67,2.95,3.22,3.5,3.77,3.82,3.86,3.91,3.96,3.84,3.72,3.6,3.48,3.18,2.87,2.56,2.26,2.37,2.49,2.61,2.72,,
2016-06-13T00:00:00+00:00,2.89,3.03,3.17,3.32,3.47,3.62,3.77,3.85,3.93,4.02,4.1,3.95,3.81,3.66,3.51,3.72,3.92,4.12,4.33,4.07,3.82,3.57,3.31,2.99,2.67,2.35,2.03,2.14,2.25,2.36,2.47,2.65,2.83,3.01,3.19,3.45,3.71,3.97,4.23,4.43,4.63,4.83,5.03,4.6,4.16,3.72,3.28,3.39,3.5,3.61,3.71,3.77,3.82,3.87,3.92,3.83,3.74,3.64,3.55,3.4,3.25,3.11,2.96,3.06,3.17,3.27,3.37,3.22,3.06,2.9,2.74,2.86,2.97,3.09,3.21,3.15,3.09,3.04,2.98,2.96,2.94,2.92,2.91,2.95,2.99,3.04,3.08,3.17,3.27,3.36,3.45,3.61,3.78,3.94,4.1,4.2,4.29,4.39,4.48,4.35,4.23,4.1,3.97,3.99,4.01,4.03,4.05,4.09,4.13,4.17,4.21,4.25,4.29,4.32,4.36,4.31,4.27,4.22,4.17,4.3,4.44,4.58,4.71,4.63,4.55,4.47,4.38,4.51,4.64,4.77,4.9,4.94,4.97,5.0,5.04,5.04,5.04,5.05,5.05,4.89,4.72,4.56,4.4,4.38,4.37,4.35,4.34,4.67,4.99,5.32,5.65,5.22,4.8,4.38,3.96,3.86,3.76,3.66,3.56,4.03,4.5,4.96,5.43,,
2016-06-14T00:00:00+00:00,2.99,3.07,3.15,3.26,3.37,3.48,3.6,3.62,3.65,3.68,3.71,3.57,3.44,3.31,3.18,3.42,3.65,3.89,4.13,3.91,3.68,3.46,3.24,3.34,3.44,3.54,3.65,3.74,3.83,3.92,4.01,4.22,4.44,4.65,4.87,4.89,4.91,4.93,4.95,4.8,4.65,4.49,4.34,4.32,4.29,4.26,4.23,4.05,3.87,3.68,3.5,3.97,4.44,4.92,5.39,4.94,4.49,4.04,3.59,3.49,3.4,3.3,3.2,3.16,3.13,3.09,3.05,3.21,3.36,3.52,3.67,3.54,3.41,3.29,3.16,2.96,2.76,2.56,2.36,2.59,2.83,3.07,3.31,3.21,3.11,3.0,2.9,2.88,2.86,2.83,2.81,2.69,2.56,2.44,2.31,2.14,1.97,1.8,1.62,2.14,2.66,3.18,3.69,3.56,3.44,3.31,3.18,3.29,3.41,3.53,3.64,3.64,3.63,3.62,3.62,3.82,4.02,4.23,4.43,4.39,4.36,4.32,4.28,4.27,4.26,4.26,4.25,4.18,4.12,4.05,3.98,3.88,3.77,3.66,3.56,3.44,3.33,3.21,3.1,3.17,3.23,3.3,3.37,3.33,3.29,3.25,3.21,3.28,3.36,3.43,3.5,3.73,3.96,4.18,4.41,4.39,4.37,4.35,4.33,4.02,3.71,3.4,3.09,,
2016-06-15T00:00:00+00:00,2.46,2.46,2.45,2.29,2.14,1.98,1.82,1.91,1.99,2.08,2.16,2.17,2.17,2.17,2.18,2.22,2.27,2.31,2.36,2.52,2.69,2.86,3.03,2.88,2.74,2.6,2.46,2.43,2.41,2.39,2.37,2.4,2.42,2.45,2.47,2.58,2.68,2.79,2.89,3.03,3.16,3.3,3.44,3.65,3.87,4.08,4.29,4.34,4.39,4.44,4.49,4.19,3.88,3.58,3.28,3.46,3.64,3.82,4.0,3.75,3.49,3.24,2.98,2.93,2.87,2.82,2.77,2.84,2.91,2.98,3.06,2.61,2.16,1.71,1.27,1.25,1.23,1.2,1.18,1.1,1.02,0.94,0.86,0.83,0.79,0.76,0.72,0.7,0.67,0.65,0.62,0.56,0.49,0.42,0.36,0.35,0.34,0.33,0.32,0.5,0.68,0.87,1.05,1.07,1.1,1.13,1.15,1.0,0.85,0.7,0.54,0.55,0.56,0.56,0.57,0.62,0.67,0.71,0.76,0.8,0.84,0.87,0.91,0.85,0.8,0.74,0.68,0.92,1.15,1.38,1.62,1.95,2.27,2.6,2.93,2.87,2.82,2.76,2.7,2.78,2.86,2.95,3.03,2.84,2.65,2.47,2.28,2.26,2.23,2.21,2.19,2.0,1.81,1.63,1.44,1.57,1.69,1.82,1.94,2.3,2.66,3.03,3.39,,
2016-06-16T00:00:00+00:00,1.05,0.98,0.91,0.86,0.8,0.74,0.68,0.97,1.27,1.56,1.85,1.95,2.05,2.15,2.25,2.38,2.51,2.63,2.76,2.71,2.66,2.61,2.56,2.63,2.7,2.76,2.83,2.63,2.43,2.23,2.03,2.04,2.06,2.07,2.08,2.16,2.23,2.31,2.38,2.43,2.48,2.53,2.58,2.52,2.45,2.39,2.33,2.48,2.63,2.78,2.93,2.93,2.92,2.92,2.92,2.69,2.47,2.24,2.01,2.09,2.17,2.25,2.33,2.2,2.07,1.94,1.82,1.95,2.09,2.22,2.36,2.58,2.79,3.0,3.22,3.07,2.93,2.78,2.63,2.67,2.7,2.74,2.78,2.7,2.63,2.56,2.49,2.43,2.37,2.31,2.25,2.29,2.33,2.37,2.4,2.51,2.61,2.71,2.81,2.89,2.97,3.04,3.12,3.14,3.16,3.19,3.21,3.28,3.35,3.42,3.49,3.65,3.82,3.98,4.15,4.17,4.18,4.2,4.22,4.26,4.3,4.34,4.38,4.31,4.24,4.17,4.1,4.1,4.11,4.11,4.11,4.15,4.18,4.21,4.25,3.97,3.7,3.43,3.16,3.33,3.49,3.66,3.83,3.79,3.75,3.71,3.68,3.64,3.61,3.58,3.55,3.57,3.59,3.62,3.64,3.46,3.28,3.1,2.92,2.63,2.34,2.06,1.77,,
2016-06-17T00:00:00+00:00,2.3,2.2,2.1,2.2,2.29,2.39,2.49,2.6,2.7,2.81,2.91,3.02,3.13,3.24,3.35,3.46,3.58,3.69,3.8,3.87,3.93,4.0,4.07,4.08,4.08,4.09,4.1,4.11,4.13,4.15,4.17,4.25,4.33,4.42,4.5,4.52,4.54,4.56,4.57,4.57,4.57,4.56,4.56,4.59,4.63,4.67,4.7,4.9,5.1,5.3,5.49,5.23,4.97,4.71,4.44,4.36,4.28,4.2,4.12,3.65,3.18,2.72,2.25,2.08,1.91,1.74,1.57,1.96,2.35,2.74,3.13,3.01,2.9,2.78,2.67,2.63,2.59,2.55,2.51,2.44,2.38,2.31,2.25,2.24,2.24,2.23,2.22,2.21,2.19,2.17,2.15,2.15,2.16,2.17,2.17,2.1,2.03,1.96,1.89,1.91,1.94,1.97,2.0,1.91,1.83,1.75,1.67,1.71,1.74,1.78,1.82,1.91,1.99,2.08,2.16,2.35,2.53,2.72,2.9,2.94,2.97,3.01,3.05,3.01,2.97,2.93,2.89,2.84,2.8,2.76,2.71,2.9,3.08,3.26,3.45,3.36,3.28,3.19,3.1,2.97,2.84,2.71,2.58,3.04,3.5,3.96,4.43,4.01,3.6,3.18,2.77,3.22,3.67,4.12,4.57,4.45,4.33,4.22,4.1,3.87,3.65,3.42,3.19,,
2016-06-18T00:00:00+00:00,2.0,1.98,1.95,1.93,1.9,1.87,1.85,1.93,2.0,2.08,2.16,2.22,2.29,2.36,2.42,2.47,2.52,2.57,2.61,2.72,2.82,2.92,3.02,2.79,2.56,2.33,2.1,2.3,2.5,2.69,2.89,2.98,3.06,3.14,3.23,3.51,3.79,4.07,4.35,4.27,4.19,4.11,4.03,3.94,3.85,3.76,3.67,3.5,3.33,3.16,2.98,3.44,3.9,4.36,4.82,4.32,3.83,3.33,2.83,2.94,3.04,3.15,3.26,2.9,2.55,2.19,1.84,2.0,2.16,2.31,2.47,2.32,2.16,2.01,1.85,1.82,1.78,1.75,1.72,1.68,1.65,1.61,1.58,1.71,1.84,1.97,2.1,2.15,2.19,2.23,2.28,2.19,2.11,2.02,1.93,1.97,2.01,2.04,2.08,1.95,1.82,1.7,1.57,1.74,1.91,2.08,2.25,2.23,2.21,2.19,2.17,2.03,1.89,1.75,1.61,1.65,1.69,1.72,1.76,1.77,1.78,1.79,1.8,1.86,1.92,1.98,2.04,2.02,1.99,1.97,1.95,1.97,1.98,2.0,2.02,1.97,1.91,1.86,1.8,2.07,2.33,2.6,2.86,2.93,3.0,3.06,3.13,3.35,3.56,3.78,4.0,3.87,3.74,3.61,3.48,3.43,3.39,3.34,3.3,3.35,3.41,3.47,3.52,,
2016-06-19T00:00:00+00:00,1.86,1.93,2.0,1.98,1.95,1.93,1.91,1.9,1.9,1.89,1.89,1.9,1.91,1.93,1.94,1.82,1.69,1.57,1.44,1.28,1.12,0.96,0.8,0.91,1.02,1.13,1.24,1.37,1.5,1.64,1.77,1.72,1.67,1.61,1.56,1.54,1.51,1.49,1.47,1.55,1.63,1.71,1.79,1.64,1.49,1.35,1.2,1.31,1.42,1.53,1.63,1.93,2.22,2.51,2.8,2.34,1.87,1.4,0.93,1.41,1.89,2.38,2.86,2.8,2.74,2.69,2.63,2.65,2.67,2.7,2.72,2.55,2.37,2.19,2.02,1.87,1.73,1.58,1.43,1.38,1.34,1.29,1.24,1.32,1.41,1.5,1.58,1.63,1.68,1.73,1.78,1.79,1.81,1.82,1.84,1.91,1.98,2.06,2.13,2.13,2.12,2.12,2.12,2.14,2.17,2.19,2.22,2.29,2.35,2.42,2.49,2.64,2.78,2.93,3.07,3.18,3.3,3.41,3.53,3.69,3.85,4.01,4.18,4.24,4.3,4.37,4.43,4.4,4.37,4.34,4.31,4.31,4.32,4.32,4.32,4.36,4.4,4.44,4.48,4.47,4.46,4.45,4.45,4.48,4.51,4.55,4.58,4.7,4.81,4.93,5.04,4.94,4.83,4.72,4.61,4.7,4.78,4.87,4.95,4.91,4.86,4.81,4.76,,
2016-06-20T00:00:00+00:00,1.15,1.16,1.18,1.13,1.09,1.04,1.0,1.37,1.74,2.11,2.48,2.56,2.64,2.72,2.8,2.9,2.99,3.09,3.19,3.41,3.62,3.83,4.05,4.11,4.16,4.22,4.27,4.32,4.37,4.42,4.47,4.53,4.59,4.65,4.71,4.76,4.81,4.86,4.92,5.09,5.27,5.45,5.63,5.66,5.7,5.74,5.77,5.86,5.95,6.04,6.13,6.05,5.96,5.88,5.79,5.72,5.66,5.59,5.52,5.55,5.58,5.61,5.63,5.62,5.61,5.6,5.59,5.41,5.23,5.05,4.87,4.67,4.48,4.28,4.09,4.05,4.02,3.98,3.94,3.8,3.67,3.53,3.39,3.26,3.14,3.02,2.89,2.95,3.01,3.06,3.12,2.98,2.84,2.7,2.56,2.61,2.67,2.73,2.78,2.72,2.66,2.59,2.53,2.49,2.45,2.41,2.37,2.25,2.12,2.0,1.88,1.87,1.87,1.86,1.85,1.85,1.86,1.86,1.86,1.87,1.88,1.88,1.89,1.88,1.88,1.87,1.87,1.84,1.81,1.79,1.76,1.75,1.74,1.72,1.71,1.78,1.85,1.92,1.99,2.01,2.03,2.06,2.08,2.18,2.28,2.38,2.47,2.41,2.35,2.29,2.23,2.45,2.66,2.88,3.09,3.03,2.98,2.92,2.86,2.76,2.65,2.55,2.44,,
2016-06-21T00:00:00+00:00,3.83,3.69,3.55,3.28,3.02,2.75,2.48,2.57,2.65,2.73,2.81,2.77,2.74,2.7,2.66,2.47,2.27,2.08,1.88,1.9,1.91,1.93,1.95,2.23,2.51,2.79,3.07,3.01,2.95,2.89,2.83,2.72,2.61,2.5,2.39,2.44,2.48,2.53,2.57,2.65,2.74,2.82,2.9,2.87,2.85,2.82,2.79,2.96,3.13,3.3,3.46,3.42,3.37,3.33,3.28,3.16,3.03,2.91,2.78,2.81,2.85,2.88,2.91,2.89,2.86,2.84,2.81,2.72,2.62,2.53,2.43,2.28,2.14,1.99,1.84,1.8,1.76,1.71,1.67,1.77,1.88,1.99,2.09,1.94,1.79,1.64,1.49,1.47,1.45,1.43,1.41,1.31,1.21,1.12,1.02,1.0,0.98,0.96,0.94,0.75,0.56,0.38,0.19,0.42,0.64,0.87,1.1,1.11,1.13,1.14,1.15,1.23,1.3,1.38,1.45,1.47,1.48,1.49,1.5,1.62,1.73,1.85,1.96,2.0,2.03,2.07,2.1,2.06,2.03,1.99,1.95,2.0,2.05,2.1,2.16,2.26,2.35,2.45,2.55,2.6,2.65,2.7,2.75,2.71,2.66,2.62,2.57,2.49,2.4,2.31,2.22,2.5,2.79,3.07,3.36,2.58,1.81,1.04,0.26,0.73,1.2,1.67,2.14,,
2016-06-28T00:00:00+00:00,0.61,0.54,0.47,0.55,0.62,0.69,0.77,0.97,1.18,1.39,1.6,1.54,1.47,1.41,1.34,1.26,1.18,1.09,1.01,1.03,1.05,1.07,1.09,1.06,1.03,1.0,0.97,1.11,1.24,1.38,1.52,1.64,1.76,1.88,2.0,2.19,2.38,2.57,2.76,3.02,3.29,3.55,3.81,3.74,3.66,3.59,3.52,3.77,4.03,4.28,4.54,4.66,4.78,4.89,5.01,4.58,4.15,3.72,3.29,3.51,3.73,3.95,4.17,4.34,4.51,4.68,4.84,4.85,4.85,4.86,4.87,5.0,5.13,5.26,5.39,5.42,5.44,5.46,5.49,5.54,5.58,5.63,5.67,5.68,5.7,5.71,5.72,5.55,5.39,5.23,5.07,5.13,5.19,5.25,5.32,4.91,4.51,4.11,3.71,3.66,3.6,3.55,3.5,3.75,4.01,4.26,4.51,4.24,3.96,3.68,3.4,3.26,3.11,2.96,2.81,2.69,2.57,2.44,2.32,2.34,2.36,2.39,2.41,2.52,2.63,2.74,2.86,3.01,3.17,3.32,3.48,3.69,3.91,4.12,4.34,4.46,4.59,4.71,4.84,4.79,4.75,4.7,4.66,4.62,4.57,4.53,4.48,4.43,4.37,4.31,4.26,4.21,4.15,4.1,4.05,4.03,4.02,4.0,3.99,3.93,3.88,3.83,3.78,,
2016-06-29T00:00:00+00:00,3.2,3.23,3.26,3.07,2.87,2.68,2.48,2.61,2.73,2.86,2.99,2.88,2.77,2.66,2.55,2.4,2.25,2.1,1.95,1.99,2.04,2.08,2.13,2.13,2.13,2.14,2.14,2.45,2.75,3.06,3.36,3.47,3.57,3.67,3.78,3.86,3.95,4.04,4.12,4.18,4.24,4.29,4.35,4.44,4.53,4.62,4.7,4.69,4.67,4.65,4.63,4.59,4.54,4.5,4.45,4.52,4.59,4.65,4.72,4.71,4.7,4.69,4.69,4.56,4.43,4.3,4.17,3.92,3.66,3.41,3.15,3.13,3.11,3.09,3.07,3.06,3.06,3.06,3.06,3.23,3.41,3.59,3.76,3.85,3.93,4.02,4.1,4.26,4.41,4.57,4.73,4.61,4.48,4.36,4.24,4.24,4.23,4.23,4.22,4.14,4.06,3.97,3.89,3.84,3.79,3.74,3.7,3.82,3.95,4.08,4.2,4.19,4.18,4.17,4.16,4.16,4.17,4.18,4.19,4.22,4.26,4.29,4.32,4.32,4.32,4.32,4.32,4.38,4.45,4.51,4.58,4.61,4.64,4.67,4.7,4.68,4.65,4.63,4.61,4.38,4.16,3.93,3.71,3.9,4.09,4.28,4.47,4.6,4.74,4.87,5.0,4.78,4.56,4.34,4.12,4.13,4.14,4.14,4.15,4.15,4.15,4.16,4.16,,
2016-06-30T00:00:00+00:00,3.86,3.91,3.96,3.89,3.82,3.75,3.68,3.71,3.74,3.78,3.81,3.66,3.51,3.36,3.21,3.31,3.41,3.52,3.62,3.64,3.67,3.7,3.73,3.8,3.86,3.93,3.99,4.1,4.22,4.33,4.44,4.41,4.37,4.33,4.3,4.33,4.36,4.4,4.43,4.61,4.79,4.98,5.16,5.32,5.48,5.63,5.79,5.75,5.7,5.65,5.61,5.41,5.2,5.0,4.8,4.7,4.59,4.48,4.37,4.49,4.61,4.73,4.86,4.78,4.71,4.64,4.57,4.51,4.45,4.4,4.34,4.37,4.4,4.44,4.47,4.35,4.24,4.13,4.01,4.02,4.02,4.02,4.03,3.97,3.92,3.87,3.81,3.86,3.9,3.95,3.99,4.12,4.24,4.37,4.49,4.35,4.21,4.07,3.93,4.0,4.07,4.15,4.22,4.12,4.02,3.92,3.82,3.88,3.93,3.99,4.04,4.13,4.21,4.3,4.38,4.4,4.41,4.43,4.44,4.32,4.21,4.09,3.97,4.11,4.25,4.39,4.53,4.52,4.51,4.5,4.49,4.61,4.72,4.84,4.96,4.98,5.0,5.02,5.05,5.1,5.16,5.22,5.28,5.19,5.09,5.0,4.9,4.76,4.62,4.47,4.33,4.46,4.59,4.72,4.85,4.85,4.86,4.87,4.88,4.99,5.1,5.21,5.32,,
2016-07-01T00:00:00+00:00,3.62,3.6,3.57,3.76,3.95,4.13,4.32,4.54,4.76,4.99,5.21,5.32,5.44,5.55,5.67,5.2,4.72,4.25,3.78,3.82,3.86,3.91,3.95,4.02,4.08,4.14,4.21,4.29,4.37,4.46,4.54,4.53,4.52,4.51,4.5,4.68,4.85,5.03,5.2,5.36,5.51,5.66,5.81,5.8,5.78,5.77,5.75,5.66,5.57,5.47,5.38,5.53,5.67,5.82,5.96,6.15,6.33,6.51,6.7,6.48,6.27,6.05,5.84,5.86,5.89,5.92,5.94,5.88,5.82,5.76,5.7,5.67,5.63,5.6,5.57,5.64,5.71,5.77,5.84,5.49,5.15,4.8,4.45,4.03,3.6,3.18,2.76,2.69,2.63,2.57,2.5,2.56,2.61,2.66,2.71,2.73,2.75,2.77,2.79,2.79,2.8,2.81,2.81,2.85,2.89,2.93,2.97,2.96,2.94,2.93,2.92,3.14,3.36,3.58,3.8,3.86,3.93,3.99,4.05,4.14,4.22,4.3,4.39,4.49,4.58,4.68,4.78,4.86,4.94,5.02,5.1,5.08,5.07,5.05,5.04,5.18,5.32,5.46,5.6,5.3,5.0,4.7,4.4,4.23,4.06,3.89,3.71,4.04,4.37,4.69,5.02,4.31,3.61,2.91,2.21,2.64,3.07,3.5,3.93,3.63,3.34,3.04,2.75,,
2016-07-02T00:00:00+00:00,2.55,2.5,2.45,2.55,2.65,2.74,2.84,2.86,2.88,2.9,2.92,2.84,2.76,2.68,2.59,2.73,2.86,3.0,3.13,3.23,3.32,3.42,3.51,3.63,3.74,3.86,3.97,4.08,4.18,4.28,4.39,4.49,4.6,4.7,4.8,4.85,4.9,4.95,5.0,4.94,4.88,4.83,4.77,4.76,4.75,4.74,4.73,4.82,4.92,5.01,5.1,5.05,5.0,4.94,4.89,4.79,4.68,4.57,4.47,4.4,4.33,4.26,4.19,3.81,3.44,3.07,2.7,2.74,2.77,2.81,2.85,2.78,2.71,2.64,2.58,2.64,2.7,2.77,2.83,2.79,2.76,2.72,2.69,2.64,2.6,2.55,2.5,2.49,2.48,2.47,2.47,2.5,2.54,2.57,2.61,2.53,2.44,2.36,2.28,2.21,2.14,2.08,2.01,2.07,2.12,2.18,2.23,2.35,2.47,2.59,2.72,2.6,2.48,2.36,2.24,2.2,2.16,2.12,2.09,2.21,2.33,2.45,2.57,2.63,2.69,2.74,2.8,2.82,2.83,2.84,2.85,2.86,2.88,2.89,2.9,2.81,2.72,2.63,2.55,2.64,2.73,2.82,2.91,2.81,2.72,2.63,2.54,2.45,2.36,2.28,2.19,2.18,2.18,2.17,2.16,2.1,2.04,1.98,1.92,1.85,1.78,1.71,1.64,,
2016-07-03T00:00:00+00:00,1.55,1.53,1.51,1.81,2.11,2.42,2.72,2.41,2.09,1.78,1.47,1.46,1.45,1.44,1.43,1.44,1.45,1.46,1.47,1.46,1.46,1.45,1.45,1.63,1.82,2.01,2.19,2.34,2.48,2.62,2.76,2.84,2.93,3.01,3.1,3.21,3.32,3.44,3.55,3.6,3.65,3.69,3.74,3.6,3.46,3.32,3.19,3.07,2.96,2.85,2.74,2.62,2.5,2.38,2.27,2.22,2.18,2.13,2.09,2.16,2.22,2.29,2.35,2.36,2.38,2.39,2.4,2.47,2.55,2.63,2.7,2.62,2.54,2.46,2.38,2.36,2.34,2.32,2.3,2.15,1.99,1.83,1.67,1.62,1.58,1.53,1.48,1.35,1.21,1.07,0.94,0.79,0.64,0.49,0.33,0.38,0.42,0.46,0.5,0.43,0.37,0.31,0.24,0.32,0.4,0.47,0.55,0.57,0.59,0.62,0.64,0.49,0.33,0.18,0.03,0.19,0.35,0.52,0.68,0.65,0.61,0.58,0.54,0.6,0.67,0.73,0.79,0.88,0.96,1.04,1.13,1.23,1.34,1.44,1.55,1.96,2.37,2.78,3.18,2.95,2.72,2.49,2.26,2.43,2.61,2.78,2.96,2.99,3.02,3.05,3.08,3.08,3.08,3.07,3.07,3.04,3.02,2.99,2.96,3.02,3.08,3.14,3.2,,
2016-07-04T00:00:00+00:00,2.47,2.46,2.46,2.38,2.3,2.22,2.14,2.06,1.98,1.9,1.82,1.83,1.84,1.85,1.86,1.98,2.1,2.22,2.34,2.33,2.32,2.31,2.3,2.32,2.35,2.38,2.4,2.55,2.69,2.83,2.97,2.98,2.99,2.99,3.0,3.01,3.03,3.05,3.06,2.79,2.51,2.23,1.96,2.09,2.23,2.37,2.51,2.54,2.56,2.59,2.61,2.61,2.61,2.61,2.61,2.66,2.72,2.77,2.82,2.71,2.6,2.48,2.37,2.21,2.05,1.88,1.72,1.62,1.52,1.41,1.31,1.2,1.08,0.97,0.85,0.72,0.58,0.44,0.3,0.42,0.54,0.66,0.77,0.92,1.07,1.21,1.36,1.5,1.64,1.78,1.93,1.88,1.83,1.78,1.74,1.7,1.66,1.63,1.59,1.6,1.61,1.62,1.62,1.86,2.09,2.33,2.56,2.92,3.28,3.65,4.01,3.84,3.67,3.5,3.34,3.25,3.17,3.08,3.0,3.17,3.34,3.51,3.68,3.67,3.66,3.66,3.65,3.62,3.59,3.57,3.54,3.64,3.75,3.86,3.96,4.04,4.11,4.19,4.27,4.22,4.18,4.14,4.09,4.03,3.96,3.89,3.82,3.95,4.07,4.2,4.33,4.49,4.65,4.81,4.97,4.54,4.1,3.67,3.23,3.17,3.11,3.06,3.0,,
2016-07-05T00:00:00+00:00,1.9,1.85,1.8,1.91,2.03,2.14,2.26,2.25,2.24,2.23,2.23,2.4,2.58,2.75,2.93,3.06,3.19,3.32,3.45,3.53,3.62,3.7,3.79,3.76,3.74,3.71,3.68,3.68,3.68,3.68,3.68,3.62,3.55,3.49,3.42,3.39,3.36,3.34,3.31,3.34,3.36,3.39,3.41,3.51,3.61,3.71,3.81,3.85,3.9,3.95,3.99,3.89,3.78,3.68,3.58,3.66,3.75,3.84,3.93,3.86,3.8,3.73,3.67,3.72,3.78,3.84,3.9,3.78,3.66,3.53,3.41,3.37,3.34,3.3,3.26,3.1,2.94,2.78,2.62,2.72,2.83,2.94,3.04,2.81,2.57,2.33,2.1,2.25,2.4,2.55,2.7,2.76,2.83,2.9,2.96,2.9,2.84,2.77,2.71,2.69,2.67,2.65,2.64,2.64,2.65,2.65,2.66,2.67,2.69,2.7,2.71,2.51,2.3,2.1,1.89,1.81,1.72,1.64,1.56,1.55,1.53,1.52,1.51,1.51,1.51,1.51,1.51,1.55,1.6,1.64,1.69,1.63,1.57,1.51,1.45,1.5,1.54,1.59,1.64,1.81,1.98,2.15,2.31,2.42,2.52,2.63,2.74,2.63,2.52,2.41,2.3,2.31,2.32,2.34,2.35,2.36,2.36,2.37,2.38,2.34,2.29,2.25,2.21,,
2016-07-06T00:00:00+00:00,1.54,1.63,1.73,1.79,1.86,1.92,1.98,1.96,1.93,1.9,1.88,1.84,1.81,1.78,1.74,1.78,1.82,1.86,1.9,1.86,1.82,1.78,1.74,1.68,1.62,1.56,1.5,1.44,1.39,1.33,1.27,1.26,1.24,1.22,1.2,1.22,1.24,1.25,1.27,1.28,1.3,1.32,1.33,1.32,1.31,1.3,1.28,1.35,1.42,1.49,1.56,1.71,1.87,2.02,2.17,2.33,2.49,2.65,2.81,2.79,2.78,2.76,2.74,2.62,2.49,2.37,2.25,2.31,2.37,2.43,2.49,2.53,2.57,2.61,2.65,2.69,2.73,2.77,2.8,2.8,2.8,2.8,2.8,2.53,2.27,2.01,1.75,1.86,1.97,2.08,2.18,2.0,1.81,1.63,1.44,1.39,1.33,1.28,1.22,1.14,1.06,0.98,0.9,1.08,1.26,1.44,1.62,1.61,1.59,1.57,1.56,1.5,1.45,1.4,1.34,1.2,1.06,0.92,0.78,0.82,0.87,0.92,0.96,1.1,1.25,1.39,1.53,1.54,1.55,1.56,1.57,1.64,1.71,1.78,1.85,1.93,2.0,2.08,2.16,2.1,2.05,1.99,1.93,1.79,1.65,1.52,1.38,1.64,1.89,2.15,2.41,2.32,2.23,2.15,2.06,1.92,1.79,1.65,1.52,1.7,1.88,2.06,2.24,,
2016-07-07T00:00:00+00:00,1.16,1.1,1.04,0.93,0.81,0.7,0.59,0.61,0.63,0.66,0.68,0.81,0.94,1.07,1.19,1.01,0.83,0.65,0.47,0.66,0.85,1.04,1.23,1.35,1.48,1.6,1.73,1.87,2.01,2.15,2.29,2.33,2.37,2.42,2.46,2.51,2.57,2.62,2.68,2.7,2.72,2.74,2.76,2.67,2.57,2.48,2.39,2.33,2.27,2.21,2.15,2.12,2.1,2.07,2.05,2.09,2.13,2.17,2.21,2.1,1.98,1.86,1.74,1.78,1.82,1.86,1.9,1.83,1.77,1.7,1.63,1.66,1.7,1.73,1.77,1.67,1.58,1.49,1.4,1.29,1.18,1.07,0.95,1.11,1.27,1.42,1.58,1.69,1.81,1.92,2.04,2.16,2.29,2.41,2.53,2.22,1.91,1.6,1.28,1.21,1.13,1.06,0.98,0.96,0.93,0.91,0.88,0.73,0.59,0.44,0.29,0.28,0.27,0.25,0.24,0.29,0.34,0.4,0.45,0.82,1.19,1.56,1.94,2.19,2.44,2.7,2.95,3.06,3.17,3.28,3.39,3.43,3.47,3.51,3.55,3.53,3.51,3.5,3.48,3.52,3.57,3.61,3.65,3.57,3.49,3.4,3.32,3.3,3.28,3.26,3.24,3.16,3.09,3.01,2.93,3.25,3.57,3.9,4.22,4.07,3.93,3.78,3.64,,
2016-07-08T00:00:00+00:00,1.56,1.28,0.99,1.01,1.03,1.05,1.07,1.07,1.07,1.08,1.08,0.91,0.74,0.57,0.4,0.66,0.92,1.18,1.44,1.57,1.7,1.83,1.96,2.05,2.14,2.23,2.32,2.59,2.85,3.11,3.38,3.56,3.74,3.92,4.1,4.12,4.15,4.17,4.2,4.27,4.35,4.43,4.51,4.71,4.92,5.12,5.32,5.37,5.42,5.47,5.52,5.37,5.21,5.06,4.9,4.88,4.85,4.83,4.8,4.77,4.73,4.7,4.67,4.4,4.13,3.86,3.59,3.36,3.13,2.91,2.68,2.65,2.62,2.59,2.55,2.43,2.3,2.17,2.04,1.97,1.9,1.82,1.75,1.9,2.06,2.21,2.37,2.41,2.46,2.51,2.55,2.33,2.12,1.9,1.68,1.56,1.43,1.3,1.18,1.32,1.46,1.61,1.75,1.64,1.53,1.41,1.3,1.18,1.07,0.95,0.83,0.98,1.13,1.28,1.43,1.26,1.1,0.93,0.77,0.8,0.83,0.86,0.89,0.97,1.05,1.13,1.21,1.31,1.42,1.52,1.62,1.93,2.24,2.54,2.85,2.61,2.38,2.15,1.92,2.17,2.42,2.68,2.93,2.82,2.71,2.6,2.49,2.59,2.68,2.78,2.88,2.89,2.91,2.93,2.94,2.9,2.85,2.8,2.75,2.69,2.63,2.58,2.52,,
2016-07-09T00:00:00+00:00,1.44,1.71,1.98,2.06,2.14,2.23,2.31,2.18,2.06,1.93,1.8,1.71,1.61,1.52,1.43,1.45,1.47,1.5,1.52,1.48,1.43,1.39,1.35,1.31,1.27,1.24,1.2,1.28,1.36,1.44,1.52,1.8,2.08,2.36,2.64,2.63,2.61,2.6,2.58,2.68,2.78,2.88,2.98,2.97,2.96,2.95,2.93,2.89,2.85,2.81,2.77,2.71,2.66,2.6,2.55,2.54,2.54,2.53,2.52,2.55,2.58,2.61,2.64,2.65,2.65,2.65,2.66,2.73,2.8,2.87,2.94,2.83,2.72,2.61,2.5,2.43,2.36,2.29,2.22,2.16,2.09,2.03,1.96,1.96,1.95,1.94,1.93,1.78,1.63,1.48,1.33,1.16,0.98,0.81,0.63,0.78,0.94,1.09,1.25,1.37,1.49,1.61,1.73,1.69,1.66,1.62,1.58,1.7,1.82,1.94,2.06,1.9,1.75,1.59,1.44,1.46,1.49,1.52,1.55,1.77,1.99,2.22,2.44,2.52,2.6,2.68,2.76,2.94,3.13,3.31,3.5,3.7,3.91,4.12,4.33,4.37,4.42,4.46,4.51,4.56,4.62,4.67,4.73,4.76,4.79,4.82,4.85,4.92,4.99,5.06,5.12,5.18,5.24,5.3,5.36,5.2,5.03,4.87,4.7,4.39,4.07,3.75,3.43,,
2016-07-10T00:00:00+00:00,1.95,1.87,1.79,1.75,1.72,1.68,1.64,1.68,1.72,1.76,1.8,1.71,1.62,1.53,1.44,1.59,1.74,1.89,2.04,1.99,1.95,1.91,1.87,2.0,2.14,2.27,2.41,2.47,2.53,2.59,2.65,2.87,3.08,3.29,3.51,3.71,3.91,4.1,4.3,4.42,4.53,4.65,4.76,4.87,4.98,5.08,5.19,5.2,5.21,5.22,5.23,5.24,5.25,5.25,5.26,5.38,5.5,5.62,5.73,5.49,5.25,5.01,4.77,4.52,4.27,4.01,3.76,3.63,3.5,3.37,3.24,3.47,3.71,3.95,4.19,3.92,3.66,3.39,3.13,2.72,2.32,1.92,1.51,1.75,1.98,2.22,2.46,2.77,3.09,3.41,3.73,3.76,3.79,3.83,3.86,3.88,3.9,3.92,3.94,3.97,4.0,4.03,4.06,3.98,3.9,3.82,3.74,3.75,3.76,3.77,3.78,3.87,3.95,4.04,4.13,4.05,3.98,3.9,3.83,3.88,3.93,3.98,4.04,4.03,4.02,4.02,4.01,4.17,4.33,4.49,4.65,4.9,5.15,5.39,5.64,5.58,5.53,5.47,5.41,5.29,5.17,5.05,4.93,4.89,4.84,4.8,4.75,4.68,4.61,4.54,4.47,4.39,4.32,4.25,4.17,4.27,4.36,4.45,4.55,4.33,4.11,3.89,3.67,,
2016-07-11T00:00:00+00:00,3.85,4.06,4.28,4.26,4.25,4.23,4.22,4.08,3.94,3.8,3.66,3.56,3.46,3.35,3.25,3.42,3.59,3.75,3.92,4.1,4.28,4.46,4.64,4.64,4.63,4.62,4.62,4.63,4.64,4.65,4.67,4.63,4.6,4.56,4.53,4.52,4.51,4.49,4.48,4.43,4.39,4.34,4.3,4.36,4.43,4.5,4.56,4.62,4.68,4.75,4.81,4.72,4.62,4.53,4.44,4.45,4.46,4.48,4.49,4.41,4.33,4.26,4.18,4.13,4.09,4.04,3.99,3.9,3.82,3.73,3.64,3.44,3.24,3.04,2.84,2.7,2.56,2.41,2.27,2.32,2.38,2.43,2.49,2.19,1.9,1.6,1.3,1.47,1.63,1.8,1.97,2.23,2.49,2.75,3.01,3.1,3.19,3.28,3.38,3.32,3.27,3.22,3.16,3.26,3.36,3.46,3.55,3.54,3.54,3.53,3.52,3.51,3.5,3.49,3.47,3.47,3.47,3.46,3.46,3.69,3.93,4.17,4.41,4.46,4.51,4.57,4.62,4.59,4.57,4.54,4.51,4.56,4.6,4.65,4.69,4.63,4.56,4.5,4.43,4.47,4.5,4.53,4.57,4.61,4.64,4.68,4.72,4.23,3.73,3.23,2.74,2.79,2.85,2.91,2.96,2.99,3.02,3.05,3.08,3.34,3.6,3.85,4.11,,
2016-07-12T00:00:00+00:00,3.42,3.46,3.5,3.48,3.46,3.44,3.42,3.43,3.44,3.44,3.45,3.45,3.44,3.43,3.43,3.43,3.43,3.43,3.43,3.23,3.03,2.83,2.63,2.7,2.78,2.85,2.92,3.12,3.32,3.51,3.71,3.79,3.88,3.96,4.04,4.05,4.06,4.06,4.07,4.13,4.19,4.25,4.31,4.46,4.62,4.77,4.93,4.64,4.34,4.05,3.76,3.55,3.34,3.13,2.92,2.74,2.55,2.37,2.18,2.11,2.04,1.96,1.89,1.62,1.36,1.1,0.83,1.08,1.34,1.59,1.84,1.9,1.96,2.03,2.09,2.16,2.23,2.31,2.38,2.79,3.21,3.62,4.03,3.79,3.56,3.32,3.09,3.02,2.94,2.87,2.8,2.78,2.75,2.73,2.71,2.77,2.82,2.88,2.94,3.06,3.18,3.31,3.43,3.44,3.45,3.46,3.47,3.49,3.51,3.54,3.56,3.55,3.55,3.54,3.54,3.54,3.54,3.54,3.55,3.87,4.19,4.5,4.82,4.72,4.62,4.53,4.43,4.59,4.75,4.92,5.08,5.09,5.1,5.12,5.13,5.05,4.97,4.89,4.81,4.43,4.05,3.66,3.28,3.29,3.3,3.31,3.32,4.18,5.05,5.91,6.77,5.9,5.03,4.16,3.29,3.55,3.82,4.08,4.34,4.33,4.33,4.32,4.31,,
2016-07-13T00:00:00+00:00,2.6,2.65,2.7,2.63,2.55,2.48,2.41,2.53,2.65,2.77,2.89,2.94,2.99,3.05,3.1,3.04,2.99,2.93,2.87,2.93,2.99,3.05,3.11,3.24,3.37,3.5,3.63,3.79,3.94,4.09,4.24,4.21,4.17,4.13,4.09,4.15,4.22,4.28,4.34,4.26,4.17,4.09,4.0,3.9,3.8,3.7,3.59,3.71,3.82,3.94,4.06,4.01,3.96,3.92,3.87,3.86,3.86,3.85,3.84,3.91,3.98,4.05,4.12,4.12,4.11,4.11,4.1,4.05,4.0,3.95,3.9,3.71,3.51,3.32,3.13,3.03,2.93,2.83,2.73,2.69,2.65,2.61,2.57,2.5,2.44,2.37,2.31,2.4,2.49,2.58,2.67,2.71,2.75,2.8,2.84,2.83,2.82,2.81,2.8,2.82,2.84,2.86,2.88,2.96,3.04,3.12,3.2,3.24,3.29,3.34,3.39,3.47,3.56,3.65,3.74,3.59,3.44,3.28,3.13,3.0,2.88,2.75,2.62,2.74,2.87,2.99,3.11,3.19,3.27,3.34,3.42,3.6,3.78,3.96,4.14,4.09,4.05,4.0,3.96,3.94,3.93,3.92,3.9,4.0,4.1,4.2,4.29,4.2,4.1,4.01,3.91,3.89,3.86,3.84,3.81,3.71,3.6,3.49,3.39,3.33,3.28,3.22,3.16,,
2016-07-14T00:00:00+00:00,2.86,3.0,3.15,3.18,3.21,3.24,3.27,3.29,3.3,3.31,3.32,3.22,3.13,3.04,2.94,2.95,2.97,2.98,2.99,3.03,3.07,3.11,3.15,3.17,3.19,3.21,3.23,3.2,3.17,3.14,3.11,3.08,3.05,3.02,2.99,3.14,3.28,3.43,3.57,3.55,3.53,3.51,3.49,3.09,2.7,2.3,1.91,2.21,2.52,2.82,3.13,3.53,3.93,4.32,4.72,4.48,4.24,4.0,3.76,3.8,3.84,3.88,3.92,3.9,3.88,3.86,3.85,3.67,3.5,3.32,3.15,3.13,3.11,3.1,3.08,2.99,2.91,2.83,2.74,2.63,2.52,2.41,2.3,2.3,2.31,2.31,2.32,2.45,2.59,2.72,2.86,2.77,2.68,2.6,2.51,2.33,2.15,1.96,1.78,1.81,1.84,1.87,1.9,1.9,1.9,1.9,1.9,1.79,1.68,1.57,1.46,1.36,1.25,1.15,1.04,1.06,1.08,1.1,1.12,1.11,1.11,1.1,1.09,1.14,1.18,1.23,1.28,1.34,1.4,1.46,1.53,1.54,1.56,1.58,1.6,1.65,1.7,1.75,1.81,1.93,2.05,2.17,2.29,2.24,2.19,2.14,2.1,2.14,2.18,2.23,2.27,2.28,2.3,2.31,2.33,2.34,2.34,2.35,2.36,2.35,2.34,2.33,2.32,,
2016-07-15T00:00:00+00:00,1.82,1.89,1.95,1.92,1.89,1.87,1.84,1.87,1.9,1.93,1.96,1.98,1.99,2.01,2.03,1.97,1.92,1.86,1.8,1.79,1.78,1.76,1.75,1.84,1.94,2.03,2.12,2.11,2.1,2.09,2.08,2.04,2.0,1.95,1.91,1.89,1.87,1.84,1.82,1.84,1.85,1.87,1.89,2.01,2.13,2.25,2.37,2.35,2.33,2.31,2.29,2.31,2.33,2.36,2.38,2.47,2.55,2.63,2.71,2.56,2.4,2.25,2.09,2.16,2.22,2.28,2.35,2.24,2.13,2.02,1.91,1.85,1.78,1.71,1.64,2.05,2.45,2.86,3.26,3.39,3.51,3.63,3.76,3.62,3.48,3.34,3.19,3.07,2.94,2.81,2.68,2.61,2.53,2.46,2.38,2.31,2.24,2.16,2.09,1.85,1.6,1.35,1.11,1.21,1.31,1.41,1.51,1.55,1.6,1.64,1.69,1.74,1.79,1.84,1.89,1.77,1.65,1.54,1.42,1.39,1.36,1.32,1.29,1.25,1.21,1.16,1.12,1.16,1.2,1.24,1.28,1.31,1.35,1.38,1.41,1.43,1.45,1.47,1.49,1.4,1.31,1.22,1.13,1.32,1.51,1.69,1.88,1.91,1.94,1.98,2.01,1.94,1.88,1.82,1.75,1.89,2.03,2.17,2.3,2.35,2.39,2.44,2.48,,
2016-07-16T00:00:00+00:00,1.49,1.51,1.54,1.42,1.3,1.18,1.06,1.1,1.13,1.17,1.2,1.23,1.25,1.27,1.29,1.25,1.21,1.17,1.12,1.11,1.09,1.07,1.06,1.05,1.04,1.03,1.02,1.04,1.07,1.09,1.12,1.13,1.13,1.14,1.15,1.08,1.0,0.92,0.85,0.95,1.06,1.16,1.27,1.32,1.37,1.43,1.48,1.51,1.55,1.58,1.62,1.61,1.6,1.59,1.59,1.61,1.64,1.67,1.7,1.69,1.69,1.68,1.67,1.75,1.84,1.92,2.0,1.99,1.97,1.96,1.94,2.08,2.22,2.36,2.5,2.21,1.93,1.64,1.35,1.61,1.88,2.14,2.4,2.25,2.1,1.95,1.8,1.87,1.94,2.01,2.09,1.95,1.81,1.67,1.52,1.54,1.55,1.56,1.57,1.56,1.55,1.55,1.54,1.44,1.33,1.22,1.11,1.13,1.14,1.15,1.17,1.13,1.1,1.06,1.03,1.05,1.07,1.1,1.12,1.17,1.23,1.28,1.33,1.32,1.32,1.31,1.3,1.3,1.3,1.3,1.3,1.34,1.38,1.42,1.46,1.46,1.46,1.45,1.45,1.46,1.48,1.49,1.51,1.59,1.67,1.74,1.82,1.96,2.1,2.24,2.39,2.4,2.41,2.42,2.44,2.46,2.48,2.5,2.52,2.48,2.43,2.39,2.35,,
2016-07-17T00:00:00+00:00,1.13,1.32,1.51,1.54,1.57,1.59,1.62,1.78,1.93,2.09,2.24,2.16,2.08,2.0,1.91,1.78,1.64,1.5,1.37,1.33,1.3,1.27,1.23,1.25,1.26,1.28,1.29,1.25,1.22,1.18,1.14,1.18,1.22,1.25,1.29,1.39,1.49,1.59,1.7,1.62,1.55,1.48,1.41,1.51,1.61,1.72,1.82,1.82,1.82,1.82,1.82,1.81,1.8,1.79,1.78,1.8,1.82,1.84,1.86,1.99,2.13,2.27,2.4,2.41,2.43,2.44,2.45,2.37,2.3,2.22,2.15,2.01,1.88,1.74,1.6,1.36,1.11,0.86,0.61,0.72,0.83,0.94,1.04,1.35,1.67,1.98,2.29,2.22,2.16,2.1,2.03,1.98,1.93,1.87,1.82,1.87,1.91,1.96,2.01,2.03,2.06,2.08,2.11,2.14,2.17,2.2,2.23,2.22,2.21,2.21,2.2,2.22,2.23,2.24,2.26,2.23,2.2,2.17,2.14,2.12,2.09,2.07,2.05,2.03,2.02,2.0,1.99,1.95,1.9,1.86,1.81,1.77,1.73,1.69,1.65,1.64,1.63,1.62,1.61,1.63,1.66,1.69,1.71,1.8,1.89,1.98,2.07,2.17,2.27,2.37,2.47,2.6,2.74,2.88,3.01,3.05,3.08,3.12,3.16,3.2,3.25,3.3,3.34,,
2016-07-18T00:00:00+00:00,2.19,2.15,2.1,2.11,2.12,2.12,2.13,2.0,1.86,1.73,1.6,1.67,1.74,1.82,1.89,1.9,1.9,1.91,1.92,1.89,1.87,1.85,1.82,1.78,1.74,1.7,1.66,1.65,1.65,1.65,1.64,1.65,1.65,1.65,1.65,1.61,1.56,1.51,1.47,1.44,1.42,1.4,1.38,1.29,1.2,1.11,1.03,1.09,1.16,1.23,1.29,1.25,1.21,1.17,1.13,1.01,0.9,0.78,0.66,0.73,0.79,0.86,0.92,1.44,1.95,2.46,2.97,2.98,3.0,3.01,3.02,3.0,2.97,2.95,2.92,2.97,3.03,3.08,3.13,3.12,3.11,3.1,3.09,3.08,3.07,3.05,3.04,2.74,2.44,2.14,1.85,1.91,1.98,2.04,2.1,2.29,2.47,2.65,2.83,2.85,2.87,2.89,2.91,2.74,2.57,2.4,2.23,2.18,2.13,2.08,2.03,2.02,2.01,2.0,1.99,1.87,1.75,1.63,1.51,1.59,1.66,1.74,1.82,1.87,1.92,1.97,2.02,2.12,2.23,2.33,2.43,2.47,2.52,2.57,2.61,2.59,2.57,2.54,2.52,2.46,2.4,2.34,2.28,2.28,2.28,2.28,2.28,2.39,2.5,2.61,2.73,2.77,2.82,2.87,2.92,2.99,3.06,3.13,3.2,3.28,3.37,3.45,3.53,,
2016-07-19T00:00:00+00:00,1.85,1.99,2.13,2.24,2.35,2.46,2.58,2.54,2.51,2.48,2.45,2.49,2.53,2.57,2.61,2.56,2.52,2.48,2.43,2.37,2.31,2.25,2.19,2.21,2.24,2.26,2.29,2.35,2.42,2.49,2.56,2.67,2.79,2.9,3.02,3.04,3.06,3.08,3.1,3.08,3.05,3.03,3.01,2.98,2.94,2.91,2.88,2.85,2.82,2.8,2.77,2.8,2.83,2.86,2.9,3.08,3.26,3.44,3.62,3.63,3.64,3.65,3.66,3.58,3.51,3.43,3.36,3.39,3.42,3.44,3.47,3.35,3.23,3.11,2.99,3.03,3.07,3.11,3.15,3.29,3.42,3.56,3.69,3.63,3.58,3.52,3.47,3.48,3.49,3.51,3.52,3.37,3.22,3.07,2.91,2.77,2.62,2.48,2.33,2.26,2.18,2.11,2.03,2.1,2.18,2.25,2.32,2.27,2.22,2.17,2.12,2.13,2.15,2.17,2.19,2.19,2.2,2.2,2.21,2.18,2.15,2.13,2.1,2.51,2.92,3.33,3.73,3.05,2.37,1.69,1.01,1.66,2.31,2.95,3.6,3.33,3.06,2.78,2.51,2.64,2.78,2.91,3.04,3.49,3.95,4.4,4.86,4.63,4.41,4.18,3.96,3.76,3.57,3.37,3.18,2.89,2.61,2.32,2.03,1.65,1.27,0.89,0.51,,
2016-07-20T00:00:00+00:00,2.7,2.74,2.79,2.69,2.59,2.49,2.39,2.34,2.29,2.24,2.19,2.13,2.08,2.03,1.97,1.86,1.74,1.62,1.51,1.64,1.78,1.92,2.05,2.02,1.98,1.95,1.91,2.01,2.12,2.22,2.32,2.54,2.76,2.99,3.21,3.21,3.22,3.23,3.24,3.39,3.54,3.69,3.84,3.91,3.98,4.04,4.11,4.15,4.19,4.23,4.26,4.06,3.85,3.65,3.45,3.0,2.56,2.12,1.68,1.94,2.21,2.47,2.74,2.88,3.03,3.17,3.32,2.78,2.25,1.71,1.18,1.4,1.62,1.84,2.06,2.11,2.17,2.23,2.28,2.24,2.21,2.17,2.13,1.82,1.51,1.21,0.9,0.9,0.9,0.9,0.9,1.15,1.4,1.66,1.91,2.26,2.61,2.97,3.32,3.28,3.25,3.21,3.18,3.22,3.27,3.32,3.36,3.28,3.2,3.12,3.04,3.0,2.97,2.94,2.9,2.63,2.35,2.08,1.8,1.72,1.63,1.55,1.47,1.52,1.56,1.61,1.66,1.69,1.72,1.75,1.77,1.83,1.88,1.93,1.99,2.03,2.06,2.1,2.14,2.09,2.04,1.99,1.94,1.89,1.83,1.78,1.73,1.71,1.69,1.67,1.65,1.47,1.29,1.12,0.94,1.0,1.05,1.11,1.17,1.2,1.23,1.27,1.3,,
2016-07-21T00:00:00+00:00,2.23,2.29,2.34,2.44,2.55,2.65,2.75,2.56,2.37,2.17,1.98,1.85,1.73,1.61,1.49,1.58,1.66,1.75,1.83,1.93,2.03,2.13,2.23,2.14,2.04,1.94,1.84,1.83,1.82,1.82,1.81,1.92,2.03,2.14,2.26,2.26,2.26,2.26,2.27,2.21,2.15,2.09,2.03,1.91,1.79,1.67,1.55,1.53,1.51,1.49,1.47,1.56,1.65,1.75,1.84,1.81,1.77,1.73,1.7,1.69,1.68,1.67,1.65,1.44,1.23,1.02,0.8,0.85,0.9,0.95,1.0,1.03,1.06,1.09,1.13,1.41,1.69,1.97,2.25,2.73,3.22,3.7,4.19,3.94,3.69,3.44,3.19,3.11,3.04,2.97,2.9,2.84,2.78,2.72,2.66,2.51,2.36,2.21,2.05,2.06,2.06,2.06,2.06,2.06,2.06,2.06,2.06,1.92,1.77,1.62,1.47,1.58,1.69,1.8,1.9,1.85,1.8,1.75,1.7,1.81,1.93,2.05,2.17,2.27,2.37,2.47,2.56,2.6,2.64,2.68,2.72,2.64,2.55,2.46,2.38,2.59,2.8,3.01,3.22,3.18,3.14,3.1,3.06,3.14,3.21,3.29,3.36,3.55,3.74,3.92,4.11,3.91,3.7,3.5,3.3,3.68,4.06,4.44,4.82,4.35,3.88,3.41,2.94,,
2016-07-22T00:00:00+00:00,1.87,1.76,1.65,1.64,1.63,1.63,1.62,1.62,1.62,1.62,1.62,1.7,1.78,1.87,1.95,1.94,1.92,1.91,1.9,1.88,1.86,1.84,1.82,1.89,1.96,2.03,2.1,2.13,2.17,2.2,2.23,2.25,2.28,2.3,2.33,2.33,2.33,2.34,2.34,2.41,2.47,2.54,2.6,2.63,2.66,2.69,2.72,2.64,2.55,2.47,2.39,2.49,2.6,2.71,2.81,2.95,3.09,3.23,3.37,3.42,3.47,3.52,3.58,3.61,3.65,3.69,3.73,3.71,3.7,3.68,3.67,3.52,3.37,3.22,3.07,3.34,3.61,3.88,4.15,4.17,4.18,4.2,4.22,4.03,3.84,3.65,3.46,3.39,3.32,3.25,3.18,3.06,2.93,2.8,2.67,2.84,3.0,3.17,3.34,3.19,3.04,2.9,2.75,2.7,2.65,2.6,2.55,2.51,2.48,2.44,2.4,2.43,2.45,2.48,2.51,2.56,2.6,2.64,2.69,2.72,2.75,2.79,2.82,2.93,3.04,3.16,3.27,3.37,3.46,3.56,3.66,3.67,3.68,3.7,3.71,3.74,3.77,3.8,3.83,3.74,3.65,3.56,3.47,3.37,3.27,3.16,3.06,3.09,3.12,3.14,3.17,3.16,3.15,3.14,3.14,3.09,3.04,2.99,2.95,3.09,3.24,3.39,3.53,,
2016-07-23T00:00:00+00:00,3.28,3.26,3.24,3.06,2.87,2.69,2.5,2.44,2.38,2.32,2.26,2.49,2.72,2.95,3.18,3.09,3.0,2.9,2.81,2.86,2.9,2.95,3.0,3.08,3.16,3.23,3.31,3.29,3.26,3.24,3.22,3.26,3.3,3.34,3.38,3.4,3.42,3.44,3.45,3.55,3.64,3.74,3.83,3.83,3.83,3.82,3.82,3.84,3.86,3.87,3.89,3.82,3.75,3.68,3.62,3.52,3.43,3.34,3.25,3.2,3.16,3.12,3.07,2.93,2.78,2.63,2.49,2.55,2.62,2.69,2.76,3.07,3.38,3.7,4.01,4.07,4.14,4.2,4.26,4.1,3.94,3.78,3.62,3.49,3.35,3.21,3.07,3.0,2.92,2.85,2.78,2.58,2.39,2.2,2.01,1.82,1.64,1.45,1.27,1.27,1.28,1.28,1.29,1.29,1.29,1.29,1.29,1.59,1.89,2.18,2.48,2.3,2.11,1.93,1.75,1.59,1.43,1.27,1.11,1.01,0.91,0.82,0.72,0.59,0.45,0.32,0.19,0.52,0.86,1.19,1.53,1.74,1.96,2.18,2.4,2.62,2.84,3.06,3.28,3.27,3.27,3.27,3.26,3.39,3.52,3.65,3.77,3.68,3.59,3.49,3.4,3.1,2.8,2.5,2.2,2.31,2.43,2.55,2.67,2.44,2.22,1.99,1.76,,
2016-07-24T00:00:00+00:00,1.39,1.21,1.03,1.01,0.99,0.97,0.94,1.01,1.07,1.14,1.2,1.14,1.08,1.02,0.96,0.92,0.88,0.83,0.79,0.72,0.66,0.59,0.53,0.5,0.47,0.44,0.42,0.57,0.73,0.89,1.05,1.23,1.4,1.58,1.76,1.9,2.04,2.18,2.32,2.33,2.34,2.35,2.36,2.38,2.41,2.43,2.45,2.34,2.23,2.11,2.0,1.96,1.92,1.88,1.84,1.98,2.12,2.25,2.39,2.34,2.3,2.25,2.2,2.14,2.08,2.02,1.96,1.83,1.7,1.57,1.44,1.45,1.46,1.47,1.49,1.49,1.49,1.5,1.5,1.84,2.17,2.5,2.84,2.82,2.8,2.78,2.76,2.74,2.72,2.7,2.68,2.57,2.47,2.36,2.25,2.12,1.98,1.84,1.7,1.61,1.52,1.42,1.33,1.45,1.58,1.7,1.82,2.0,2.18,2.36,2.54,2.36,2.19,2.01,1.84,2.06,2.28,2.5,2.72,2.56,2.41,2.25,2.1,2.2,2.3,2.4,2.5,2.32,2.13,1.94,1.76,1.85,1.94,2.03,2.13,2.08,2.04,1.99,1.95,2.12,2.3,2.47,2.65,2.65,2.66,2.67,2.68,2.63,2.59,2.54,2.49,2.64,2.78,2.93,3.07,2.96,2.85,2.74,2.63,2.51,2.39,2.28,2.16,,
2016-07-25T00:00:00+00:00,0.87,0.98,1.08,1.12,1.16,1.2,1.24,1.28,1.32,1.36,1.39,1.39,1.39,1.38,1.38,1.38,1.38,1.38,1.38,1.51,1.64,1.77,1.9,1.85,1.79,1.74,1.69,1.51,1.34,1.17,1.0,0.92,0.84,0.76,0.69,0.79,0.9,1.0,1.11,1.48,1.85,2.22,2.59,2.33,2.07,1.82,1.56,1.8,2.04,2.28,2.52,2.6,2.68,2.76,2.84,2.73,2.63,2.52,2.42,2.32,2.22,2.12,2.02,2.24,2.45,2.67,2.89,3.03,3.17,3.32,3.46,3.31,3.16,3.01,2.86,2.96,3.06,3.16,3.26,3.3,3.33,3.37,3.41,3.38,3.35,3.33,3.3,3.25,3.21,3.16,3.11,3.08,3.04,3.0,2.96,2.86,2.77,2.67,2.57,2.45,2.33,2.2,2.08,2.18,2.27,2.36,2.45,2.48,2.51,2.54,2.56,2.53,2.49,2.46,2.42,2.44,2.45,2.47,2.48,2.42,2.35,2.28,2.22,2.22,2.22,2.22,2.22,2.22,2.23,2.23,2.24,2.23,2.22,2.21,2.2,2.24,2.28,2.32,2.36,2.38,2.4,2.42,2.45,2.43,2.41,2.39,2.37,2.33,2.3,2.26,2.23,2.3,2.37,2.45,2.52,2.49,2.47,2.44,2.41,2.38,2.35,2.31,2.28,,
2016-07-26T00:00:00+00:00,2.29,1.96,1.62,1.61,1.61,1.6,1.6,1.77,1.93,2.1,2.27,2.26,2.25,2.24,2.23,2.22,2.22,2.22,2.22,2.29,2.36,2.43,2.5,2.43,2.37,2.31,2.25,2.3,2.35,2.4,2.44,2.46,2.47,2.48,2.49,2.55,2.6,2.66,2.72,2.7,2.68,2.66,2.65,2.64,2.64,2.63,2.63,2.69,2.75,2.82,2.88,2.9,2.91,2.93,2.95,2.93,2.91,2.9,2.88,2.8,2.73,2.65,2.58,2.61,2.63,2.66,2.69,2.75,2.81,2.87,2.93,2.94,2.95,2.95,2.96,2.81,2.66,2.5,2.35,2.29,2.23,2.17,2.11,2.08,2.06,2.03,2.01,2.02,2.02,2.03,2.04,1.92,1.8,1.67,1.55,1.45,1.35,1.24,1.14,1.08,1.02,0.96,0.9,1.02,1.15,1.27,1.4,1.39,1.38,1.37,1.36,1.19,1.03,0.87,0.71,0.88,1.05,1.22,1.38,1.54,1.7,1.86,2.02,1.93,1.85,1.77,1.68,1.88,2.07,2.27,2.47,2.63,2.8,2.96,3.12,3.24,3.35,3.47,3.58,3.65,3.72,3.79,3.85,3.78,3.71,3.64,3.57,3.47,3.38,3.28,3.18,3.19,3.19,3.19,3.2,3.12,3.04,2.96,2.88,2.87,2.85,2.84,2.82,,
2016-07-27T00:00:00+00:00,0.9,0.87,0.83,0.8,0.77,0.74,0.71,0.85,0.98,1.11,1.24,1.3,1.35,1.4,1.45,1.49,1.52,1.55,1.59,1.57,1.56,1.55,1.53,1.57,1.62,1.66,1.7,1.82,1.94,2.06,2.18,2.33,2.48,2.62,2.77,2.79,2.82,2.85,2.88,2.88,2.89,2.9,2.91,3.01,3.11,3.21,3.31,3.24,3.16,3.09,3.02,3.08,3.14,3.2,3.26,3.17,3.08,2.99,2.9,3.09,3.28,3.46,3.65,3.64,3.63,3.63,3.62,3.39,3.16,2.93,2.7,2.48,2.25,2.02,1.79,1.75,1.71,1.66,1.62,1.85,2.09,2.32,2.55,2.35,2.14,1.94,1.73,1.5,1.28,1.05,0.83,0.96,1.08,1.21,1.34,1.33,1.33,1.32,1.31,1.46,1.61,1.75,1.9,2.06,2.21,2.37,2.52,2.48,2.44,2.4,2.36,2.39,2.42,2.45,2.47,2.49,2.5,2.52,2.53,2.58,2.62,2.67,2.71,2.66,2.62,2.57,2.52,2.55,2.58,2.61,2.64,2.82,3.0,3.18,3.36,3.71,4.06,4.4,4.75,4.91,5.06,5.22,5.37,5.24,5.11,4.98,4.85,4.78,4.72,4.66,4.59,4.54,4.48,4.42,4.37,4.31,4.25,4.19,4.14,4.09,4.05,4.0,3.96,,
2016-07-28T00:00:00+00:00,1.75,1.73,1.72,1.71,1.7,1.68,1.67,1.69,1.72,1.74,1.76,1.94,2.13,2.31,2.49,2.55,2.62,2.68,2.74,2.67,2.61,2.55,2.48,2.49,2.5,2.51,2.51,2.92,3.33,3.74,4.14,4.07,3.99,3.91,3.84,3.94,4.05,4.15,4.25,4.36,4.46,4.57,4.68,4.66,4.64,4.62,4.61,4.43,4.26,4.09,3.92,3.94,3.96,3.97,3.99,4.01,4.04,4.06,4.09,4.0,3.91,3.82,3.73,4.0,4.26,4.52,4.78,4.58,4.39,4.19,3.99,3.55,3.12,2.68,2.24,2.06,1.87,1.69,1.5,1.75,1.99,2.24,2.48,2.71,2.93,3.16,3.38,3.64,3.89,4.14,4.4,4.32,4.24,4.16,4.08,4.07,4.06,4.05,4.04,4.03,4.03,4.02,4.02,4.19,4.36,4.53,4.69,4.4,4.12,3.83,3.54,3.08,2.62,2.17,1.71,1.82,1.92,2.02,2.13,2.09,2.06,2.03,1.99,2.14,2.29,2.44,2.59,2.8,3.02,3.23,3.45,3.73,4.01,4.3,4.58,4.38,4.18,3.97,3.77,3.73,3.69,3.64,3.6,3.55,3.49,3.44,3.38,3.29,3.19,3.09,2.99,3.0,3.01,3.02,3.03,3.21,3.4,3.59,3.78,3.42,3.07,2.72,2.36,,
2016-07-29T00:00:00+00:00,3.62,3.68,3.74,3.76,3.78,3.8,3.82,3.62,3.43,3.23,3.03,2.98,2.94,2.9,2.85,2.96,3.08,3.19,3.3,3.22,3.14,3.06,2.99,3.18,3.37,3.56,3.75,3.8,3.85,3.91,3.96,4.24,4.52,4.8,5.08,4.93,4.78,4.63,4.48,4.6,4.72,4.85,4.97,5.08,5.19,5.3,5.41,5.17,4.93,4.69,4.44,4.24,4.03,3.82,3.62,3.34,3.07,2.79,2.52,2.84,3.16,3.49,3.81,3.71,3.62,3.52,3.42,3.16,2.89,2.62,2.36,2.15,1.94,1.73,1.52,1.58,1.64,1.7,1.76,1.64,1.52,1.4,1.28,1.33,1.38,1.43,1.47,1.4,1.33,1.26,1.19,1.13,1.07,1.02,0.96,0.84,0.71,0.59,0.46,0.53,0.6,0.67,0.74,0.88,1.01,1.15,1.29,1.39,1.5,1.61,1.71,1.54,1.36,1.18,1.01,1.06,1.11,1.16,1.21,1.36,1.51,1.66,1.81,1.59,1.37,1.15,0.93,0.9,0.87,0.84,0.81,1.04,1.26,1.49,1.72,1.73,1.73,1.74,1.75,1.88,2.02,2.15,2.28,2.59,2.91,3.22,3.54,3.43,3.33,3.22,3.12,2.92,2.73,2.53,2.34,2.18,2.03,1.87,1.72,1.52,1.33,1.14,0.95,,
2016-07-30T00:00:00+00:00,1.36,1.17,0.98,1.02,1.05,1.08,1.12,1.26,1.4,1.54,1.68,1.81,1.94,2.07,2.2,2.1,2.01,1.91,1.82,1.79,1.76,1.72,1.69,1.81,1.94,2.06,2.18,2.21,2.24,2.26,2.29,2.38,2.47,2.57,2.66,2.7,2.73,2.77,2.81,2.85,2.89,2.93,2.97,2.97,2.97,2.97,2.96,2.92,2.87,2.83,2.78,2.87,2.96,3.04,3.13,3.0,2.87,2.74,2.6,2.64,2.67,2.7,2.73,2.94,3.14,3.34,3.55,3.36,3.18,3.0,2.82,2.83,2.85,2.87,2.89,2.65,2.41,2.17,1.93,1.84,1.75,1.66,1.56,1.76,1.96,2.15,2.35,2.15,1.95,1.75,1.55,1.49,1.43,1.37,1.31,1.36,1.41,1.46,1.51,1.71,1.92,2.13,2.34,2.3,2.25,2.21,2.17,2.01,1.85,1.69,1.54,1.64,1.74,1.84,1.94,1.96,1.97,1.98,2.0,2.26,2.52,2.78,3.04,3.11,3.19,3.26,3.33,3.35,3.36,3.38,3.4,3.52,3.64,3.76,3.88,4.0,4.13,4.25,4.37,5.27,6.16,7.05,7.94,7.0,6.05,5.11,4.17,4.35,4.53,4.71,4.89,4.93,4.97,5.0,5.04,4.82,4.6,4.38,4.16,3.91,3.67,3.42,3.17,,
2016-07-31T00:00:00+00:00,1.01,1.01,1.02,1.01,0.99,0.98,0.97,1.17,1.36,1.56,1.76,1.83,1.91,1.98,2.06,1.93,1.8,1.67,1.54,1.51,1.49,1.47,1.45,1.59,1.72,1.86,2.0,2.13,2.27,2.41,2.54,2.68,2.81,2.95,3.09,3.08,3.08,3.08,3.08,3.11,3.13,3.16,3.18,3.24,3.3,3.36,3.42,3.67,3.92,4.16,4.41,4.12,3.82,3.53,3.23,3.02,2.8,2.58,2.37,2.6,2.84,3.07,3.31,3.3,3.3,3.29,3.29,3.07,2.84,2.62,2.4,2.28,2.16,2.04,1.91,1.74,1.56,1.38,1.2,1.18,1.16,1.14,1.12,1.04,0.95,0.87,0.78,1.09,1.4,1.7,2.01,2.04,2.06,2.09,2.12,2.14,2.16,2.17,2.19,1.99,1.79,1.59,1.4,1.58,1.77,1.96,2.15,2.06,1.96,1.87,1.77,1.67,1.57,1.47,1.37,1.59,1.8,2.02,2.23,2.26,2.28,2.31,2.33,2.37,2.4,2.44,2.47,2.67,2.86,3.06,3.25,3.21,3.17,3.13,3.09,3.15,3.2,3.26,3.31,3.36,3.41,3.46,3.51,3.55,3.6,3.64,3.68,3.74,3.79,3.85,3.91,3.77,3.64,3.5,3.37,3.22,3.06,2.91,2.76,2.6,2.44,2.28,2.12,,
2016-08-01T00:00:00+00:00,2.16,2.3,2.44,2.32,2.19,2.07,1.94,1.8,1.67,1.53,1.39,1.51,1.63,1.74,1.86,1.83,1.8,1.77,1.74,1.66,1.59,1.51,1.43,1.48,1.52,1.57,1.61,1.61,1.6,1.59,1.58,1.62,1.67,1.71,1.75,1.81,1.86,1.91,1.97,2.0,2.03,2.06,2.09,2.07,2.05,2.03,2.01,2.09,2.16,2.24,2.31,2.41,2.51,2.6,2.7,2.62,2.54,2.47,2.39,2.27,2.15,2.03,1.91,1.84,1.77,1.7,1.63,1.71,1.78,1.86,1.93,1.99,2.04,2.1,2.15,2.07,2.0,1.92,1.84,2.05,2.26,2.47,2.68,2.23,1.78,1.33,0.88,1.02,1.15,1.28,1.41,1.87,2.32,2.77,3.23,3.34,3.46,3.58,3.69,3.85,4.0,4.15,4.31,4.3,4.3,4.29,4.29,4.28,4.27,4.27,4.26,4.29,4.32,4.36,4.39,4.38,4.38,4.38,4.37,4.47,4.56,4.66,4.76,4.81,4.86,4.91,4.97,4.94,4.91,4.88,4.85,4.75,4.66,4.56,4.47,4.59,4.71,4.83,4.94,4.97,4.99,5.01,5.03,4.57,4.11,3.64,3.18,3.25,3.32,3.39,3.46,3.38,3.31,3.23,3.16,3.33,3.5,3.68,3.85,3.75,3.65,3.55,3.45,,
2016-08-02T00:00:00+00:00,4.42,4.41,4.39,4.34,4.29,4.24,4.19,4.04,3.89,3.74,3.6,3.64,3.69,3.74,3.78,3.88,3.98,4.08,4.18,4.26,4.33,4.41,4.48,4.6,4.71,4.83,4.95,5.16,5.38,5.6,5.82,5.87,5.91,5.96,6.0,5.95,5.9,5.85,5.8,5.88,5.96,6.04,6.12,5.92,5.73,5.53,5.33,5.54,5.75,5.95,6.16,6.06,5.96,5.86,5.76,5.73,5.69,5.65,5.61,4.9,4.2,3.5,2.79,2.77,2.75,2.73,2.71,2.76,2.82,2.87,2.92,3.24,3.55,3.87,4.18,4.31,4.44,4.56,4.69,4.63,4.57,4.51,4.46,4.39,4.32,4.25,4.19,4.16,4.14,4.12,4.09,4.08,4.06,4.04,4.03,4.01,3.99,3.98,3.96,3.88,3.79,3.71,3.62,3.74,3.86,3.98,4.09,4.21,4.32,4.43,4.54,4.56,4.58,4.6,4.62,4.62,4.63,4.64,4.65,4.71,4.77,4.83,4.9,4.85,4.81,4.76,4.72,4.66,4.61,4.55,4.5,4.59,4.68,4.77,4.86,4.86,4.86,4.86,4.85,4.91,4.96,5.01,5.07,5.06,5.06,5.06,5.06,5.09,5.12,5.15,5.19,5.12,5.06,5.0,4.94,4.82,4.7,4.59,4.47,4.41,4.35,4.29,4.22,,
2016-08-03T00:00:00+00:00,3.36,3.44,3.52,3.58,3.64,3.7,3.75,3.87,3.98,4.09,4.2,4.19,4.17,4.15,4.13,4.21,4.29,4.37,4.46,4.43,4.4,4.37,4.34,4.31,4.29,4.26,4.24,4.4,4.57,4.74,4.91,4.92,4.93,4.94,4.95,5.04,5.13,5.22,5.31,5.37,5.44,5.51,5.58,5.6,5.62,5.65,5.67,5.67,5.68,5.68,5.68,5.7,5.72,5.75,5.77,5.72,5.68,5.63,5.58,5.48,5.38,5.28,5.18,5.02,4.85,4.68,4.51,4.27,4.02,3.78,3.53,3.41,3.28,3.16,3.03,2.92,2.81,2.69,2.58,2.55,2.52,2.49,2.46,2.66,2.85,3.04,3.23,3.01,2.78,2.55,2.33,2.41,2.5,2.59,2.68,2.68,2.68,2.69,2.69,3.19,3.7,4.21,4.71,4.48,4.25,4.01,3.78,3.62,3.46,3.3,3.13,2.87,2.6,2.34,2.07,2.01,1.95,1.89,1.82,1.85,1.87,1.89,1.92,2.06,2.19,2.33,2.47,2.54,2.6,2.66,2.72,2.84,2.95,3.06,3.18,3.11,3.03,2.96,2.89,2.87,2.85,2.84,2.82,2.7,2.58,2.45,2.33,2.61,2.89,3.17,3.45,3.27,3.09,2.91,2.73,2.87,3.01,3.15,3.29,3.15,3.01,2.87,2.73,,
2016-08-04T00:00:00+00:00,3.19,3.1,3.02,2.73,2.43,2.14,1.85,1.67,1.5,1.32,1.14,1.12,1.1,1.07,1.05,1.4,1.76,2.11,2.46,2.42,2.38,2.34,2.29,2.7,3.11,3.52,3.93,3.88,3.82,3.76,3.7,3.37,3.04,2.7,2.37,2.32,2.28,2.23,2.19,2.41,2.63,2.86,3.08,3.46,3.85,4.23,4.62,4.5,4.39,4.28,4.16,4.14,4.11,4.09,4.06,4.08,4.1,4.12,4.14,4.16,4.17,4.19,4.21,4.09,3.96,3.84,3.72,3.82,3.91,4.01,4.11,3.76,3.41,3.06,2.71,3.0,3.28,3.57,3.85,3.53,3.21,2.89,2.57,2.68,2.78,2.89,3.0,3.15,3.31,3.46,3.62,3.33,3.04,2.75,2.46,2.48,2.49,2.51,2.52,2.73,2.93,3.14,3.35,3.42,3.49,3.55,3.62,3.64,3.66,3.68,3.7,3.61,3.51,3.42,3.32,3.28,3.24,3.2,3.17,3.11,3.06,3.01,2.95,2.98,3.0,3.02,3.04,3.04,3.04,3.04,3.03,3.02,3.01,3.01,3.0,3.01,3.03,3.04,3.06,3.1,3.13,3.17,3.21,3.2,3.18,3.16,3.14,3.23,3.31,3.4,3.48,3.39,3.3,3.21,3.12,3.08,3.03,2.98,2.94,3.13,3.33,3.52,3.71,,
2016-08-05T00:00:00+00:00,3.36,3.27,3.18,3.33,3.49,3.64,3.79,3.65,3.52,3.38,3.24,3.14,3.05,2.96,2.87,2.99,3.1,3.22,3.34,3.3,3.27,3.23,3.2,3.08,2.95,2.83,2.71,2.81,2.92,3.03,3.14,3.13,3.11,3.1,3.09,3.08,3.06,3.04,3.03,3.06,3.08,3.11,3.14,3.09,3.04,2.99,2.94,3.2,3.45,3.71,3.96,3.78,3.59,3.4,3.22,3.21,3.2,3.18,3.17,3.11,3.05,3.0,2.94,2.71,2.48,2.25,2.03,2.2,2.37,2.55,2.72,2.99,3.26,3.53,3.8,3.64,3.48,3.31,3.15,2.89,2.63,2.37,2.11,2.06,2.02,1.97,1.93,1.95,1.96,1.98,2.0,2.0,1.99,1.99,1.98,1.87,1.76,1.64,1.53,1.52,1.52,1.51,1.51,1.55,1.6,1.64,1.69,1.77,1.85,1.93,2.01,2.06,2.12,2.18,2.24,2.34,2.44,2.54,2.64,2.62,2.59,2.57,2.55,2.53,2.5,2.48,2.45,2.59,2.72,2.86,2.99,2.95,2.91,2.87,2.83,2.83,2.84,2.84,2.84,2.69,2.53,2.37,2.21,2.28,2.35,2.41,2.48,2.49,2.5,2.51,2.52,2.54,2.57,2.59,2.62,2.66,2.7,2.74,2.78,2.81,2.84,2.86,2.89,,
2016-08-06T00:00:00+00:00,1.29,1.4,1.52,1.5,1.49,1.48,1.46,1.45,1.44,1.42,1.41,1.44,1.47,1.5,1.53,1.58,1.63,1.68,1.74,1.79,1.83,1.88,1.93,2.02,2.1,2.18,2.27,2.29,2.31,2.34,2.36,2.43,2.49,2.56,2.63,2.65,2.67,2.69,2.71,2.69,2.67,2.65,2.63,2.69,2.75,2.81,2.88,2.82,2.77,2.72,2.67,2.66,2.64,2.63,2.61,2.71,2.8,2.9,3.0,2.94,2.89,2.83,2.78,2.71,2.63,2.56,2.49,2.4,2.32,2.24,2.15,2.11,2.07,2.03,1.99,1.94,1.89,1.85,1.8,1.86,1.93,1.99,2.05,1.99,1.93,1.87,1.81,1.78,1.75,1.72,1.69,1.62,1.55,1.48,1.41,1.41,1.4,1.4,1.4,1.36,1.31,1.27,1.23,1.29,1.35,1.41,1.47,1.51,1.55,1.59,1.63,1.58,1.54,1.5,1.46,1.39,1.32,1.25,1.18,1.15,1.13,1.1,1.08,1.09,1.11,1.12,1.13,1.12,1.11,1.1,1.09,1.09,1.1,1.11,1.12,1.22,1.33,1.43,1.54,1.58,1.61,1.65,1.69,1.83,1.98,2.12,2.26,2.24,2.23,2.21,2.19,2.28,2.36,2.45,2.53,2.55,2.58,2.61,2.63,2.84,3.05,3.26,3.47,,
2016-08-07T00:00:00+00:00,1.08,1.05,1.02,1.15,1.27,1.4,1.52,1.52,1.52,1.51,1.51,1.42,1.34,1.25,1.17,1.09,1.02,0.94,0.87,0.93,1.0,1.06,1.13,1.19,1.25,1.31,1.38,1.44,1.5,1.56,1.63,1.64,1.65,1.67,1.68,1.79,1.9,2.01,2.13,2.23,2.33,2.44,2.54,2.66,2.77,2.89,3.01,3.05,3.1,3.14,3.19,3.15,3.12,3.09,3.05,2.99,2.93,2.86,2.8,2.96,3.12,3.29,3.45,3.34,3.22,3.11,3.0,3.23,3.46,3.69,3.92,3.74,3.55,3.36,3.17,3.08,2.99,2.9,2.81,2.75,2.7,2.64,2.59,2.71,2.83,2.95,3.07,3.1,3.14,3.17,3.21,3.22,3.22,3.23,3.24,3.07,2.9,2.73,2.56,2.65,2.74,2.82,2.91,2.88,2.84,2.81,2.78,3.01,3.24,3.47,3.7,3.55,3.4,3.25,3.1,3.05,3.01,2.96,2.92,2.95,2.99,3.02,3.06,3.04,3.03,3.01,2.99,3.0,3.01,3.02,3.02,3.12,3.22,3.32,3.42,3.51,3.6,3.69,3.78,3.89,4.0,4.11,4.22,4.23,4.24,4.26,4.27,4.23,4.18,4.13,4.09,4.02,3.96,3.9,3.83,3.54,3.24,2.94,2.65,2.6,2.55,2.5,2.45,,
2016-08-08T00:00:00+00:00,3.65,3.67,3.69,3.8,3.9,4.0,4.11,4.05,3.98,3.92,3.86,3.73,3.59,3.46,3.33,3.26,3.19,3.12,3.05,3.02,3.0,2.98,2.95,3.08,3.2,3.32,3.44,3.42,3.39,3.37,3.34,3.22,3.1,2.98,2.86,2.99,3.12,3.25,3.38,3.47,3.55,3.64,3.73,3.86,3.99,4.12,4.25,4.25,4.24,4.24,4.23,4.0,3.76,3.53,3.29,3.39,3.48,3.58,3.67,3.57,3.46,3.36,3.25,3.22,3.2,3.17,3.15,3.04,2.93,2.82,2.71,2.82,2.94,3.06,3.18,3.27,3.35,3.44,3.53,3.38,3.24,3.1,2.95,2.87,2.78,2.7,2.61,2.77,2.93,3.09,3.24,3.23,3.22,3.21,3.2,2.96,2.72,2.47,2.23,2.48,2.73,2.97,3.22,3.11,2.99,2.88,2.77,2.71,2.66,2.6,2.55,2.65,2.74,2.84,2.94,2.84,2.75,2.66,2.56,2.78,3.0,3.22,3.44,3.51,3.58,3.66,3.73,3.77,3.82,3.86,3.9,3.99,4.07,4.16,4.25,4.2,4.15,4.1,4.05,4.09,4.14,4.18,4.23,4.22,4.21,4.19,4.18,4.19,4.19,4.19,4.19,4.2,4.21,4.21,4.22,4.26,4.3,4.35,4.39,4.33,4.27,4.2,4.14,,
2016-08-09T00:00:00+00:00,2.07,2.2,2.32,2.33,2.33,2.33,2.33,2.32,2.31,2.31,2.3,2.36,2.42,2.49,2.55,2.61,2.67,2.73,2.79,2.91,3.04,3.16,3.28,3.43,3.58,3.73,3.88,3.76,3.63,3.51,3.39,3.43,3.47,3.51,3.55,3.6,3.64,3.69,3.73,3.67,3.6,3.54,3.47,3.47,3.46,3.46,3.45,3.4,3.35,3.3,3.25,3.35,3.44,3.54,3.64,3.56,3.49,3.42,3.34,3.42,3.5,3.58,3.66,3.64,3.62,3.59,3.57,3.65,3.72,3.79,3.87,3.8,3.74,3.67,3.61,3.53,3.45,3.37,3.29,3.19,3.08,2.98,2.87,2.83,2.79,2.75,2.71,2.55,2.39,2.22,2.06,2.02,1.97,1.93,1.89,1.97,2.06,2.14,2.23,2.19,2.15,2.12,2.08,2.29,2.49,2.7,2.91,2.87,2.84,2.8,2.77,2.65,2.53,2.42,2.3,2.46,2.61,2.76,2.92,3.11,3.3,3.49,3.68,3.91,4.14,4.37,4.6,4.42,4.23,4.05,3.87,3.58,3.29,2.99,2.7,2.68,2.66,2.64,2.62,3.06,3.49,3.93,4.36,4.34,4.33,4.31,4.3,4.21,4.12,4.03,3.94,3.96,3.98,3.99,4.01,4.05,4.09,4.13,4.17,4.28,4.38,4.49,4.6,,
2016-08-10T00:00:00+00:00,2.74,2.54,2.33,2.29,2.26,2.22,2.18,2.22,2.27,2.31,2.35,2.48,2.6,2.73,2.86,2.85,2.84,2.83,2.82,2.87,2.92,2.97,3.03,3.14,3.26,3.37,3.49,3.52,3.55,3.59,3.62,3.67,3.71,3.76,3.8,3.72,3.65,3.57,3.49,3.62,3.75,3.88,4.01,4.52,5.03,5.54,6.05,5.79,5.53,5.27,5.0,4.73,4.46,4.19,3.92,3.83,3.75,3.67,3.59,3.7,3.81,3.92,4.02,4.05,4.07,4.09,4.11,3.99,3.87,3.75,3.63,3.63,3.63,3.63,3.63,3.39,3.14,2.9,2.65,2.44,2.23,2.03,1.82,1.87,1.92,1.97,2.02,1.92,1.82,1.73,1.63,1.66,1.69,1.71,1.74,1.7,1.65,1.6,1.56,1.52,1.48,1.44,1.4,1.43,1.45,1.47,1.49,1.48,1.47,1.45,1.44,1.44,1.44,1.44,1.44,1.47,1.51,1.54,1.57,1.63,1.69,1.75,1.81,1.89,1.98,2.06,2.14,2.21,2.28,2.34,2.41,2.56,2.71,2.85,3.0,3.07,3.14,3.2,3.27,3.29,3.3,3.32,3.34,3.33,3.33,3.32,3.31,3.16,3.0,2.84,2.69,2.71,2.73,2.74,2.76,2.8,2.83,2.86,2.9,2.82,2.74,2.67,2.59,,
2016-08-12T00:00:00+00:00,2.5,2.48,2.45,2.41,2.36,2.32,2.27,2.32,2.37,2.42,2.48,2.33,2.19,2.04,1.89,1.83,1.76,1.69,1.63,1.61,1.6,1.58,1.57,1.57,1.58,1.58,1.58,1.55,1.51,1.48,1.44,1.68,1.92,2.16,2.4,2.45,2.5,2.55,2.6,2.64,2.68,2.72,2.76,2.72,2.67,2.63,2.58,2.61,2.63,2.65,2.67,2.62,2.57,2.52,2.46,2.46,2.45,2.44,2.43,2.29,2.15,2.01,1.87,1.97,2.07,2.17,2.28,2.22,2.17,2.12,2.07,1.96,1.85,1.74,1.63,1.76,1.89,2.02,2.15,2.33,2.5,2.68,2.86,2.68,2.5,2.32,2.15,1.98,1.81,1.64,1.47,1.47,1.48,1.49,1.5,1.55,1.59,1.63,1.68,1.72,1.76,1.81,1.85,1.77,1.68,1.59,1.51,1.55,1.6,1.64,1.68,1.6,1.52,1.44,1.36,1.31,1.26,1.21,1.16,1.05,0.94,0.83,0.72,0.78,0.85,0.91,0.98,1.0,1.01,1.03,1.05,1.16,1.27,1.38,1.49,1.58,1.66,1.75,1.84,1.81,1.79,1.76,1.74,1.69,1.64,1.59,1.54,1.48,1.43,1.38,1.33,1.3,1.27,1.24,1.21,1.25,1.28,1.32,1.36,1.37,1.37,1.38,1.39,,
2016-08-13T00:00:00+00:00,1.92,1.7,1.47,1.38,1.29,1.2,1.11,1.18,1.24,1.31,1.37,1.65,1.93,2.21,2.49,2.27,2.06,1.84,1.62,1.53,1.44,1.36,1.27,1.25,1.23,1.21,1.18,1.11,1.04,0.96,0.89,0.94,0.99,1.04,1.09,1.27,1.44,1.62,1.8,1.85,1.9,1.95,2.0,1.95,1.9,1.86,1.81,1.99,2.17,2.35,2.54,2.44,2.34,2.24,2.15,2.2,2.26,2.32,2.37,2.35,2.34,2.32,2.3,2.34,2.37,2.4,2.44,2.48,2.51,2.55,2.59,2.34,2.08,1.82,1.57,1.52,1.48,1.43,1.38,1.72,2.06,2.4,2.74,2.84,2.93,3.02,3.11,3.06,3.01,2.95,2.9,2.7,2.51,2.31,2.11,2.02,1.93,1.83,1.74,1.66,1.58,1.5,1.41,1.41,1.4,1.39,1.38,1.4,1.42,1.45,1.47,1.38,1.3,1.22,1.13,1.13,1.13,1.13,1.13,1.1,1.07,1.05,1.02,1.12,1.22,1.32,1.42,1.48,1.55,1.61,1.67,1.75,1.83,1.9,1.98,1.97,1.97,1.96,1.95,1.91,1.88,1.84,1.8,1.83,1.85,1.87,1.9,1.93,1.97,2.0,2.04,2.38,2.72,3.05,3.39,3.49,3.59,3.68,3.78,3.65,3.51,3.38,3.24,,
2016-08-14T00:00:00+00:00,1.54,1.6,1.65,1.76,1.87,1.97,2.08,2.09,2.1,2.11,2.12,2.09,2.06,2.04,2.01,1.92,1.83,1.75,1.66,1.66,1.67,1.68,1.68,1.71,1.74,1.76,1.79,1.74,1.69,1.65,1.6,1.73,1.87,2.01,2.14,2.2,2.26,2.32,2.38,2.33,2.29,2.24,2.2,2.2,2.19,2.19,2.19,2.17,2.14,2.11,2.09,2.1,2.11,2.12,2.14,2.38,2.63,2.87,3.12,3.22,3.33,3.43,3.54,3.42,3.3,3.18,3.06,3.2,3.35,3.49,3.63,3.61,3.59,3.57,3.55,3.5,3.45,3.39,3.34,3.55,3.76,3.96,4.17,4.16,4.14,4.13,4.12,4.05,3.98,3.92,3.85,3.73,3.62,3.51,3.39,3.48,3.57,3.66,3.75,3.73,3.71,3.7,3.68,3.57,3.46,3.35,3.24,3.16,3.09,3.01,2.94,2.81,2.69,2.56,2.44,2.44,2.43,2.43,2.43,2.43,2.44,2.45,2.45,2.56,2.67,2.77,2.88,2.97,3.06,3.15,3.24,3.19,3.15,3.1,3.06,2.97,2.89,2.8,2.72,2.73,2.75,2.77,2.78,2.83,2.87,2.92,2.97,3.06,3.16,3.26,3.35,3.45,3.54,3.63,3.73,3.78,3.83,3.88,3.93,3.85,3.78,3.7,3.63,,
2016-08-15T00:00:00+00:00,3.25,3.17,3.1,3.18,3.27,3.35,3.44,3.5,3.56,3.62,3.69,3.56,3.43,3.3,3.17,3.06,2.94,2.82,2.71,2.69,2.67,2.66,2.64,2.65,2.65,2.66,2.67,2.69,2.71,2.74,2.76,2.77,2.79,2.81,2.82,2.78,2.73,2.69,2.65,2.6,2.56,2.52,2.48,2.55,2.63,2.71,2.79,3.0,3.21,3.42,3.63,3.67,3.71,3.75,3.79,3.72,3.66,3.6,3.53,3.57,3.61,3.65,3.69,3.66,3.64,3.62,3.59,3.67,3.74,3.82,3.89,3.93,3.97,4.02,4.06,4.06,4.06,4.07,4.07,4.11,4.15,4.19,4.23,4.2,4.17,4.14,4.11,3.99,3.86,3.74,3.62,3.5,3.39,3.27,3.16,3.11,3.06,3.01,2.96,2.95,2.94,2.93,2.92,2.92,2.93,2.94,2.94,2.92,2.89,2.87,2.84,2.73,2.62,2.5,2.39,2.32,2.25,2.19,2.12,2.16,2.21,2.25,2.3,2.27,2.24,2.22,2.19,2.2,2.2,2.21,2.22,2.24,2.26,2.28,2.3,2.25,2.21,2.16,2.12,2.03,1.94,1.85,1.77,1.89,2.01,2.12,2.24,2.34,2.45,2.55,2.65,2.68,2.72,2.75,2.79,2.9,3.02,3.14,3.25,3.31,3.37,3.43,3.48,,
2016-08-16T00:00:00+00:00,3.79,3.76,3.74,3.54,3.35,3.15,2.96,2.84,2.72,2.6,2.48,2.48,2.47,2.46,2.45,2.39,2.32,2.26,2.19,2.17,2.15,2.13,2.11,1.95,1.79,1.64,1.48,1.54,1.6,1.67,1.73,1.81,1.89,1.97,2.05,2.08,2.12,2.15,2.18,2.1,2.02,1.95,1.87,1.87,1.88,1.89,1.89,1.82,1.74,1.66,1.59,1.74,1.89,2.04,2.19,2.24,2.3,2.35,2.41,2.52,2.62,2.73,2.84,2.84,2.85,2.85,2.86,2.92,2.99,3.05,3.12,3.27,3.42,3.56,3.71,3.77,3.83,3.88,3.94,3.93,3.93,3.93,3.92,3.87,3.81,3.76,3.71,3.58,3.45,3.33,3.2,3.09,2.98,2.88,2.77,2.8,2.84,2.87,2.9,2.74,2.57,2.41,2.24,2.16,2.07,1.99,1.9,1.92,1.94,1.95,1.97,1.9,1.83,1.75,1.68,1.69,1.7,1.71,1.73,1.72,1.72,1.71,1.71,1.69,1.67,1.65,1.64,1.69,1.74,1.8,1.85,1.8,1.75,1.7,1.64,1.78,1.92,2.06,2.2,2.32,2.44,2.56,2.67,2.5,2.32,2.15,1.97,2.13,2.28,2.44,2.59,2.62,2.64,2.67,2.69,2.64,2.59,2.54,2.49,2.43,2.37,2.32,2.26,,
2016-08-17T00:00:00+00:00,2.89,2.94,2.99,2.83,2.66,2.5,2.33,1.93,1.53,1.13,0.73,0.95,1.18,1.4,1.63,1.6,1.58,1.56,1.54,1.41,1.29,1.17,1.04,0.96,0.87,0.78,0.69,0.82,0.95,1.07,1.2,1.24,1.29,1.33,1.38,1.35,1.32,1.29,1.27,1.33,1.39,1.45,1.51,1.51,1.51,1.51,1.51,1.62,1.73,1.83,1.94,1.87,1.8,1.72,1.65,1.51,1.36,1.21,1.06,1.49,1.91,2.34,2.76,2.65,2.53,2.42,2.3,2.47,2.64,2.81,2.98,2.92,2.85,2.78,2.72,2.48,2.25,2.02,1.78,1.5,1.23,0.95,0.67,0.71,0.74,0.77,0.8,1.45,2.09,2.73,3.37,3.27,3.17,3.06,2.96,3.22,3.48,3.73,3.99,4.1,4.21,4.33,4.44,3.75,3.06,2.36,1.67,1.91,2.14,2.37,2.61,2.24,1.87,1.5,1.14,1.14,1.14,1.14,1.15,1.12,1.1,1.07,1.05,1.05,1.05,1.05,1.06,1.2,1.34,1.49,1.63,1.98,2.32,2.67,3.01,2.64,2.27,1.9,1.53,1.45,1.36,1.28,1.19,1.35,1.5,1.66,1.81,2.03,2.25,2.46,2.68,2.7,2.71,2.72,2.74,2.72,2.7,2.68,2.66,2.8,2.94,3.08,3.23,,
2016-08-18T00:00:00+00:00,2.05,2.32,2.6,2.5,2.41,2.32,2.22,1.82,1.41,1.01,0.6,0.6,0.6,0.6,0.61,0.75,0.9,1.05,1.2,1.34,1.47,1.6,1.73,1.57,1.42,1.26,1.1,1.4,1.7,2.0,2.31,2.52,2.74,2.96,3.17,2.98,2.8,2.61,2.42,2.29,2.16,2.03,1.9,2.13,2.36,2.59,2.82,2.62,2.42,2.22,2.03,2.05,2.07,2.08,2.1,2.23,2.35,2.48,2.6,2.48,2.36,2.25,2.13,1.89,1.65,1.4,1.16,1.32,1.48,1.63,1.79,1.67,1.54,1.42,1.29,1.29,1.28,1.28,1.27,1.18,1.1,1.01,0.93,0.89,0.85,0.81,0.78,1.0,1.23,1.46,1.69,1.58,1.47,1.36,1.26,1.07,0.88,0.69,0.5,0.54,0.57,0.61,0.64,0.62,0.59,0.56,0.54,0.68,0.82,0.97,1.11,1.02,0.93,0.85,0.76,0.83,0.89,0.96,1.02,1.06,1.09,1.13,1.16,1.38,1.59,1.8,2.01,2.19,2.38,2.56,2.74,3.0,3.27,3.53,3.79,3.89,3.98,4.08,4.17,4.14,4.1,4.07,4.03,4.11,4.19,4.27,4.35,4.39,4.44,4.48,4.52,4.49,4.46,4.43,4.4,3.96,3.53,3.09,2.66,3.09,3.52,3.95,4.39,,
2016-08-19T00:00:00+00:00,1.51,1.44,1.37,1.38,1.4,1.41,1.43,1.6,1.78,1.96,2.14,1.82,1.5,1.19,0.87,1.13,1.39,1.65,1.91,1.97,2.04,2.11,2.17,2.13,2.1,2.06,2.02,2.15,2.29,2.42,2.56,2.77,2.99,3.2,3.41,3.36,3.3,3.25,3.19,3.15,3.1,3.05,3.01,3.25,3.5,3.75,3.99,3.95,3.91,3.86,3.82,3.98,4.15,4.32,4.48,4.2,3.91,3.62,3.34,2.97,2.59,2.22,1.85,1.69,1.52,1.35,1.18,1.21,1.23,1.25,1.27,1.3,1.33,1.35,1.38,1.39,1.39,1.4,1.4,1.8,2.2,2.6,2.99,3.14,3.28,3.43,3.57,3.71,3.85,4.0,4.14,4.11,4.07,4.04,4.01,4.01,4.01,4.01,4.01,3.91,3.81,3.71,3.6,3.62,3.64,3.65,3.67,3.61,3.56,3.5,3.44,3.42,3.39,3.37,3.34,3.38,3.41,3.44,3.47,3.55,3.63,3.7,3.78,3.93,4.08,4.23,4.38,4.56,4.74,4.92,5.09,5.18,5.26,5.34,5.42,5.54,5.66,5.78,5.9,5.98,6.07,6.15,6.24,6.04,5.84,5.64,5.44,5.74,6.04,6.35,6.65,6.38,6.11,5.84,5.57,5.88,6.19,6.51,6.82,6.68,6.55,6.41,6.28,,
2016-08-20T00:00:00+00:00,3.96,4.03,4.1,3.92,3.74,3.57,3.39,3.36,3.33,3.31,3.28,3.27,3.26,3.25,3.23,3.26,3.3,3.33,3.36,3.5,3.64,3.78,3.92,3.94,3.95,3.97,3.99,4.13,4.26,4.4,4.54,4.72,4.89,5.07,5.25,5.48,5.72,5.95,6.18,6.33,6.47,6.62,6.77,6.79,6.81,6.83,6.85,6.78,6.71,6.64,6.57,6.37,6.17,5.96,5.76,6.16,6.55,6.95,7.34,6.97,6.59,6.21,5.83,5.91,5.99,6.07,6.15,5.86,5.56,5.27,4.97,4.5,4.04,3.57,3.1,3.22,3.34,3.46,3.58,3.65,3.72,3.79,3.85,3.88,3.92,3.95,3.98,3.91,3.85,3.78,3.72,4.0,4.28,4.56,4.83,4.83,4.83,4.83,4.83,4.74,4.66,4.58,4.5,4.49,4.48,4.47,4.46,4.52,4.59,4.65,4.71,4.72,4.73,4.74,4.75,4.88,5.02,5.15,5.29,5.38,5.47,5.56,5.65,5.66,5.67,5.68,5.69,5.62,5.55,5.48,5.41,5.38,5.35,5.32,5.29,5.16,5.02,4.88,4.74,4.73,4.72,4.71,4.7,4.46,4.21,3.96,3.71,3.59,3.47,3.35,3.23,3.15,3.07,2.99,2.91,2.97,3.03,3.09,3.15,3.07,2.99,2.91,2.83,,
2016-08-21T00:00:00+00:00,4.48,4.49,4.5,4.41,4.32,4.24,4.15,4.21,4.26,4.32,4.38,4.43,4.49,4.54,4.59,4.56,4.52,4.48,4.45,4.53,4.61,4.69,4.77,4.73,4.68,4.64,4.59,4.68,4.76,4.85,4.94,4.95,4.96,4.96,4.97,4.93,4.89,4.85,4.81,4.73,4.65,4.58,4.5,4.59,4.68,4.78,4.87,4.9,4.92,4.95,4.97,4.43,3.89,3.35,2.81,3.09,3.36,3.64,3.92,3.81,3.7,3.59,3.48,3.26,3.04,2.81,2.59,2.77,2.96,3.14,3.33,3.18,3.03,2.88,2.73,2.49,2.26,2.02,1.78,1.76,1.75,1.73,1.71,1.62,1.53,1.44,1.35,1.31,1.28,1.24,1.21,1.24,1.28,1.32,1.35,1.5,1.65,1.8,1.95,1.99,2.02,2.06,2.09,2.05,2.0,1.95,1.91,1.96,2.02,2.08,2.13,2.05,1.96,1.88,1.79,1.76,1.73,1.7,1.67,1.72,1.76,1.81,1.86,1.76,1.67,1.57,1.47,1.68,1.88,2.08,2.28,2.22,2.16,2.1,2.04,2.08,2.12,2.16,2.2,2.26,2.32,2.39,2.45,2.47,2.49,2.51,2.53,2.5,2.47,2.44,2.41,2.35,2.29,2.24,2.18,2.11,2.03,1.96,1.88,1.84,1.79,1.74,1.69,,
2016-08-22T00:00:00+00:00,1.32,1.28,1.25,1.33,1.42,1.51,1.59,1.6,1.6,1.61,1.61,1.59,1.57,1.54,1.52,1.53,1.53,1.54,1.55,1.62,1.69,1.76,1.83,2.01,2.2,2.39,2.57,2.71,2.85,2.99,3.12,3.2,3.28,3.36,3.44,3.39,3.34,3.29,3.23,3.17,3.1,3.03,2.96,2.9,2.84,2.78,2.72,2.69,2.66,2.63,2.6,2.54,2.49,2.44,2.38,2.3,2.22,2.14,2.05,2.0,1.95,1.9,1.85,1.87,1.89,1.91,1.93,1.89,1.85,1.8,1.76,1.68,1.59,1.51,1.42,1.4,1.39,1.37,1.35,1.27,1.2,1.12,1.04,1.07,1.1,1.12,1.15,1.22,1.29,1.36,1.43,1.44,1.45,1.46,1.47,1.53,1.6,1.66,1.73,1.71,1.7,1.69,1.67,1.74,1.8,1.86,1.93,1.94,1.95,1.96,1.98,1.96,1.95,1.94,1.93,1.94,1.96,1.97,1.99,2.06,2.13,2.2,2.27,2.57,2.87,3.16,3.46,3.58,3.71,3.84,3.97,3.99,4.01,4.03,4.05,3.97,3.9,3.82,3.75,3.69,3.62,3.56,3.5,3.5,3.51,3.51,3.51,3.51,3.5,3.49,3.49,3.5,3.51,3.52,3.53,3.55,3.57,3.58,3.6,3.59,3.57,3.55,3.54,,
2016-08-23T00:00:00+00:00,1.28,1.31,1.33,1.47,1.61,1.76,1.9,1.9,1.9,1.9,1.91,1.91,1.92,1.93,1.93,1.93,1.93,1.93,1.93,1.86,1.79,1.72,1.65,1.67,1.68,1.7,1.71,1.87,2.02,2.18,2.33,2.56,2.78,3.01,3.24,3.26,3.28,3.31,3.33,3.34,3.34,3.35,3.36,3.31,3.25,3.2,3.15,3.15,3.16,3.17,3.17,3.17,3.17,3.17,3.17,3.08,2.99,2.9,2.81,2.8,2.79,2.78,2.77,2.93,3.09,3.26,3.42,3.37,3.31,3.26,3.21,3.15,3.1,3.04,2.98,2.94,2.89,2.85,2.81,2.85,2.9,2.94,2.98,2.9,2.82,2.73,2.65,2.56,2.46,2.36,2.27,2.26,2.25,2.24,2.24,2.21,2.17,2.14,2.11,2.07,2.03,1.99,1.95,1.97,1.99,2.01,2.03,1.95,1.87,1.79,1.71,1.93,2.15,2.37,2.59,2.27,1.94,1.61,1.28,1.43,1.59,1.74,1.89,1.99,2.09,2.19,2.29,2.26,2.24,2.21,2.19,2.19,2.19,2.19,2.19,2.22,2.26,2.29,2.32,2.34,2.37,2.39,2.41,2.32,2.23,2.14,2.05,1.9,1.74,1.58,1.42,1.22,1.01,0.81,0.6,0.62,0.64,0.65,0.67,0.81,0.96,1.1,1.24,,
2016-08-24T00:00:00+00:00,2.33,2.22,2.11,2.09,2.07,2.05,2.03,1.84,1.65,1.46,1.27,1.37,1.47,1.57,1.66,1.63,1.61,1.58,1.55,1.55,1.55,1.56,1.56,1.63,1.71,1.78,1.85,1.9,1.95,2.0,2.04,2.19,2.34,2.49,2.64,2.61,2.59,2.56,2.54,2.53,2.52,2.51,2.5,2.57,2.64,2.71,2.78,2.62,2.46,2.3,2.15,2.06,1.97,1.89,1.8,1.58,1.36,1.13,0.91,1.1,1.3,1.49,1.68,1.7,1.72,1.73,1.75,1.54,1.33,1.12,0.91,1.05,1.18,1.32,1.46,1.55,1.64,1.73,1.82,2.35,2.88,3.41,3.94,3.8,3.66,3.52,3.38,3.2,3.02,2.83,2.65,2.62,2.6,2.57,2.55,2.49,2.43,2.37,2.31,2.27,2.24,2.2,2.17,2.08,1.99,1.9,1.8,1.8,1.8,1.8,1.8,1.73,1.67,1.6,1.54,1.45,1.37,1.29,1.21,1.2,1.19,1.18,1.17,1.21,1.25,1.29,1.33,1.37,1.4,1.44,1.47,1.46,1.46,1.45,1.44,1.52,1.59,1.67,1.75,1.76,1.77,1.78,1.79,1.82,1.85,1.89,1.92,1.89,1.86,1.83,1.8,1.71,1.62,1.54,1.45,1.64,1.83,2.02,2.22,2.26,2.3,2.34,2.38,,
2016-08-25T00:00:00+00:00,1.37,1.5,1.64,1.63,1.63,1.62,1.62,1.57,1.51,1.46,1.41,1.36,1.32,1.27,1.22,1.19,1.16,1.12,1.09,1.0,0.9,0.81,0.72,0.9,1.09,1.28,1.47,1.36,1.26,1.15,1.05,1.08,1.1,1.13,1.15,1.14,1.14,1.13,1.12,1.31,1.51,1.7,1.89,1.89,1.89,1.89,1.89,1.65,1.41,1.17,0.93,1.01,1.1,1.19,1.28,1.23,1.17,1.12,1.07,1.1,1.13,1.16,1.19,1.13,1.07,1.01,0.95,0.83,0.71,0.59,0.46,0.59,0.71,0.84,0.96,1.1,1.24,1.38,1.52,1.69,1.85,2.02,2.19,2.19,2.19,2.19,2.19,2.06,1.92,1.78,1.64,1.65,1.65,1.66,1.66,1.96,2.25,2.54,2.84,2.84,2.84,2.84,2.84,2.59,2.35,2.1,1.86,1.73,1.6,1.47,1.34,1.62,1.91,2.19,2.47,2.34,2.22,2.09,1.96,1.93,1.89,1.86,1.83,1.86,1.89,1.92,1.94,2.08,2.22,2.36,2.5,2.39,2.28,2.17,2.05,1.91,1.76,1.61,1.46,1.54,1.62,1.7,1.78,1.75,1.71,1.67,1.63,1.66,1.69,1.71,1.74,1.71,1.69,1.66,1.64,2.04,2.45,2.85,3.26,3.26,3.26,3.26,3.26,,
2016-08-26T00:00:00+00:00,1.04,0.88,0.73,1.02,1.32,1.61,1.9,2.08,2.25,2.43,2.6,2.35,2.09,1.84,1.58,1.73,1.87,2.02,2.16,1.96,1.75,1.54,1.33,1.79,2.25,2.71,3.17,2.7,2.22,1.75,1.27,1.48,1.69,1.91,2.12,2.08,2.04,2.01,1.97,1.89,1.81,1.73,1.65,1.61,1.57,1.53,1.49,1.53,1.58,1.62,1.67,1.82,1.97,2.12,2.27,2.42,2.58,2.73,2.89,3.1,3.3,3.51,3.71,3.68,3.65,3.61,3.58,3.49,3.41,3.32,3.23,3.24,3.24,3.25,3.25,3.53,3.81,4.08,4.36,4.33,4.3,4.28,4.25,4.21,4.16,4.12,4.08,4.03,3.97,3.92,3.87,3.74,3.62,3.49,3.36,3.33,3.3,3.27,3.24,3.26,3.28,3.29,3.31,3.35,3.39,3.43,3.47,3.39,3.32,3.24,3.17,3.19,3.21,3.23,3.24,3.11,2.98,2.85,2.72,2.69,2.67,2.64,2.61,2.34,2.08,1.81,1.54,1.54,1.55,1.55,1.55,1.68,1.8,1.92,2.04,1.98,1.91,1.84,1.78,1.95,2.12,2.28,2.45,2.65,2.85,3.05,3.25,2.44,1.63,0.81,0.0,0.0,0.0,0.0,0.0,0.0,0.0,0.0,0.0,0.0,0.0,0.0,0.0,,
2016-08-27T00:00:00+00:00,2.47,2.31,2.14,2.07,2.0,1.93,1.86,1.71,1.57,1.42,1.28,1.46,1.63,1.81,1.99,1.98,1.98,1.97,1.97,1.72,1.47,1.21,0.96,0.93,0.89,0.86,0.82,0.98,1.14,1.3,1.46,1.65,1.84,2.04,2.23,2.25,2.27,2.29,2.31,2.36,2.4,2.45,2.49,2.49,2.49,2.49,2.5,2.53,2.56,2.59,2.63,2.75,2.88,3.01,3.14,3.24,3.34,3.44,3.54,3.47,3.41,3.34,3.27,3.19,3.11,3.02,2.94,2.73,2.53,2.33,2.12,2.08,2.03,1.99,1.94,1.92,1.89,1.87,1.85,2.0,2.15,2.3,2.46,2.03,1.61,1.19,0.77,0.91,1.04,1.18,1.32,1.32,1.33,1.33,1.33,1.98,2.62,3.27,3.92,3.84,3.76,3.67,3.59,3.64,3.69,3.74,3.79,3.72,3.66,3.59,3.52,3.58,3.64,3.7,3.75,3.63,3.5,3.38,3.25,3.26,3.27,3.27,3.28,3.35,3.42,3.49,3.55,3.79,4.02,4.25,4.48,4.63,4.77,4.91,5.05,5.02,4.99,4.96,4.93,5.03,5.13,5.24,5.34,5.43,5.52,5.6,5.69,5.64,5.59,5.54,5.49,5.32,5.15,4.98,4.8,4.81,4.81,4.81,4.82,4.63,4.44,4.25,4.06,,
2016-08-28T00:00:00+00:00,3.11,3.25,3.38,3.23,3.09,2.95,2.8,2.97,3.15,3.32,3.49,3.39,3.28,3.18,3.08,3.02,2.96,2.91,2.85,3.03,3.2,3.38,3.55,3.49,3.42,3.36,3.29,3.25,3.2,3.15,3.11,3.16,3.21,3.26,3.31,3.44,3.57,3.7,3.83,4.0,4.18,4.35,4.52,4.72,4.91,5.1,5.3,5.21,5.13,5.04,4.96,5.13,5.31,5.49,5.67,5.52,5.37,5.22,5.07,4.97,4.87,4.78,4.68,4.51,4.35,4.18,4.02,4.04,4.06,4.09,4.11,4.17,4.23,4.29,4.36,4.18,4.01,3.84,3.67,3.31,2.95,2.59,2.23,2.36,2.49,2.63,2.76,2.69,2.61,2.54,2.47,2.43,2.39,2.34,2.3,2.32,2.33,2.35,2.36,2.45,2.54,2.62,2.71,2.79,2.86,2.93,3.01,2.86,2.72,2.57,2.43,2.38,2.33,2.28,2.23,2.22,2.21,2.2,2.19,2.32,2.45,2.58,2.71,2.67,2.62,2.57,2.53,2.52,2.5,2.49,2.48,2.37,2.25,2.14,2.02,1.93,1.84,1.75,1.66,1.87,2.08,2.29,2.5,2.46,2.41,2.36,2.32,2.4,2.49,2.58,2.67,2.6,2.54,2.48,2.42,2.5,2.59,2.67,2.76,3.0,3.23,3.47,3.71,,
2016-08-29T00:00:00+00:00,3.45,3.48,3.51,3.45,3.4,3.34,3.28,3.24,3.19,3.14,3.1,2.96,2.82,2.69,2.55,2.29,2.03,1.76,1.5,1.74,1.98,2.22,2.47,2.48,2.49,2.5,2.51,2.53,2.54,2.55,2.56,2.56,2.56,2.56,2.56,2.68,2.8,2.93,3.05,3.03,3.01,2.99,2.97,2.9,2.82,2.75,2.68,2.8,2.92,3.04,3.16,3.07,2.97,2.87,2.77,3.01,3.24,3.47,3.71,3.35,2.99,2.62,2.26,2.36,2.46,2.55,2.65,2.54,2.43,2.32,2.21,2.12,2.03,1.94,1.85,1.95,2.05,2.16,2.26,2.44,2.62,2.81,2.99,3.07,3.16,3.24,3.33,3.3,3.28,3.26,3.23,3.18,3.13,3.08,3.03,2.91,2.8,2.68,2.56,2.58,2.6,2.63,2.65,2.63,2.61,2.59,2.57,2.54,2.52,2.5,2.47,2.43,2.39,2.34,2.3,2.15,2.0,1.85,1.7,1.74,1.78,1.82,1.86,1.95,2.05,2.14,2.23,2.27,2.31,2.35,2.39,2.32,2.25,2.18,2.11,2.14,2.18,2.22,2.26,2.22,2.19,2.16,2.13,2.17,2.21,2.24,2.28,2.35,2.42,2.48,2.55,2.63,2.71,2.78,2.86,2.86,2.86,2.86,2.86,2.83,2.81,2.78,2.76,,
2016-08-30T00:00:00+00:00,2.53,2.45,2.37,2.45,2.52,2.6,2.67,2.58,2.49,2.4,2.31,2.32,2.32,2.33,2.34,2.33,2.33,2.33,2.32,2.28,2.24,2.2,2.15,2.22,2.29,2.36,2.42,2.57,2.72,2.87,3.02,3.02,3.03,3.04,3.04,2.98,2.92,2.86,2.8,2.72,2.64,2.55,2.47,2.47,2.47,2.47,2.47,2.5,2.53,2.56,2.58,2.53,2.48,2.42,2.37,2.45,2.53,2.62,2.7,2.73,2.75,2.78,2.81,2.83,2.86,2.88,2.91,2.67,2.43,2.19,1.96,1.9,1.85,1.8,1.74,1.77,1.79,1.81,1.84,1.81,1.78,1.75,1.72,1.72,1.71,1.7,1.69,1.75,1.8,1.86,1.92,1.9,1.87,1.85,1.83,1.81,1.78,1.76,1.74,1.72,1.7,1.67,1.65,1.53,1.4,1.28,1.15,1.06,0.97,0.87,0.78,0.73,0.68,0.63,0.58,0.53,0.48,0.43,0.38,0.41,0.44,0.46,0.49,0.59,0.69,0.78,0.88,1.06,1.24,1.43,1.61,1.58,1.54,1.51,1.48,1.62,1.75,1.89,2.03,2.02,2.0,1.99,1.97,1.98,1.99,2.0,2.0,1.92,1.84,1.77,1.69,1.89,2.09,2.29,2.49,2.61,2.73,2.86,2.98,2.94,2.89,2.85,2.8,,
2016-08-31T00:00:00+00:00,1.34,1.27,1.19,1.13,1.06,1.0,0.94,0.83,0.72,0.61,0.5,0.61,0.72,0.84,0.95,1.01,1.07,1.13,1.19,1.1,1.01,0.92,0.83,0.86,0.89,0.92,0.94,1.21,1.47,1.74,2.0,2.14,2.28,2.43,2.57,2.59,2.62,2.65,2.68,2.54,2.4,2.27,2.13,2.33,2.52,2.72,2.92,2.79,2.67,2.55,2.43,2.3,2.18,2.06,1.93,1.91,1.89,1.87,1.84,2.03,2.22,2.4,2.59,2.58,2.56,2.55,2.54,2.65,2.76,2.87,2.98,3.02,3.05,3.09,3.12,3.04,2.95,2.86,2.77,2.68,2.59,2.5,2.41,2.24,2.08,1.92,1.75,1.66,1.56,1.46,1.37,1.42,1.48,1.53,1.59,1.63,1.66,1.7,1.73,1.76,1.78,1.81,1.84,1.79,1.75,1.7,1.66,1.64,1.62,1.6,1.58,1.64,1.69,1.75,1.8,1.84,1.88,1.91,1.95,1.98,2.01,2.04,2.07,1.99,1.91,1.83,1.75,1.79,1.84,1.89,1.93,1.85,1.78,1.7,1.62,1.52,1.43,1.34,1.24,1.35,1.47,1.58,1.69,1.85,2.02,2.18,2.35,2.39,2.43,2.47,2.5,2.76,3.01,3.27,3.52,3.33,3.13,2.93,2.74,2.58,2.42,2.26,2.09,,
2016-09-01T00:00:00+00:00,1.4,1.52,1.64,1.57,1.5,1.43,1.36,1.32,1.27,1.23,1.18,1.27,1.35,1.44,1.52,1.56,1.59,1.63,1.66,1.52,1.37,1.23,1.09,1.08,1.08,1.07,1.07,1.08,1.09,1.1,1.11,1.25,1.38,1.51,1.65,1.6,1.56,1.51,1.47,1.46,1.45,1.44,1.43,1.63,1.84,2.05,2.25,2.28,2.31,2.34,2.36,1.96,1.56,1.16,0.75,1.19,1.62,2.06,2.49,2.25,2.02,1.78,1.54,1.31,1.08,0.84,0.61,0.66,0.71,0.76,0.82,1.13,1.45,1.76,2.07,2.27,2.47,2.67,2.87,2.62,2.38,2.14,1.9,1.94,1.98,2.02,2.06,2.1,2.15,2.19,2.23,2.11,1.98,1.86,1.73,1.7,1.68,1.65,1.62,1.67,1.72,1.78,1.83,1.71,1.58,1.46,1.34,1.29,1.24,1.19,1.13,1.18,1.23,1.28,1.33,1.3,1.26,1.22,1.18,1.16,1.14,1.12,1.09,1.12,1.14,1.16,1.19,1.13,1.07,1.01,0.95,0.93,0.91,0.88,0.86,1.18,1.5,1.82,2.15,1.97,1.79,1.61,1.43,1.82,2.21,2.6,2.99,3.04,3.1,3.15,3.21,3.21,3.22,3.23,3.24,3.25,3.27,3.29,3.31,3.12,2.94,2.76,2.57,,
2016-09-02T00:00:00+00:00,1.5,1.32,1.13,1.17,1.2,1.24,1.28,1.23,1.17,1.12,1.07,0.9,0.73,0.57,0.4,0.53,0.67,0.8,0.93,0.92,0.9,0.88,0.87,0.87,0.88,0.89,0.89,0.81,0.73,0.65,0.57,0.48,0.38,0.29,0.19,0.49,0.8,1.1,1.4,1.53,1.66,1.79,1.92,2.08,2.23,2.39,2.54,2.35,2.15,1.95,1.76,1.84,1.92,2.0,2.08,2.2,2.32,2.44,2.55,2.24,1.93,1.62,1.31,1.31,1.32,1.33,1.33,1.59,1.85,2.12,2.38,2.18,1.99,1.8,1.6,1.7,1.79,1.89,1.98,2.47,2.96,3.44,3.93,3.59,3.24,2.9,2.56,2.43,2.29,2.16,2.03,2.05,2.08,2.11,2.13,2.28,2.42,2.57,2.71,2.57,2.43,2.3,2.16,2.26,2.36,2.46,2.56,2.53,2.5,2.47,2.44,2.28,2.12,1.97,1.81,1.65,1.48,1.32,1.15,1.01,0.86,0.71,0.57,0.53,0.5,0.46,0.42,0.51,0.6,0.68,0.77,0.96,1.16,1.36,1.56,1.74,1.93,2.11,2.3,2.19,2.08,1.97,1.87,2.04,2.22,2.4,2.58,2.54,2.51,2.47,2.44,2.52,2.6,2.69,2.77,2.81,2.85,2.89,2.93,2.98,3.03,3.08,3.13,,
2016-09-03T00:00:00+00:00,1.78,1.7,1.63,1.65,1.67,1.68,1.7,1.7,1.69,1.69,1.69,1.67,1.65,1.63,1.61,1.59,1.56,1.54,1.52,1.45,1.38,1.31,1.24,1.09,0.94,0.78,0.63,0.59,0.56,0.52,0.48,0.45,0.43,0.4,0.38,0.6,0.83,1.06,1.29,1.5,1.71,1.92,2.13,2.0,1.88,1.76,1.63,1.75,1.86,1.97,2.08,2.21,2.33,2.46,2.59,2.59,2.59,2.59,2.59,2.59,2.58,2.57,2.57,2.6,2.63,2.67,2.7,2.43,2.15,1.88,1.6,1.68,1.76,1.83,1.91,2.05,2.19,2.32,2.46,2.31,2.16,2.01,1.86,1.9,1.94,1.98,2.02,2.21,2.4,2.59,2.77,3.34,3.9,4.47,5.03,4.58,4.14,3.7,3.25,2.62,1.99,1.36,0.72,0.94,1.15,1.37,1.58,1.81,2.05,2.28,2.51,2.61,2.72,2.82,2.92,3.02,3.11,3.2,3.29,3.71,4.13,4.56,4.98,4.84,4.7,4.56,4.42,4.51,4.6,4.68,4.77,4.72,4.66,4.61,4.55,4.55,4.56,4.56,4.56,4.72,4.88,5.04,5.2,5.36,5.52,5.69,5.85,5.81,5.78,5.74,5.71,5.65,5.59,5.53,5.47,5.45,5.42,5.39,5.37,5.26,5.16,5.05,4.94,,
2016-09-04T00:00:00+00:00,2.07,2.09,2.11,1.84,1.56,1.29,1.02,1.18,1.34,1.5,1.66,1.82,1.99,2.16,2.33,2.18,2.03,1.89,1.74,2.33,2.92,3.52,4.11,4.03,3.96,3.88,3.8,3.9,3.99,4.08,4.17,4.12,4.07,4.03,3.98,4.12,4.26,4.4,4.54,4.76,4.97,5.18,5.39,5.31,5.22,5.14,5.05,4.97,4.89,4.81,4.73,4.92,5.1,5.29,5.47,5.38,5.28,5.19,5.09,4.85,4.61,4.37,4.13,4.02,3.92,3.81,3.7,3.78,3.87,3.96,4.04,4.08,4.11,4.15,4.19,4.11,4.03,3.95,3.87,3.81,3.74,3.68,3.62,3.5,3.37,3.25,3.12,2.75,2.37,1.99,1.61,1.53,1.46,1.38,1.3,1.4,1.5,1.59,1.69,1.66,1.63,1.6,1.57,1.52,1.47,1.41,1.36,1.43,1.5,1.57,1.64,1.66,1.67,1.69,1.71,1.68,1.65,1.62,1.59,1.63,1.67,1.71,1.74,1.7,1.66,1.62,1.58,1.72,1.86,1.99,2.13,2.24,2.36,2.47,2.59,2.52,2.46,2.39,2.33,2.34,2.34,2.35,2.35,2.51,2.68,2.84,3.0,2.94,2.89,2.83,2.78,2.68,2.58,2.48,2.38,2.34,2.3,2.26,2.21,2.13,2.05,1.97,1.88,,
2016-09-05T00:00:00+00:00,2.09,2.24,2.4,2.43,2.47,2.5,2.53,2.52,2.51,2.5,2.49,2.13,1.76,1.4,1.03,1.14,1.25,1.36,1.47,1.56,1.64,1.72,1.81,1.96,2.11,2.26,2.41,2.24,2.07,1.9,1.73,1.65,1.57,1.49,1.41,1.36,1.31,1.26,1.21,1.16,1.1,1.05,1.0,1.1,1.2,1.3,1.4,1.27,1.14,1.01,0.89,0.82,0.75,0.68,0.62,0.85,1.08,1.32,1.55,1.41,1.27,1.13,0.99,1.0,1.02,1.03,1.04,1.09,1.15,1.2,1.26,1.64,2.02,2.4,2.78,2.63,2.48,2.34,2.19,2.06,1.94,1.82,1.69,1.65,1.6,1.56,1.51,1.41,1.31,1.21,1.1,1.07,1.04,1.01,0.98,1.01,1.04,1.08,1.11,0.9,0.69,0.48,0.27,0.44,0.62,0.79,0.97,1.07,1.18,1.29,1.39,1.43,1.46,1.49,1.53,1.54,1.55,1.57,1.58,1.54,1.5,1.46,1.42,1.53,1.65,1.77,1.89,1.94,1.99,2.05,2.1,2.21,2.32,2.43,2.54,2.48,2.43,2.37,2.32,2.19,2.06,1.92,1.79,1.89,1.98,2.08,2.17,2.25,2.32,2.39,2.47,2.57,2.67,2.77,2.87,2.79,2.71,2.63,2.55,2.68,2.81,2.94,3.07,,
2016-09-06T00:00:00+00:00,1.46,1.36,1.25,1.27,1.29,1.32,1.34,1.38,1.41,1.44,1.48,1.42,1.37,1.31,1.26,1.31,1.37,1.42,1.48,1.34,1.2,1.06,0.92,0.83,0.74,0.66,0.57,0.64,0.72,0.79,0.86,0.97,1.08,1.19,1.29,1.32,1.34,1.36,1.39,1.6,1.81,2.03,2.24,2.22,2.2,2.18,2.15,2.36,2.56,2.76,2.96,2.79,2.62,2.45,2.28,2.32,2.37,2.42,2.47,2.44,2.42,2.39,2.36,2.39,2.42,2.45,2.47,2.48,2.49,2.5,2.51,2.65,2.78,2.92,3.06,2.96,2.87,2.78,2.68,2.53,2.37,2.22,2.06,2.08,2.1,2.12,2.15,2.21,2.28,2.34,2.41,2.29,2.16,2.04,1.92,1.93,1.94,1.95,1.96,1.99,2.02,2.05,2.09,2.14,2.19,2.25,2.3,2.33,2.35,2.38,2.4,2.44,2.48,2.52,2.55,2.53,2.51,2.49,2.47,2.44,2.41,2.38,2.35,2.28,2.21,2.14,2.08,2.14,2.21,2.28,2.35,2.48,2.61,2.73,2.86,2.93,3.01,3.08,3.15,3.23,3.3,3.38,3.45,3.56,3.66,3.77,3.87,3.61,3.35,3.09,2.84,2.99,3.15,3.3,3.45,3.51,3.57,3.63,3.69,3.59,3.49,3.39,3.3,,
2016-09-07T00:00:00+00:00,2.07,1.96,1.86,1.82,1.78,1.73,1.69,1.88,2.08,2.27,2.46,2.37,2.28,2.19,2.1,2.12,2.14,2.16,2.19,2.13,2.07,2.02,1.96,1.98,2.0,2.02,2.03,2.09,2.15,2.2,2.26,2.3,2.34,2.38,2.42,2.56,2.7,2.84,2.98,3.07,3.15,3.24,3.33,3.32,3.31,3.29,3.28,3.29,3.31,3.32,3.34,3.34,3.34,3.34,3.35,3.35,3.36,3.37,3.38,3.39,3.41,3.43,3.45,3.57,3.69,3.81,3.92,3.53,3.13,2.73,2.33,2.23,2.12,2.01,1.91,1.85,1.8,1.74,1.68,1.47,1.26,1.05,0.84,0.88,0.92,0.96,1.0,0.95,0.9,0.84,0.79,0.65,0.51,0.36,0.22,0.24,0.26,0.28,0.3,0.47,0.63,0.79,0.95,1.07,1.18,1.29,1.41,1.45,1.5,1.54,1.59,1.63,1.67,1.7,1.74,1.84,1.93,2.03,2.13,2.16,2.19,2.22,2.25,2.74,3.23,3.72,4.22,4.43,4.64,4.85,5.07,4.77,4.47,4.18,3.88,3.88,3.88,3.88,3.88,3.87,3.87,3.86,3.86,3.99,4.12,4.26,4.39,4.33,4.26,4.2,4.14,3.88,3.61,3.35,3.08,3.06,3.04,3.01,2.99,2.96,2.92,2.89,2.86,,
2016-09-08T00:00:00+00:00,0.27,0.35,0.42,0.64,0.85,1.07,1.28,1.17,1.05,0.93,0.82,1.1,1.38,1.66,1.95,1.56,1.16,0.77,0.38,0.8,1.23,1.65,2.07,2.05,2.02,2.0,1.97,2.75,3.54,4.32,5.1,5.35,5.6,5.85,6.1,5.66,5.22,4.78,4.34,4.22,4.1,3.98,3.86,4.06,4.26,4.46,4.67,4.78,4.89,5.0,5.11,4.99,4.88,4.76,4.64,4.37,4.1,3.83,3.56,3.35,3.14,2.94,2.73,2.94,3.16,3.38,3.59,3.51,3.43,3.35,3.27,2.95,2.62,2.3,1.98,1.71,1.44,1.17,0.9,0.89,0.88,0.87,0.86,0.88,0.9,0.92,0.95,0.9,0.86,0.81,0.77,0.81,0.84,0.88,0.92,0.86,0.79,0.73,0.67,0.62,0.57,0.53,0.48,0.58,0.67,0.77,0.86,0.93,0.99,1.06,1.12,1.03,0.94,0.85,0.76,0.78,0.8,0.82,0.84,0.95,1.07,1.18,1.3,1.52,1.75,1.98,2.21,2.29,2.37,2.46,2.54,2.51,2.48,2.45,2.42,2.41,2.4,2.39,2.38,2.35,2.32,2.29,2.26,2.21,2.16,2.12,2.07,2.11,2.15,2.2,2.24,2.2,2.16,2.12,2.08,2.02,1.96,1.91,1.85,1.83,1.81,1.79,1.77,,
2016-09-09T00:00:00+00:00,0.31,0.41,0.51,0.72,0.92,1.13,1.34,1.17,1.01,0.85,0.68,0.72,0.76,0.8,0.84,0.8,0.77,0.74,0.7,0.84,0.99,1.13,1.27,1.36,1.44,1.52,1.61,1.75,1.9,2.05,2.2,2.25,2.3,2.35,2.4,2.43,2.47,2.51,2.55,2.53,2.51,2.49,2.47,2.43,2.4,2.36,2.33,2.29,2.25,2.21,2.18,2.08,1.99,1.89,1.8,1.77,1.74,1.71,1.68,1.78,1.88,1.98,2.08,2.19,2.3,2.41,2.53,2.26,2.0,1.74,1.47,1.41,1.35,1.28,1.22,1.29,1.35,1.42,1.49,1.2,0.92,0.63,0.35,0.29,0.24,0.19,0.13,0.56,0.98,1.4,1.83,1.76,1.69,1.62,1.56,1.62,1.69,1.76,1.82,2.01,2.2,2.39,2.58,2.43,2.29,2.15,2.0,2.01,2.03,2.04,2.05,1.81,1.58,1.35,1.11,1.2,1.28,1.36,1.45,1.37,1.29,1.21,1.13,1.16,1.2,1.23,1.26,1.49,1.72,1.94,2.17,2.28,2.4,2.51,2.62,2.7,2.77,2.85,2.93,3.06,3.19,3.32,3.45,3.45,3.44,3.44,3.44,3.42,3.41,3.39,3.38,3.31,3.24,3.18,3.11,3.03,2.95,2.87,2.79,2.76,2.73,2.7,2.67,,
2016-09-10T00:00:00+00:00,0.6,0.37,0.15,0.43,0.72,1.01,1.29,1.07,0.86,0.64,0.42,0.79,1.15,1.51,1.87,1.83,1.79,1.76,1.72,1.59,1.46,1.34,1.21,1.31,1.42,1.52,1.62,1.48,1.33,1.18,1.03,1.3,1.57,1.84,2.1,2.31,2.52,2.73,2.94,3.08,3.22,3.37,3.51,3.69,3.86,4.04,4.22,4.23,4.23,4.24,4.24,4.21,4.18,4.15,4.12,4.02,3.92,3.82,3.72,3.65,3.58,3.51,3.44,3.23,3.03,2.82,2.62,2.42,2.23,2.03,1.84,2.07,2.3,2.53,2.76,2.53,2.31,2.09,1.87,2.23,2.6,2.96,3.33,3.07,2.81,2.54,2.28,2.28,2.28,2.27,2.27,2.14,2.01,1.87,1.74,1.76,1.78,1.8,1.82,1.73,1.64,1.54,1.45,1.25,1.05,0.85,0.65,1.17,1.69,2.21,2.73,2.57,2.41,2.25,2.09,2.05,2.02,1.98,1.95,1.95,1.96,1.97,1.98,2.14,2.3,2.46,2.62,2.43,2.23,2.03,1.83,1.86,1.89,1.92,1.96,1.95,1.95,1.95,1.95,1.93,1.91,1.9,1.88,1.99,2.1,2.21,2.31,2.43,2.54,2.65,2.76,2.27,1.78,1.29,0.8,0.82,0.83,0.84,0.85,0.88,0.92,0.95,0.99,,
2016-09-11T00:00:00+00:00,2.28,2.25,2.22,2.24,2.27,2.29,2.32,2.24,2.17,2.1,2.02,1.84,1.67,1.49,1.31,1.35,1.38,1.42,1.45,1.35,1.24,1.14,1.03,1.09,1.16,1.22,1.28,1.04,0.8,0.56,0.32,0.41,0.5,0.59,0.67,1.02,1.36,1.7,2.04,2.14,2.25,2.35,2.46,2.46,2.46,2.46,2.47,2.57,2.68,2.79,2.9,2.94,2.98,3.03,3.07,3.01,2.95,2.89,2.82,2.86,2.9,2.94,2.98,2.7,2.41,2.13,1.85,1.89,1.92,1.96,2.0,1.75,1.5,1.25,1.01,0.97,0.92,0.88,0.84,0.81,0.78,0.74,0.71,0.77,0.83,0.89,0.94,0.92,0.89,0.86,0.83,0.83,0.84,0.84,0.85,0.71,0.57,0.43,0.29,0.27,0.25,0.23,0.21,0.37,0.52,0.67,0.82,0.86,0.91,0.95,1.0,0.92,0.85,0.77,0.7,0.75,0.81,0.86,0.92,0.95,0.99,1.02,1.06,1.2,1.34,1.48,1.62,1.71,1.79,1.88,1.97,2.15,2.33,2.51,2.69,2.65,2.61,2.57,2.53,2.46,2.38,2.3,2.22,2.34,2.46,2.58,2.71,2.36,2.02,1.68,1.34,2.1,2.87,3.63,4.39,3.98,3.57,3.16,2.75,2.38,2.0,1.63,1.25,,
2016-09-12T00:00:00+00:00,1.12,1.09,1.06,1.14,1.23,1.32,1.41,1.39,1.37,1.36,1.34,1.34,1.35,1.35,1.35,1.38,1.41,1.44,1.47,1.43,1.4,1.37,1.34,1.37,1.39,1.42,1.44,1.51,1.57,1.64,1.71,1.65,1.6,1.54,1.48,1.65,1.82,1.99,2.16,2.25,2.33,2.41,2.49,2.47,2.46,2.44,2.42,2.59,2.75,2.92,3.08,3.05,3.02,2.99,2.96,3.2,3.43,3.66,3.9,3.08,2.26,1.45,0.63,0.68,0.73,0.79,0.84,0.84,0.84,0.84,0.84,0.94,1.03,1.13,1.23,1.29,1.34,1.4,1.46,1.5,1.54,1.59,1.63,1.65,1.66,1.68,1.69,1.72,1.75,1.78,1.82,1.87,1.92,1.97,2.02,2.09,2.17,2.25,2.33,2.2,2.07,1.94,1.81,1.76,1.72,1.68,1.63,1.58,1.53,1.48,1.43,1.51,1.59,1.67,1.76,1.77,1.78,1.79,1.8,2.03,2.25,2.48,2.7,2.6,2.5,2.4,2.3,2.41,2.52,2.62,2.73,2.8,2.88,2.95,3.02,3.0,2.98,2.96,2.94,2.91,2.89,2.86,2.83,3.05,3.27,3.49,3.71,3.79,3.86,3.94,4.02,4.07,4.13,4.18,4.24,4.05,3.86,3.68,3.49,3.64,3.78,3.93,4.07,,
2016-09-13T00:00:00+00:00,1.81,1.58,1.34,1.39,1.44,1.49,1.53,1.67,1.81,1.94,2.08,2.11,2.14,2.17,2.2,2.14,2.08,2.02,1.96,2.03,2.1,2.17,2.23,2.49,2.75,3.01,3.27,3.47,3.68,3.88,4.09,4.02,3.95,3.89,3.82,4.02,4.22,4.41,4.61,4.77,4.93,5.08,5.24,5.2,5.16,5.12,5.08,4.95,4.82,4.69,4.56,4.45,4.35,4.25,4.15,4.07,3.99,3.92,3.84,3.83,3.81,3.8,3.79,3.73,3.67,3.61,3.55,3.58,3.6,3.63,3.66,3.57,3.48,3.39,3.3,3.19,3.08,2.96,2.85,2.97,3.09,3.21,3.33,3.34,3.34,3.34,3.34,3.2,3.06,2.92,2.78,2.59,2.4,2.22,2.03,2.07,2.11,2.15,2.19,2.05,1.91,1.77,1.62,2.15,2.67,3.19,3.72,3.62,3.53,3.43,3.34,3.21,3.08,2.95,2.82,2.5,2.19,1.87,1.56,1.63,1.7,1.78,1.85,1.79,1.73,1.66,1.6,1.37,1.14,0.91,0.68,0.92,1.15,1.39,1.62,1.55,1.48,1.42,1.35,1.47,1.59,1.7,1.82,1.81,1.79,1.77,1.75,1.8,1.85,1.9,1.95,1.82,1.69,1.56,1.43,1.74,2.04,2.35,2.65,2.79,2.92,3.06,3.19,,
2016-09-14T00:00:00+00:00,3.96,4.13,4.31,4.04,3.77,3.5,3.23,3.27,3.31,3.35,3.39,2.88,2.37,1.86,1.34,1.71,2.07,2.44,2.8,2.8,2.8,2.8,2.8,2.76,2.72,2.68,2.64,2.46,2.27,2.09,1.9,1.78,1.66,1.55,1.43,1.26,1.09,0.92,0.75,0.98,1.21,1.45,1.68,1.59,1.5,1.41,1.33,1.37,1.42,1.46,1.5,1.79,2.08,2.36,2.65,2.34,2.02,1.71,1.4,1.28,1.16,1.04,0.93,1.44,1.95,2.46,2.96,2.96,2.96,2.96,2.96,3.28,3.6,3.92,4.24,4.36,4.48,4.6,4.72,4.64,4.57,4.49,4.42,3.71,3.0,2.29,1.59,1.74,1.9,2.05,2.21,2.51,2.81,3.11,3.41,3.09,2.77,2.46,2.14,2.09,2.04,1.99,1.94,2.04,2.13,2.22,2.31,2.24,2.17,2.09,2.02,2.23,2.43,2.63,2.84,2.46,2.07,1.69,1.31,1.34,1.37,1.41,1.44,2.01,2.58,3.15,3.73,3.41,3.1,2.79,2.48,2.11,1.74,1.37,1.0,1.61,2.22,2.83,3.43,3.24,3.04,2.84,2.64,2.66,2.69,2.71,2.73,2.83,2.93,3.02,3.12,3.05,2.99,2.93,2.86,2.89,2.92,2.94,2.97,2.76,2.55,2.35,2.14,,
2016-09-15T00:00:00+00:00,1.72,1.84,1.96,1.57,1.18,0.8,0.41,0.9,1.39,1.87,2.36,2.31,2.25,2.2,2.14,1.99,1.84,1.69,1.54,1.95,2.35,2.76,3.17,3.03,2.9,2.76,2.63,2.46,2.28,2.11,1.94,2.22,2.49,2.76,3.04,2.96,2.87,2.79,2.71,2.68,2.65,2.61,2.58,2.58,2.57,2.57,2.56,2.5,2.43,2.37,2.3,2.4,2.49,2.59,2.68,2.6,2.52,2.45,2.37,2.3,2.24,2.17,2.1,2.2,2.31,2.41,2.51,2.35,2.18,2.02,1.85,1.88,1.91,1.94,1.97,2.08,2.19,2.29,2.4,2.43,2.45,2.48,2.51,2.56,2.61,2.66,2.71,2.76,2.8,2.84,2.88,2.75,2.61,2.47,2.33,2.23,2.12,2.01,1.9,1.93,1.96,1.99,2.03,2.04,2.06,2.07,2.09,2.12,2.16,2.19,2.23,2.21,2.18,2.16,2.14,2.04,1.95,1.85,1.76,1.79,1.83,1.87,1.91,2.18,2.45,2.72,2.99,3.44,3.89,4.34,4.8,4.84,4.88,4.91,4.95,4.86,4.76,4.66,4.56,4.69,4.82,4.95,5.07,5.06,5.05,5.04,5.03,5.23,5.42,5.62,5.82,5.82,5.82,5.81,5.81,5.54,5.27,5.0,4.73,4.95,5.18,5.41,5.64,,
2016-09-16T00:00:00+00:00,1.51,1.53,1.55,1.61,1.68,1.74,1.81,1.81,1.81,1.82,1.82,1.8,1.78,1.76,1.74,1.62,1.51,1.39,1.28,1.33,1.38,1.43,1.48,1.44,1.4,1.36,1.32,1.57,1.81,2.05,2.3,2.65,3.01,3.36,3.72,3.92,4.13,4.33,4.54,4.66,4.78,4.9,5.01,5.14,5.27,5.41,5.54,5.52,5.51,5.5,5.48,5.41,5.35,5.28,5.21,4.96,4.71,4.46,4.21,4.44,4.66,4.89,5.12,5.28,5.44,5.6,5.77,6.08,6.39,6.7,7.0,6.86,6.72,6.57,6.43,6.38,6.33,6.28,6.23,6.09,5.96,5.82,5.68,5.63,5.59,5.54,5.49,5.39,5.29,5.2,5.1,5.01,4.92,4.83,4.74,4.76,4.78,4.81,4.83,4.78,4.74,4.7,4.66,4.45,4.25,4.04,3.83,3.9,3.96,4.02,4.09,3.95,3.8,3.66,3.52,3.73,3.95,4.16,4.37,4.06,3.75,3.44,3.14,3.23,3.33,3.43,3.52,3.6,3.69,3.77,3.85,3.95,4.05,4.15,4.25,4.39,4.54,4.68,4.83,4.82,4.82,4.81,4.81,4.6,4.4,4.19,3.98,3.94,3.9,3.87,3.83,3.82,3.81,3.81,3.8,3.71,3.62,3.53,3.44,3.34,3.24,3.15,3.05,,
2016-09-17T00:00:00+00:00,3.25,3.28,3.32,3.46,3.59,3.73,3.87,3.98,4.09,4.2,4.31,4.44,4.58,4.72,4.86,4.66,4.46,4.27,4.07,3.97,3.87,3.77,3.67,3.62,3.56,3.51,3.46,3.51,3.56,3.61,3.66,3.71,3.77,3.82,3.88,3.87,3.86,3.86,3.85,3.99,4.13,4.27,4.4,4.62,4.83,5.05,5.26,5.03,4.8,4.57,4.34,4.26,4.19,4.11,4.04,3.94,3.83,3.73,3.63,3.35,3.08,2.8,2.52,2.55,2.58,2.62,2.65,2.51,2.38,2.24,2.11,2.1,2.09,2.08,2.08,2.02,1.96,1.9,1.85,1.47,1.09,0.71,0.33,0.45,0.57,0.69,0.81,0.69,0.57,0.45,0.33,0.34,0.35,0.35,0.36,0.43,0.5,0.57,0.64,0.89,1.15,1.4,1.66,1.55,1.44,1.33,1.22,1.44,1.66,1.89,2.11,2.26,2.41,2.56,2.7,2.72,2.74,2.76,2.78,2.77,2.76,2.74,2.73,2.74,2.74,2.75,2.76,2.86,2.97,3.08,3.19,3.29,3.4,3.51,3.62,3.66,3.7,3.75,3.79,3.84,3.89,3.94,3.99,3.81,3.64,3.46,3.29,3.52,3.76,4.0,4.24,3.8,3.37,2.94,2.5,2.94,3.38,3.82,4.26,4.3,4.34,4.37,4.41,,
2016-09-18T00:00:00+00:00,1.85,1.77,1.69,1.56,1.42,1.29,1.15,1.21,1.27,1.33,1.39,1.54,1.69,1.85,2.0,2.1,2.19,2.29,2.38,2.46,2.55,2.63,2.71,2.73,2.75,2.77,2.79,2.93,3.07,3.2,3.34,3.27,3.2,3.13,3.06,3.22,3.39,3.55,3.72,3.83,3.94,4.05,4.16,4.3,4.44,4.58,4.72,4.58,4.43,4.29,4.14,3.79,3.44,3.09,2.74,3.14,3.54,3.94,4.34,4.26,4.18,4.1,4.02,4.29,4.56,4.84,5.11,4.8,4.5,4.2,3.9,3.87,3.84,3.82,3.79,3.93,4.07,4.21,4.35,4.32,4.3,4.28,4.26,4.08,3.91,3.73,3.56,3.4,3.25,3.1,2.95,2.96,2.96,2.97,2.98,3.06,3.15,3.24,3.33,3.22,3.12,3.01,2.9,2.79,2.68,2.57,2.46,2.33,2.19,2.06,1.93,2.1,2.26,2.43,2.59,2.71,2.82,2.94,3.05,3.06,3.06,3.07,3.07,3.0,2.93,2.87,2.8,2.87,2.95,3.03,3.11,2.94,2.78,2.61,2.45,2.6,2.75,2.9,3.05,2.61,2.17,1.73,1.29,1.32,1.35,1.38,1.41,1.36,1.31,1.26,1.2,1.81,2.41,3.01,3.61,3.37,3.13,2.89,2.64,2.69,2.74,2.79,2.83,,
2016-09-19T00:00:00+00:00,3.45,3.5,3.54,3.45,3.36,3.27,3.17,3.1,3.02,2.95,2.87,2.9,2.94,2.97,3.0,3.0,3.0,3.0,3.0,2.76,2.52,2.28,2.04,2.0,1.95,1.91,1.86,1.81,1.77,1.72,1.68,1.81,1.94,2.07,2.21,2.16,2.11,2.06,2.01,1.97,1.93,1.88,1.84,1.98,2.12,2.25,2.39,2.44,2.49,2.54,2.59,2.44,2.29,2.14,1.99,1.81,1.62,1.43,1.24,1.42,1.6,1.78,1.97,1.98,2.0,2.02,2.04,2.11,2.19,2.27,2.35,2.33,2.32,2.31,2.29,2.2,2.11,2.01,1.92,1.89,1.86,1.83,1.8,1.81,1.83,1.84,1.85,1.67,1.5,1.33,1.16,1.18,1.2,1.22,1.25,1.23,1.21,1.19,1.17,1.19,1.22,1.24,1.26,1.33,1.4,1.47,1.53,1.52,1.5,1.48,1.46,1.49,1.51,1.54,1.56,1.43,1.31,1.18,1.05,1.01,0.98,0.94,0.91,0.81,0.71,0.61,0.51,0.63,0.75,0.88,1.0,1.1,1.21,1.32,1.42,1.28,1.13,0.99,0.84,1.07,1.3,1.52,1.75,1.63,1.51,1.39,1.27,1.26,1.25,1.24,1.24,1.25,1.27,1.29,1.31,1.56,1.82,2.07,2.33,2.01,1.7,1.39,1.08,,
2016-09-20T00:00:00+00:00,1.7,1.8,1.9,1.85,1.81,1.76,1.72,2.03,2.35,2.67,2.98,2.93,2.87,2.81,2.76,2.61,2.45,2.3,2.15,2.16,2.18,2.19,2.21,2.17,2.13,2.1,2.06,2.03,2.0,1.97,1.94,1.96,1.98,2.0,2.02,1.97,1.93,1.88,1.83,1.81,1.78,1.75,1.73,1.83,1.93,2.02,2.12,2.14,2.15,2.16,2.17,2.18,2.19,2.19,2.2,2.2,2.19,2.19,2.18,2.21,2.24,2.27,2.31,2.3,2.3,2.3,2.3,2.13,1.95,1.77,1.6,1.54,1.49,1.44,1.38,1.39,1.4,1.4,1.41,1.44,1.47,1.5,1.53,1.33,1.13,0.92,0.72,0.81,0.9,0.98,1.07,1.05,1.03,1.02,1.0,0.97,0.94,0.92,0.89,0.9,0.91,0.92,0.93,0.97,1.0,1.04,1.08,1.05,1.03,1.01,0.99,0.98,0.97,0.96,0.95,0.9,0.84,0.79,0.73,0.82,0.9,0.98,1.07,1.18,1.29,1.41,1.52,1.48,1.43,1.38,1.33,1.4,1.47,1.54,1.61,1.61,1.61,1.61,1.61,1.56,1.52,1.48,1.44,1.47,1.51,1.54,1.58,1.63,1.68,1.73,1.78,1.74,1.71,1.68,1.64,1.64,1.63,1.63,1.63,1.52,1.41,1.31,1.2,,
2016-09-28T00:00:00+00:00,1.82,1.95,2.08,2.06,2.04,2.01,1.99,1.93,1.87,1.8,1.74,1.79,1.85,1.9,1.96,2.16,2.35,2.55,2.75,2.64,2.53,2.42,2.31,2.29,2.26,2.23,2.2,2.41,2.62,2.83,3.04,3.2,3.35,3.51,3.67,3.63,3.59,3.55,3.51,3.58,3.65,3.73,3.8,3.86,3.91,3.97,4.03,4.03,4.03,4.02,4.02,3.95,3.88,3.81,3.74,3.6,3.47,3.34,3.2,3.18,3.16,3.14,3.12,2.9,2.69,2.47,2.26,2.22,2.17,2.13,2.08,2.0,1.93,1.85,1.77,1.79,1.8,1.82,1.83,1.82,1.82,1.81,1.8,1.89,1.97,2.06,2.14,2.23,2.33,2.42,2.51,2.36,2.2,2.05,1.9,1.84,1.79,1.73,1.67,1.75,1.83,1.9,1.98,2.04,2.11,2.17,2.23,2.19,2.14,2.1,2.05,2.06,2.08,2.09,2.11,2.15,2.2,2.24,2.29,2.39,2.49,2.6,2.7,2.81,2.92,3.02,3.13,3.35,3.56,3.77,3.98,4.18,4.37,4.56,4.75,4.82,4.9,4.97,5.05,5.02,4.99,4.96,4.92,4.89,4.86,4.82,4.79,4.74,4.69,4.65,4.6,4.44,4.28,4.12,3.96,3.87,3.79,3.71,3.63,3.56,3.5,3.43,3.37,,
2016-09-29T00:00:00+00:00,2.53,2.75,2.96,2.89,2.82,2.74,2.67,2.61,2.56,2.5,2.45,2.49,2.52,2.56,2.6,2.73,2.85,2.98,3.11,3.16,3.21,3.27,3.32,3.54,3.76,3.98,4.2,3.99,3.78,3.57,3.36,3.52,3.67,3.82,3.98,4.44,4.91,5.38,5.85,5.83,5.82,5.81,5.79,5.73,5.67,5.61,5.54,5.43,5.32,5.21,5.1,5.06,5.02,4.98,4.94,4.79,4.65,4.5,4.36,4.12,3.88,3.64,3.41,3.27,3.14,3.01,2.87,2.67,2.47,2.27,2.06,2.16,2.25,2.35,2.44,2.41,2.37,2.34,2.3,2.63,2.96,3.28,3.61,3.46,3.32,3.18,3.03,2.79,2.54,2.3,2.05,1.98,1.9,1.82,1.74,1.65,1.56,1.47,1.38,1.43,1.47,1.52,1.56,1.52,1.47,1.42,1.37,1.42,1.46,1.5,1.55,1.65,1.75,1.85,1.94,1.96,1.97,1.99,2.0,1.9,1.81,1.71,1.62,1.29,0.96,0.64,0.31,0.37,0.44,0.51,0.57,0.79,1.01,1.23,1.44,1.5,1.55,1.6,1.66,1.81,1.97,2.12,2.28,2.28,2.29,2.29,2.3,2.51,2.73,2.95,3.16,2.78,2.39,2.01,1.62,2.02,2.43,2.83,3.23,2.87,2.5,2.14,1.78,,
2016-09-30T00:00:00+00:00,1.27,1.29,1.31,1.53,1.75,1.97,2.19,1.83,1.47,1.11,0.75,0.96,1.17,1.39,1.6,1.64,1.68,1.72,1.76,1.79,1.81,1.84,1.87,1.69,1.5,1.32,1.14,1.05,0.96,0.86,0.77,1.07,1.36,1.65,1.95,2.12,2.3,2.47,2.65,2.77,2.89,3.01,3.12,3.07,3.03,2.98,2.93,2.96,3.0,3.04,3.07,2.97,2.87,2.77,2.67,2.36,2.05,1.75,1.44,1.57,1.71,1.84,1.97,1.9,1.82,1.75,1.67,1.61,1.55,1.49,1.43,1.37,1.31,1.25,1.19,1.18,1.17,1.16,1.15,1.33,1.52,1.7,1.89,1.76,1.64,1.51,1.39,1.18,0.98,0.77,0.56,0.54,0.51,0.49,0.46,0.74,1.02,1.3,1.58,1.62,1.66,1.69,1.73,1.61,1.49,1.37,1.26,1.38,1.51,1.64,1.76,1.92,2.07,2.22,2.38,2.36,2.35,2.34,2.33,2.2,2.06,1.92,1.79,1.84,1.89,1.93,1.98,2.14,2.3,2.46,2.62,2.84,3.06,3.28,3.5,3.91,4.31,4.72,5.12,5.24,5.35,5.47,5.58,5.74,5.91,6.07,6.24,6.26,6.28,6.3,6.32,5.93,5.53,5.14,4.74,4.84,4.94,5.05,5.15,4.66,4.18,3.69,3.2,,
2016-10-01T00:00:00+00:00,0.53,0.76,0.98,1.28,1.57,1.86,2.15,2.0,1.85,1.7,1.55,1.66,1.78,1.89,2.01,2.2,2.39,2.58,2.77,2.86,2.94,3.03,3.11,2.98,2.84,2.7,2.56,2.73,2.9,3.07,3.24,3.64,4.04,4.45,4.85,5.01,5.16,5.32,5.48,5.62,5.75,5.88,6.01,6.02,6.03,6.03,6.04,6.02,5.99,5.96,5.93,6.04,6.15,6.26,6.37,5.99,5.61,5.23,4.85,4.92,4.99,5.07,5.14,5.06,4.97,4.89,4.81,4.67,4.54,4.4,4.26,4.02,3.77,3.53,3.28,3.39,3.5,3.61,3.72,3.72,3.72,3.72,3.72,3.93,4.13,4.33,4.54,4.46,4.39,4.32,4.25,4.29,4.33,4.37,4.41,4.49,4.57,4.66,4.74,4.7,4.66,4.61,4.57,4.37,4.17,3.98,3.78,3.83,3.89,3.94,4.0,4.05,4.1,4.15,4.21,4.14,4.08,4.02,3.95,3.84,3.74,3.63,3.52,3.5,3.48,3.47,3.45,3.45,3.45,3.46,3.46,3.35,3.23,3.12,3.0,3.05,3.1,3.16,3.21,3.17,3.13,3.09,3.05,3.09,3.14,3.18,3.22,3.14,3.07,2.99,2.91,2.84,2.76,2.69,2.61,2.56,2.51,2.46,2.4,2.32,2.25,2.17,2.09,,
2016-10-02T00:00:00+00:00,3.84,3.95,4.07,4.07,4.07,4.07,4.07,4.14,4.2,4.27,4.33,4.27,4.22,4.16,4.1,4.08,4.07,4.06,4.04,4.07,4.1,4.12,4.15,3.96,3.77,3.58,3.38,3.52,3.66,3.79,3.93,3.89,3.85,3.81,3.78,3.76,3.75,3.73,3.71,3.63,3.55,3.46,3.38,3.55,3.72,3.89,4.06,3.96,3.86,3.76,3.67,3.55,3.44,3.32,3.21,3.12,3.03,2.95,2.86,2.79,2.71,2.64,2.56,2.6,2.64,2.68,2.72,2.53,2.34,2.15,1.97,2.09,2.22,2.34,2.47,2.46,2.44,2.43,2.42,2.3,2.18,2.06,1.95,1.79,1.64,1.48,1.33,1.32,1.31,1.3,1.29,1.37,1.44,1.52,1.59,1.57,1.55,1.53,1.51,1.58,1.64,1.71,1.78,1.74,1.71,1.67,1.63,1.52,1.4,1.28,1.16,1.2,1.25,1.29,1.34,1.22,1.1,0.98,0.86,0.83,0.8,0.77,0.74,0.85,0.97,1.09,1.21,1.25,1.29,1.33,1.37,1.5,1.64,1.77,1.9,1.98,2.06,2.14,2.22,2.2,2.18,2.16,2.14,2.12,2.11,2.1,2.08,2.18,2.28,2.39,2.49,2.64,2.78,2.93,3.08,3.13,3.18,3.24,3.29,3.16,3.04,2.91,2.79,,
2016-10-03T00:00:00+00:00,1.3,1.26,1.23,1.3,1.36,1.43,1.5,1.46,1.42,1.37,1.33,1.41,1.49,1.56,1.64,1.5,1.36,1.23,1.09,1.04,1.0,0.95,0.9,0.76,0.62,0.47,0.33,0.33,0.34,0.34,0.34,0.71,1.07,1.44,1.8,1.82,1.83,1.84,1.86,1.86,1.86,1.87,1.87,1.78,1.7,1.61,1.53,1.59,1.65,1.7,1.76,1.8,1.84,1.88,1.92,1.95,1.99,2.03,2.07,2.21,2.35,2.5,2.64,2.68,2.73,2.77,2.81,2.79,2.77,2.75,2.74,2.66,2.58,2.51,2.43,2.36,2.29,2.22,2.15,2.08,2.0,1.92,1.84,1.71,1.58,1.46,1.33,1.39,1.46,1.53,1.59,1.78,1.96,2.15,2.33,2.27,2.21,2.15,2.09,2.1,2.11,2.11,2.12,2.1,2.08,2.06,2.04,2.13,2.22,2.31,2.4,2.4,2.41,2.42,2.43,2.39,2.35,2.31,2.27,2.31,2.36,2.4,2.45,2.66,2.88,3.09,3.31,3.46,3.61,3.76,3.92,4.07,4.21,4.36,4.51,4.6,4.69,4.79,4.88,4.93,4.99,5.05,5.1,5.07,5.04,5.01,4.98,4.98,4.98,4.98,4.98,4.94,4.9,4.86,4.82,4.85,4.89,4.92,4.96,5.03,5.1,5.16,5.23,,
2016-10-04T00:00:00+00:00,1.47,1.54,1.6,1.72,1.84,1.97,2.09,2.18,2.26,2.35,2.44,2.26,2.08,1.89,1.71,1.85,1.99,2.13,2.27,2.32,2.37,2.42,2.47,2.51,2.56,2.61,2.65,2.74,2.83,2.92,3.01,3.28,3.56,3.83,4.1,4.28,4.46,4.64,4.82,4.96,5.09,5.23,5.36,5.33,5.3,5.28,5.25,5.17,5.08,5.0,4.92,4.9,4.88,4.86,4.85,4.84,4.83,4.83,4.82,4.79,4.76,4.73,4.7,4.74,4.78,4.82,4.86,4.89,4.91,4.94,4.97,4.87,4.77,4.67,4.57,4.52,4.47,4.42,4.37,4.49,4.61,4.73,4.84,4.87,4.9,4.92,4.95,4.83,4.7,4.58,4.46,4.45,4.44,4.43,4.41,4.44,4.47,4.49,4.52,4.49,4.46,4.43,4.4,4.33,4.25,4.17,4.1,4.13,4.16,4.2,4.23,4.21,4.19,4.17,4.15,4.15,4.15,4.16,4.16,4.21,4.27,4.32,4.38,4.41,4.43,4.46,4.49,4.5,4.5,4.51,4.51,4.55,4.58,4.62,4.66,4.73,4.79,4.86,4.92,4.99,5.06,5.12,5.19,5.24,5.29,5.34,5.39,5.42,5.44,5.46,5.48,5.4,5.32,5.24,5.15,5.24,5.33,5.42,5.51,5.51,5.51,5.51,5.51,,
2016-10-05T00:00:00+00:00,4.21,4.24,4.28,4.32,4.36,4.4,4.44,4.37,4.29,4.22,4.15,4.22,4.29,4.36,4.42,4.38,4.33,4.28,4.23,4.13,4.03,3.94,3.84,3.83,3.81,3.8,3.78,3.88,3.98,4.08,4.18,4.3,4.41,4.53,4.64,4.72,4.79,4.87,4.94,5.03,5.13,5.22,5.31,5.33,5.34,5.36,5.38,5.44,5.5,5.56,5.62,5.63,5.64,5.65,5.66,5.63,5.61,5.59,5.57,5.42,5.28,5.14,4.99,4.99,4.99,4.98,4.98,5.19,5.41,5.62,5.83,5.77,5.7,5.63,5.56,5.51,5.45,5.39,5.33,5.31,5.28,5.26,5.24,5.13,5.01,4.9,4.79,4.79,4.78,4.78,4.77,4.65,4.52,4.4,4.27,4.12,3.98,3.83,3.68,3.69,3.69,3.69,3.69,3.79,3.88,3.98,4.08,4.08,4.09,4.1,4.1,4.05,4.0,3.94,3.89,3.97,4.06,4.14,4.23,4.27,4.31,4.36,4.4,4.38,4.36,4.35,4.33,4.39,4.46,4.52,4.59,4.56,4.53,4.5,4.47,4.6,4.73,4.86,4.99,5.13,5.28,5.42,5.57,5.68,5.8,5.91,6.03,5.97,5.91,5.86,5.8,5.79,5.78,5.77,5.77,5.66,5.56,5.46,5.36,5.23,5.1,4.97,4.84,,
2016-10-07T00:00:00+00:00,3.55,3.57,3.59,3.76,3.94,4.11,4.28,4.24,4.2,4.16,4.12,4.01,3.91,3.8,3.69,3.64,3.59,3.55,3.5,3.55,3.61,3.67,3.72,3.7,3.67,3.64,3.62,3.61,3.61,3.61,3.61,3.51,3.42,3.32,3.22,3.3,3.37,3.44,3.51,3.46,3.42,3.37,3.33,3.44,3.54,3.65,3.76,3.83,3.9,3.97,4.05,3.97,3.89,3.81,3.73,3.73,3.73,3.72,3.72,3.75,3.77,3.8,3.82,3.64,3.45,3.26,3.07,3.15,3.23,3.32,3.4,3.35,3.3,3.24,3.19,3.06,2.92,2.79,2.65,2.69,2.73,2.77,2.81,2.89,2.96,3.04,3.11,3.05,2.99,2.92,2.86,2.8,2.74,2.69,2.63,2.56,2.48,2.41,2.34,2.34,2.34,2.34,2.34,2.33,2.32,2.3,2.29,2.38,2.48,2.57,2.66,2.53,2.4,2.27,2.14,2.2,2.26,2.31,2.37,2.35,2.32,2.29,2.27,2.35,2.43,2.51,2.59,2.71,2.83,2.95,3.08,3.04,3.01,2.98,2.94,3.09,3.24,3.39,3.53,3.54,3.54,3.54,3.55,3.59,3.63,3.67,3.71,3.65,3.59,3.53,3.47,3.4,3.33,3.26,3.19,3.26,3.34,3.41,3.48,3.51,3.54,3.57,3.6,,
2016-10-08T00:00:00+00:00,1.72,1.75,1.77,2.0,2.22,2.44,2.66,2.58,2.5,2.42,2.34,2.39,2.44,2.49,2.54,2.53,2.52,2.51,2.5,2.44,2.37,2.3,2.24,2.24,2.24,2.24,2.24,2.22,2.21,2.19,2.18,2.28,2.37,2.47,2.57,2.63,2.7,2.76,2.82,2.85,2.87,2.89,2.91,2.89,2.87,2.86,2.84,2.95,3.06,3.18,3.29,3.26,3.22,3.19,3.16,3.02,2.88,2.75,2.61,2.5,2.38,2.27,2.16,2.16,2.16,2.16,2.16,2.21,2.25,2.3,2.34,2.36,2.37,2.39,2.4,2.58,2.75,2.92,3.09,3.06,3.03,3.0,2.97,3.01,3.05,3.1,3.14,3.01,2.89,2.76,2.64,2.62,2.61,2.6,2.59,2.5,2.41,2.32,2.23,2.29,2.34,2.4,2.45,2.46,2.46,2.47,2.48,2.43,2.38,2.34,2.29,2.2,2.11,2.02,1.93,1.85,1.78,1.71,1.64,1.56,1.48,1.39,1.31,1.4,1.49,1.58,1.67,1.84,2.01,2.17,2.34,2.43,2.51,2.59,2.67,2.69,2.71,2.73,2.74,2.78,2.81,2.84,2.87,2.98,3.09,3.19,3.3,3.25,3.21,3.16,3.11,3.14,3.16,3.19,3.21,3.21,3.21,3.21,3.21,3.2,3.19,3.19,3.18,,
2016-10-09T00:00:00+00:00,1.77,1.82,1.87,1.84,1.8,1.76,1.73,1.55,1.37,1.19,1.01,1.04,1.06,1.09,1.11,1.12,1.12,1.13,1.13,1.14,1.15,1.17,1.18,1.15,1.13,1.1,1.08,0.99,0.91,0.82,0.73,0.64,0.55,0.45,0.36,0.42,0.47,0.53,0.59,0.8,1.01,1.21,1.42,1.51,1.59,1.67,1.76,1.89,2.02,2.15,2.28,2.3,2.31,2.33,2.34,2.32,2.29,2.27,2.24,2.25,2.25,2.25,2.25,2.25,2.25,2.25,2.25,2.17,2.09,2.0,1.92,1.96,2.0,2.04,2.07,1.97,1.86,1.76,1.65,1.64,1.63,1.62,1.62,1.57,1.53,1.49,1.45,1.43,1.42,1.41,1.4,1.51,1.61,1.72,1.82,1.79,1.76,1.73,1.7,1.67,1.64,1.62,1.59,1.58,1.58,1.58,1.57,1.59,1.6,1.61,1.62,1.6,1.58,1.56,1.54,1.39,1.25,1.11,0.96,1.06,1.16,1.26,1.36,1.4,1.43,1.46,1.49,1.67,1.85,2.03,2.21,2.34,2.47,2.6,2.73,2.54,2.35,2.16,1.97,2.08,2.18,2.29,2.39,2.43,2.48,2.52,2.57,2.65,2.73,2.81,2.89,3.02,3.15,3.28,3.41,3.3,3.18,3.07,2.95,2.96,2.98,2.99,3.01,,
2016-10-10T00:00:00+00:00,1.83,1.88,1.92,1.8,1.68,1.55,1.43,1.38,1.33,1.28,1.23,1.14,1.06,0.97,0.88,0.94,1.0,1.05,1.11,1.19,1.27,1.35,1.43,1.41,1.39,1.37,1.35,1.3,1.25,1.2,1.15,1.2,1.24,1.29,1.33,1.33,1.32,1.32,1.32,1.31,1.29,1.28,1.27,1.5,1.74,1.98,2.22,2.13,2.05,1.96,1.87,2.11,2.35,2.59,2.83,2.57,2.3,2.03,1.77,1.72,1.67,1.63,1.58,1.56,1.55,1.54,1.52,1.78,2.04,2.3,2.56,2.26,1.95,1.65,1.35,1.36,1.37,1.38,1.39,1.62,1.85,2.09,2.32,2.33,2.34,2.34,2.35,2.12,1.9,1.67,1.44,1.7,1.96,2.22,2.48,2.34,2.2,2.06,1.92,1.93,1.94,1.95,1.97,1.98,2.0,2.02,2.03,1.97,1.91,1.85,1.79,1.75,1.72,1.68,1.64,1.59,1.55,1.51,1.47,1.53,1.59,1.64,1.7,1.76,1.82,1.88,1.94,1.98,2.02,2.06,2.1,2.15,2.2,2.25,2.31,2.39,2.46,2.54,2.62,2.58,2.54,2.5,2.46,2.43,2.39,2.35,2.32,2.36,2.41,2.45,2.5,2.58,2.65,2.73,2.8,2.86,2.91,2.97,3.02,2.99,2.96,2.93,2.89,,
2016-10-11T00:00:00+00:00,2.07,2.12,2.17,2.28,2.38,2.48,2.59,2.43,2.28,2.13,1.98,1.97,1.97,1.97,1.97,1.89,1.81,1.73,1.65,1.72,1.78,1.84,1.9,1.93,1.96,1.98,2.01,2.01,2.01,2.02,2.02,1.99,1.97,1.95,1.92,1.87,1.81,1.75,1.69,1.69,1.7,1.7,1.7,1.68,1.66,1.65,1.63,1.7,1.78,1.85,1.93,2.05,2.17,2.29,2.41,2.45,2.49,2.52,2.56,2.58,2.61,2.63,2.65,2.69,2.73,2.77,2.81,2.69,2.57,2.45,2.33,2.2,2.07,1.93,1.8,2.15,2.49,2.84,3.19,3.31,3.42,3.54,3.66,3.44,3.22,2.99,2.77,2.68,2.59,2.51,2.42,2.36,2.3,2.25,2.19,2.24,2.3,2.35,2.4,2.51,2.61,2.71,2.81,2.75,2.69,2.63,2.58,2.62,2.66,2.71,2.75,2.73,2.7,2.67,2.65,2.49,2.33,2.17,2.01,1.98,1.95,1.92,1.88,1.95,2.01,2.08,2.14,2.21,2.29,2.36,2.43,2.61,2.79,2.96,3.14,3.28,3.42,3.55,3.69,3.69,3.7,3.7,3.7,3.82,3.94,4.06,4.19,4.25,4.31,4.37,4.43,4.34,4.25,4.16,4.07,4.08,4.08,4.08,4.08,4.15,4.22,4.29,4.35,,
2016-10-12T00:00:00+00:00,1.74,1.67,1.6,1.72,1.83,1.95,2.07,2.05,2.04,2.02,2.01,2.04,2.08,2.11,2.15,2.16,2.17,2.18,2.19,2.18,2.18,2.17,2.16,2.04,1.92,1.8,1.68,1.79,1.9,2.0,2.11,2.33,2.55,2.77,3.0,3.32,3.64,3.97,4.29,4.28,4.28,4.28,4.27,4.14,4.01,3.88,3.75,3.74,3.73,3.72,3.71,3.66,3.62,3.57,3.52,3.49,3.46,3.43,3.4,3.47,3.55,3.62,3.69,3.83,3.97,4.1,4.24,4.24,4.24,4.24,4.23,4.29,4.35,4.4,4.46,4.36,4.27,4.17,4.08,4.07,4.07,4.06,4.06,4.04,4.02,4.0,3.98,3.99,4.0,4.01,4.02,4.01,4.0,3.98,3.97,3.97,3.97,3.97,3.96,4.0,4.04,4.08,4.12,4.19,4.27,4.34,4.41,4.37,4.34,4.3,4.26,4.26,4.26,4.26,4.26,4.13,4.0,3.87,3.74,3.66,3.59,3.51,3.44,3.63,3.83,4.03,4.22,4.13,4.03,3.94,3.84,3.85,3.85,3.86,3.87,3.84,3.82,3.8,3.78,3.82,3.85,3.89,3.93,3.94,3.95,3.96,3.97,3.91,3.84,3.78,3.72,3.76,3.8,3.84,3.88,3.87,3.87,3.86,3.86,3.81,3.76,3.71,3.66,,
2016-10-13T00:00:00+00:00,3.85,4.11,4.36,4.29,4.21,4.14,4.06,4.05,4.03,4.02,4.01,4.03,4.06,4.09,4.12,4.22,4.32,4.42,4.53,4.48,4.43,4.38,4.33,4.29,4.26,4.22,4.18,4.16,4.14,4.12,4.1,4.15,4.2,4.26,4.31,4.24,4.18,4.11,4.04,3.96,3.88,3.8,3.72,3.82,3.93,4.03,4.14,4.08,4.02,3.97,3.91,3.95,3.99,4.04,4.08,4.11,4.14,4.18,4.21,4.23,4.25,4.27,4.29,4.26,4.24,4.22,4.19,4.13,4.07,4.01,3.95,3.96,3.97,3.98,3.98,3.99,3.99,4.0,4.0,3.84,3.67,3.51,3.35,3.33,3.31,3.3,3.28,3.27,3.25,3.23,3.22,3.14,3.06,2.98,2.9,2.85,2.8,2.74,2.69,2.57,2.46,2.34,2.22,2.18,2.13,2.09,2.05,2.16,2.27,2.38,2.49,2.5,2.5,2.51,2.52,2.31,2.11,1.91,1.7,1.84,1.98,2.13,2.27,2.0,1.73,1.46,1.19,1.26,1.34,1.42,1.49,1.34,1.18,1.03,0.88,0.71,0.54,0.37,0.2,0.41,0.61,0.82,1.02,1.14,1.25,1.37,1.48,1.56,1.63,1.71,1.78,1.86,1.94,2.01,2.09,2.14,2.19,2.24,2.29,2.33,2.36,2.4,2.44,,
2016-11-03T00:00:00+00:00,1.69,1.53,1.37,1.37,1.37,1.37,1.36,1.37,1.37,1.37,1.38,1.29,1.21,1.13,1.04,1.0,0.95,0.91,0.87,0.84,0.81,0.79,0.76,0.75,0.74,0.73,0.72,0.74,0.76,0.78,0.8,0.86,0.91,0.97,1.03,1.06,1.09,1.12,1.15,1.34,1.52,1.7,1.88,1.98,2.08,2.18,2.28,2.34,2.4,2.47,2.53,2.33,2.13,1.93,1.73,1.68,1.63,1.58,1.53,1.54,1.55,1.56,1.58,1.51,1.45,1.39,1.33,1.35,1.37,1.39,1.42,1.66,1.9,2.14,2.38,2.53,2.68,2.83,2.98,2.68,2.38,2.09,1.79,1.88,1.97,2.06,2.14,1.91,1.67,1.44,1.2,1.15,1.1,1.05,1.0,0.98,0.97,0.95,0.94,0.93,0.93,0.92,0.92,0.87,0.83,0.78,0.73,0.71,0.68,0.65,0.63,0.88,1.13,1.38,1.63,1.72,1.8,1.89,1.98,1.86,1.74,1.62,1.5,1.37,1.24,1.11,0.98,1.21,1.43,1.65,1.88,1.71,1.53,1.36,1.19,1.03,0.86,0.7,0.54,1.03,1.52,2.01,2.51,2.36,2.21,2.06,1.91,1.87,1.82,1.77,1.72,1.65,1.58,1.51,1.43,1.59,1.74,1.9,2.05,2.17,2.29,2.4,2.52,,
2016-11-04T00:00:00+00:00,1.41,1.58,1.75,1.63,1.51,1.39,1.27,1.15,1.04,0.93,0.81,1.04,1.27,1.49,1.72,1.81,1.91,2.0,2.1,1.82,1.54,1.26,0.98,0.93,0.87,0.82,0.76,0.95,1.15,1.34,1.53,1.5,1.46,1.43,1.4,1.55,1.69,1.84,1.99,1.8,1.61,1.43,1.24,1.36,1.47,1.59,1.7,1.96,2.22,2.47,2.73,2.39,2.06,1.72,1.39,1.5,1.61,1.72,1.83,1.9,1.98,2.05,2.13,2.19,2.25,2.31,2.37,2.65,2.93,3.21,3.48,3.48,3.48,3.47,3.47,3.6,3.73,3.85,3.98,3.98,3.98,3.98,3.98,4.01,4.04,4.07,4.1,4.07,4.04,4.01,3.99,3.97,3.96,3.95,3.93,3.81,3.69,3.56,3.44,3.3,3.15,3.01,2.86,2.72,2.58,2.44,2.3,2.32,2.33,2.35,2.37,2.32,2.27,2.23,2.18,2.16,2.14,2.12,2.1,2.26,2.42,2.57,2.73,2.65,2.56,2.48,2.39,2.49,2.58,2.68,2.77,2.87,2.98,3.08,3.18,3.33,3.48,3.64,3.79,3.81,3.83,3.85,3.87,3.86,3.85,3.84,3.82,3.77,3.71,3.65,3.59,3.45,3.31,3.17,3.03,2.88,2.72,2.56,2.41,2.43,2.45,2.46,2.48,,
2016-11-05T00:00:00+00:00,1.98,2.05,2.11,2.05,2.0,1.94,1.89,1.75,1.61,1.48,1.34,1.69,2.04,2.39,2.74,2.72,2.7,2.68,2.66,2.69,2.73,2.76,2.79,2.61,2.43,2.25,2.06,2.31,2.56,2.81,3.06,2.93,2.8,2.68,2.55,2.48,2.41,2.33,2.26,2.29,2.33,2.36,2.39,2.61,2.84,3.06,3.28,3.22,3.16,3.09,3.03,2.99,2.96,2.93,2.9,2.92,2.95,2.98,3.0,3.07,3.13,3.19,3.26,3.61,3.96,4.31,4.66,4.31,3.96,3.61,3.26,3.13,3.0,2.87,2.74,2.84,2.94,3.04,3.14,3.18,3.21,3.25,3.29,3.18,3.07,2.96,2.84,2.64,2.44,2.24,2.03,2.15,2.27,2.39,2.51,2.46,2.41,2.35,2.3,2.37,2.45,2.52,2.59,2.54,2.5,2.45,2.4,2.47,2.54,2.61,2.68,2.67,2.66,2.65,2.65,2.69,2.73,2.77,2.8,2.81,2.81,2.82,2.82,2.79,2.75,2.71,2.67,2.64,2.61,2.58,2.55,2.71,2.87,3.03,3.19,3.39,3.58,3.77,3.97,4.09,4.21,4.33,4.45,4.42,4.38,4.34,4.31,4.25,4.18,4.12,4.06,3.91,3.77,3.63,3.49,3.32,3.15,2.98,2.81,2.88,2.95,3.02,3.09,,
2016-11-06T00:00:00+00:00,2.59,2.35,2.1,2.11,2.11,2.12,2.12,2.41,2.7,2.98,3.27,3.13,2.99,2.86,2.72,2.57,2.43,2.29,2.14,2.01,1.87,1.73,1.6,1.6,1.61,1.61,1.61,1.75,1.89,2.02,2.16,2.31,2.46,2.61,2.76,2.85,2.94,3.03,3.12,3.15,3.18,3.21,3.24,3.3,3.37,3.44,3.5,3.7,3.9,4.1,4.3,4.1,3.91,3.71,3.52,3.42,3.33,3.24,3.15,3.04,2.93,2.82,2.71,2.82,2.93,3.03,3.14,3.06,2.98,2.9,2.83,2.88,2.92,2.97,3.02,2.95,2.88,2.81,2.74,2.9,3.06,3.22,3.38,3.44,3.5,3.56,3.62,3.53,3.45,3.36,3.27,3.4,3.53,3.66,3.78,3.71,3.64,3.57,3.5,3.32,3.14,2.95,2.77,2.54,2.3,2.06,1.83,1.62,1.42,1.21,1.0,1.05,1.11,1.16,1.21,1.21,1.22,1.23,1.24,1.31,1.38,1.45,1.52,1.74,1.97,2.19,2.41,2.53,2.64,2.75,2.86,2.96,3.05,3.14,3.23,3.13,3.03,2.94,2.84,2.81,2.78,2.75,2.72,2.62,2.52,2.42,2.32,2.39,2.47,2.55,2.62,2.61,2.59,2.57,2.56,2.45,2.34,2.23,2.12,2.3,2.47,2.65,2.83,,
2016-11-07T00:00:00+00:00,3.5,3.65,3.8,3.75,3.69,3.63,3.57,3.63,3.68,3.74,3.79,3.88,3.97,4.05,4.14,4.25,4.36,4.46,4.57,4.82,5.06,5.31,5.55,5.42,5.3,5.17,5.05,4.36,3.67,2.98,2.29,2.29,2.29,2.28,2.28,2.97,3.67,4.36,5.05,4.98,4.92,4.85,4.79,4.87,4.96,5.05,5.13,5.08,5.03,4.99,4.94,4.75,4.56,4.37,4.18,4.01,3.85,3.69,3.53,3.27,3.01,2.75,2.49,2.73,2.98,3.23,3.48,3.18,2.89,2.59,2.3,2.24,2.18,2.13,2.07,2.16,2.25,2.35,2.44,2.38,2.32,2.26,2.2,2.27,2.34,2.41,2.48,2.41,2.35,2.28,2.22,2.3,2.38,2.46,2.53,2.64,2.74,2.84,2.95,2.89,2.84,2.78,2.73,2.67,2.6,2.54,2.48,2.57,2.67,2.77,2.87,2.97,3.07,3.17,3.27,3.05,2.83,2.61,2.39,2.38,2.38,2.37,2.37,2.45,2.54,2.62,2.71,2.78,2.86,2.94,3.01,3.17,3.33,3.49,3.65,3.6,3.54,3.49,3.43,3.53,3.63,3.73,3.83,3.74,3.66,3.58,3.49,3.43,3.36,3.3,3.24,3.13,3.02,2.92,2.81,2.86,2.91,2.96,3.01,2.93,2.86,2.78,2.7,,
2016-11-08T00:00:00+00:00,2.25,2.47,2.7,2.8,2.9,3.0,3.1,3.01,2.92,2.84,2.75,2.51,2.27,2.04,1.8,1.88,1.95,2.03,2.1,2.17,2.24,2.31,2.38,2.37,2.36,2.35,2.34,2.49,2.65,2.8,2.96,2.9,2.85,2.8,2.75,2.92,3.1,3.28,3.46,3.42,3.38,3.34,3.29,3.44,3.58,3.72,3.86,3.47,3.07,2.67,2.27,2.32,2.37,2.43,2.48,2.44,2.4,2.36,2.32,2.53,2.73,2.94,3.15,3.06,2.98,2.89,2.8,2.77,2.74,2.7,2.67,2.75,2.83,2.91,2.99,2.98,2.96,2.95,2.93,2.97,3.0,3.03,3.07,3.21,3.36,3.5,3.65,3.65,3.65,3.65,3.66,3.56,3.46,3.37,3.27,3.27,3.26,3.26,3.25,3.3,3.34,3.39,3.43,3.45,3.47,3.49,3.5,3.53,3.56,3.6,3.63,3.6,3.58,3.55,3.53,3.46,3.4,3.34,3.28,3.06,2.84,2.62,2.4,2.37,2.35,2.33,2.3,2.4,2.49,2.58,2.67,2.74,2.81,2.88,2.96,3.18,3.41,3.64,3.87,5.02,6.18,7.33,8.49,9.33,10.17,11.01,11.85,11.09,10.33,9.57,8.81,8.65,8.49,8.32,8.16,7.86,7.55,7.24,6.93,6.73,6.54,6.34,6.15,,
2016-11-11T00:00:00+00:00,5.24,5.34,5.44,5.31,5.19,5.07,4.95,4.8,4.65,4.51,4.36,4.31,4.25,4.2,4.14,3.99,3.84,3.69,3.54,3.62,3.69,3.77,3.84,3.65,3.45,3.26,3.06,3.22,3.38,3.54,3.7,3.72,3.74,3.77,3.79,3.62,3.45,3.29,3.12,3.1,3.07,3.05,3.03,3.21,3.39,3.57,3.75,3.72,3.69,3.65,3.62,3.53,3.43,3.34,3.24,3.08,2.92,2.76,2.59,2.47,2.34,2.22,2.09,2.05,2.01,1.97,1.93,1.93,1.94,1.94,1.94,1.81,1.67,1.54,1.4,1.3,1.2,1.1,0.99,1.08,1.17,1.25,1.34,1.35,1.37,1.38,1.4,1.42,1.43,1.45,1.47,1.48,1.49,1.5,1.51,1.51,1.51,1.51,1.51,1.38,1.26,1.13,1.0,0.99,0.97,0.96,0.94,1.07,1.2,1.33,1.46,1.33,1.2,1.08,0.95,1.16,1.37,1.59,1.8,1.67,1.54,1.41,1.28,1.28,1.29,1.29,1.3,1.35,1.4,1.44,1.49,1.7,1.91,2.12,2.33,2.52,2.72,2.91,3.11,3.13,3.15,3.17,3.19,3.08,2.98,2.87,2.76,2.89,3.01,3.14,3.26,3.16,3.06,2.95,2.85,2.83,2.8,2.77,2.75,2.71,2.66,2.62,2.57,,
2016-11-12T00:00:00+00:00,0.68,0.71,0.75,0.81,0.87,0.93,0.99,0.78,0.57,0.36,0.15,0.26,0.38,0.49,0.61,0.88,1.16,1.43,1.71,1.69,1.67,1.65,1.63,1.54,1.46,1.38,1.3,1.36,1.43,1.49,1.56,1.79,2.02,2.26,2.49,2.44,2.4,2.35,2.3,2.33,2.37,2.4,2.44,2.53,2.63,2.72,2.82,2.79,2.76,2.73,2.71,2.8,2.89,2.98,3.07,3.11,3.15,3.19,3.24,3.25,3.26,3.27,3.28,3.34,3.41,3.47,3.54,3.48,3.43,3.37,3.32,3.19,3.06,2.93,2.8,2.79,2.78,2.77,2.75,2.72,2.69,2.65,2.62,2.72,2.82,2.93,3.03,2.99,2.96,2.92,2.89,2.87,2.85,2.83,2.81,2.76,2.72,2.67,2.62,2.6,2.58,2.56,2.54,2.52,2.5,2.48,2.45,2.6,2.75,2.9,3.05,3.34,3.63,3.92,4.21,4.26,4.31,4.36,4.4,4.46,4.52,4.58,4.64,4.26,3.88,3.5,3.12,3.01,2.9,2.79,2.68,2.74,2.79,2.84,2.9,2.79,2.69,2.58,2.48,2.57,2.67,2.76,2.86,2.82,2.78,2.75,2.71,3.07,3.42,3.77,4.13,3.99,3.85,3.72,3.58,3.77,3.96,4.14,4.33,4.09,3.85,3.61,3.36,,
2016-11-13T00:00:00+00:00,1.78,1.87,1.95,1.52,1.09,0.65,0.22,0.55,0.89,1.22,1.56,1.57,1.57,1.58,1.59,1.71,1.83,1.95,2.07,2.04,2.01,1.98,1.95,2.2,2.45,2.7,2.94,3.09,3.23,3.37,3.52,3.41,3.3,3.18,3.07,3.24,3.4,3.56,3.72,3.63,3.54,3.45,3.36,3.48,3.59,3.71,3.83,3.73,3.62,3.52,3.41,3.59,3.77,3.95,4.13,4.18,4.24,4.29,4.34,4.34,4.34,4.35,4.35,4.44,4.53,4.62,4.71,4.5,4.29,4.08,3.87,3.94,4.02,4.09,4.17,4.19,4.22,4.25,4.28,4.16,4.05,3.93,3.82,3.85,3.89,3.93,3.96,3.78,3.61,3.43,3.25,3.06,2.86,2.67,2.48,2.45,2.42,2.38,2.35,2.26,2.16,2.07,1.97,1.94,1.91,1.89,1.86,1.85,1.84,1.83,1.82,1.76,1.7,1.65,1.59,1.65,1.71,1.76,1.82,1.72,1.61,1.51,1.4,1.36,1.32,1.29,1.25,1.2,1.15,1.09,1.04,0.94,0.84,0.74,0.64,0.63,0.63,0.62,0.61,0.62,0.63,0.64,0.65,0.64,0.63,0.63,0.62,0.68,0.74,0.8,0.86,0.97,1.09,1.2,1.32,1.29,1.27,1.25,1.22,1.2,1.17,1.14,1.11,,
2016-11-14T00:00:00+00:00,2.1,2.05,2.0,2.04,2.08,2.12,2.16,2.12,2.07,2.03,1.99,2.01,2.04,2.06,2.09,1.9,1.72,1.54,1.36,1.27,1.18,1.09,1.0,0.96,0.92,0.88,0.84,0.93,1.01,1.1,1.19,1.24,1.29,1.35,1.4,1.38,1.36,1.34,1.32,1.25,1.18,1.11,1.04,1.0,0.96,0.93,0.89,1.12,1.34,1.57,1.79,1.75,1.71,1.67,1.63,1.78,1.93,2.07,2.22,2.17,2.12,2.06,2.01,2.0,1.99,1.98,1.97,1.99,2.0,2.02,2.04,2.09,2.14,2.2,2.25,2.35,2.45,2.55,2.65,2.74,2.83,2.92,3.01,3.05,3.08,3.12,3.15,3.24,3.33,3.42,3.5,3.5,3.5,3.5,3.49,3.45,3.41,3.36,3.32,3.37,3.42,3.46,3.51,3.56,3.61,3.66,3.71,3.71,3.71,3.71,3.71,3.79,3.86,3.93,4.01,3.98,3.95,3.92,3.88,3.9,3.92,3.93,3.95,3.83,3.71,3.6,3.48,3.61,3.74,3.87,3.99,3.97,3.94,3.92,3.89,3.94,3.98,4.03,4.08,4.01,3.95,3.88,3.82,3.75,3.69,3.62,3.56,3.49,3.42,3.35,3.28,3.23,3.17,3.12,3.07,3.09,3.11,3.13,3.15,3.14,3.14,3.13,3.12,,
2016-11-15T00:00:00+00:00,2.15,2.16,2.18,2.15,2.13,2.1,2.08,2.35,2.61,2.88,3.15,3.21,3.27,3.33,3.39,3.41,3.43,3.45,3.47,3.48,3.5,3.51,3.53,3.52,3.5,3.49,3.48,3.47,3.45,3.44,3.43,3.47,3.52,3.57,3.61,3.6,3.58,3.57,3.55,3.56,3.57,3.57,3.58,3.56,3.55,3.53,3.51,3.49,3.46,3.44,3.41,3.31,3.22,3.12,3.02,3.03,3.03,3.03,3.03,2.99,2.95,2.91,2.86,2.82,2.78,2.73,2.69,2.67,2.65,2.63,2.61,2.38,2.16,1.94,1.71,1.95,2.19,2.43,2.66,2.63,2.59,2.56,2.52,2.7,2.87,3.05,3.22,3.18,3.14,3.1,3.06,2.96,2.85,2.74,2.63,2.65,2.67,2.7,2.72,2.85,2.99,3.13,3.27,3.26,3.26,3.26,3.26,3.3,3.34,3.38,3.42,3.48,3.55,3.61,3.68,3.67,3.65,3.64,3.63,3.73,3.82,3.92,4.01,4.24,4.47,4.7,4.94,5.15,5.37,5.58,5.8,5.65,5.5,5.36,5.21,5.18,5.15,5.11,5.08,5.03,4.99,4.94,4.89,4.92,4.94,4.97,5.0,4.96,4.92,4.88,4.84,4.74,4.64,4.54,4.44,4.49,4.55,4.6,4.65,4.33,4.01,3.7,3.38,,
2016-11-16T00:00:00+00:00,3.37,3.42,3.47,3.36,3.24,3.13,3.02,3.31,3.6,3.89,4.18,4.34,4.5,4.65,4.81,4.63,4.45,4.28,4.1,4.24,4.38,4.52,4.66,4.55,4.44,4.34,4.23,4.29,4.34,4.4,4.46,4.59,4.72,4.84,4.97,4.93,4.89,4.85,4.81,4.82,4.82,4.83,4.83,4.87,4.91,4.95,4.99,4.91,4.83,4.75,4.67,4.55,4.42,4.3,4.18,4.32,4.46,4.6,4.74,4.58,4.42,4.26,4.1,4.34,4.58,4.82,5.06,5.1,5.15,5.19,5.24,4.99,4.73,4.48,4.23,4.43,4.64,4.84,5.05,5.08,5.11,5.14,5.17,4.84,4.5,4.17,3.84,4.1,4.37,4.63,4.9,4.55,4.2,3.86,3.51,4.05,4.58,5.11,5.65,5.81,5.97,6.13,6.29,6.23,6.17,6.11,6.06,5.9,5.75,5.59,5.44,5.31,5.17,5.04,4.9,5.16,5.41,5.67,5.93,6.09,6.25,6.42,6.58,6.54,6.49,6.45,6.41,6.29,6.18,6.07,5.95,5.97,5.99,6.01,6.03,6.16,6.28,6.41,6.54,6.37,6.2,6.03,5.86,6.16,6.46,6.76,7.06,7.11,7.17,7.22,7.28,7.63,7.97,8.32,8.67,8.6,8.54,8.48,8.42,8.33,8.24,8.15,8.06,,
2016-11-17T00:00:00+00:00,5.35,5.44,5.52,5.41,5.3,5.19,5.07,5.01,4.95,4.89,4.83,4.79,4.75,4.71,4.67,4.84,5.01,5.18,5.36,5.36,5.36,5.36,5.36,5.49,5.62,5.75,5.87,6.05,6.22,6.39,6.56,6.4,6.23,6.06,5.9,6.02,6.15,6.27,6.4,6.5,6.61,6.72,6.82,6.8,6.78,6.75,6.73,6.93,7.12,7.32,7.52,7.6,7.69,7.78,7.87,7.86,7.85,7.84,7.83,7.96,8.1,8.23,8.36,8.27,8.19,8.1,8.02,7.61,7.19,6.78,6.37,6.48,6.59,6.7,6.81,6.97,7.13,7.29,7.45,7.3,7.15,6.99,6.84,6.89,6.95,7.01,7.07,7.45,7.83,8.2,8.58,8.22,7.85,7.49,7.12,7.61,8.1,8.59,9.08,9.29,9.5,9.72,9.93,10.14,10.35,10.56,10.77,10.02,9.28,8.54,7.79,7.92,8.05,8.18,8.31,7.25,6.19,5.13,4.07,4.43,4.8,5.16,5.52,5.5,5.48,5.46,5.44,5.67,5.9,6.12,6.35,6.08,5.8,5.53,5.26,5.44,5.62,5.8,5.98,6.23,6.48,6.73,6.98,6.73,6.48,6.23,5.98,6.25,6.52,6.79,7.07,7.01,6.96,6.91,6.86,6.62,6.39,6.15,5.92,6.02,6.13,6.23,6.34,,
2016-11-18T00:00:00+00:00,9.08,9.08,9.09,8.61,8.12,7.64,7.16,6.38,5.61,4.84,4.06,3.85,3.65,3.44,3.24,3.88,4.52,5.17,5.81,5.4,4.98,4.57,4.15,4.34,4.53,4.72,4.91,4.95,4.99,5.03,5.07,5.33,5.59,5.85,6.11,6.25,6.38,6.52,6.65,6.87,7.09,7.32,7.54,7.59,7.65,7.7,7.76,8.06,8.36,8.65,8.95,8.17,7.39,6.61,5.83,5.72,5.6,5.49,5.37,5.23,5.08,4.94,4.79,4.75,4.71,4.67,4.63,4.56,4.5,4.43,4.37,4.33,4.29,4.25,4.21,4.34,4.46,4.58,4.71,4.72,4.73,4.75,4.76,4.72,4.67,4.63,4.58,4.79,4.99,5.19,5.39,5.26,5.12,4.99,4.85,4.78,4.7,4.62,4.55,4.63,4.71,4.79,4.87,4.89,4.92,4.94,4.97,4.91,4.86,4.8,4.75,4.78,4.82,4.85,4.88,4.87,4.85,4.83,4.82,5.0,5.19,5.37,5.56,5.32,5.08,4.85,4.61,4.61,4.61,4.61,4.61,4.55,4.49,4.43,4.38,4.34,4.3,4.26,4.22,4.4,4.58,4.77,4.95,5.02,5.09,5.16,5.23,5.33,5.43,5.54,5.64,5.72,5.81,5.89,5.97,5.84,5.71,5.58,5.44,5.63,5.82,6.01,6.19,,
2016-11-19T00:00:00+00:00,5.01,4.89,4.78,4.68,4.58,4.49,4.39,4.51,4.63,4.74,4.86,4.84,4.81,4.79,4.77,4.67,4.57,4.47,4.37,4.43,4.5,4.56,4.62,4.58,4.55,4.52,4.49,4.44,4.4,4.36,4.32,4.43,4.55,4.66,4.77,4.86,4.94,5.02,5.1,5.07,5.03,5.0,4.96,4.93,4.9,4.86,4.83,4.73,4.63,4.53,4.42,4.32,4.21,4.11,4.0,4.08,4.17,4.25,4.34,4.28,4.23,4.18,4.12,4.19,4.26,4.33,4.4,4.45,4.49,4.53,4.58,4.57,4.57,4.56,4.56,4.69,4.82,4.95,5.09,5.27,5.46,5.65,5.84,5.96,6.08,6.2,6.32,6.55,6.78,7.02,7.25,7.51,7.77,8.04,8.3,8.24,8.18,8.11,8.05,8.28,8.51,8.74,8.97,9.19,9.4,9.62,9.83,9.89,9.94,10.0,10.06,10.15,10.24,10.33,10.42,10.61,10.81,11.0,11.19,11.17,11.15,11.13,11.12,11.08,11.05,11.02,10.99,10.86,10.72,10.59,10.46,10.24,10.01,9.78,9.55,9.31,9.06,8.81,8.57,8.39,8.22,8.05,7.87,7.64,7.4,7.17,6.93,7.26,7.59,7.92,8.26,8.07,7.89,7.71,7.53,7.51,7.48,7.46,7.44,7.28,7.13,6.98,6.83,,
2016-11-20T00:00:00+00:00,7.46,7.55,7.64,7.72,7.81,7.89,7.98,8.53,9.08,9.63,10.19,10.39,10.59,10.8,11.0,10.83,10.66,10.49,10.32,10.64,10.96,11.27,11.59,11.01,10.44,9.86,9.28,9.0,8.73,8.45,8.17,8.08,7.98,7.88,7.79,7.86,7.94,8.01,8.09,8.07,8.06,8.05,8.04,7.82,7.6,7.38,7.15,6.52,5.89,5.26,4.62,4.81,5.0,5.18,5.37,5.58,5.78,5.99,6.19,6.01,5.82,5.64,5.45,5.27,5.09,4.91,4.73,4.9,5.08,5.25,5.43,5.03,4.63,4.22,3.82,3.69,3.56,3.43,3.3,3.37,3.43,3.49,3.55,3.75,3.95,4.15,4.35,4.56,4.76,4.97,5.17,5.05,4.92,4.79,4.67,4.87,5.07,5.27,5.48,5.38,5.28,5.19,5.09,4.89,4.69,4.49,4.3,4.46,4.61,4.77,4.93,4.76,4.59,4.42,4.24,4.55,4.86,5.17,5.48,5.59,5.71,5.82,5.94,6.02,6.1,6.18,6.26,6.2,6.14,6.07,6.01,6.09,6.16,6.24,6.32,6.12,5.93,5.74,5.54,5.61,5.68,5.75,5.82,6.17,6.52,6.87,7.23,6.63,6.04,5.45,4.86,4.88,4.9,4.92,4.94,5.03,5.11,5.2,5.29,5.24,5.19,5.13,5.08,,
2016-11-21T00:00:00+00:00,4.64,4.46,4.28,4.01,3.75,3.49,3.23,3.38,3.54,3.7,3.85,3.85,3.84,3.84,3.83,3.8,3.77,3.74,3.71,4.06,4.41,4.76,5.11,4.96,4.81,4.66,4.51,4.84,5.17,5.49,5.82,6.05,6.27,6.5,6.73,6.43,6.13,5.84,5.54,5.65,5.75,5.85,5.95,6.03,6.12,6.2,6.28,6.37,6.46,6.55,6.64,6.24,5.84,5.44,5.04,5.04,5.03,5.03,5.02,5.05,5.07,5.09,5.12,5.23,5.34,5.45,5.56,5.52,5.49,5.46,5.43,5.54,5.65,5.75,5.86,5.94,6.03,6.12,6.2,6.23,6.25,6.27,6.3,6.5,6.7,6.91,7.11,7.14,7.17,7.2,7.22,7.31,7.39,7.47,7.55,7.45,7.36,7.26,7.16,7.08,7.01,6.93,6.86,6.66,6.46,6.25,6.05,6.12,6.19,6.25,6.32,6.25,6.18,6.11,6.04,5.7,5.37,5.03,4.7,4.33,3.97,3.6,3.23,3.15,3.08,3.0,2.92,2.99,3.07,3.14,3.21,3.45,3.69,3.94,4.18,4.08,3.98,3.89,3.79,3.77,3.75,3.73,3.71,3.74,3.77,3.8,3.82,3.78,3.73,3.69,3.64,3.58,3.52,3.45,3.39,3.25,3.11,2.97,2.82,2.48,2.13,1.79,1.44,,
2016-11-22T00:00:00+00:00,7.79,7.65,7.51,7.36,7.22,7.07,6.92,6.74,6.57,6.39,6.21,6.06,5.91,5.77,5.62,5.33,5.05,4.76,4.48,4.42,4.36,4.3,4.25,4.1,3.96,3.82,3.68,3.66,3.63,3.61,3.59,3.62,3.66,3.7,3.74,3.67,3.6,3.53,3.46,3.43,3.4,3.38,3.35,3.31,3.26,3.21,3.17,3.1,3.04,2.98,2.92,2.96,3.01,3.05,3.1,2.88,2.65,2.43,2.21,2.06,1.9,1.75,1.6,1.54,1.48,1.43,1.37,1.22,1.07,0.92,0.77,0.85,0.93,1.0,1.08,1.19,1.29,1.4,1.5,1.64,1.78,1.92,2.05,1.98,1.91,1.83,1.76,1.76,1.77,1.77,1.77,2.02,2.27,2.52,2.76,2.99,3.22,3.45,3.68,3.67,3.66,3.65,3.64,3.83,4.02,4.21,4.39,4.59,4.78,4.97,5.16,4.82,4.49,4.16,3.83,3.52,3.22,2.91,2.6,2.7,2.79,2.88,2.97,2.95,2.93,2.91,2.89,2.88,2.88,2.87,2.86,2.85,2.84,2.83,2.83,2.88,2.94,3.0,3.06,3.09,3.11,3.14,3.17,3.22,3.26,3.31,3.36,3.44,3.52,3.59,3.67,3.69,3.7,3.72,3.73,3.79,3.85,3.9,3.96,3.96,3.96,3.96,3.96,,
2016-11-23T00:00:00+00:00,2.75,2.94,3.13,2.87,2.6,2.33,2.07,2.36,2.66,2.95,3.25,3.37,3.5,3.62,3.75,3.63,3.51,3.39,3.27,3.26,3.24,3.23,3.22,3.26,3.3,3.34,3.38,3.31,3.24,3.18,3.11,3.14,3.16,3.19,3.22,3.17,3.12,3.08,3.03,3.02,3.02,3.01,3.01,3.08,3.16,3.24,3.32,3.35,3.39,3.43,3.46,3.5,3.54,3.58,3.62,3.79,3.95,4.12,4.28,4.32,4.36,4.4,4.44,4.42,4.4,4.38,4.36,4.22,4.08,3.94,3.8,3.88,3.96,4.04,4.12,4.16,4.19,4.23,4.26,4.34,4.42,4.5,4.58,4.64,4.7,4.76,4.82,4.74,4.67,4.6,4.52,4.41,4.3,4.19,4.08,4.14,4.19,4.25,4.3,4.32,4.33,4.35,4.36,4.53,4.69,4.86,5.02,5.06,5.1,5.14,5.18,5.19,5.21,5.23,5.25,5.35,5.45,5.55,5.66,5.59,5.52,5.45,5.39,5.39,5.4,5.41,5.42,5.4,5.39,5.38,5.36,5.3,5.24,5.18,5.12,5.14,5.16,5.19,5.21,5.25,5.29,5.34,5.38,5.35,5.33,5.3,5.27,5.16,5.05,4.94,4.83,4.9,4.96,5.02,5.08,5.12,5.16,5.2,5.24,5.24,5.23,5.23,5.23,,
2016-11-24T00:00:00+00:00,4.46,4.41,4.37,4.45,4.54,4.63,4.72,4.65,4.58,4.51,4.45,4.68,4.92,5.16,5.4,4.94,4.48,4.02,3.56,3.83,4.1,4.38,4.65,4.7,4.75,4.81,4.86,4.78,4.71,4.63,4.55,4.51,4.47,4.42,4.38,4.46,4.53,4.6,4.68,4.53,4.39,4.24,4.09,3.95,3.8,3.65,3.51,3.51,3.51,3.51,3.51,3.55,3.59,3.63,3.67,3.79,3.91,4.02,4.14,4.2,4.27,4.33,4.39,4.19,4.0,3.81,3.61,3.71,3.81,3.9,4.0,4.11,4.23,4.35,4.47,4.56,4.65,4.74,4.83,4.93,5.03,5.13,5.23,5.29,5.35,5.42,5.48,5.46,5.43,5.41,5.39,5.45,5.52,5.58,5.64,5.45,5.26,5.06,4.87,4.79,4.71,4.64,4.56,4.79,5.03,5.26,5.5,5.37,5.25,5.12,5.0,5.05,5.11,5.17,5.22,5.27,5.31,5.35,5.4,5.44,5.48,5.52,5.57,5.62,5.67,5.73,5.78,5.75,5.72,5.69,5.66,5.58,5.5,5.43,5.35,5.17,4.99,4.81,4.63,4.6,4.57,4.54,4.51,4.54,4.57,4.6,4.63,4.72,4.81,4.9,4.99,4.77,4.56,4.34,4.13,3.95,3.77,3.59,3.42,3.43,3.44,3.45,3.47,,
2016-11-25T00:00:00+00:00,5.38,5.35,5.32,5.4,5.48,5.56,5.64,5.58,5.51,5.45,5.39,5.38,5.37,5.37,5.36,5.38,5.39,5.41,5.42,5.46,5.49,5.52,5.55,5.51,5.47,5.43,5.39,5.47,5.55,5.63,5.71,5.6,5.48,5.37,5.25,5.15,5.05,4.95,4.85,4.79,4.72,4.66,4.6,4.58,4.56,4.54,4.52,4.52,4.52,4.53,4.53,4.52,4.52,4.51,4.5,4.35,4.21,4.06,3.92,3.79,3.66,3.53,3.4,3.42,3.45,3.47,3.5,3.33,3.16,2.98,2.81,2.76,2.72,2.67,2.62,2.55,2.48,2.4,2.33,2.39,2.46,2.52,2.58,2.67,2.76,2.85,2.93,3.0,3.07,3.14,3.21,3.13,3.05,2.96,2.88,2.81,2.75,2.68,2.62,2.58,2.55,2.51,2.47,2.38,2.28,2.19,2.09,2.14,2.19,2.24,2.29,2.36,2.43,2.51,2.58,2.62,2.66,2.7,2.74,2.68,2.63,2.58,2.53,2.5,2.48,2.45,2.43,2.37,2.32,2.27,2.22,2.22,2.23,2.23,2.24,2.18,2.12,2.06,2.0,1.97,1.95,1.92,1.89,1.91,1.93,1.96,1.98,2.03,2.09,2.15,2.2,2.36,2.53,2.69,2.85,2.89,2.92,2.96,3.0,2.95,2.91,2.87,2.83,,
2016-11-26T00:00:00+00:00,2.14,2.46,2.77,2.78,2.8,2.81,2.82,2.46,2.1,1.75,1.39,1.38,1.37,1.35,1.34,1.41,1.48,1.54,1.61,1.7,1.8,1.89,1.98,1.96,1.94,1.92,1.9,1.95,2.0,2.06,2.11,2.09,2.06,2.04,2.01,1.9,1.79,1.68,1.58,1.72,1.86,2.0,2.14,2.01,1.88,1.75,1.63,1.78,1.94,2.1,2.25,2.34,2.43,2.51,2.6,2.62,2.64,2.66,2.68,2.64,2.6,2.57,2.53,2.58,2.62,2.67,2.72,2.83,2.95,3.06,3.18,3.0,2.82,2.64,2.47,2.41,2.35,2.29,2.23,2.24,2.26,2.27,2.28,2.29,2.3,2.3,2.31,2.32,2.33,2.34,2.35,2.34,2.33,2.32,2.3,2.26,2.21,2.16,2.12,2.12,2.12,2.13,2.13,2.3,2.48,2.65,2.82,2.88,2.95,3.01,3.07,3.04,3.0,2.97,2.93,2.9,2.87,2.84,2.81,3.01,3.21,3.4,3.6,3.62,3.65,3.67,3.69,3.77,3.84,3.92,4.0,3.99,3.98,3.98,3.97,3.87,3.78,3.68,3.59,3.73,3.86,4.0,4.13,4.24,4.34,4.45,4.55,4.52,4.48,4.45,4.41,4.41,4.4,4.39,4.39,4.36,4.32,4.29,4.26,4.42,4.58,4.74,4.9,,
2016-11-27T00:00:00+00:00,2.24,2.14,2.03,2.03,2.02,2.01,2.0,1.88,1.75,1.62,1.49,1.73,1.98,2.22,2.46,2.55,2.64,2.72,2.81,2.84,2.87,2.89,2.92,3.02,3.11,3.2,3.3,3.02,2.75,2.48,2.21,2.03,1.84,1.66,1.47,1.49,1.5,1.51,1.52,1.89,2.26,2.63,3.0,3.12,3.25,3.38,3.5,3.38,3.27,3.15,3.03,3.26,3.49,3.73,3.96,3.98,3.99,4.01,4.03,4.09,4.14,4.2,4.26,4.31,4.37,4.43,4.48,4.59,4.69,4.8,4.91,4.98,5.06,5.14,5.21,5.4,5.58,5.77,5.96,5.74,5.52,5.3,5.08,5.13,5.17,5.22,5.27,5.14,5.02,4.89,4.76,4.7,4.64,4.59,4.53,4.47,4.41,4.35,4.29,4.39,4.49,4.59,4.69,4.64,4.58,4.53,4.47,4.4,4.33,4.26,4.18,4.36,4.54,4.72,4.89,4.93,4.96,5.0,5.04,5.0,4.97,4.94,4.91,4.91,4.91,4.9,4.9,4.95,4.99,5.04,5.09,5.09,5.1,5.11,5.11,5.18,5.26,5.33,5.4,5.46,5.53,5.59,5.66,5.68,5.69,5.71,5.72,5.76,5.8,5.84,5.87,5.94,6.0,6.07,6.13,6.13,6.12,6.12,6.11,6.13,6.16,6.18,6.21,,
2016-11-28T00:00:00+00:00,4.85,4.83,4.82,4.97,5.13,5.28,5.44,5.36,5.27,5.19,5.11,5.1,5.1,5.1,5.1,5.17,5.23,5.3,5.36,5.4,5.44,5.48,5.52,5.5,5.48,5.45,5.43,5.37,5.31,5.26,5.2,5.12,5.05,4.97,4.9,4.93,4.97,5.01,5.04,5.12,5.2,5.27,5.35,5.43,5.51,5.59,5.67,5.69,5.71,5.73,5.75,5.72,5.7,5.67,5.64,5.67,5.7,5.73,5.76,5.84,5.91,5.99,6.06,6.09,6.11,6.14,6.17,6.18,6.18,6.18,6.19,6.21,6.24,6.26,6.29,6.17,6.05,5.93,5.81,5.68,5.55,5.42,5.29,5.18,5.07,4.96,4.85,4.78,4.7,4.63,4.56,4.52,4.48,4.44,4.4,4.37,4.35,4.33,4.3,4.31,4.31,4.32,4.32,4.34,4.36,4.38,4.4,4.4,4.4,4.4,4.4,4.34,4.29,4.23,4.17,4.18,4.19,4.2,4.21,4.14,4.07,4.01,3.94,3.89,3.83,3.78,3.72,3.78,3.83,3.89,3.94,3.85,3.75,3.65,3.56,3.49,3.42,3.35,3.28,3.32,3.35,3.39,3.42,3.44,3.46,3.48,3.5,3.51,3.52,3.52,3.53,3.4,3.28,3.15,3.03,2.93,2.83,2.74,2.64,2.67,2.71,2.74,2.78,,
2016-11-29T00:00:00+00:00,4.45,4.47,4.49,4.53,4.56,4.59,4.62,4.62,4.62,4.62,4.62,4.7,4.78,4.86,4.94,4.82,4.69,4.56,4.43,4.36,4.28,4.21,4.14,4.1,4.07,4.03,3.99,3.92,3.85,3.78,3.71,3.67,3.62,3.58,3.53,3.53,3.54,3.54,3.55,3.56,3.58,3.6,3.62,3.58,3.53,3.49,3.44,3.5,3.55,3.61,3.66,3.64,3.61,3.58,3.56,3.5,3.44,3.38,3.32,3.43,3.53,3.63,3.74,3.69,3.63,3.58,3.53,3.43,3.34,3.24,3.15,3.04,2.94,2.83,2.73,2.69,2.66,2.62,2.59,2.54,2.49,2.44,2.39,2.35,2.31,2.28,2.24,2.07,1.91,1.75,1.58,1.65,1.71,1.78,1.85,1.86,1.87,1.88,1.9,1.81,1.72,1.63,1.55,1.46,1.37,1.29,1.2,1.21,1.22,1.23,1.24,1.1,0.95,0.81,0.67,0.65,0.63,0.61,0.59,0.78,0.97,1.15,1.34,1.26,1.19,1.12,1.04,1.01,0.98,0.95,0.93,0.83,0.73,0.63,0.54,0.58,0.62,0.66,0.7,0.66,0.62,0.58,0.54,0.56,0.59,0.61,0.64,0.69,0.74,0.79,0.84,0.8,0.77,0.74,0.7,0.69,0.68,0.67,0.65,0.77,0.88,1.0,1.11,,
2016-11-30T00:00:00+00:00,1.92,2.11,2.29,1.94,1.58,1.22,0.87,0.86,0.85,0.85,0.84,1.13,1.41,1.7,1.99,1.7,1.41,1.13,0.84,0.79,0.75,0.71,0.67,0.72,0.78,0.84,0.89,1.12,1.34,1.57,1.79,1.5,1.21,0.92,0.63,0.68,0.73,0.78,0.83,0.8,0.78,0.75,0.72,0.77,0.82,0.87,0.92,0.83,0.75,0.66,0.58,0.47,0.36,0.25,0.15,0.26,0.38,0.5,0.62,0.73,0.84,0.95,1.06,1.09,1.12,1.15,1.19,1.06,0.94,0.81,0.69,0.55,0.41,0.27,0.13,0.22,0.31,0.4,0.48,0.46,0.45,0.43,0.41,0.5,0.59,0.68,0.77,0.79,0.82,0.85,0.87,0.89,0.9,0.91,0.93,0.98,1.02,1.07,1.12,0.97,0.81,0.66,0.51,0.52,0.52,0.53,0.54,0.56,0.57,0.59,0.61,0.7,0.79,0.89,0.98,0.99,0.99,1.0,1.01,0.97,0.92,0.88,0.84,0.79,0.75,0.7,0.66,0.64,0.62,0.61,0.59,0.55,0.52,0.48,0.45,0.47,0.49,0.52,0.54,0.61,0.67,0.74,0.8,0.86,0.91,0.97,1.02,1.12,1.21,1.3,1.39,1.48,1.57,1.66,1.75,1.74,1.72,1.71,1.69,1.64,1.59,1.54,1.49,,
2016-12-01T00:00:00+00:00,0.44,0.4,0.37,0.39,0.41,0.42,0.44,0.44,0.44,0.44,0.44,0.41,0.39,0.36,0.33,0.37,0.4,0.44,0.48,0.53,0.57,0.62,0.67,0.57,0.47,0.37,0.26,0.36,0.46,0.56,0.65,0.64,0.63,0.62,0.62,0.65,0.69,0.72,0.76,0.77,0.78,0.79,0.8,0.83,0.87,0.9,0.94,1.1,1.26,1.42,1.58,1.52,1.46,1.4,1.35,1.27,1.19,1.11,1.03,1.03,1.03,1.02,1.02,1.08,1.14,1.2,1.27,1.32,1.37,1.42,1.47,1.46,1.46,1.45,1.45,1.49,1.52,1.56,1.6,1.63,1.66,1.69,1.72,1.66,1.59,1.53,1.47,1.35,1.23,1.11,0.99,0.96,0.93,0.9,0.87,1.04,1.21,1.39,1.56,1.64,1.72,1.8,1.88,1.8,1.72,1.63,1.55,1.72,1.88,2.05,2.22,2.14,2.06,1.98,1.9,1.84,1.79,1.74,1.69,1.64,1.59,1.54,1.49,1.5,1.52,1.54,1.55,1.42,1.29,1.16,1.03,1.12,1.22,1.31,1.4,1.41,1.41,1.42,1.42,1.54,1.66,1.78,1.9,2.04,2.19,2.33,2.48,2.68,2.88,3.08,3.29,3.24,3.2,3.16,3.12,3.19,3.25,3.31,3.38,3.31,3.23,3.16,3.09,,
2016-12-02T00:00:00+00:00,0.72,0.73,0.74,0.94,1.15,1.36,1.56,1.42,1.27,1.12,0.97,0.97,0.97,0.97,0.96,1.02,1.08,1.14,1.19,0.98,0.78,0.57,0.36,0.29,0.22,0.16,0.09,0.19,0.29,0.4,0.5,0.56,0.63,0.69,0.76,0.76,0.77,0.78,0.78,0.8,0.82,0.84,0.86,1.01,1.16,1.3,1.45,1.36,1.27,1.19,1.1,1.33,1.56,1.79,2.01,2.18,2.34,2.51,2.67,2.65,2.63,2.6,2.58,2.64,2.71,2.77,2.84,2.87,2.9,2.93,2.96,3.0,3.03,3.07,3.11,3.12,3.13,3.14,3.15,3.06,2.97,2.88,2.8,2.8,2.79,2.79,2.79,2.81,2.84,2.86,2.89,3.02,3.16,3.3,3.44,3.39,3.35,3.31,3.26,3.25,3.23,3.21,3.19,3.24,3.28,3.32,3.37,3.46,3.55,3.64,3.73,3.67,3.61,3.55,3.49,3.5,3.51,3.52,3.53,3.52,3.51,3.5,3.49,3.48,3.48,3.48,3.48,3.52,3.56,3.6,3.64,3.75,3.86,3.96,4.07,4.09,4.12,4.14,4.16,4.25,4.34,4.43,4.52,4.53,4.55,4.56,4.57,4.58,4.59,4.59,4.6,4.64,4.67,4.71,4.74,4.69,4.64,4.6,4.55,4.58,4.61,4.64,4.67,,
2016-12-05T00:00:00+00:00
2016-12-06T00:00:00+00:00,1.54,1.71,1.87,1.75,1.63,1.51,1.39,1.48,1.56,1.64,1.72,1.64,1.55,1.46,1.37,1.39,1.41,1.43,1.45,1.38,1.3,1.23,1.15,1.05,0.95,0.85,0.76,0.93,1.1,1.28,1.45,1.37,1.3,1.22,1.14,0.97,0.8,0.62,0.45,0.56,0.68,0.79,0.9,0.81,0.72,0.63,0.54,0.63,0.72,0.81,0.9,1.0,1.1,1.2,1.3,1.36,1.42,1.48,1.54,1.48,1.42,1.36,1.3,1.38,1.45,1.53,1.61,1.55,1.5,1.44,1.38,1.2,1.01,0.82,0.63,0.93,1.24,1.54,1.85,1.72,1.59,1.46,1.33,1.26,1.2,1.14,1.08,1.04,0.99,0.95,0.9,0.87,0.84,0.8,0.77,0.68,0.59,0.5,0.41,0.37,0.33,0.29,0.26,0.57,0.89,1.21,1.53,1.59,1.66,1.73,1.79,1.54,1.28,1.02,0.77,0.75,0.73,0.71,0.69,0.71,0.74,0.76,0.79,0.83,0.87,0.91,0.96,1.0,1.05,1.1,1.15,0.96,0.77,0.58,0.39,0.51,0.64,0.77,0.9,0.94,0.99,1.03,1.08,1.09,1.1,1.11,1.12,1.21,1.3,1.4,1.49,1.57,1.66,1.74,1.82,1.86,1.9,1.94,1.98,1.85,1.72,1.59,1.46,,
2016-12-07T00:00:00+00:00,1.26,1.31,1.36,1.2,1.04,0.88,0.73,0.91,1.09,1.28,1.46,1.49,1.51,1.54,1.56,1.33,1.09,0.86,0.63,0.5,0.37,0.24,0.11,0.22,0.33,0.44,0.55,0.47,0.4,0.32,0.24,0.27,0.3,0.32,0.35,0.54,0.72,0.91,1.1,1.05,1.0,0.95,0.9,0.87,0.84,0.82,0.79,0.84,0.9,0.95,1.0,1.12,1.24,1.36,1.48,1.59,1.69,1.79,1.89,1.84,1.78,1.72,1.67,1.58,1.5,1.42,1.34,1.26,1.19,1.11,1.03,0.94,0.85,0.76,0.67,0.78,0.89,1.0,1.11,1.16,1.22,1.27,1.33,1.23,1.12,1.02,0.92,0.91,0.9,0.9,0.89,1.05,1.21,1.38,1.54,1.31,1.08,0.86,0.63,0.91,1.2,1.48,1.77,1.45,1.14,0.83,0.52,0.87,1.21,1.56,1.9,1.59,1.27,0.95,0.64,0.61,0.58,0.55,0.52,0.71,0.91,1.11,1.31,1.25,1.19,1.12,1.06,1.49,1.92,2.35,2.78,2.79,2.79,2.8,2.81,2.71,2.62,2.52,2.43,2.3,2.17,2.04,1.91,2.1,2.3,2.49,2.69,2.73,2.77,2.82,2.86,3.0,3.14,3.28,3.42,3.34,3.26,3.17,3.09,2.98,2.86,2.75,2.64,,
2016-12-08T00:00:00+00:00,1.12,0.99,0.86,1.02,1.19,1.35,1.51,1.15,0.79,0.43,0.07,0.4,0.72,1.05,1.38,1.4,1.42,1.44,1.47,1.69,1.92,2.14,2.36,2.16,1.95,1.74,1.54,1.49,1.44,1.39,1.34,1.48,1.62,1.75,1.89,1.83,1.78,1.72,1.66,1.63,1.6,1.57,1.54,1.64,1.74,1.84,1.94,2.03,2.11,2.2,2.29,2.15,2.02,1.89,1.75,1.83,1.91,1.99,2.07,2.29,2.5,2.71,2.92,3.04,3.16,3.28,3.4,3.47,3.53,3.59,3.66,3.55,3.45,3.35,3.25,3.24,3.24,3.23,3.23,3.19,3.16,3.12,3.09,2.99,2.88,2.78,2.68,2.74,2.8,2.85,2.91,2.81,2.7,2.59,2.48,2.33,2.17,2.02,1.86,1.7,1.55,1.39,1.23,1.17,1.11,1.05,0.98,1.06,1.14,1.21,1.29,1.42,1.56,1.7,1.83,1.94,2.06,2.17,2.28,2.22,2.17,2.11,2.05,1.99,1.93,1.88,1.82,1.85,1.87,1.9,1.92,1.79,1.66,1.52,1.39,1.35,1.3,1.26,1.21,1.27,1.32,1.37,1.42,1.42,1.42,1.41,1.41,1.47,1.52,1.58,1.63,1.66,1.69,1.71,1.74,1.73,1.72,1.71,1.7,1.7,1.69,1.69,1.68,,
2016-12-09T00:00:00+00:00,1.7,1.36,1.03,0.86,0.69,0.53,0.36,0.68,1.0,1.32,1.63,1.73,1.82,1.91,2.0,1.97,1.94,1.91,1.88,1.91,1.95,1.98,2.02,2.25,2.48,2.71,2.94,2.78,2.62,2.45,2.29,2.14,1.99,1.84,1.7,1.82,1.95,2.07,2.2,2.01,1.83,1.65,1.47,1.6,1.72,1.85,1.97,1.83,1.68,1.53,1.39,1.45,1.52,1.59,1.66,1.62,1.59,1.56,1.53,1.52,1.51,1.5,1.49,1.51,1.54,1.57,1.59,1.44,1.29,1.14,0.99,1.08,1.18,1.27,1.36,1.28,1.19,1.11,1.02,1.11,1.19,1.28,1.36,1.56,1.76,1.96,2.16,2.16,2.17,2.18,2.18,2.34,2.49,2.64,2.8,2.81,2.83,2.85,2.87,2.78,2.7,2.61,2.53,2.45,2.36,2.28,2.2,2.25,2.29,2.33,2.38,2.32,2.26,2.21,2.15,2.2,2.26,2.32,2.37,2.39,2.41,2.42,2.44,2.35,2.25,2.16,2.06,2.06,2.06,2.07,2.07,2.06,2.06,2.05,2.05,2.03,2.01,1.99,1.97,2.08,2.18,2.29,2.39,2.34,2.3,2.25,2.2,2.13,2.06,2.0,1.93,1.94,1.95,1.96,1.98,1.97,1.96,1.95,1.94,2.15,2.36,2.57,2.78,,
2016-12-10T00:00:00+00:00,1.68,1.58,1.48,1.68,1.88,2.09,2.29,2.36,2.44,2.51,2.58,2.69,2.79,2.9,3.0,2.96,2.92,2.89,2.85,2.81,2.77,2.73,2.7,2.67,2.63,2.6,2.57,2.54,2.5,2.46,2.42,2.34,2.27,2.19,2.11,2.26,2.41,2.55,2.7,2.58,2.47,2.35,2.23,2.18,2.13,2.08,2.03,2.1,2.17,2.24,2.31,2.11,1.92,1.72,1.53,1.57,1.61,1.64,1.68,1.68,1.68,1.68,1.68,1.81,1.95,2.08,2.22,2.34,2.47,2.59,2.72,2.76,2.8,2.84,2.88,2.93,2.98,3.02,3.07,3.07,3.08,3.08,3.08,3.07,3.07,3.06,3.05,3.15,3.24,3.34,3.44,3.49,3.55,3.61,3.66,3.68,3.69,3.71,3.73,3.74,3.76,3.78,3.8,3.71,3.62,3.54,3.45,3.41,3.37,3.33,3.29,3.18,3.07,2.96,2.85,2.7,2.55,2.39,2.24,2.24,2.24,2.24,2.25,2.35,2.46,2.57,2.68,2.42,2.17,1.91,1.66,1.67,1.68,1.68,1.69,1.54,1.38,1.23,1.07,0.97,0.87,0.76,0.66,0.7,0.74,0.78,0.82,0.99,1.16,1.33,1.5,1.52,1.55,1.57,1.6,1.58,1.57,1.56,1.55,1.56,1.57,1.58,1.59,,
2016-12-11T00:00:00+00:00,4.13,4.41,4.69,4.58,4.47,4.36,4.25,4.14,4.03,3.92,3.81,3.86,3.91,3.96,4.01,4.1,4.2,4.29,4.38,3.96,3.54,3.12,2.7,2.56,2.42,2.28,2.14,2.26,2.38,2.5,2.62,2.48,2.34,2.2,2.06,1.89,1.71,1.54,1.36,1.38,1.4,1.42,1.43,1.58,1.72,1.86,2.01,2.04,2.07,2.11,2.14,2.13,2.11,2.1,2.09,1.97,1.86,1.74,1.62,1.69,1.75,1.81,1.87,1.91,1.94,1.98,2.01,2.06,2.12,2.17,2.22,2.08,1.94,1.81,1.67,1.68,1.7,1.71,1.72,1.83,1.95,2.06,2.17,2.15,2.13,2.1,2.08,2.1,2.11,2.12,2.13,2.37,2.61,2.84,3.08,2.91,2.75,2.58,2.42,2.28,2.14,2.01,1.87,2.15,2.44,2.73,3.02,2.65,2.29,1.93,1.57,1.73,1.89,2.06,2.22,2.26,2.3,2.34,2.39,2.52,2.65,2.78,2.91,2.81,2.72,2.63,2.53,2.51,2.48,2.46,2.43,2.56,2.69,2.81,2.94,2.96,2.97,2.99,3.0,2.88,2.76,2.64,2.52,2.64,2.75,2.87,2.98,2.88,2.77,2.67,2.56,2.55,2.54,2.53,2.51,2.47,2.43,2.39,2.35,2.36,2.36,2.37,2.37,,
2016-12-12T00:00:00+00:00,3.64,3.62,3.59,3.32,3.04,2.77,2.49,2.21,1.92,1.63,1.34,1.37,1.41,1.44,1.47,1.52,1.58,1.63,1.68,1.81,1.94,2.07,2.21,2.17,2.14,2.11,2.07,2.21,2.35,2.49,2.63,2.6,2.56,2.52,2.49,2.49,2.49,2.49,2.5,2.63,2.77,2.9,3.04,3.01,2.99,2.97,2.94,2.76,2.59,2.41,2.23,2.29,2.34,2.4,2.45,2.45,2.45,2.44,2.44,2.42,2.41,2.39,2.38,2.36,2.34,2.32,2.29,2.24,2.18,2.12,2.07,2.12,2.18,2.24,2.29,2.15,2.01,1.86,1.72,1.77,1.82,1.87,1.92,1.98,2.05,2.11,2.17,2.08,1.99,1.89,1.8,1.91,2.02,2.14,2.25,2.14,2.04,1.93,1.83,1.78,1.73,1.68,1.63,1.68,1.73,1.78,1.83,1.77,1.72,1.67,1.61,1.66,1.71,1.76,1.81,1.85,1.89,1.92,1.96,1.86,1.76,1.65,1.55,1.58,1.61,1.65,1.68,1.83,1.99,2.14,2.3,2.29,2.28,2.27,2.26,2.21,2.16,2.11,2.06,2.01,1.96,1.91,1.86,1.91,1.96,2.01,2.05,1.95,1.84,1.73,1.62,1.61,1.6,1.59,1.58,1.63,1.69,1.74,1.8,1.78,1.77,1.76,1.75,,
2016-12-13T00:00:00+00:00,1.77,1.66,1.55,1.48,1.41,1.34,1.26,1.29,1.32,1.35,1.38,1.39,1.4,1.41,1.42,1.43,1.44,1.45,1.46,1.44,1.42,1.4,1.39,1.52,1.65,1.79,1.92,1.87,1.81,1.75,1.69,1.78,1.87,1.97,2.06,2.02,1.98,1.94,1.9,1.84,1.79,1.73,1.68,1.74,1.79,1.85,1.91,1.79,1.67,1.55,1.42,1.43,1.44,1.46,1.47,1.54,1.61,1.68,1.75,1.71,1.66,1.61,1.57,1.47,1.38,1.29,1.2,1.2,1.2,1.21,1.21,1.26,1.3,1.35,1.4,1.33,1.26,1.19,1.12,1.21,1.3,1.39,1.49,1.57,1.66,1.74,1.83,1.86,1.9,1.94,1.98,1.99,1.99,1.99,2.0,2.01,2.02,2.03,2.04,2.03,2.02,2.01,2.0,2.01,2.02,2.03,2.04,2.04,2.04,2.04,2.04,1.99,1.94,1.89,1.84,1.88,1.92,1.96,1.99,1.94,1.89,1.84,1.79,1.82,1.85,1.87,1.9,1.75,1.59,1.44,1.29,1.31,1.34,1.36,1.38,1.4,1.41,1.42,1.43,1.44,1.45,1.46,1.47,1.5,1.53,1.56,1.59,1.63,1.67,1.7,1.74,1.8,1.87,1.93,1.99,1.88,1.77,1.65,1.54,1.46,1.38,1.3,1.22,,
2016-12-14T00:00:00+00:00,1.77,1.82,1.87,1.74,1.61,1.48,1.35,1.45,1.55,1.66,1.76,1.82,1.89,1.95,2.01,2.0,1.98,1.97,1.96,2.08,2.21,2.34,2.46,2.41,2.36,2.31,2.26,2.12,1.98,1.84,1.71,1.63,1.56,1.48,1.41,1.49,1.57,1.66,1.74,1.76,1.78,1.8,1.82,1.85,1.87,1.9,1.93,1.94,1.95,1.95,1.96,1.99,2.02,2.05,2.08,2.08,2.08,2.08,2.09,1.99,1.89,1.79,1.69,1.63,1.58,1.52,1.47,1.48,1.49,1.5,1.5,1.61,1.72,1.83,1.94,1.91,1.87,1.84,1.81,1.69,1.57,1.45,1.33,1.17,1.0,0.84,0.68,0.82,0.97,1.11,1.26,1.33,1.41,1.48,1.56,1.58,1.6,1.62,1.64,1.72,1.8,1.88,1.96,1.88,1.8,1.72,1.64,1.52,1.4,1.28,1.16,1.17,1.19,1.21,1.23,1.24,1.24,1.25,1.26,1.32,1.38,1.44,1.51,1.54,1.57,1.6,1.63,1.63,1.62,1.62,1.62,1.64,1.66,1.68,1.69,1.77,1.84,1.91,1.99,2.0,2.01,2.03,2.04,2.03,2.02,2.01,2.0,2.07,2.13,2.2,2.27,2.28,2.3,2.32,2.34,2.25,2.16,2.07,1.98,1.91,1.84,1.78,1.71,,
2016-12-15T00:00:00+00:00,1.64,1.88,2.12,1.96,1.8,1.64,1.48,1.38,1.28,1.18,1.08,1.12,1.15,1.19,1.23,1.31,1.39,1.47,1.55,1.44,1.34,1.23,1.12,1.31,1.5,1.69,1.88,1.84,1.81,1.78,1.74,1.7,1.66,1.62,1.58,1.6,1.62,1.64,1.66,1.74,1.81,1.89,1.97,1.99,2.02,2.05,2.07,1.98,1.89,1.8,1.7,1.74,1.77,1.8,1.83,1.85,1.86,1.88,1.89,1.89,1.89,1.89,1.89,1.83,1.78,1.73,1.67,1.77,1.87,1.96,2.06,2.02,1.98,1.93,1.89,1.85,1.81,1.77,1.73,1.82,1.92,2.01,2.11,2.11,2.11,2.11,2.11,2.01,1.91,1.81,1.72,1.77,1.82,1.87,1.93,1.98,2.03,2.09,2.14,2.26,2.38,2.5,2.62,2.65,2.68,2.72,2.75,2.61,2.48,2.34,2.2,2.19,2.17,2.16,2.14,2.07,2.01,1.94,1.87,1.85,1.83,1.81,1.79,1.82,1.85,1.88,1.91,1.88,1.85,1.82,1.78,1.78,1.77,1.77,1.76,1.73,1.7,1.67,1.64,1.55,1.46,1.37,1.28,1.26,1.24,1.21,1.19,1.22,1.24,1.27,1.3,1.43,1.56,1.69,1.82,1.73,1.64,1.55,1.45,1.46,1.47,1.48,1.48,,
2016-12-16T00:00:00+00:00,2.68,2.43,2.19,2.17,2.15,2.13,2.11,2.11,2.12,2.13,2.14,2.14,2.14,2.14,2.14,2.15,2.16,2.17,2.18,2.13,2.08,2.03,1.98,2.0,2.02,2.04,2.06,2.08,2.1,2.12,2.15,2.13,2.12,2.1,2.09,2.07,2.06,2.05,2.04,1.93,1.83,1.73,1.63,1.57,1.51,1.45,1.39,1.42,1.44,1.47,1.49,1.56,1.62,1.68,1.75,1.93,2.1,2.28,2.46,2.31,2.15,1.99,1.84,1.69,1.54,1.39,1.23,1.22,1.2,1.18,1.16,1.27,1.38,1.49,1.6,1.5,1.41,1.31,1.22,1.21,1.2,1.19,1.18,1.14,1.1,1.06,1.02,0.91,0.79,0.68,0.57,0.54,0.5,0.47,0.43,0.42,0.42,0.41,0.4,0.53,0.65,0.78,0.9,1.03,1.17,1.3,1.43,1.42,1.41,1.4,1.39,1.35,1.31,1.26,1.22,1.13,1.05,0.96,0.87,0.92,0.96,1.0,1.05,1.21,1.37,1.53,1.69,1.67,1.65,1.62,1.6,1.61,1.62,1.63,1.64,1.59,1.53,1.47,1.41,1.42,1.43,1.43,1.44,1.61,1.79,1.96,2.13,2.27,2.4,2.53,2.67,2.68,2.7,2.71,2.73,2.61,2.48,2.36,2.24,2.29,2.34,2.39,2.45,,
2016-12-17T00:00:00+00:00,0.66,0.63,0.59,0.61,0.64,0.66,0.68,0.9,1.11,1.33,1.55,1.46,1.37,1.29,1.2,1.27,1.34,1.41,1.48,1.33,1.18,1.03,0.88,0.85,0.82,0.79,0.77,0.7,0.64,0.58,0.52,0.57,0.62,0.68,0.73,1.07,1.41,1.75,2.09,1.92,1.74,1.57,1.4,1.3,1.21,1.11,1.02,1.06,1.1,1.14,1.19,1.35,1.51,1.67,1.83,1.93,2.02,2.12,2.21,2.08,1.94,1.81,1.67,1.73,1.78,1.83,1.88,1.96,2.03,2.11,2.18,2.21,2.24,2.27,2.3,2.15,1.99,1.84,1.68,1.57,1.45,1.34,1.22,1.37,1.53,1.68,1.83,1.89,1.94,2.0,2.06,1.9,1.75,1.6,1.45,1.61,1.77,1.93,2.09,2.0,1.92,1.83,1.74,1.67,1.6,1.53,1.45,1.42,1.39,1.36,1.33,1.42,1.51,1.59,1.68,1.62,1.56,1.5,1.44,1.27,1.11,0.95,0.78,0.8,0.82,0.84,0.86,0.68,0.49,0.31,0.13,0.24,0.35,0.46,0.56,0.76,0.96,1.16,1.36,1.47,1.58,1.68,1.79,1.69,1.59,1.49,1.39,1.43,1.47,1.51,1.55,1.57,1.58,1.6,1.61,1.61,1.6,1.6,1.6,1.55,1.51,1.46,1.42,,
2016-12-18T00:00:00+00:00,1.69,1.63,1.57,1.37,1.18,0.98,0.79,0.9,1.0,1.11,1.22,1.24,1.26,1.27,1.29,1.15,1.0,0.85,0.71,0.81,0.92,1.02,1.13,1.06,0.98,0.91,0.84,0.84,0.85,0.86,0.86,0.81,0.76,0.7,0.65,0.81,0.97,1.14,1.3,1.29,1.28,1.26,1.25,1.1,0.95,0.79,0.64,0.78,0.93,1.07,1.21,1.15,1.09,1.03,0.97,0.99,1.01,1.03,1.05,1.07,1.09,1.1,1.12,1.23,1.35,1.46,1.58,1.58,1.58,1.58,1.58,1.45,1.32,1.19,1.06,1.03,1.0,0.97,0.94,0.8,0.66,0.51,0.37,0.46,0.55,0.64,0.72,0.67,0.62,0.57,0.52,0.57,0.62,0.67,0.72,0.71,0.7,0.69,0.69,0.64,0.6,0.55,0.51,0.56,0.62,0.68,0.74,1.06,1.38,1.71,2.03,2.2,2.38,2.55,2.72,2.89,3.06,3.23,3.4,3.41,3.43,3.44,3.46,3.41,3.37,3.32,3.28,3.2,3.13,3.06,2.98,3.05,3.11,3.17,3.24,3.33,3.43,3.53,3.63,3.57,3.51,3.44,3.38,3.31,3.24,3.17,3.1,3.25,3.41,3.56,3.72,3.52,3.33,3.13,2.94,2.89,2.85,2.8,2.76,2.77,2.79,2.8,2.82,,
2016-12-19T00:00:00+00:00,1.08,1.01,0.94,0.99,1.05,1.11,1.16,1.29,1.42,1.55,1.68,1.74,1.8,1.86,1.92,2.03,2.14,2.25,2.36,2.54,2.72,2.91,3.09,2.84,2.6,2.35,2.1,2.18,2.26,2.33,2.41,2.48,2.55,2.62,2.69,2.74,2.79,2.84,2.89,3.14,3.38,3.62,3.87,3.78,3.7,3.62,3.54,3.63,3.73,3.83,3.92,3.92,3.92,3.92,3.92,4.07,4.22,4.37,4.52,4.41,4.3,4.19,4.08,3.85,3.62,3.39,3.16,3.0,2.84,2.68,2.52,2.55,2.58,2.62,2.65,2.79,2.93,3.07,3.22,3.15,3.09,3.03,2.97,3.0,3.04,3.07,3.11,3.14,3.17,3.2,3.23,3.21,3.18,3.16,3.14,2.94,2.74,2.54,2.34,2.32,2.29,2.27,2.24,2.09,1.94,1.78,1.63,1.71,1.8,1.88,1.97,2.06,2.16,2.25,2.35,2.35,2.35,2.35,2.35,2.16,1.97,1.78,1.59,1.67,1.74,1.82,1.9,1.79,1.68,1.57,1.45,1.28,1.11,0.94,0.77,0.92,1.07,1.23,1.38,1.44,1.51,1.57,1.63,1.48,1.32,1.16,1.0,1.39,1.78,2.17,2.56,2.44,2.31,2.19,2.07,1.91,1.76,1.61,1.45,1.45,1.45,1.45,1.45,,
2016-12-20T00:00:00+00:00
2016-12-21T00:00:00+00:00
2016-12-22T00:00:00+00:00
2016-12-23T00:00:00+00:00
2016-12-24T00:00:00+00:00
2016-12-25T00:00:00+00:00
2016-12-26T00:00:00+00:00
2016-12-27T00:00:00+00:00
2016-12-28T00:00:00+00:00
2016-12-29T00:00:00+00:00
2016-12-30T00:00:00+00:00
2016-12-31T00:00:00+00:00
2017-01-01T00:00:00+00:00
2017-01-02T00:00:00+00:00
2017-01-03T00:00:00+00:00
2017-01-04T00:00:00+00:00,4.25,4.2,4.15,4.12,4.1,4.08,4.05,4.13,4.22,4.3,4.38,4.28,4.17,4.07,3.97,3.92,3.87,3.81,3.76,3.66,3.55,3.45,3.35,3.3,3.24,3.19,3.14,3.27,3.39,3.51,3.64,3.64,3.64,3.65,3.65,3.74,3.84,3.93,4.02,4.11,4.19,4.27,4.36,4.18,4.01,3.84,3.67,3.81,3.96,4.11,4.25,4.08,3.9,3.73,3.55,3.36,3.17,2.97,2.78,3.04,3.29,3.54,3.8,3.67,3.54,3.41,3.27,3.38,3.49,3.6,3.7,3.68,3.66,3.64,3.62,3.63,3.63,3.63,3.64,3.64,3.63,3.63,3.63,3.63,3.62,3.62,3.61,3.63,3.65,3.67,3.68,3.63,3.58,3.52,3.47,3.62,3.78,3.93,4.09,4.14,4.19,4.24,4.29,4.25,4.2,4.15,4.11,4.03,3.95,3.88,3.8,3.78,3.76,3.74,3.72,3.74,3.75,3.77,3.79,3.67,3.55,3.43,3.31,3.06,2.8,2.55,2.29,2.42,2.54,2.66,2.78,2.81,2.85,2.88,2.92,2.91,2.9,2.88,2.87,2.89,2.91,2.93,2.95,2.93,2.9,2.88,2.86,2.9,2.94,2.98,3.02,3.12,3.22,3.32,3.42,3.26,3.1,2.94,2.78,2.68,2.58,2.47,2.37,,
2017-01-05T00:00:00+00:00,3.3,3.37,3.43,3.42,3.41,3.39,3.38,3.34,3.29,3.25,3.2,3.25,3.31,3.36,3.41,3.39,3.36,3.33,3.3,3.31,3.33,3.34,3.36,3.49,3.62,3.75,3.88,3.83,3.78,3.72,3.67,3.56,3.45,3.34,3.23,3.11,2.98,2.85,2.72,2.72,2.72,2.72,2.72,2.72,2.72,2.73,2.73,2.7,2.68,2.65,2.63,2.74,2.86,2.98,3.09,3.08,3.07,3.06,3.05,2.98,2.92,2.86,2.8,2.66,2.52,2.38,2.24,2.38,2.52,2.66,2.8,2.88,2.96,3.04,3.12,3.14,3.16,3.17,3.19,3.15,3.11,3.08,3.04,3.0,2.96,2.92,2.88,2.84,2.8,2.76,2.72,2.69,2.65,2.61,2.57,2.65,2.73,2.8,2.88,2.9,2.93,2.96,2.98,2.93,2.87,2.81,2.75,2.64,2.52,2.4,2.29,2.17,2.05,1.94,1.82,1.76,1.71,1.65,1.6,1.59,1.58,1.57,1.57,1.6,1.63,1.66,1.69,1.71,1.72,1.74,1.75,1.72,1.69,1.67,1.64,1.52,1.39,1.27,1.15,1.16,1.16,1.16,1.17,1.26,1.35,1.44,1.53,1.59,1.64,1.69,1.74,1.74,1.74,1.74,1.74,1.72,1.7,1.67,1.65,1.6,1.55,1.5,1.45,,
2017-01-06T00:00:00+00:00,2.12,1.96,1.8,1.87,1.93,1.99,2.06,1.97,1.87,1.78,1.68,1.67,1.66,1.64,1.63,1.43,1.23,1.03,0.83,0.78,0.73,0.68,0.64,0.81,0.98,1.15,1.32,1.31,1.3,1.29,1.28,1.4,1.51,1.62,1.73,1.75,1.76,1.78,1.79,1.67,1.54,1.42,1.29,1.34,1.38,1.43,1.47,1.62,1.76,1.91,2.06,2.19,2.31,2.44,2.57,2.42,2.28,2.14,2.0,1.94,1.87,1.81,1.75,1.68,1.62,1.55,1.49,1.46,1.42,1.39,1.36,1.32,1.28,1.24,1.21,1.29,1.38,1.47,1.56,1.53,1.5,1.47,1.43,1.31,1.19,1.06,0.94,0.93,0.92,0.91,0.9,0.89,0.89,0.89,0.88,0.87,0.85,0.84,0.83,0.84,0.86,0.87,0.89,0.82,0.75,0.68,0.62,0.62,0.63,0.64,0.64,0.63,0.62,0.61,0.6,0.64,0.68,0.71,0.75,0.85,0.96,1.06,1.16,1.24,1.32,1.4,1.47,1.52,1.56,1.61,1.65,1.74,1.82,1.91,1.99,2.07,2.16,2.25,2.33,2.31,2.28,2.26,2.23,2.28,2.33,2.38,2.42,2.43,2.44,2.44,2.45,2.49,2.52,2.56,2.6,2.57,2.55,2.52,2.49,2.6,2.71,2.82,2.93,,
2017-01-07T00:00:00+00:00,0.69,0.66,0.62,0.66,0.7,0.74,0.78,0.92,1.05,1.19,1.33,1.19,1.05,0.91,0.77,1.1,1.44,1.77,2.1,2.16,2.21,2.27,2.33,2.2,2.08,1.96,1.84,1.99,2.13,2.28,2.43,2.43,2.43,2.43,2.43,2.55,2.66,2.78,2.9,3.05,3.2,3.35,3.5,3.37,3.25,3.12,3.0,3.06,3.12,3.18,3.24,3.11,2.98,2.85,2.72,2.87,3.02,3.17,3.33,3.17,3.02,2.86,2.71,2.71,2.71,2.72,2.72,2.62,2.53,2.43,2.34,2.3,2.27,2.24,2.21,2.24,2.27,2.31,2.34,2.31,2.28,2.24,2.21,2.31,2.4,2.5,2.6,2.69,2.77,2.86,2.95,2.95,2.95,2.96,2.96,2.87,2.77,2.68,2.59,2.54,2.49,2.44,2.39,2.34,2.28,2.22,2.16,2.03,1.91,1.78,1.65,1.59,1.53,1.48,1.42,1.45,1.47,1.5,1.52,1.47,1.43,1.38,1.33,1.26,1.19,1.12,1.05,1.05,1.06,1.07,1.07,1.04,1.0,0.96,0.92,0.85,0.79,0.72,0.65,0.64,0.64,0.63,0.63,0.64,0.65,0.66,0.67,0.99,1.32,1.64,1.97,1.85,1.73,1.61,1.48,1.46,1.44,1.42,1.4,1.4,1.39,1.38,1.37,,
2017-01-08T00:00:00+00:00,1.5,1.27,1.04,0.93,0.83,0.73,0.63,0.59,0.54,0.5,0.46,0.72,0.97,1.23,1.49,1.6,1.71,1.82,1.93,1.98,2.03,2.08,2.13,2.14,2.16,2.17,2.19,1.97,1.75,1.53,1.31,1.29,1.28,1.26,1.24,1.47,1.69,1.92,2.14,2.08,2.01,1.95,1.89,1.69,1.49,1.29,1.09,1.02,0.96,0.89,0.82,1.0,1.17,1.35,1.53,1.63,1.73,1.84,1.94,1.91,1.89,1.86,1.84,1.84,1.83,1.83,1.83,1.81,1.79,1.77,1.75,1.67,1.59,1.5,1.42,1.39,1.37,1.34,1.31,1.25,1.18,1.12,1.06,1.01,0.97,0.93,0.89,0.88,0.88,0.87,0.87,0.93,1.0,1.07,1.13,0.99,0.85,0.71,0.57,0.65,0.72,0.79,0.87,1.02,1.17,1.32,1.47,1.56,1.64,1.73,1.81,1.96,2.1,2.25,2.4,2.28,2.16,2.04,1.93,1.97,2.01,2.05,2.09,2.17,2.26,2.34,2.42,2.55,2.69,2.82,2.96,2.89,2.83,2.76,2.7,2.89,3.08,3.27,3.47,3.46,3.45,3.44,3.43,3.43,3.42,3.42,3.41,3.5,3.59,3.68,3.77,3.78,3.78,3.79,3.79,3.93,4.06,4.19,4.33,4.19,4.05,3.91,3.77,,
2017-01-09T00:00:00+00:00,1.81,1.86,1.9,1.97,2.04,2.12,2.19,2.31,2.42,2.54,2.65,2.48,2.31,2.14,1.96,2.09,2.22,2.35,2.48,2.29,2.09,1.89,1.7,1.73,1.77,1.8,1.84,1.92,1.99,2.07,2.15,2.21,2.28,2.34,2.41,2.42,2.44,2.46,2.47,2.43,2.39,2.36,2.32,2.33,2.34,2.36,2.37,2.61,2.86,3.1,3.34,3.28,3.21,3.15,3.08,3.26,3.44,3.62,3.8,4.1,4.4,4.7,5.0,5.03,5.05,5.07,5.09,5.02,4.95,4.87,4.8,4.94,5.07,5.21,5.34,5.28,5.22,5.16,5.1,5.2,5.29,5.39,5.49,5.36,5.23,5.1,4.97,5.0,5.03,5.05,5.08,5.36,5.63,5.9,6.17,5.55,4.93,4.31,3.69,3.59,3.49,3.39,3.3,3.31,3.32,3.33,3.34,3.33,3.32,3.31,3.3,3.33,3.36,3.39,3.42,3.42,3.41,3.41,3.41,3.39,3.38,3.37,3.35,3.32,3.28,3.25,3.21,3.05,2.88,2.71,2.55,2.68,2.81,2.94,3.07,3.35,3.63,3.91,4.19,4.15,4.12,4.09,4.06,4.11,4.16,4.21,4.26,4.23,4.19,4.16,4.12,4.11,4.11,4.1,4.09,3.96,3.84,3.71,3.58,3.46,3.34,3.21,3.09,,
2017-01-10T00:00:00+00:00,3.24,2.73,2.22,2.23,2.24,2.25,2.26,2.6,2.95,3.3,3.65,3.53,3.42,3.3,3.18,2.95,2.72,2.48,2.25,2.39,2.53,2.68,2.82,2.8,2.77,2.75,2.73,2.79,2.85,2.91,2.98,3.08,3.18,3.29,3.39,3.47,3.54,3.62,3.7,3.75,3.81,3.87,3.92,4.2,4.48,4.76,5.04,4.69,4.35,4.0,3.65,3.46,3.27,3.07,2.88,3.14,3.39,3.65,3.91,3.63,3.35,3.08,2.8,2.71,2.62,2.54,2.45,2.37,2.3,2.23,2.15,2.08,2.01,1.93,1.86,1.95,2.04,2.13,2.22,2.14,2.05,1.97,1.89,2.0,2.12,2.24,2.36,2.3,2.24,2.17,2.11,2.11,2.1,2.09,2.08,2.12,2.15,2.19,2.22,2.2,2.18,2.16,2.14,2.21,2.28,2.35,2.42,2.61,2.8,3.0,3.19,3.38,3.58,3.77,3.96,4.19,4.41,4.64,4.86,4.89,4.91,4.93,4.96,5.07,5.19,5.31,5.42,5.48,5.53,5.59,5.64,5.56,5.49,5.41,5.33,5.18,5.02,4.87,4.72,4.59,4.46,4.33,4.2,4.24,4.29,4.33,4.38,4.33,4.29,4.25,4.21,4.48,4.75,5.03,5.3,5.43,5.56,5.69,5.82,5.91,5.99,6.08,6.17,,
2017-01-11T00:00:00+00:00,1.6,1.75,1.9,2.14,2.37,2.61,2.85,2.81,2.78,2.75,2.71,2.9,3.09,3.28,3.46,3.47,3.48,3.48,3.49,3.49,3.48,3.48,3.48,3.38,3.28,3.18,3.08,3.13,3.17,3.22,3.27,3.57,3.88,4.18,4.48,4.63,4.77,4.91,5.05,5.05,5.04,5.04,5.03,4.93,4.83,4.73,4.62,4.73,4.83,4.93,5.03,5.11,5.18,5.25,5.32,5.31,5.3,5.3,5.29,5.46,5.63,5.8,5.97,5.99,6.01,6.04,6.06,5.77,5.47,5.18,4.89,4.79,4.68,4.58,4.48,4.39,4.31,4.22,4.14,4.05,3.97,3.89,3.81,3.78,3.76,3.73,3.7,3.7,3.7,3.7,3.69,3.67,3.64,3.61,3.59,3.49,3.4,3.31,3.21,3.18,3.14,3.11,3.07,3.08,3.09,3.09,3.1,3.21,3.31,3.42,3.52,3.52,3.53,3.53,3.54,3.4,3.26,3.12,2.99,2.99,3.0,3.0,3.0,3.06,3.12,3.18,3.24,3.31,3.38,3.44,3.51,3.66,3.8,3.95,4.1,4.38,4.67,4.95,5.23,5.27,5.31,5.35,5.39,5.4,5.42,5.43,5.45,5.79,6.13,6.48,6.82,6.63,6.43,6.24,6.04,5.97,5.89,5.82,5.74,5.73,5.73,5.72,5.72,,
2017-01-12T00:00:00+00:00,3.06,3.05,3.05,3.14,3.23,3.32,3.4,3.47,3.55,3.62,3.69,3.6,3.51,3.41,3.32,3.68,4.03,4.39,4.75,4.5,4.26,4.02,3.78,3.8,3.82,3.83,3.85,3.69,3.52,3.35,3.19,3.23,3.28,3.33,3.37,3.55,3.72,3.89,4.06,4.07,4.08,4.09,4.1,4.31,4.51,4.72,4.93,4.88,4.84,4.8,4.75,4.88,5.01,5.15,5.28,5.39,5.51,5.62,5.74,5.93,6.13,6.32,6.52,6.61,6.7,6.8,6.89,6.98,7.07,7.16,7.25,8.21,9.17,10.14,11.1,10.84,10.58,10.33,10.07,10.13,10.19,10.24,10.3,9.57,8.83,8.1,7.37,7.33,7.3,7.27,7.24,6.96,6.69,6.41,6.14,6.31,6.48,6.65,6.82,6.14,5.45,4.77,4.09,4.43,4.77,5.11,5.45,5.63,5.82,6.0,6.18,6.04,5.89,5.75,5.61,5.52,5.44,5.36,5.27,5.06,4.85,4.64,4.43,4.93,5.44,5.95,6.45,6.4,6.35,6.29,6.24,6.09,5.95,5.8,5.66,5.96,6.25,6.55,6.85,6.89,6.94,6.99,7.04,7.09,7.14,7.2,7.25,7.62,8.0,8.38,8.75,8.74,8.74,8.73,8.72,8.6,8.48,8.37,8.25,7.59,6.92,6.26,5.6,,
2017-01-13T00:00:00+00:00,6.15,5.73,5.31,5.39,5.46,5.54,5.61,5.7,5.79,5.89,5.98,5.95,5.93,5.9,5.88,5.57,5.27,4.97,4.67,4.58,4.48,4.39,4.3,4.24,4.18,4.12,4.06,4.1,4.13,4.16,4.2,4.49,4.79,5.08,5.37,5.51,5.64,5.78,5.91,5.88,5.85,5.82,5.79,5.7,5.6,5.5,5.41,5.58,5.76,5.94,6.12,6.67,7.23,7.79,8.35,8.02,7.69,7.36,7.03,6.99,6.95,6.91,6.88,6.92,6.97,7.02,7.07,6.78,6.5,6.22,5.94,5.73,5.53,5.32,5.12,5.01,4.9,4.79,4.68,4.71,4.73,4.76,4.79,4.72,4.65,4.58,4.51,4.36,4.22,4.08,3.94,3.99,4.04,4.09,4.14,4.14,4.14,4.14,4.15,4.11,4.08,4.04,4.01,4.16,4.32,4.47,4.63,4.62,4.61,4.59,4.58,4.53,4.47,4.42,4.37,4.3,4.24,4.18,4.12,4.06,4.0,3.94,3.88,3.85,3.81,3.78,3.75,3.59,3.44,3.28,3.13,3.24,3.36,3.48,3.6,3.86,4.13,4.39,4.65,4.86,5.07,5.29,5.5,5.61,5.72,5.83,5.95,5.63,5.31,4.99,4.67,5.0,5.33,5.66,5.99,5.7,5.4,5.11,4.82,4.78,4.73,4.69,4.64,,
2017-01-14T00:00:00+00:00,4.39,4.41,4.43,4.46,4.5,4.53,4.57,4.55,4.52,4.5,4.48,4.48,4.48,4.49,4.49,4.6,4.71,4.82,4.93,4.57,4.2,3.84,3.48,3.47,3.46,3.45,3.45,3.33,3.22,3.11,2.99,3.09,3.19,3.29,3.39,3.49,3.59,3.7,3.8,4.01,4.21,4.42,4.62,4.89,5.16,5.43,5.7,5.51,5.32,5.14,4.95,5.07,5.19,5.32,5.44,5.36,5.29,5.21,5.13,4.94,4.75,4.55,4.36,4.41,4.46,4.51,4.56,4.41,4.26,4.1,3.95,3.77,3.6,3.42,3.24,3.1,2.96,2.82,2.69,2.82,2.96,3.1,3.24,3.28,3.33,3.38,3.43,3.48,3.54,3.6,3.65,3.64,3.62,3.6,3.58,3.56,3.53,3.51,3.48,3.47,3.46,3.45,3.45,3.52,3.59,3.67,3.74,3.69,3.64,3.59,3.53,3.22,2.91,2.6,2.29,2.02,1.75,1.48,1.21,1.2,1.19,1.18,1.18,1.27,1.37,1.47,1.57,1.6,1.64,1.68,1.71,1.8,1.88,1.96,2.05,2.1,2.15,2.2,2.25,2.34,2.43,2.51,2.6,2.53,2.45,2.37,2.3,2.56,2.83,3.09,3.35,3.28,3.2,3.12,3.04,3.02,3.0,2.98,2.96,2.99,3.03,3.07,3.1,,
2017-01-15T00:00:00+00:00,2.95,2.85,2.76,2.66,2.55,2.45,2.35,2.62,2.9,3.18,3.46,3.32,3.17,3.03,2.89,2.83,2.78,2.73,2.68,2.69,2.69,2.7,2.71,2.68,2.66,2.63,2.61,2.47,2.33,2.19,2.05,1.96,1.88,1.79,1.71,1.63,1.55,1.46,1.38,1.74,2.1,2.46,2.82,2.74,2.65,2.56,2.48,2.34,2.21,2.08,1.94,1.99,2.03,2.07,2.11,2.32,2.53,2.73,2.94,2.84,2.75,2.65,2.56,2.57,2.58,2.6,2.61,2.58,2.55,2.51,2.48,2.39,2.29,2.19,2.1,2.02,1.94,1.87,1.79,1.66,1.53,1.4,1.27,1.35,1.44,1.52,1.61,1.6,1.59,1.58,1.57,1.57,1.57,1.56,1.56,1.51,1.45,1.4,1.35,1.39,1.44,1.49,1.54,1.56,1.58,1.6,1.62,1.58,1.53,1.49,1.44,1.53,1.62,1.71,1.8,1.79,1.79,1.78,1.78,1.74,1.7,1.66,1.62,1.54,1.47,1.39,1.32,1.3,1.29,1.28,1.27,1.41,1.55,1.69,1.83,1.78,1.74,1.69,1.64,1.8,1.95,2.1,2.25,2.32,2.39,2.46,2.53,2.49,2.45,2.4,2.36,2.33,2.31,2.28,2.26,2.41,2.57,2.72,2.88,2.88,2.89,2.89,2.9,,
2017-01-16T00:00:00+00:00,1.98,2.03,2.07,2.17,2.27,2.36,2.46,2.39,2.32,2.25,2.18,2.3,2.42,2.54,2.66,2.71,2.75,2.8,2.84,2.77,2.7,2.63,2.55,2.48,2.4,2.33,2.25,2.07,1.88,1.69,1.51,1.48,1.45,1.42,1.39,1.55,1.71,1.87,2.03,2.06,2.1,2.13,2.17,2.2,2.23,2.26,2.29,2.34,2.39,2.44,2.49,2.56,2.63,2.69,2.76,2.72,2.67,2.63,2.58,2.71,2.85,2.98,3.11,3.11,3.1,3.1,3.09,3.21,3.32,3.43,3.54,3.43,3.32,3.21,3.1,3.21,3.32,3.43,3.54,3.51,3.48,3.45,3.42,3.41,3.4,3.39,3.38,3.38,3.38,3.38,3.38,3.39,3.4,3.41,3.42,3.45,3.47,3.5,3.53,3.52,3.52,3.51,3.5,3.49,3.48,3.47,3.46,3.45,3.45,3.45,3.44,3.33,3.21,3.1,2.99,2.99,2.99,2.99,2.99,2.99,3.0,3.0,3.01,3.01,3.01,3.01,3.02,3.01,3.0,2.99,2.98,3.06,3.14,3.22,3.3,3.39,3.49,3.58,3.67,3.72,3.77,3.82,3.87,3.97,4.07,4.17,4.27,4.35,4.43,4.51,4.59,4.6,4.6,4.61,4.62,4.58,4.53,4.49,4.45,4.43,4.41,4.39,4.37,,
2017-01-17T00:00:00+00:00,2.17,2.3,2.42,2.63,2.83,3.04,3.25,3.09,2.93,2.77,2.62,2.64,2.66,2.69,2.71,2.67,2.63,2.59,2.55,2.44,2.33,2.22,2.11,2.26,2.4,2.54,2.68,2.72,2.76,2.79,2.83,2.8,2.78,2.75,2.73,2.82,2.91,3.0,3.09,3.1,3.1,3.1,3.1,3.23,3.35,3.47,3.59,3.66,3.73,3.8,3.86,3.91,3.95,4.0,4.04,4.08,4.12,4.15,4.19,4.21,4.22,4.24,4.26,4.26,4.25,4.25,4.25,4.25,4.26,4.26,4.26,4.27,4.28,4.29,4.3,4.31,4.32,4.34,4.35,4.36,4.36,4.37,4.38,4.41,4.43,4.46,4.49,4.49,4.5,4.5,4.51,4.53,4.55,4.57,4.59,4.6,4.61,4.62,4.63,4.63,4.63,4.63,4.63,4.58,4.53,4.48,4.43,4.4,4.37,4.35,4.32,4.37,4.41,4.46,4.51,4.49,4.47,4.45,4.43,4.43,4.44,4.44,4.45,4.43,4.42,4.4,4.38,4.47,4.55,4.63,4.71,4.71,4.71,4.71,4.71,4.71,4.7,4.7,4.69,4.72,4.75,4.77,4.8,4.84,4.88,4.93,4.97,4.98,4.99,5.0,5.01,5.02,5.03,5.04,5.06,5.12,5.18,5.24,5.3,5.32,5.34,5.36,5.38,,
2017-01-18T00:00:00+00:00,4.7,4.76,4.83,4.8,4.76,4.72,4.68,4.7,4.72,4.74,4.76,4.77,4.77,4.77,4.77,4.79,4.8,4.81,4.83,4.85,4.88,4.91,4.94,4.85,4.76,4.67,4.58,4.65,4.73,4.81,4.88,4.87,4.86,4.84,4.83,4.84,4.85,4.87,4.88,4.94,5.01,5.07,5.13,5.15,5.18,5.2,5.22,5.29,5.36,5.43,5.5,5.47,5.44,5.41,5.38,5.37,5.37,5.36,5.35,5.36,5.37,5.37,5.38,5.39,5.39,5.4,5.41,5.32,5.24,5.15,5.06,5.03,4.99,4.95,4.92,4.86,4.79,4.73,4.67,4.61,4.55,4.48,4.42,4.39,4.36,4.32,4.29,4.26,4.23,4.2,4.17,4.21,4.25,4.29,4.32,4.33,4.34,4.35,4.36,4.26,4.17,4.08,3.98,3.96,3.93,3.9,3.87,3.98,4.09,4.2,4.31,4.36,4.42,4.48,4.54,4.52,4.51,4.49,4.47,4.41,4.35,4.29,4.24,4.21,4.19,4.17,4.15,4.14,4.13,4.11,4.1,4.19,4.28,4.37,4.46,4.44,4.41,4.39,4.36,4.39,4.42,4.45,4.48,4.47,4.45,4.44,4.43,4.41,4.4,4.39,4.37,4.34,4.31,4.28,4.25,4.25,4.24,4.24,4.23,4.24,4.25,4.26,4.27,,
2017-01-19T00:00:00+00:00,4.13,4.19,4.24,4.41,4.59,4.76,4.93,4.93,4.93,4.93,4.93,4.78,4.62,4.47,4.32,4.35,4.38,4.4,4.43,4.4,4.36,4.33,4.29,4.2,4.11,4.02,3.93,4.0,4.07,4.14,4.2,4.18,4.16,4.14,4.12,4.02,3.92,3.82,3.72,3.72,3.71,3.7,3.69,3.61,3.52,3.44,3.35,3.4,3.44,3.49,3.54,3.49,3.43,3.38,3.33,3.33,3.32,3.32,3.32,3.36,3.41,3.45,3.5,3.52,3.55,3.57,3.59,3.63,3.67,3.71,3.75,3.7,3.64,3.59,3.54,3.56,3.57,3.59,3.61,3.58,3.56,3.54,3.52,3.43,3.34,3.26,3.17,3.08,2.99,2.9,2.82,2.88,2.95,3.01,3.07,3.1,3.13,3.16,3.19,3.16,3.13,3.09,3.06,3.04,3.01,2.99,2.96,2.94,2.91,2.88,2.86,2.89,2.92,2.95,2.98,2.95,2.91,2.88,2.84,2.77,2.71,2.64,2.57,2.6,2.63,2.66,2.69,2.65,2.6,2.55,2.5,2.51,2.52,2.53,2.54,2.44,2.33,2.22,2.12,2.06,2.01,1.95,1.9,1.89,1.89,1.89,1.88,1.92,1.96,2.0,2.05,2.12,2.2,2.28,2.36,2.29,2.21,2.14,2.07,1.97,1.87,1.77,1.67,,
2017-01-20T00:00:00+00:00
2017-01-21T00:00:00+00:00,2.24,2.24,2.23,2.24,2.25,2.25,2.26,2.14,2.02,1.89,1.77,1.64,1.5,1.36,1.22,1.06,0.89,0.73,0.56,0.65,0.73,0.81,0.9,0.98,1.07,1.15,1.24,1.3,1.36,1.42,1.47,1.44,1.4,1.37,1.33,1.31,1.29,1.27,1.25,1.3,1.35,1.4,1.45,1.38,1.3,1.23,1.16,1.18,1.2,1.22,1.24,1.25,1.27,1.28,1.29,1.32,1.35,1.37,1.4,1.31,1.23,1.14,1.06,1.02,0.99,0.96,0.93,0.97,1.01,1.06,1.1,1.07,1.05,1.03,1.0,1.06,1.12,1.18,1.24,1.31,1.38,1.45,1.52,1.58,1.64,1.69,1.75,1.71,1.67,1.63,1.59,1.54,1.5,1.45,1.41,1.46,1.52,1.58,1.64,1.59,1.54,1.48,1.43,1.41,1.39,1.38,1.36,1.49,1.62,1.76,1.89,1.88,1.88,1.87,1.86,1.88,1.89,1.91,1.93,1.85,1.78,1.7,1.63,1.72,1.81,1.91,2.0,1.95,1.9,1.85,1.8,1.76,1.73,1.69,1.65,1.75,1.85,1.95,2.05,2.03,2.02,2.01,2.0,2.02,2.03,2.05,2.07,2.14,2.21,2.28,2.35,2.45,2.56,2.66,2.76,2.74,2.73,2.71,2.69,2.69,2.68,2.68,2.67,,
2017-01-22T00:00:00+00:00,1.46,1.74,2.01,1.97,1.94,1.9,1.86,1.87,1.88,1.88,1.89,1.91,1.93,1.94,1.96,1.89,1.83,1.76,1.69,1.66,1.64,1.61,1.58,1.55,1.53,1.5,1.47,1.53,1.59,1.66,1.72,1.69,1.65,1.62,1.59,1.5,1.41,1.33,1.24,1.16,1.09,1.01,0.93,1.15,1.36,1.58,1.79,1.86,1.93,2.0,2.07,2.01,1.96,1.9,1.85,1.94,2.04,2.13,2.23,2.19,2.15,2.11,2.07,2.15,2.23,2.31,2.4,2.39,2.39,2.39,2.39,2.49,2.58,2.68,2.77,2.66,2.54,2.43,2.31,2.4,2.48,2.57,2.65,2.57,2.5,2.42,2.35,2.32,2.29,2.26,2.23,2.39,2.56,2.73,2.9,2.84,2.78,2.72,2.66,2.68,2.71,2.73,2.76,2.75,2.74,2.74,2.73,2.75,2.77,2.79,2.81,2.85,2.88,2.92,2.95,2.89,2.83,2.77,2.71,2.69,2.68,2.66,2.64,2.63,2.62,2.62,2.61,2.59,2.58,2.56,2.55,2.55,2.56,2.57,2.58,2.54,2.51,2.47,2.44,2.44,2.45,2.46,2.46,2.46,2.45,2.44,2.43,2.44,2.45,2.46,2.47,2.48,2.49,2.5,2.5,2.5,2.49,2.48,2.48,2.5,2.53,2.55,2.58,,
2017-01-28T00:00:00+00:00,4.02,4.11,4.21,4.37,4.52,4.68,4.84,4.83,4.83,4.82,4.82,4.72,4.63,4.53,4.44,4.36,4.29,4.21,4.13,4.03,3.93,3.82,3.72,3.76,3.8,3.84,3.88,3.84,3.79,3.74,3.69,3.65,3.6,3.56,3.52,3.53,3.55,3.56,3.58,3.52,3.46,3.4,3.35,3.47,3.6,3.73,3.86,3.79,3.72,3.66,3.59,3.57,3.54,3.52,3.5,3.5,3.51,3.51,3.51,3.35,3.19,3.02,2.86,2.9,2.93,2.96,2.99,2.97,2.95,2.93,2.91,2.87,2.84,2.8,2.76,2.63,2.5,2.38,2.25,2.24,2.22,2.21,2.2,2.14,2.08,2.01,1.95,1.96,1.96,1.96,1.97,2.04,2.12,2.2,2.28,2.36,2.45,2.53,2.62,2.57,2.53,2.48,2.43,2.43,2.42,2.41,2.41,2.39,2.37,2.35,2.33,2.4,2.47,2.54,2.61,2.62,2.62,2.63,2.63,2.66,2.68,2.71,2.73,2.6,2.47,2.34,2.2,2.26,2.32,2.38,2.43,2.38,2.33,2.28,2.23,2.33,2.43,2.53,2.63,2.7,2.77,2.84,2.92,2.89,2.87,2.84,2.82,2.79,2.76,2.73,2.7,2.75,2.79,2.84,2.89,2.82,2.75,2.68,2.61,2.68,2.75,2.82,2.89,,
2017-01-29T00:00:00+00:00,2.21,2.18,2.15,2.24,2.33,2.42,2.51,2.65,2.8,2.94,3.09,2.83,2.57,2.32,2.06,2.14,2.22,2.3,2.38,2.31,2.24,2.17,2.1,2.18,2.26,2.34,2.43,2.52,2.61,2.69,2.78,2.8,2.83,2.85,2.87,2.87,2.88,2.89,2.89,2.88,2.86,2.85,2.83,2.89,2.95,3.01,3.06,3.12,3.17,3.23,3.28,3.34,3.4,3.46,3.52,3.52,3.52,3.52,3.52,3.71,3.89,4.07,4.25,4.16,4.06,3.97,3.87,3.89,3.91,3.93,3.95,4.19,4.42,4.65,4.89,5.0,5.1,5.21,5.32,5.46,5.59,5.72,5.86,5.92,5.99,6.05,6.12,6.13,6.15,6.16,6.18,6.17,6.16,6.15,6.14,5.99,5.85,5.7,5.56,5.38,5.21,5.04,4.87,4.88,4.88,4.89,4.89,4.9,4.92,4.93,4.94,4.79,4.65,4.5,4.36,4.31,4.27,4.23,4.19,4.11,4.03,3.95,3.87,3.78,3.69,3.61,3.52,3.61,3.69,3.78,3.86,3.83,3.8,3.76,3.73,3.58,3.44,3.29,3.15,3.16,3.17,3.17,3.18,3.22,3.26,3.31,3.35,3.23,3.11,2.98,2.86,2.84,2.82,2.8,2.77,2.89,3.01,3.12,3.24,3.3,3.36,3.42,3.48,,
2017-01-30T00:00:00+00:00,5.84,5.96,6.07,5.94,5.8,5.67,5.53,5.48,5.43,5.38,5.33,5.24,5.16,5.07,4.98,4.92,4.85,4.79,4.72,4.52,4.32,4.11,3.91,3.95,4.0,4.04,4.09,3.82,3.54,3.26,2.99,3.06,3.14,3.21,3.29,3.26,3.23,3.21,3.18,3.11,3.03,2.96,2.89,2.75,2.61,2.48,2.34,2.28,2.22,2.16,2.1,2.08,2.06,2.04,2.02,2.04,2.07,2.09,2.12,2.39,2.66,2.93,3.2,3.18,3.17,3.16,3.14,3.09,3.03,2.98,2.92,2.97,3.02,3.07,3.11,3.11,3.1,3.1,3.09,3.05,3.01,2.97,2.93,2.82,2.72,2.61,2.51,2.49,2.47,2.45,2.43,2.47,2.51,2.54,2.58,2.63,2.68,2.73,2.78,2.77,2.77,2.76,2.76,2.82,2.88,2.94,3.0,2.93,2.86,2.79,2.72,2.74,2.76,2.77,2.79,2.78,2.78,2.77,2.76,2.65,2.55,2.44,2.34,2.31,2.29,2.27,2.24,2.12,1.99,1.86,1.73,1.76,1.8,1.83,1.87,1.88,1.88,1.89,1.9,1.89,1.88,1.87,1.87,1.77,1.67,1.57,1.47,1.43,1.39,1.35,1.31,1.3,1.3,1.29,1.28,1.42,1.55,1.69,1.82,1.81,1.81,1.8,1.79,,
2017-01-31T00:00:00+00:00,3.19,3.2,3.2,2.95,2.7,2.44,2.19,2.21,2.22,2.24,2.25,2.24,2.22,2.21,2.2,2.12,2.04,1.96,1.88,1.94,2.0,2.06,2.12,2.15,2.18,2.22,2.25,2.22,2.19,2.16,2.14,2.2,2.26,2.32,2.39,2.27,2.15,2.03,1.91,1.89,1.86,1.84,1.81,1.88,1.94,2.0,2.07,1.95,1.83,1.71,1.59,1.62,1.64,1.66,1.68,1.71,1.74,1.77,1.81,1.7,1.6,1.5,1.39,1.46,1.52,1.58,1.64,1.67,1.7,1.73,1.76,1.71,1.67,1.63,1.58,1.62,1.65,1.68,1.72,1.82,1.91,2.01,2.11,2.09,2.07,2.05,2.02,2.03,2.04,2.05,2.06,1.91,1.76,1.6,1.45,1.36,1.26,1.17,1.07,1.15,1.23,1.31,1.4,1.5,1.6,1.7,1.79,1.69,1.59,1.49,1.39,1.42,1.46,1.49,1.53,1.54,1.55,1.57,1.58,1.78,1.98,2.18,2.38,2.26,2.14,2.02,1.91,1.89,1.88,1.86,1.85,1.99,2.13,2.28,2.42,2.67,2.93,3.19,3.45,3.53,3.62,3.7,3.79,3.77,3.75,3.72,3.7,3.69,3.69,3.68,3.67,3.85,4.03,4.2,4.38,4.39,4.4,4.4,4.41,4.42,4.42,4.43,4.43,,
2017-02-01T00:00:00+00:00,1.49,1.34,1.18,1.26,1.34,1.42,1.51,1.64,1.78,1.91,2.05,2.13,2.21,2.29,2.37,2.38,2.39,2.4,2.41,2.31,2.21,2.12,2.02,2.07,2.13,2.18,2.23,2.3,2.36,2.43,2.49,2.49,2.48,2.48,2.47,2.58,2.69,2.8,2.91,3.08,3.24,3.41,3.58,3.71,3.84,3.97,4.1,3.8,3.49,3.18,2.88,3.13,3.38,3.64,3.89,3.8,3.7,3.61,3.51,3.49,3.46,3.44,3.41,3.35,3.3,3.24,3.19,3.15,3.11,3.07,3.03,3.17,3.3,3.43,3.57,3.53,3.48,3.44,3.4,3.36,3.32,3.28,3.24,3.09,2.94,2.79,2.64,2.82,3.0,3.18,3.37,3.56,3.75,3.94,4.14,3.87,3.6,3.34,3.07,3.31,3.55,3.79,4.03,3.97,3.91,3.84,3.78,3.87,3.97,4.06,4.15,4.13,4.1,4.07,4.04,4.07,4.1,4.13,4.16,4.21,4.27,4.32,4.38,4.35,4.33,4.3,4.28,4.21,4.14,4.07,4.0,4.05,4.11,4.16,4.22,4.15,4.08,4.01,3.94,4.2,4.46,4.72,4.98,5.0,5.02,5.05,5.07,4.99,4.91,4.83,4.75,5.07,5.4,5.73,6.05,6.02,5.99,5.95,5.92,5.92,5.92,5.91,5.91,,
2017-02-02T00:00:00+00:00,3.8,3.82,3.83,3.63,3.42,3.21,3.01,3.0,2.99,2.99,2.98,3.13,3.28,3.43,3.57,3.5,3.43,3.35,3.28,3.39,3.51,3.62,3.74,3.61,3.48,3.36,3.23,3.3,3.37,3.44,3.51,3.78,4.06,4.33,4.6,4.56,4.52,4.48,4.44,4.48,4.52,4.56,4.6,4.73,4.85,4.98,5.1,4.97,4.84,4.7,4.57,4.38,4.2,4.01,3.82,4.28,4.74,5.19,5.65,5.64,5.64,5.64,5.63,5.45,5.26,5.07,4.89,4.57,4.25,3.93,3.61,3.71,3.8,3.9,4.0,4.11,4.22,4.34,4.45,4.71,4.96,5.22,5.47,5.52,5.57,5.62,5.66,5.55,5.43,5.31,5.19,5.09,4.98,4.88,4.78,4.82,4.86,4.9,4.93,4.73,4.53,4.32,4.12,4.29,4.46,4.63,4.8,4.87,4.94,5.01,5.08,4.92,4.76,4.6,4.44,4.42,4.4,4.38,4.35,4.39,4.43,4.46,4.5,4.44,4.39,4.33,4.28,4.39,4.51,4.62,4.74,4.82,4.9,4.97,5.05,5.34,5.64,5.93,6.23,6.37,6.51,6.65,6.79,6.8,6.82,6.83,6.84,6.83,6.81,6.8,6.78,6.98,7.18,7.38,7.58,7.88,8.18,8.48,8.78,8.72,8.66,8.6,8.54,,
2017-02-03T00:00:00+00:00,4.92,4.93,4.94,5.04,5.13,5.23,5.33,5.42,5.51,5.6,5.69,5.45,5.2,4.96,4.71,4.49,4.27,4.04,3.82,3.85,3.89,3.93,3.97,4.07,4.17,4.27,4.36,4.42,4.47,4.52,4.57,4.59,4.6,4.62,4.63,4.81,4.99,5.17,5.34,5.3,5.26,5.22,5.18,5.37,5.55,5.74,5.93,6.27,6.62,6.96,7.3,7.23,7.15,7.07,6.99,7.24,7.49,7.75,8.0,7.81,7.62,7.43,7.24,7.59,7.93,8.28,8.62,8.31,8.0,7.69,7.38,7.3,7.23,7.15,7.08,6.84,6.61,6.38,6.15,5.86,5.56,5.27,4.98,5.01,5.03,5.06,5.09,4.84,4.6,4.36,4.11,4.15,4.19,4.23,4.26,3.87,3.48,3.09,2.69,2.89,3.09,3.28,3.48,3.74,3.99,4.24,4.5,4.41,4.31,4.22,4.13,4.34,4.55,4.77,4.98,5.19,5.4,5.61,5.83,5.82,5.82,5.82,5.82,5.65,5.48,5.31,5.14,5.0,4.86,4.72,4.58,4.15,3.71,3.28,2.84,2.44,2.04,1.64,1.24,1.01,0.78,0.54,0.31,2.1,3.89,5.68,7.48,7.93,8.39,8.85,9.31,9.16,9.01,8.85,8.7,8.5,8.31,8.11,7.91,7.56,7.2,6.85,6.49,,
2017-02-04T00:00:00+00:00,3.35,3.4,3.45,3.74,4.03,4.32,4.61,4.47,4.32,4.17,4.03,4.25,4.47,4.69,4.92,5.32,5.72,6.12,6.52,6.37,6.22,6.06,5.91,5.37,4.83,4.28,3.74,3.4,3.06,2.71,2.37,1.97,1.58,1.18,0.78,1.39,2.01,2.62,3.23,4.66,6.09,7.51,8.94,8.75,8.56,8.37,8.18,8.26,8.34,8.42,8.5,8.21,7.92,7.63,7.34,6.99,6.64,6.29,5.94,5.78,5.61,5.45,5.28,4.64,4.0,3.36,2.72,2.34,1.96,1.58,1.2,1.15,1.11,1.07,1.02,1.3,1.58,1.86,2.14,1.96,1.78,1.6,1.41,1.51,1.61,1.71,1.81,1.99,2.17,2.35,2.53,2.5,2.47,2.45,2.42,2.43,2.44,2.45,2.46,2.57,2.68,2.79,2.9,2.79,2.69,2.58,2.47,2.4,2.34,2.27,2.2,2.16,2.12,2.08,2.03,2.12,2.21,2.3,2.39,2.54,2.68,2.83,2.97,2.96,2.95,2.94,2.93,3.01,3.09,3.18,3.26,3.07,2.88,2.68,2.49,2.34,2.19,2.04,1.89,1.59,1.29,1.0,0.7,0.93,1.17,1.4,1.64,1.91,2.19,2.46,2.74,2.55,2.37,2.18,1.99,1.99,1.99,1.99,1.99,2.15,2.31,2.47,2.63,,
2017-02-05T00:00:00+00:00,2.05,2.12,2.18,2.09,1.99,1.9,1.8,1.79,1.78,1.78,1.77,1.54,1.32,1.1,0.88,0.88,0.89,0.89,0.9,0.96,1.01,1.07,1.13,1.19,1.26,1.32,1.39,1.56,1.74,1.92,2.09,2.16,2.23,2.3,2.37,2.33,2.29,2.26,2.22,2.42,2.62,2.83,3.03,2.95,2.88,2.81,2.73,2.73,2.73,2.73,2.73,2.52,2.32,2.12,1.91,1.96,2.0,2.05,2.1,2.23,2.36,2.49,2.62,2.59,2.56,2.53,2.5,2.86,3.23,3.6,3.97,4.23,4.49,4.75,5.01,4.72,4.42,4.12,3.82,3.86,3.91,3.95,3.99,3.95,3.91,3.87,3.83,4.02,4.22,4.41,4.6,4.54,4.48,4.41,4.35,4.54,4.74,4.93,5.12,5.13,5.14,5.15,5.17,5.24,5.32,5.4,5.47,5.07,4.66,4.25,3.85,3.9,3.96,4.02,4.07,4.01,3.95,3.89,3.83,3.57,3.32,3.06,2.8,2.74,2.68,2.62,2.56,2.6,2.63,2.67,2.71,2.68,2.66,2.63,2.61,2.55,2.49,2.43,2.37,2.18,1.99,1.8,1.61,1.47,1.34,1.21,1.07,1.03,0.98,0.93,0.89,0.97,1.05,1.13,1.22,1.33,1.45,1.57,1.69,1.81,1.93,2.05,2.18,,
2017-02-06T00:00:00+00:00,5.51,5.52,5.53,5.4,5.27,5.14,5.01,4.87,4.73,4.6,4.46,4.38,4.3,4.22,4.14,4.28,4.41,4.55,4.68,4.55,4.41,4.27,4.14,4.0,3.86,3.72,3.58,3.4,3.23,3.06,2.88,2.9,2.91,2.92,2.93,2.83,2.72,2.61,2.5,2.27,2.04,1.82,1.59,1.54,1.48,1.43,1.38,1.55,1.72,1.89,2.07,1.97,1.87,1.77,1.67,1.51,1.36,1.2,1.04,1.34,1.63,1.93,2.23,2.18,2.14,2.1,2.06,2.17,2.29,2.4,2.52,2.61,2.71,2.81,2.9,2.92,2.94,2.96,2.98,2.92,2.85,2.79,2.73,2.74,2.76,2.77,2.79,2.99,3.19,3.39,3.59,3.64,3.69,3.74,3.79,3.9,4.0,4.11,4.22,4.25,4.28,4.32,4.35,3.99,3.63,3.27,2.92,2.92,2.93,2.94,2.94,2.72,2.49,2.27,2.05,1.98,1.9,1.83,1.76,1.97,2.19,2.41,2.62,2.46,2.3,2.14,1.98,1.98,1.98,1.98,1.98,2.15,2.31,2.48,2.64,3.25,3.86,4.47,5.08,5.11,5.14,5.17,5.2,5.08,4.97,4.85,4.74,4.6,4.46,4.32,4.18,4.0,3.83,3.65,3.47,3.32,3.18,3.03,2.88,2.75,2.61,2.48,2.35,,
2017-02-07T00:00:00+00:00,2.91,2.65,2.39,2.76,3.13,3.5,3.87,3.79,3.7,3.62,3.53,3.41,3.28,3.15,3.03,3.08,3.13,3.18,3.23,3.03,2.83,2.63,2.43,2.51,2.58,2.66,2.73,2.83,2.94,3.04,3.14,3.36,3.58,3.8,4.02,4.52,5.03,5.53,6.04,6.1,6.17,6.24,6.31,6.27,6.23,6.2,6.16,6.15,6.15,6.14,6.13,5.97,5.8,5.64,5.47,5.21,4.95,4.69,4.42,3.79,3.15,2.51,1.87,1.74,1.6,1.47,1.33,1.45,1.56,1.68,1.8,1.82,1.84,1.86,1.89,1.98,2.07,2.16,2.26,2.41,2.56,2.71,2.86,2.89,2.91,2.93,2.96,3.11,3.27,3.43,3.58,3.55,3.52,3.48,3.45,3.42,3.39,3.35,3.32,3.3,3.28,3.26,3.24,3.33,3.41,3.5,3.59,3.55,3.52,3.48,3.45,3.51,3.57,3.63,3.69,3.79,3.88,3.98,4.08,3.97,3.87,3.76,3.66,3.68,3.7,3.72,3.75,3.91,4.08,4.24,4.41,4.4,4.39,4.39,4.38,4.11,3.83,3.56,3.29,3.43,3.56,3.7,3.84,3.87,3.91,3.94,3.97,3.98,3.99,4.0,4.01,3.83,3.64,3.45,3.26,3.25,3.24,3.23,3.21,3.28,3.34,3.4,3.47,,
2017-02-08T00:00:00+00:00,1.39,1.57,1.75,2.01,2.27,2.53,2.79,2.65,2.52,2.39,2.26,2.33,2.4,2.47,2.54,2.72,2.89,3.07,3.25,2.94,2.64,2.34,2.03,1.94,1.85,1.76,1.67,1.88,2.09,2.3,2.51,2.53,2.54,2.56,2.58,2.64,2.7,2.76,2.82,2.94,3.07,3.19,3.32,3.33,3.35,3.36,3.37,3.32,3.28,3.23,3.19,3.07,2.96,2.85,2.74,2.87,3.01,3.15,3.28,3.03,2.77,2.52,2.26,2.19,2.12,2.05,1.98,1.92,1.87,1.81,1.75,1.87,1.98,2.1,2.22,2.18,2.15,2.11,2.08,2.0,1.93,1.85,1.78,1.77,1.76,1.75,1.74,1.87,2.0,2.12,2.25,2.18,2.11,2.04,1.97,2.02,2.07,2.12,2.17,2.29,2.41,2.53,2.65,2.39,2.14,1.88,1.62,1.71,1.8,1.89,1.97,1.81,1.66,1.5,1.34,1.37,1.4,1.43,1.46,1.36,1.26,1.16,1.07,1.17,1.27,1.37,1.48,1.43,1.39,1.34,1.3,1.18,1.07,0.95,0.83,0.92,1.01,1.09,1.18,1.38,1.57,1.77,1.96,2.08,2.19,2.3,2.42,2.43,2.44,2.45,2.46,2.43,2.4,2.37,2.34,2.27,2.2,2.13,2.06,2.01,1.95,1.9,1.84,,
2017-02-09T00:00:00+00:00,3.07,2.93,2.8,2.87,2.94,3.02,3.09,3.25,3.4,3.56,3.71,3.56,3.42,3.27,3.12,3.02,2.92,2.82,2.72,2.5,2.28,2.05,1.83,1.96,2.1,2.24,2.38,2.37,2.36,2.36,2.35,2.4,2.45,2.5,2.56,2.65,2.74,2.83,2.92,2.91,2.9,2.89,2.88,2.73,2.59,2.44,2.29,2.37,2.44,2.52,2.59,2.66,2.74,2.81,2.88,2.9,2.92,2.94,2.96,3.03,3.1,3.18,3.25,3.23,3.21,3.19,3.18,3.2,3.21,3.23,3.25,3.16,3.07,2.98,2.89,2.93,2.96,2.99,3.02,3.15,3.28,3.4,3.53,3.45,3.36,3.28,3.19,3.2,3.2,3.2,3.2,3.2,3.21,3.21,3.22,3.17,3.12,3.07,3.02,2.94,2.86,2.78,2.7,2.66,2.63,2.59,2.56,2.55,2.54,2.53,2.53,2.56,2.59,2.63,2.66,2.71,2.75,2.8,2.85,2.85,2.86,2.86,2.86,2.81,2.75,2.69,2.63,2.62,2.6,2.58,2.56,2.6,2.64,2.68,2.71,2.64,2.56,2.48,2.41,2.45,2.49,2.54,2.58,2.67,2.76,2.85,2.93,2.9,2.87,2.84,2.81,2.87,2.94,3.0,3.06,2.92,2.78,2.65,2.51,2.46,2.4,2.35,2.3,,
2017-02-10T00:00:00+00:00,2.71,2.59,2.46,2.48,2.49,2.5,2.51,2.66,2.82,2.97,3.12,3.16,3.19,3.23,3.27,3.27,3.27,3.26,3.26,3.27,3.28,3.29,3.3,3.3,3.29,3.28,3.27,3.25,3.23,3.2,3.18,3.14,3.09,3.05,3.01,2.95,2.89,2.83,2.77,2.84,2.91,2.98,3.05,3.0,2.96,2.91,2.87,2.94,3.01,3.08,3.15,3.07,2.99,2.91,2.83,2.79,2.74,2.7,2.66,2.7,2.74,2.79,2.83,2.93,3.02,3.11,3.21,3.11,3.01,2.91,2.82,2.87,2.93,2.98,3.04,2.89,2.73,2.58,2.43,2.56,2.7,2.83,2.97,2.95,2.93,2.9,2.88,2.84,2.79,2.74,2.7,2.61,2.51,2.42,2.33,2.43,2.54,2.64,2.75,2.66,2.57,2.48,2.38,2.37,2.36,2.34,2.33,2.26,2.19,2.12,2.05,1.9,1.74,1.59,1.43,1.46,1.48,1.5,1.52,1.43,1.35,1.27,1.18,1.1,1.02,0.94,0.86,0.89,0.93,0.97,1.01,1.01,1.01,1.01,1.01,1.03,1.04,1.05,1.07,1.13,1.19,1.25,1.31,1.3,1.28,1.26,1.24,1.42,1.6,1.78,1.95,1.88,1.8,1.72,1.65,1.59,1.54,1.49,1.44,1.51,1.59,1.66,1.73,,
2017-02-11T00:00:00+00:00,1.8,1.73,1.67,1.86,2.05,2.24,2.43,2.39,2.34,2.29,2.24,2.12,2.01,1.89,1.78,1.58,1.39,1.2,1.01,1.0,0.99,0.98,0.97,0.99,1.01,1.04,1.06,1.13,1.2,1.27,1.34,1.49,1.64,1.79,1.94,1.99,2.03,2.08,2.12,2.1,2.08,2.06,2.03,1.92,1.81,1.69,1.58,1.62,1.66,1.69,1.73,1.75,1.77,1.79,1.81,1.71,1.61,1.51,1.41,1.57,1.74,1.9,2.06,1.94,1.81,1.68,1.55,1.55,1.56,1.57,1.57,1.47,1.37,1.26,1.16,1.11,1.05,1.0,0.95,1.1,1.26,1.41,1.57,1.4,1.23,1.06,0.89,1.02,1.14,1.26,1.39,1.23,1.08,0.93,0.78,1.06,1.34,1.62,1.9,1.96,2.02,2.09,2.15,2.2,2.25,2.3,2.35,2.47,2.59,2.71,2.83,2.74,2.64,2.55,2.46,2.67,2.88,3.09,3.3,3.26,3.23,3.19,3.15,3.2,3.25,3.3,3.35,3.34,3.33,3.32,3.31,3.37,3.42,3.48,3.54,3.49,3.44,3.38,3.33,3.38,3.42,3.47,3.51,3.51,3.5,3.49,3.49,3.4,3.31,3.22,3.13,3.27,3.41,3.55,3.69,3.69,3.68,3.68,3.67,3.76,3.84,3.92,4.0,,
2017-02-12T00:00:00+00:00,1.94,2.03,2.13,2.39,2.66,2.92,3.19,3.1,3.02,2.93,2.84,2.77,2.69,2.61,2.53,2.63,2.73,2.83,2.93,3.01,3.09,3.17,3.25,3.2,3.16,3.11,3.07,3.04,3.01,2.98,2.95,3.19,3.44,3.69,3.93,3.84,3.75,3.66,3.56,3.57,3.57,3.57,3.57,3.59,3.61,3.63,3.65,3.73,3.81,3.89,3.97,4.02,4.06,4.11,4.15,4.19,4.24,4.28,4.32,4.4,4.48,4.56,4.64,4.57,4.5,4.42,4.35,4.27,4.2,4.13,4.05,4.06,4.06,4.07,4.07,4.2,4.33,4.45,4.58,4.6,4.63,4.65,4.68,4.76,4.83,4.91,4.99,5.01,5.03,5.05,5.06,4.99,4.92,4.85,4.79,4.7,4.62,4.54,4.46,4.62,4.79,4.95,5.11,5.12,5.12,5.13,5.13,5.17,5.21,5.25,5.28,5.28,5.28,5.28,5.27,5.2,5.13,5.06,4.99,4.96,4.93,4.9,4.87,4.85,4.82,4.8,4.77,4.81,4.85,4.88,4.92,5.02,5.12,5.22,5.32,5.35,5.38,5.41,5.44,5.46,5.47,5.49,5.51,5.56,5.62,5.67,5.72,5.77,5.83,5.88,5.93,5.92,5.9,5.89,5.87,5.86,5.85,5.83,5.82,5.7,5.58,5.47,5.35,,
2017-02-13T00:00:00+00:00,5.49,5.59,5.69,5.71,5.74,5.76,5.78,5.68,5.59,5.49,5.39,5.47,5.55,5.63,5.71,5.55,5.39,5.23,5.07,5.14,5.21,5.28,5.35,5.32,5.28,5.25,5.21,5.22,5.22,5.23,5.23,5.18,5.13,5.09,5.04,5.05,5.06,5.07,5.08,5.16,5.24,5.32,5.4,5.32,5.24,5.15,5.07,5.1,5.13,5.16,5.19,5.27,5.35,5.43,5.51,5.49,5.46,5.44,5.42,5.39,5.36,5.34,5.31,5.38,5.46,5.53,5.6,5.49,5.39,5.28,5.17,5.09,5.01,4.94,4.86,4.87,4.88,4.9,4.91,4.95,4.98,5.02,5.05,4.96,4.87,4.77,4.68,4.57,4.47,4.36,4.25,4.2,4.14,4.09,4.04,4.02,3.99,3.97,3.95,3.83,3.72,3.6,3.49,3.46,3.42,3.39,3.35,3.27,3.19,3.11,3.03,3.11,3.18,3.25,3.32,3.31,3.31,3.31,3.3,3.08,2.86,2.64,2.42,2.49,2.57,2.64,2.71,2.61,2.52,2.42,2.32,2.46,2.6,2.75,2.89,3.06,3.23,3.39,3.56,3.66,3.75,3.84,3.94,3.86,3.79,3.72,3.64,3.64,3.65,3.65,3.65,3.61,3.57,3.53,3.49,3.52,3.55,3.59,3.62,3.53,3.45,3.37,3.29,,
2017-02-14T00:00:00+00:00
2017-02-15T00:00:00+00:00
2017-02-16T00:00:00+00:00
2017-02-17T00:00:00+00:00
2017-02-18T00:00:00+00:00
2017-02-19T00:00:00+00:00
2017-02-20T00:00:00+00:00
2017-02-21T00:00:00+00:00
2017-02-22T00:00:00+00:00
2017-02-23T00:00:00+00:00,4.91,4.9,4.89,5.03,5.17,5.32,5.46,5.73,6.01,6.28,6.56,6.41,6.26,6.11,5.96,6.0,6.05,6.1,6.15,6.27,6.4,6.52,6.64,6.65,6.65,6.65,6.65,6.91,7.17,7.42,7.68,7.68,7.69,7.69,7.7,7.73,7.77,7.8,7.83,7.99,8.14,8.29,8.44,8.32,8.2,8.07,7.95,7.52,7.09,6.67,6.24,6.69,7.15,7.61,8.06,8.14,8.22,8.3,8.38,8.21,8.03,7.86,7.69,7.37,7.06,6.75,6.43,6.27,6.11,5.94,5.78,5.89,6.01,6.12,6.24,6.09,5.95,5.81,5.66,5.62,5.57,5.53,5.49,5.32,5.16,5.0,4.83,4.82,4.8,4.79,4.77,4.69,4.6,4.51,4.43,4.35,4.28,4.2,4.13,4.11,4.09,4.07,4.05,4.21,4.37,4.53,4.69,4.55,4.42,4.29,4.16,4.15,4.14,4.13,4.11,4.16,4.2,4.25,4.29,4.08,3.87,3.66,3.45,3.55,3.66,3.76,3.86,3.95,4.03,4.11,4.19,4.27,4.35,4.43,4.51,4.32,4.14,3.95,3.77,3.82,3.87,3.91,3.96,4.22,4.48,4.74,5.0,4.96,4.92,4.88,4.84,4.66,4.47,4.29,4.1,3.85,3.59,3.34,3.08,2.81,2.54,2.27,2.0,,
2017-02-24T00:00:00+00:00
2017-02-25T00:00:00+00:00,0.97,0.99,1.0,1.13,1.26,1.38,1.51,1.44,1.36,1.29,1.21,1.39,1.56,1.73,1.9,1.96,2.02,2.08,2.14,2.19,2.25,2.3,2.36,2.27,2.18,2.09,1.99,2.26,2.53,2.79,3.06,3.16,3.27,3.37,3.48,3.48,3.48,3.47,3.47,3.57,3.67,3.76,3.86,3.96,4.06,4.16,4.26,4.23,4.2,4.18,4.15,4.07,3.99,3.92,3.84,3.83,3.82,3.8,3.79,3.72,3.65,3.58,3.51,3.46,3.41,3.36,3.31,3.4,3.49,3.59,3.68,3.55,3.42,3.29,3.16,3.24,3.32,3.4,3.48,3.53,3.58,3.64,3.69,3.64,3.6,3.55,3.5,3.44,3.37,3.3,3.24,3.32,3.4,3.48,3.56,3.61,3.67,3.73,3.78,3.73,3.69,3.64,3.6,3.49,3.38,3.27,3.16,3.2,3.23,3.27,3.3,3.3,3.29,3.28,3.27,3.42,3.57,3.72,3.86,3.98,4.1,4.21,4.33,4.22,4.12,4.02,3.91,3.97,4.03,4.09,4.16,4.05,3.94,3.84,3.73,3.76,3.79,3.82,3.85,3.89,3.94,3.99,4.04,4.07,4.11,4.14,4.17,4.14,4.11,4.08,4.05,4.06,4.07,4.09,4.1,4.2,4.31,4.41,4.52,4.72,4.92,5.12,5.32,,
2017-02-26T00:00:00+00:00,3.46,3.59,3.72,3.6,3.48,3.35,3.23,3.14,3.06,2.97,2.89,2.91,2.93,2.95,2.98,2.96,2.94,2.93,2.91,3.05,3.18,3.31,3.44,3.61,3.77,3.93,4.09,4.08,4.06,4.04,4.03,3.9,3.76,3.63,3.5,3.68,3.86,4.05,4.23,4.16,4.09,4.02,3.95,4.01,4.07,4.14,4.2,4.11,4.02,3.93,3.84,4.01,4.18,4.35,4.52,4.39,4.26,4.14,4.01,3.97,3.92,3.88,3.84,4.01,4.19,4.36,4.53,4.63,4.73,4.84,4.94,4.9,4.87,4.83,4.8,5.0,5.2,5.41,5.61,5.64,5.66,5.69,5.72,5.9,6.09,6.28,6.47,6.22,5.97,5.72,5.47,5.43,5.39,5.36,5.32,5.28,5.24,5.19,5.15,5.36,5.58,5.79,6.0,5.96,5.93,5.89,5.86,5.78,5.7,5.63,5.55,5.48,5.42,5.35,5.29,5.35,5.41,5.46,5.52,5.57,5.62,5.66,5.71,6.02,6.33,6.63,6.94,7.15,7.35,7.56,7.76,7.48,7.19,6.91,6.62,7.11,7.6,8.09,8.59,9.13,9.68,10.23,10.78,10.28,9.77,9.27,8.77,8.88,9.0,9.12,9.24,8.81,8.38,7.95,7.52,7.49,7.46,7.43,7.4,7.29,7.18,7.07,6.96,,
2017-02-27T00:00:00+00:00,5.83,6.04,6.24,6.44,6.63,6.83,7.02,7.0,6.98,6.96,6.94,6.43,5.92,5.42,4.91,5.17,5.42,5.68,5.94,5.96,5.98,5.99,6.01,6.04,6.07,6.1,6.13,6.39,6.65,6.91,7.17,7.36,7.55,7.75,7.94,8.12,8.3,8.48,8.66,8.61,8.56,8.5,8.45,8.78,9.1,9.43,9.75,9.67,9.59,9.5,9.42,9.11,8.81,8.5,8.2,7.86,7.52,7.19,6.85,6.85,6.84,6.84,6.84,6.97,7.1,7.23,7.37,7.36,7.34,7.33,7.32,7.12,6.92,6.71,6.51,7.02,7.53,8.04,8.55,8.02,7.48,6.95,6.42,6.22,6.01,5.81,5.61,5.63,5.65,5.67,5.7,5.82,5.93,6.05,6.17,6.15,6.13,6.11,6.09,6.14,6.19,6.24,6.29,6.38,6.47,6.56,6.65,6.4,6.14,5.89,5.64,5.43,5.21,5.0,4.79,4.92,5.05,5.18,5.31,4.81,4.31,3.81,3.31,3.33,3.35,3.36,3.38,3.17,2.96,2.75,2.54,3.08,3.62,4.15,4.69,5.7,6.7,7.71,8.72,8.79,8.86,8.93,9.0,8.85,8.7,8.55,8.4,8.11,7.81,7.52,7.22,7.1,6.98,6.86,6.74,7.16,7.58,8.0,8.41,8.2,7.99,7.77,7.56,,
2017-02-28T00:00:00+00:00,7.03,6.82,6.61,6.85,7.09,7.33,7.57,7.63,7.69,7.75,7.82,7.44,7.06,6.68,6.3,6.33,6.36,6.38,6.41,6.1,5.8,5.49,5.18,5.37,5.56,5.75,5.95,5.68,5.41,5.15,4.88,5.18,5.48,5.78,6.08,6.35,6.63,6.9,7.18,7.25,7.33,7.41,7.49,7.43,7.38,7.33,7.28,7.23,7.19,7.14,7.1,7.27,7.44,7.62,7.79,7.72,7.65,7.58,7.51,7.19,6.87,6.55,6.22,5.83,5.44,5.06,4.67,4.98,5.3,5.62,5.93,6.09,6.24,6.39,6.55,6.95,7.36,7.77,8.18,8.04,7.89,7.74,7.6,7.63,7.65,7.68,7.71,7.6,7.5,7.39,7.29,7.24,7.19,7.15,7.1,7.04,6.99,6.93,6.87,6.84,6.82,6.79,6.76,6.67,6.58,6.49,6.39,6.2,6.01,5.81,5.62,5.69,5.77,5.85,5.93,5.9,5.87,5.84,5.81,5.82,5.82,5.83,5.84,5.7,5.55,5.41,5.27,5.36,5.46,5.55,5.65,5.66,5.68,5.69,5.7,5.64,5.57,5.5,5.43,5.96,6.5,7.03,7.56,7.89,8.21,8.54,8.86,8.92,8.99,9.05,9.12,9.03,8.94,8.86,8.77,8.78,8.79,8.8,8.81,8.86,8.9,8.95,8.99,,
2017-03-01T00:00:00+00:00,6.92,7.05,7.19,7.0,6.81,6.62,6.43,6.52,6.62,6.71,6.81,6.81,6.81,6.81,6.81,6.67,6.53,6.4,6.26,6.4,6.53,6.67,6.8,6.6,6.41,6.21,6.01,5.95,5.88,5.82,5.75,5.77,5.79,5.81,5.83,5.6,5.36,5.13,4.9,5.13,5.37,5.6,5.83,5.81,5.79,5.77,5.75,5.88,6.0,6.13,6.26,6.41,6.56,6.71,6.85,6.86,6.86,6.86,6.86,6.91,6.96,7.01,7.06,7.08,7.1,7.12,7.14,7.39,7.64,7.89,8.13,7.66,7.2,6.73,6.26,6.55,6.83,7.12,7.41,7.55,7.68,7.81,7.95,7.74,7.54,7.33,7.13,7.17,7.21,7.25,7.29,7.32,7.34,7.37,7.39,7.27,7.15,7.04,6.92,6.7,6.48,6.26,6.04,5.88,5.72,5.55,5.39,5.28,5.18,5.07,4.97,4.92,4.88,4.83,4.79,4.73,4.68,4.63,4.58,4.59,4.59,4.6,4.61,4.54,4.47,4.4,4.33,4.37,4.4,4.44,4.47,4.5,4.52,4.55,4.57,4.62,4.67,4.73,4.78,4.75,4.73,4.7,4.67,4.64,4.61,4.58,4.55,4.54,4.52,4.5,4.49,4.34,4.19,4.04,3.9,3.69,3.48,3.27,3.06,2.98,2.9,2.82,2.73,,
2017-03-02T00:00:00+00:00,6.69,6.24,5.78,5.76,5.73,5.71,5.68,5.76,5.84,5.92,6.0,6.01,6.02,6.02,6.03,5.9,5.77,5.64,5.5,5.3,5.1,4.9,4.7,4.56,4.42,4.28,4.14,4.25,4.36,4.46,4.57,4.63,4.69,4.75,4.81,4.94,5.08,5.21,5.35,5.18,5.01,4.84,4.67,4.57,4.47,4.37,4.26,4.25,4.23,4.21,4.19,4.23,4.26,4.29,4.33,4.21,4.09,3.97,3.85,3.72,3.59,3.46,3.34,3.04,2.74,2.44,2.14,2.17,2.19,2.22,2.25,2.21,2.16,2.12,2.08,2.11,2.15,2.19,2.22,2.05,1.88,1.7,1.53,1.59,1.66,1.72,1.78,1.91,2.04,2.17,2.3,2.35,2.4,2.45,2.51,2.5,2.48,2.47,2.46,2.41,2.35,2.3,2.25,2.22,2.18,2.15,2.12,2.33,2.54,2.74,2.95,2.98,3.0,3.02,3.04,3.04,3.03,3.03,3.02,3.06,3.09,3.12,3.16,3.24,3.32,3.41,3.49,3.55,3.6,3.66,3.71,3.71,3.71,3.71,3.71,3.91,4.12,4.33,4.53,4.52,4.5,4.48,4.47,4.28,4.08,3.89,3.7,3.86,4.02,4.18,4.33,4.23,4.12,4.02,3.91,3.77,3.63,3.49,3.35,3.44,3.52,3.61,3.69,,
2017-03-03T00:00:00+00:00,1.96,2.11,2.26,2.24,2.23,2.21,2.19,2.26,2.34,2.41,2.48,2.45,2.43,2.4,2.37,2.52,2.68,2.84,2.99,2.88,2.76,2.65,2.53,2.57,2.6,2.63,2.67,2.79,2.91,3.04,3.16,3.27,3.38,3.49,3.6,3.53,3.46,3.39,3.32,3.36,3.4,3.44,3.49,3.48,3.47,3.46,3.46,3.54,3.63,3.71,3.8,3.89,3.97,4.06,4.15,4.22,4.3,4.38,4.46,4.5,4.54,4.59,4.63,4.64,4.65,4.66,4.67,4.77,4.87,4.97,5.07,5.09,5.1,5.11,5.13,5.34,5.55,5.77,5.98,5.99,6.01,6.03,6.05,5.46,4.87,4.28,3.69,3.63,3.57,3.51,3.45,3.64,3.82,4.0,4.19,4.94,5.7,6.45,7.21,6.52,5.84,5.15,4.47,4.37,4.28,4.18,4.09,3.9,3.71,3.53,3.34,3.31,3.28,3.25,3.21,2.81,2.41,2.01,1.61,1.81,2.01,2.21,2.42,2.35,2.29,2.22,2.15,2.08,2.0,1.92,1.84,1.85,1.86,1.87,1.88,2.23,2.58,2.92,3.27,3.33,3.39,3.44,3.5,3.57,3.65,3.72,3.79,3.7,3.61,3.52,3.43,3.75,4.07,4.39,4.71,4.55,4.4,4.24,4.08,4.08,4.09,4.09,4.1,,
2017-03-04T00:00:00+00:00,7.02,7.1,7.18,6.88,6.58,6.28,5.99,5.43,4.87,4.31,3.75,3.36,2.97,2.59,2.2,2.39,2.58,2.78,2.97,2.92,2.87,2.82,2.77,2.71,2.64,2.58,2.51,2.45,2.38,2.31,2.24,2.02,1.8,1.57,1.35,1.57,1.79,2.02,2.24,2.24,2.24,2.24,2.24,2.51,2.79,3.07,3.34,3.4,3.45,3.51,3.56,3.59,3.62,3.65,3.68,4.38,5.09,5.79,6.5,5.72,4.94,4.16,3.39,3.53,3.67,3.81,3.95,4.3,4.64,4.99,5.34,5.35,5.36,5.37,5.38,4.95,4.51,4.07,3.63,3.76,3.89,4.02,4.15,4.25,4.35,4.45,4.55,4.57,4.59,4.61,4.63,4.71,4.78,4.86,4.93,4.81,4.7,4.58,4.47,4.51,4.55,4.6,4.64,4.64,4.64,4.64,4.65,4.74,4.83,4.92,5.01,5.18,5.34,5.51,5.68,5.89,6.11,6.33,6.55,6.71,6.86,7.02,7.17,7.37,7.57,7.77,7.96,8.14,8.32,8.5,8.67,8.61,8.54,8.48,8.41,8.7,8.99,9.28,9.58,9.98,10.39,10.8,11.21,10.23,9.25,8.27,7.29,7.52,7.75,7.98,8.21,8.48,8.74,9.01,9.28,9.18,9.09,8.99,8.89,8.22,7.54,6.87,6.19,,
2017-03-05T00:00:00+00:00,4.59,4.75,4.91,4.83,4.75,4.67,4.59,4.58,4.57,4.56,4.54,4.78,5.02,5.26,5.5,5.28,5.06,4.83,4.61,4.87,5.12,5.38,5.63,6.01,6.39,6.77,7.16,7.22,7.29,7.36,7.43,7.39,7.36,7.33,7.29,7.35,7.41,7.47,7.52,7.4,7.28,7.16,7.04,6.75,6.45,6.15,5.86,6.23,6.6,6.97,7.34,7.57,7.79,8.02,8.25,8.77,9.3,9.82,10.35,10.05,9.74,9.44,9.14,8.79,8.43,8.08,7.73,7.76,7.78,7.81,7.83,7.93,8.03,8.13,8.23,7.64,7.05,6.46,5.87,6.18,6.49,6.8,7.11,7.01,6.91,6.81,6.71,6.6,6.49,6.38,6.28,6.22,6.17,6.12,6.07,6.08,6.09,6.1,6.11,5.88,5.65,5.42,5.18,5.19,5.19,5.2,5.2,5.02,4.83,4.65,4.46,4.37,4.27,4.17,4.07,3.75,3.44,3.12,2.8,2.9,3.0,3.1,3.2,3.39,3.57,3.75,3.94,3.99,4.05,4.1,4.16,4.12,4.08,4.04,3.99,3.59,3.19,2.79,2.39,2.53,2.66,2.8,2.93,3.04,3.15,3.27,3.38,3.44,3.51,3.57,3.64,3.67,3.7,3.73,3.75,4.04,4.32,4.6,4.88,5.41,5.94,6.47,7.0,,
2017-03-06T00:00:00+00:00,5.38,5.32,5.27,5.27,5.26,5.26,5.25,5.07,4.88,4.69,4.51,4.51,4.51,4.51,4.51,4.35,4.19,4.03,3.88,4.22,4.56,4.91,5.25,5.16,5.06,4.97,4.88,4.11,3.34,2.58,1.81,1.91,2.01,2.11,2.21,2.31,2.41,2.51,2.61,2.9,3.19,3.48,3.77,3.91,4.05,4.18,4.32,4.41,4.49,4.57,4.66,4.73,4.81,4.88,4.96,5.23,5.49,5.76,6.03,6.01,6.0,5.98,5.97,5.8,5.63,5.46,5.29,5.32,5.35,5.39,5.42,5.57,5.72,5.87,6.02,5.87,5.73,5.59,5.45,5.44,5.43,5.42,5.42,5.21,5.01,4.8,4.6,5.0,5.4,5.8,6.2,5.95,5.7,5.44,5.19,5.32,5.45,5.58,5.71,5.64,5.57,5.5,5.43,5.02,4.6,4.19,3.78,4.11,4.44,4.78,5.11,4.62,4.13,3.64,3.15,3.32,3.49,3.66,3.83,3.87,3.91,3.96,4.0,4.21,4.42,4.62,4.83,4.64,4.44,4.24,4.05,4.08,4.12,4.16,4.19,4.23,4.27,4.31,4.35,4.3,4.25,4.2,4.15,4.08,4.0,3.93,3.85,3.66,3.47,3.28,3.09,3.07,3.05,3.03,3.01,2.93,2.85,2.77,2.69,2.46,2.23,2.0,1.77,,
2017-03-07T00:00:00+00:00,6.14,5.78,5.42,5.47,5.52,5.56,5.61,5.94,6.27,6.61,6.94,6.41,5.89,5.37,4.84,4.84,4.84,4.85,4.85,4.87,4.9,4.93,4.96,4.82,4.68,4.55,4.41,4.5,4.6,4.7,4.79,4.71,4.63,4.55,4.47,4.35,4.23,4.12,4.0,4.0,4.01,4.02,4.02,4.03,4.04,4.05,4.05,3.91,3.76,3.62,3.47,3.4,3.34,3.27,3.21,3.27,3.33,3.39,3.45,3.23,3.01,2.79,2.57,2.43,2.3,2.17,2.03,2.0,1.97,1.94,1.91,1.88,1.86,1.83,1.81,1.69,1.58,1.46,1.35,1.57,1.79,2.01,2.23,2.29,2.36,2.43,2.5,2.59,2.69,2.79,2.89,2.87,2.86,2.84,2.83,3.04,3.24,3.45,3.66,3.7,3.75,3.79,3.83,3.79,3.75,3.71,3.67,3.72,3.77,3.82,3.87,3.98,4.09,4.2,4.32,4.14,3.96,3.79,3.61,3.74,3.87,4.0,4.13,4.25,4.38,4.5,4.63,4.95,5.27,5.6,5.92,6.12,6.31,6.51,6.7,6.75,6.79,6.83,6.87,6.76,6.65,6.53,6.42,6.23,6.04,5.85,5.65,5.54,5.43,5.31,5.2,5.2,5.2,5.2,5.2,5.28,5.35,5.42,5.5,5.53,5.57,5.6,5.63,,
2017-03-08T00:00:00+00:00,3.18,2.87,2.56,2.93,3.3,3.67,4.03,4.21,4.38,4.55,4.72,4.6,4.47,4.34,4.21,4.19,4.17,4.15,4.13,4.05,3.96,3.87,3.79,3.79,3.79,3.8,3.8,3.85,3.89,3.93,3.97,4.34,4.7,5.07,5.44,5.38,5.33,5.28,5.22,5.29,5.36,5.43,5.5,5.71,5.92,6.13,6.34,6.43,6.53,6.63,6.72,6.43,6.13,5.84,5.54,5.45,5.36,5.27,5.18,5.22,5.26,5.3,5.34,5.21,5.08,4.95,4.82,5.05,5.29,5.53,5.76,5.82,5.87,5.92,5.97,6.01,6.04,6.07,6.11,6.12,6.14,6.15,6.16,6.11,6.05,5.99,5.94,5.9,5.86,5.82,5.78,5.8,5.82,5.84,5.86,5.88,5.89,5.9,5.92,5.81,5.7,5.59,5.48,5.46,5.43,5.41,5.39,5.35,5.31,5.26,5.22,5.15,5.07,4.99,4.92,4.85,4.78,4.72,4.65,4.68,4.71,4.75,4.78,4.73,4.68,4.63,4.59,4.48,4.37,4.26,4.15,4.05,3.95,3.85,3.76,3.7,3.65,3.59,3.54,3.65,3.76,3.87,3.98,3.97,3.96,3.95,3.95,3.88,3.8,3.73,3.66,3.5,3.33,3.16,2.99,3.02,3.05,3.08,3.12,2.95,2.79,2.63,2.47,,
2017-03-09T00:00:00+00:00,4.36,4.12,3.88,4.11,4.35,4.59,4.82,4.83,4.84,4.85,4.86,4.78,4.69,4.61,4.53,4.52,4.51,4.51,4.5,4.56,4.61,4.67,4.73,4.82,4.91,5.0,5.1,5.04,4.98,4.92,4.86,4.81,4.76,4.71,4.65,4.6,4.54,4.48,4.42,4.47,4.52,4.56,4.61,4.54,4.47,4.4,4.34,4.31,4.29,4.26,4.23,4.12,4.01,3.9,3.79,3.72,3.65,3.58,3.5,3.63,3.75,3.88,4.01,3.92,3.84,3.75,3.67,3.38,3.1,2.82,2.54,2.53,2.53,2.52,2.51,2.51,2.51,2.5,2.5,2.37,2.25,2.12,1.99,1.84,1.68,1.52,1.36,1.28,1.19,1.11,1.02,1.04,1.06,1.07,1.09,1.2,1.31,1.42,1.53,1.76,1.98,2.21,2.43,2.3,2.17,2.03,1.9,2.07,2.23,2.4,2.57,2.44,2.31,2.18,2.05,1.96,1.88,1.79,1.71,1.83,1.96,2.09,2.22,2.15,2.09,2.02,1.96,1.86,1.77,1.68,1.58,1.56,1.54,1.51,1.49,1.56,1.63,1.7,1.77,1.87,1.98,2.08,2.19,2.16,2.12,2.09,2.06,2.18,2.3,2.42,2.53,2.53,2.53,2.53,2.53,2.69,2.84,2.99,3.14,3.12,3.09,3.07,3.04,,
2017-03-10T00:00:00+00:00,1.09,1.13,1.16,1.1,1.04,0.98,0.92,1.06,1.2,1.35,1.49,1.43,1.38,1.32,1.27,1.07,0.88,0.69,0.5,0.67,0.83,1.0,1.17,1.09,1.01,0.92,0.84,1.03,1.22,1.41,1.6,1.83,2.06,2.29,2.52,2.52,2.52,2.51,2.51,2.36,2.21,2.05,1.9,1.79,1.68,1.56,1.45,1.41,1.36,1.31,1.26,1.28,1.3,1.32,1.34,1.26,1.18,1.09,1.01,1.16,1.31,1.47,1.62,1.87,2.12,2.37,2.62,2.59,2.55,2.51,2.47,2.58,2.69,2.8,2.91,2.74,2.57,2.4,2.22,2.21,2.19,2.17,2.16,2.1,2.04,1.99,1.93,1.91,1.9,1.88,1.87,1.88,1.9,1.91,1.93,1.99,2.05,2.11,2.17,2.12,2.08,2.04,1.99,2.02,2.05,2.08,2.11,2.1,2.09,2.08,2.06,2.09,2.11,2.14,2.17,2.03,1.9,1.76,1.62,1.53,1.44,1.35,1.26,1.3,1.34,1.38,1.42,1.46,1.5,1.55,1.59,1.61,1.62,1.64,1.66,1.69,1.72,1.76,1.79,1.72,1.65,1.59,1.52,1.62,1.73,1.83,1.94,1.98,2.02,2.06,2.1,2.0,1.89,1.79,1.69,1.92,2.15,2.38,2.6,2.62,2.64,2.66,2.68,,
2017-03-11T00:00:00+00:00,1.99,2.11,2.23,2.24,2.25,2.25,2.26,2.09,1.91,1.74,1.56,1.58,1.6,1.61,1.63,1.5,1.37,1.24,1.11,1.28,1.46,1.64,1.82,1.68,1.53,1.39,1.25,1.31,1.37,1.43,1.5,1.39,1.28,1.17,1.05,1.02,0.99,0.96,0.93,1.07,1.2,1.34,1.48,1.56,1.65,1.74,1.83,1.91,1.99,2.07,2.15,2.24,2.33,2.42,2.51,2.58,2.65,2.72,2.79,2.8,2.81,2.83,2.84,2.88,2.93,2.97,3.01,2.82,2.62,2.43,2.24,2.12,2.0,1.88,1.76,1.73,1.7,1.67,1.64,1.65,1.66,1.66,1.67,1.84,2.0,2.17,2.34,2.26,2.18,2.09,2.01,2.05,2.09,2.13,2.17,1.98,1.8,1.61,1.43,1.43,1.42,1.42,1.42,1.71,2.0,2.29,2.58,2.0,1.43,0.85,0.27,0.54,0.8,1.07,1.33,1.32,1.3,1.28,1.27,1.31,1.34,1.38,1.42,1.26,1.1,0.94,0.78,0.82,0.85,0.88,0.92,1.02,1.12,1.22,1.33,1.13,0.93,0.73,0.53,0.84,1.15,1.47,1.78,2.15,2.53,2.9,3.27,3.23,3.2,3.16,3.12,3.18,3.24,3.3,3.36,3.27,3.18,3.09,3.01,3.09,3.17,3.26,3.34,,
2017-03-12T00:00:00+00:00,1.52,1.72,1.93,1.72,1.52,1.31,1.11,1.17,1.24,1.3,1.37,1.23,1.08,0.94,0.8,1.02,1.24,1.46,1.67,1.52,1.37,1.21,1.06,1.03,1.0,0.97,0.94,1.02,1.09,1.17,1.24,1.4,1.55,1.71,1.87,1.65,1.43,1.21,0.99,1.13,1.28,1.42,1.57,1.79,2.02,2.24,2.47,2.6,2.74,2.87,3.01,3.19,3.36,3.54,3.72,3.68,3.63,3.58,3.54,3.4,3.26,3.12,2.98,3.36,3.73,4.1,4.48,4.47,4.46,4.45,4.44,4.45,4.45,4.46,4.47,4.39,4.32,4.25,4.18,4.31,4.44,4.57,4.71,4.66,4.61,4.56,4.5,4.3,4.1,3.9,3.7,3.87,4.03,4.2,4.37,3.98,3.6,3.21,2.83,2.9,2.97,3.04,3.1,3.3,3.5,3.7,3.89,3.82,3.74,3.67,3.59,3.44,3.28,3.12,2.96,2.99,3.01,3.04,3.06,3.4,3.74,4.08,4.42,4.5,4.58,4.66,4.74,4.61,4.48,4.35,4.22,4.16,4.11,4.05,3.99,3.88,3.76,3.64,3.52,3.49,3.46,3.43,3.4,3.43,3.45,3.48,3.51,3.56,3.61,3.65,3.7,3.78,3.85,3.93,4.0,3.83,3.65,3.48,3.3,3.42,3.54,3.67,3.79,,
2017-03-13T00:00:00+00:00,4.11,4.18,4.26,4.35,4.45,4.55,4.64,4.53,4.41,4.29,4.18,4.26,4.35,4.43,4.52,4.39,4.26,4.12,3.99,3.87,3.75,3.64,3.52,3.57,3.62,3.67,3.72,3.69,3.67,3.64,3.62,3.64,3.66,3.68,3.7,3.76,3.83,3.9,3.97,3.93,3.89,3.85,3.81,3.79,3.76,3.73,3.7,3.81,3.91,4.01,4.11,4.24,4.37,4.49,4.62,4.47,4.33,4.18,4.04,3.87,3.71,3.54,3.37,3.45,3.52,3.6,3.67,3.66,3.64,3.63,3.61,3.45,3.29,3.12,2.96,2.83,2.71,2.58,2.45,2.74,3.02,3.31,3.59,3.6,3.62,3.63,3.64,3.43,3.21,3.0,2.78,2.71,2.64,2.57,2.5,2.4,2.29,2.19,2.09,2.06,2.03,2.0,1.97,1.92,1.88,1.84,1.8,1.85,1.9,1.95,2.0,2.0,2.0,1.99,1.99,1.99,1.98,1.98,1.97,1.95,1.94,1.92,1.91,1.76,1.61,1.46,1.31,1.3,1.28,1.27,1.25,1.36,1.46,1.56,1.66,1.64,1.63,1.61,1.59,1.69,1.79,1.89,1.98,2.15,2.31,2.47,2.63,2.67,2.71,2.74,2.78,2.85,2.91,2.98,3.04,2.87,2.69,2.52,2.34,2.22,2.1,1.98,1.86,,
2017-03-14T00:00:00+00:00,1.92,2.02,2.13,2.18,2.24,2.3,2.35,2.11,1.87,1.62,1.38,1.37,1.36,1.34,1.33,1.42,1.52,1.61,1.71,1.75,1.78,1.82,1.85,1.78,1.71,1.63,1.56,1.53,1.51,1.48,1.45,1.23,1.0,0.78,0.55,0.73,0.9,1.08,1.25,1.39,1.52,1.65,1.78,2.17,2.56,2.94,3.33,3.36,3.39,3.42,3.45,3.4,3.34,3.28,3.23,3.22,3.22,3.22,3.22,3.19,3.15,3.12,3.08,2.9,2.71,2.53,2.34,2.24,2.13,2.03,1.92,1.83,1.74,1.65,1.56,1.68,1.8,1.93,2.05,2.35,2.65,2.96,3.26,3.32,3.37,3.43,3.49,3.21,2.94,2.67,2.4,2.28,2.16,2.05,1.93,1.81,1.7,1.59,1.48,1.37,1.27,1.17,1.07,1.01,0.95,0.89,0.83,0.75,0.67,0.59,0.51,0.82,1.14,1.45,1.77,1.45,1.12,0.8,0.48,0.55,0.62,0.68,0.75,0.77,0.79,0.81,0.83,0.87,0.91,0.95,0.98,0.91,0.84,0.77,0.69,0.73,0.77,0.81,0.85,0.89,0.93,0.97,1.01,1.1,1.18,1.27,1.35,1.6,1.84,2.09,2.33,2.38,2.43,2.48,2.53,2.52,2.5,2.49,2.48,2.45,2.42,2.39,2.35,,
2017-03-15T00:00:00+00:00,0.88,0.92,0.95,0.97,0.98,1.0,1.02,1.15,1.27,1.4,1.53,1.51,1.49,1.46,1.44,1.39,1.35,1.31,1.27,1.16,1.05,0.94,0.83,0.75,0.67,0.59,0.51,0.43,0.36,0.29,0.22,0.47,0.73,0.99,1.24,1.55,1.85,2.15,2.45,2.51,2.57,2.63,2.69,2.69,2.68,2.67,2.66,2.6,2.55,2.49,2.43,2.31,2.2,2.08,1.96,1.93,1.89,1.85,1.81,1.87,1.93,1.99,2.05,2.06,2.07,2.07,2.08,2.01,1.93,1.86,1.79,1.78,1.78,1.77,1.77,1.74,1.72,1.7,1.67,1.55,1.43,1.32,1.2,1.2,1.2,1.2,1.2,1.23,1.26,1.29,1.33,1.38,1.44,1.5,1.55,1.61,1.67,1.73,1.79,1.79,1.79,1.79,1.79,1.75,1.72,1.69,1.66,1.69,1.72,1.75,1.78,1.72,1.65,1.59,1.53,1.45,1.37,1.3,1.22,1.21,1.2,1.19,1.18,1.19,1.2,1.21,1.23,1.3,1.37,1.44,1.51,1.49,1.47,1.45,1.43,1.43,1.43,1.43,1.43,1.42,1.4,1.39,1.37,1.38,1.39,1.4,1.41,1.43,1.45,1.47,1.5,1.54,1.58,1.63,1.67,1.72,1.76,1.81,1.86,1.89,1.93,1.97,2.0,,
2017-03-16T00:00:00+00:00,1.01,0.71,0.4,0.5,0.59,0.69,0.78,0.87,0.95,1.03,1.11,1.16,1.21,1.25,1.3,1.28,1.25,1.23,1.2,1.11,1.01,0.91,0.82,0.94,1.07,1.19,1.32,1.3,1.28,1.27,1.25,1.37,1.49,1.61,1.73,1.7,1.67,1.64,1.61,1.56,1.52,1.47,1.42,1.41,1.4,1.39,1.38,1.38,1.38,1.38,1.38,1.43,1.49,1.54,1.59,1.62,1.64,1.66,1.68,1.65,1.62,1.59,1.56,1.7,1.84,1.97,2.11,1.98,1.85,1.72,1.59,1.52,1.45,1.38,1.31,1.27,1.24,1.2,1.16,1.3,1.44,1.57,1.71,1.78,1.84,1.91,1.98,2.12,2.27,2.42,2.56,2.82,3.07,3.33,3.59,3.35,3.12,2.89,2.65,2.49,2.32,2.15,1.99,2.14,2.3,2.46,2.62,2.84,3.05,3.27,3.49,3.46,3.42,3.39,3.36,2.92,2.47,2.02,1.58,1.79,2.0,2.21,2.42,2.86,3.3,3.75,4.19,3.7,3.21,2.73,2.24,2.56,2.89,3.21,3.53,3.52,3.5,3.49,3.47,3.61,3.74,3.87,4.0,4.18,4.36,4.54,4.72,4.65,4.58,4.5,4.43,4.62,4.8,4.99,5.17,5.04,4.9,4.77,4.63,4.36,4.08,3.8,3.52,,
2017-03-17T00:00:00+00:00,3.21,2.87,2.53,2.76,2.99,3.22,3.45,3.52,3.6,3.67,3.74,3.66,3.58,3.51,3.43,3.07,2.72,2.37,2.01,1.96,1.91,1.87,1.82,1.88,1.94,2.0,2.06,2.31,2.56,2.81,3.06,3.02,2.97,2.93,2.89,2.62,2.35,2.08,1.81,2.02,2.23,2.44,2.66,2.94,3.22,3.5,3.78,3.93,4.08,4.24,4.39,4.48,4.56,4.64,4.73,4.63,4.54,4.45,4.36,4.38,4.4,4.43,4.45,4.28,4.11,3.94,3.78,3.62,3.47,3.31,3.16,3.14,3.12,3.1,3.08,2.94,2.8,2.65,2.51,2.71,2.91,3.11,3.31,3.66,4.0,4.35,4.69,4.71,4.72,4.74,4.76,4.8,4.83,4.87,4.91,4.99,5.07,5.15,5.23,5.41,5.59,5.77,5.95,6.0,6.06,6.12,6.17,6.15,6.13,6.11,6.09,6.08,6.07,6.06,6.05,5.99,5.94,5.88,5.82,5.87,5.93,5.98,6.03,6.15,6.26,6.38,6.49,6.47,6.44,6.42,6.39,6.39,6.4,6.4,6.4,6.43,6.45,6.48,6.5,6.44,6.39,6.33,6.27,6.36,6.45,6.53,6.62,6.49,6.35,6.22,6.09,5.98,5.87,5.76,5.65,5.75,5.86,5.96,6.06,6.0,5.95,5.89,5.83,,
2017-03-18T00:00:00+00:00,6.44,6.7,6.96,6.92,6.87,6.82,6.77,7.03,7.29,7.55,7.81,7.53,7.25,6.96,6.68,6.49,6.31,6.12,5.93,5.98,6.02,6.07,6.11,6.2,6.28,6.36,6.45,6.33,6.22,6.1,5.99,6.01,6.02,6.04,6.06,6.1,6.15,6.19,6.23,6.19,6.15,6.11,6.07,5.91,5.75,5.59,5.43,5.46,5.5,5.53,5.56,5.55,5.53,5.52,5.51,5.17,4.84,4.51,4.18,4.5,4.83,5.15,5.47,5.38,5.29,5.2,5.12,4.98,4.84,4.71,4.57,4.72,4.86,5.01,5.15,4.82,4.5,4.17,3.84,4.3,4.75,5.2,5.66,5.64,5.62,5.61,5.59,5.71,5.82,5.94,6.05,5.66,5.26,4.87,4.48,4.38,4.28,4.19,4.09,3.82,3.55,3.28,3.01,3.04,3.08,3.11,3.14,3.47,3.81,4.15,4.48,4.26,4.04,3.81,3.59,3.57,3.56,3.54,3.53,3.69,3.85,4.01,4.17,4.17,4.17,4.18,4.18,4.25,4.33,4.41,4.48,4.53,4.57,4.61,4.66,4.64,4.63,4.61,4.6,4.82,5.04,5.26,5.48,5.37,5.26,5.15,5.04,5.13,5.22,5.31,5.4,4.94,4.48,4.03,3.57,3.63,3.7,3.76,3.83,3.93,4.03,4.13,4.24,,
2017-03-19T00:00:00+00:00,4.73,4.82,4.9,4.87,4.84,4.82,4.79,4.53,4.27,4.01,3.75,3.56,3.36,3.16,2.97,3.19,3.41,3.63,3.85,3.9,3.96,4.02,4.07,4.07,4.07,4.06,4.06,4.21,4.37,4.53,4.68,4.7,4.71,4.72,4.73,4.83,4.92,5.02,5.12,5.17,5.22,5.28,5.33,5.38,5.44,5.49,5.54,5.52,5.5,5.48,5.46,5.48,5.51,5.53,5.56,5.44,5.33,5.21,5.09,4.99,4.89,4.79,4.69,4.63,4.57,4.51,4.45,3.95,3.45,2.95,2.45,2.2,1.96,1.71,1.47,1.81,2.14,2.48,2.82,2.96,3.1,3.25,3.39,3.56,3.73,3.9,4.07,3.99,3.91,3.83,3.75,3.74,3.73,3.71,3.7,3.62,3.54,3.47,3.39,3.45,3.5,3.56,3.62,3.73,3.84,3.96,4.07,4.01,3.94,3.88,3.82,3.82,3.82,3.82,3.82,4.02,4.23,4.43,4.63,4.6,4.57,4.54,4.51,4.97,5.44,5.91,6.38,6.07,5.75,5.43,5.12,5.09,5.07,5.04,5.01,5.12,5.22,5.33,5.43,5.39,5.34,5.29,5.24,5.42,5.59,5.76,5.94,6.02,6.11,6.2,6.29,6.32,6.35,6.38,6.41,6.34,6.27,6.2,6.13,6.12,6.12,6.12,6.12,,
2017-03-21T00:00:00+00:00,5.58,5.66,5.75,5.18,4.61,4.05,3.48,3.29,3.1,2.91,2.72,2.6,2.49,2.38,2.27,2.6,2.94,3.27,3.61,3.61,3.62,3.62,3.63,3.67,3.71,3.76,3.8,3.81,3.82,3.83,3.83,4.25,4.66,5.07,5.48,5.22,4.96,4.69,4.43,4.13,3.83,3.53,3.23,2.9,2.58,2.25,1.92,2.27,2.61,2.96,3.31,3.24,3.18,3.12,3.05,3.04,3.02,3.0,2.99,2.77,2.56,2.35,2.13,1.83,1.54,1.24,0.94,0.88,0.82,0.76,0.7,0.62,0.54,0.46,0.37,0.96,1.55,2.14,2.73,2.73,2.72,2.72,2.71,2.64,2.57,2.49,2.42,2.43,2.44,2.45,2.46,2.6,2.74,2.89,3.03,2.9,2.76,2.63,2.49,2.58,2.67,2.76,2.85,2.85,2.85,2.84,2.84,2.83,2.82,2.82,2.81,2.84,2.87,2.9,2.92,3.05,3.18,3.31,3.43,3.57,3.7,3.84,3.97,4.09,4.22,4.34,4.46,4.52,4.59,4.65,4.71,4.87,5.04,5.2,5.36,5.36,5.36,5.36,5.36,5.05,4.74,4.44,4.13,3.88,3.62,3.37,3.12,2.73,2.33,1.93,1.54,1.22,0.91,0.59,0.28,0.42,0.57,0.72,0.87,1.11,1.35,1.6,1.84,,
2017-03-22T00:00:00+00:00,2.92,2.92,2.91,2.69,2.46,2.24,2.02,2.21,2.4,2.58,2.77,2.75,2.72,2.7,2.67,2.77,2.87,2.97,3.07,3.18,3.29,3.4,3.51,3.48,3.46,3.43,3.41,3.5,3.6,3.69,3.79,3.88,3.98,4.07,4.16,4.49,4.81,5.13,5.46,5.48,5.5,5.52,5.54,5.27,4.99,4.72,4.44,4.32,4.19,4.07,3.94,4.27,4.6,4.93,5.26,4.31,3.36,2.41,1.46,2.53,3.6,4.67,5.74,4.92,4.09,3.27,2.44,2.16,1.87,1.58,1.3,1.16,1.02,0.87,0.73,0.93,1.13,1.32,1.52,1.96,2.4,2.84,3.28,3.17,3.06,2.95,2.84,3.05,3.26,3.47,3.68,3.61,3.55,3.49,3.42,3.38,3.34,3.3,3.26,3.28,3.3,3.31,3.33,3.53,3.72,3.92,4.12,4.03,3.95,3.87,3.79,3.81,3.83,3.85,3.88,3.67,3.46,3.25,3.05,2.96,2.88,2.8,2.72,2.91,3.1,3.3,3.49,3.47,3.45,3.43,3.42,3.03,2.64,2.25,1.87,1.82,1.78,1.73,1.69,1.68,1.67,1.67,1.66,1.71,1.76,1.82,1.87,1.86,1.85,1.85,1.84,1.99,2.15,2.31,2.46,2.22,1.98,1.75,1.51,1.49,1.47,1.45,1.44,,
2017-03-23T00:00:00+00:00
2017-03-24T00:00:00+00:00
2017-03-25T00:00:00+00:00
2017-03-26T00:00:00+00:00
2017-03-27T00:00:00+00:00
2017-03-28T00:00:00+00:00
2017-03-29T00:00:00+00:00
2017-03-30T00:00:00+00:00
2017-03-31T00:00:00+00:00,2.78,3.24,3.7,3.47,3.24,3.01,2.78,2.86,2.94,3.02,3.1,3.06,3.01,2.96,2.92,3.18,3.45,3.72,3.99,3.78,3.58,3.37,3.16,3.49,3.83,4.17,4.51,4.26,4.02,3.78,3.54,3.28,3.03,2.78,2.53,3.19,3.86,4.53,5.19,5.15,5.11,5.07,5.03,4.98,4.93,4.88,4.83,4.72,4.61,4.51,4.4,4.57,4.74,4.91,5.08,4.93,4.78,4.63,4.48,4.41,4.34,4.27,4.19,3.94,3.69,3.44,3.19,3.03,2.88,2.72,2.57,2.35,2.14,1.92,1.71,1.89,2.07,2.25,2.43,2.58,2.73,2.88,3.03,2.75,2.47,2.19,1.92,2.09,2.26,2.42,2.59,2.53,2.47,2.41,2.34,2.32,2.31,2.29,2.27,2.24,2.21,2.18,2.15,2.28,2.41,2.54,2.67,2.47,2.28,2.08,1.88,1.96,2.04,2.11,2.19,2.33,2.47,2.6,2.74,2.77,2.79,2.82,2.84,2.8,2.76,2.72,2.68,2.78,2.88,2.98,3.08,3.12,3.16,3.2,3.24,3.19,3.14,3.09,3.04,3.06,3.08,3.09,3.11,3.18,3.24,3.3,3.37,3.18,3.0,2.81,2.63,2.64,2.65,2.66,2.66,2.35,2.04,1.72,1.41,1.53,1.65,1.77,1.9,,
2017-04-01T00:00:00+00:00,2.63,2.72,2.82,2.93,3.05,3.16,3.27,3.29,3.3,3.32,3.34,3.54,3.75,3.95,4.16,4.01,3.87,3.73,3.59,3.26,2.94,2.61,2.28,2.71,3.13,3.56,3.99,3.72,3.46,3.19,2.92,2.91,2.89,2.87,2.85,3.01,3.17,3.32,3.48,3.46,3.44,3.42,3.39,3.48,3.56,3.64,3.72,3.65,3.58,3.51,3.43,3.12,2.8,2.48,2.16,2.29,2.42,2.55,2.68,2.51,2.35,2.18,2.02,2.16,2.29,2.43,2.57,2.44,2.31,2.17,2.04,2.15,2.25,2.35,2.46,2.45,2.45,2.44,2.43,1.98,1.52,1.07,0.61,0.95,1.3,1.64,1.98,2.04,2.11,2.17,2.23,2.2,2.17,2.14,2.11,2.06,2.02,1.97,1.92,1.92,1.92,1.92,1.92,1.92,1.92,1.91,1.91,1.97,2.03,2.1,2.16,2.04,1.93,1.81,1.7,1.61,1.53,1.45,1.37,1.42,1.47,1.52,1.57,1.71,1.86,2.01,2.16,2.23,2.3,2.37,2.44,2.42,2.4,2.37,2.35,2.38,2.41,2.44,2.47,2.61,2.76,2.91,3.05,3.09,3.13,3.16,3.2,3.13,3.06,2.99,2.92,2.91,2.9,2.88,2.87,2.81,2.76,2.7,2.64,2.6,2.56,2.52,2.48,,
2017-04-02T00:00:00+00:00,0.36,0.35,0.35,0.56,0.77,0.98,1.19,1.24,1.29,1.35,1.4,1.44,1.48,1.52,1.56,1.53,1.49,1.46,1.43,1.4,1.38,1.35,1.33,1.25,1.18,1.11,1.03,1.19,1.34,1.49,1.65,1.78,1.92,2.05,2.19,2.13,2.08,2.02,1.97,1.9,1.83,1.76,1.69,1.76,1.83,1.91,1.98,2.29,2.61,2.92,3.23,3.06,2.89,2.72,2.55,2.6,2.64,2.68,2.73,2.73,2.73,2.73,2.73,2.63,2.54,2.45,2.35,2.47,2.58,2.69,2.8,2.74,2.68,2.62,2.56,2.51,2.46,2.4,2.35,2.4,2.44,2.49,2.54,2.4,2.26,2.12,1.98,1.98,1.98,1.98,1.98,1.98,1.99,1.99,2.0,1.91,1.82,1.73,1.65,1.6,1.56,1.51,1.47,1.5,1.53,1.56,1.59,1.54,1.49,1.44,1.39,1.39,1.39,1.39,1.38,1.29,1.2,1.1,1.01,0.96,0.91,0.86,0.81,0.84,0.88,0.91,0.95,0.93,0.9,0.88,0.85,0.89,0.93,0.97,1.01,1.06,1.12,1.17,1.22,1.41,1.6,1.79,1.98,2.12,2.27,2.41,2.55,2.57,2.58,2.59,2.6,2.58,2.56,2.54,2.51,2.41,2.3,2.2,2.09,2.1,2.1,2.1,2.1,,
2017-04-03T00:00:00+00:00,2.04,2.13,2.23,2.16,2.09,2.02,1.95,1.83,1.71,1.59,1.47,1.51,1.55,1.59,1.63,1.62,1.61,1.59,1.58,1.48,1.38,1.27,1.17,1.15,1.13,1.11,1.09,1.16,1.23,1.3,1.36,1.41,1.45,1.49,1.53,1.48,1.44,1.39,1.34,1.59,1.84,2.09,2.34,2.28,2.21,2.15,2.09,2.13,2.16,2.2,2.24,2.37,2.49,2.62,2.75,2.72,2.69,2.66,2.64,2.58,2.53,2.48,2.43,2.34,2.25,2.17,2.08,1.98,1.87,1.77,1.67,1.49,1.31,1.13,0.95,0.88,0.81,0.74,0.67,0.61,0.55,0.5,0.44,0.46,0.48,0.51,0.53,0.49,0.45,0.42,0.38,0.36,0.35,0.33,0.31,0.61,0.9,1.19,1.48,1.41,1.35,1.28,1.22,1.17,1.12,1.07,1.02,0.96,0.9,0.84,0.78,1.04,1.31,1.58,1.84,1.62,1.41,1.19,0.97,0.84,0.71,0.57,0.44,0.64,0.83,1.03,1.22,1.23,1.24,1.24,1.25,1.1,0.95,0.8,0.65,1.34,2.03,2.71,3.4,3.33,3.25,3.18,3.11,2.98,2.85,2.72,2.59,2.73,2.88,3.03,3.17,3.35,3.53,3.71,3.89,3.81,3.73,3.65,3.57,3.33,3.09,2.85,2.61,,
2017-04-04T00:00:00+00:00,1.73,1.49,1.25,1.32,1.38,1.44,1.51,1.47,1.43,1.39,1.35,1.32,1.29,1.26,1.23,1.02,0.8,0.59,0.38,0.46,0.55,0.63,0.71,0.77,0.83,0.89,0.95,0.96,0.98,1.0,1.02,0.93,0.85,0.76,0.68,1.23,1.78,2.33,2.88,2.88,2.87,2.87,2.86,2.87,2.88,2.89,2.9,2.93,2.96,2.99,3.03,3.09,3.16,3.23,3.3,3.35,3.41,3.47,3.53,3.63,3.73,3.82,3.92,3.84,3.77,3.69,3.61,3.63,3.65,3.67,3.69,3.72,3.74,3.77,3.79,3.64,3.49,3.34,3.19,3.33,3.47,3.62,3.76,3.75,3.74,3.73,3.72,3.64,3.55,3.47,3.38,3.43,3.48,3.53,3.58,3.46,3.34,3.22,3.1,3.12,3.15,3.17,3.19,3.32,3.44,3.56,3.68,3.76,3.84,3.92,3.99,3.85,3.71,3.57,3.43,3.38,3.32,3.26,3.21,3.04,2.88,2.72,2.56,2.76,2.96,3.17,3.37,3.56,3.75,3.94,4.13,3.85,3.57,3.29,3.01,3.17,3.33,3.49,3.66,3.88,4.11,4.34,4.57,4.61,4.65,4.7,4.74,4.69,4.65,4.6,4.56,4.47,4.38,4.3,4.21,4.16,4.12,4.08,4.03,4.22,4.41,4.59,4.78,,
2017-04-05T00:00:00+00:00,3.43,3.55,3.67,3.68,3.69,3.7,3.71,3.74,3.76,3.79,3.82,3.77,3.72,3.67,3.62,3.73,3.83,3.94,4.04,3.99,3.93,3.88,3.82,3.87,3.92,3.97,4.02,3.97,3.92,3.87,3.83,3.84,3.86,3.88,3.9,3.9,3.91,3.91,3.92,4.03,4.14,4.26,4.37,4.29,4.2,4.12,4.04,3.95,3.85,3.76,3.67,3.64,3.62,3.59,3.56,3.63,3.7,3.76,3.83,3.83,3.84,3.85,3.86,3.77,3.68,3.58,3.49,3.76,4.02,4.29,4.55,4.57,4.58,4.6,4.62,4.53,4.45,4.36,4.27,4.3,4.32,4.35,4.37,4.29,4.21,4.13,4.05,3.95,3.86,3.76,3.67,3.42,3.16,2.91,2.66,2.58,2.5,2.42,2.35,2.46,2.57,2.68,2.79,2.91,3.02,3.13,3.24,3.24,3.24,3.24,3.24,3.32,3.39,3.47,3.55,3.43,3.31,3.19,3.07,2.94,2.8,2.67,2.54,2.56,2.58,2.6,2.62,2.89,3.16,3.44,3.71,3.85,3.99,4.13,4.26,4.34,4.42,4.5,4.57,4.54,4.51,4.48,4.45,4.54,4.63,4.72,4.81,4.74,4.66,4.59,4.52,4.5,4.47,4.45,4.43,4.39,4.34,4.3,4.26,4.23,4.21,4.18,4.15,,
2017-04-06T00:00:00+00:00,3.26,3.35,3.44,3.58,3.71,3.85,3.98,4.03,4.08,4.13,4.18,4.06,3.94,3.82,3.71,3.72,3.74,3.76,3.78,3.63,3.47,3.32,3.16,3.23,3.31,3.38,3.45,3.59,3.73,3.87,4.01,3.95,3.9,3.84,3.78,3.81,3.83,3.86,3.88,3.91,3.93,3.96,3.98,4.07,4.15,4.23,4.32,4.34,4.36,4.39,4.41,4.37,4.33,4.29,4.25,4.21,4.17,4.13,4.1,4.11,4.12,4.13,4.14,4.03,3.93,3.83,3.72,3.66,3.61,3.55,3.49,3.31,3.12,2.94,2.76,2.61,2.46,2.32,2.17,2.02,1.86,1.71,1.56,1.86,2.17,2.47,2.78,2.83,2.89,2.95,3.0,2.94,2.87,2.8,2.73,2.65,2.57,2.49,2.41,2.3,2.2,2.1,2.0,2.02,2.04,2.06,2.09,2.23,2.38,2.52,2.67,2.64,2.6,2.57,2.53,2.41,2.28,2.16,2.04,2.06,2.08,2.11,2.13,2.26,2.39,2.52,2.65,2.65,2.65,2.65,2.65,2.63,2.6,2.58,2.55,2.55,2.55,2.54,2.54,2.48,2.42,2.36,2.3,2.35,2.39,2.44,2.49,2.51,2.54,2.57,2.59,2.56,2.53,2.49,2.46,2.36,2.27,2.17,2.08,2.16,2.25,2.33,2.42,,
2017-04-07T00:00:00+00:00,1.22,1.14,1.06,1.16,1.26,1.36,1.46,1.51,1.56,1.61,1.66,1.7,1.74,1.78,1.81,1.82,1.82,1.83,1.83,1.72,1.61,1.49,1.38,1.5,1.61,1.73,1.84,2.1,2.36,2.62,2.88,2.84,2.81,2.77,2.74,2.55,2.37,2.19,2.01,1.86,1.71,1.56,1.4,1.35,1.3,1.25,1.2,1.2,1.21,1.21,1.21,1.21,1.2,1.2,1.2,1.42,1.64,1.86,2.08,2.19,2.29,2.39,2.5,2.56,2.63,2.69,2.75,2.65,2.54,2.43,2.32,2.14,1.97,1.8,1.63,1.47,1.31,1.16,1.0,1.07,1.15,1.22,1.29,1.33,1.37,1.41,1.45,1.59,1.72,1.85,1.99,2.0,2.01,2.02,2.04,1.92,1.8,1.69,1.57,1.57,1.56,1.56,1.55,1.58,1.61,1.64,1.67,1.63,1.58,1.54,1.5,1.45,1.41,1.36,1.32,1.39,1.46,1.54,1.61,1.62,1.64,1.65,1.66,1.71,1.75,1.79,1.84,1.84,1.84,1.84,1.83,1.82,1.81,1.8,1.79,1.78,1.76,1.75,1.73,1.74,1.74,1.74,1.75,1.78,1.8,1.83,1.86,1.84,1.82,1.8,1.77,1.73,1.69,1.65,1.61,1.73,1.84,1.95,2.06,2.16,2.25,2.35,2.45,,
2017-04-08T00:00:00+00:00,1.53,1.48,1.43,1.47,1.51,1.54,1.58,1.46,1.34,1.21,1.09,1.1,1.11,1.12,1.13,1.17,1.21,1.25,1.29,1.29,1.29,1.28,1.28,1.33,1.38,1.43,1.47,1.6,1.73,1.86,1.99,1.96,1.92,1.88,1.84,1.76,1.69,1.61,1.53,1.49,1.45,1.41,1.36,1.34,1.32,1.3,1.28,1.3,1.31,1.33,1.35,1.31,1.27,1.23,1.19,1.25,1.31,1.36,1.42,1.56,1.7,1.84,1.98,2.15,2.33,2.5,2.67,2.49,2.32,2.14,1.96,1.83,1.71,1.58,1.45,1.45,1.44,1.43,1.42,1.45,1.47,1.49,1.51,1.53,1.54,1.55,1.56,1.55,1.54,1.52,1.51,1.51,1.51,1.51,1.51,1.57,1.64,1.7,1.77,1.77,1.77,1.77,1.78,1.69,1.61,1.53,1.45,1.48,1.51,1.53,1.56,1.59,1.61,1.64,1.66,1.63,1.61,1.58,1.55,1.46,1.36,1.26,1.16,1.29,1.42,1.55,1.69,1.67,1.65,1.63,1.61,1.64,1.66,1.68,1.7,1.84,1.98,2.12,2.26,2.22,2.18,2.15,2.11,2.04,1.96,1.89,1.82,1.88,1.95,2.02,2.08,2.12,2.16,2.2,2.24,2.14,2.05,1.96,1.87,1.98,2.1,2.22,2.33,,
2017-04-09T00:00:00+00:00,2.24,2.19,2.14,1.92,1.71,1.5,1.29,1.26,1.24,1.22,1.19,1.13,1.07,1.01,0.95,1.07,1.2,1.32,1.44,1.35,1.25,1.16,1.06,1.13,1.2,1.27,1.34,1.39,1.43,1.47,1.51,1.55,1.58,1.62,1.65,1.69,1.72,1.75,1.79,1.8,1.82,1.83,1.84,1.75,1.66,1.57,1.48,1.57,1.66,1.75,1.84,1.91,1.98,2.06,2.13,2.09,2.05,2.02,1.98,1.96,1.94,1.92,1.91,1.91,1.92,1.92,1.93,1.68,1.42,1.17,0.92,0.96,1.0,1.04,1.08,1.16,1.24,1.32,1.41,1.52,1.64,1.75,1.87,1.95,2.04,2.12,2.2,2.2,2.21,2.21,2.21,2.53,2.86,3.18,3.51,3.56,3.61,3.66,3.7,3.74,3.77,3.8,3.83,3.68,3.52,3.37,3.21,3.01,2.81,2.61,2.41,2.41,2.41,2.4,2.4,2.54,2.67,2.81,2.94,2.87,2.81,2.74,2.67,2.73,2.79,2.85,2.9,2.92,2.94,2.97,2.99,3.06,3.13,3.2,3.26,3.44,3.62,3.8,3.98,4.08,4.18,4.28,4.38,4.34,4.3,4.26,4.22,4.16,4.11,4.05,4.0,3.95,3.9,3.85,3.8,3.87,3.93,4.0,4.07,4.13,4.19,4.25,4.32,,
2017-04-10T00:00:00+00:00,4.09,4.2,4.3,4.4,4.49,4.59,4.68,4.47,4.27,4.06,3.85,3.53,3.22,2.9,2.58,2.52,2.46,2.4,2.33,2.68,3.03,3.37,3.72,3.59,3.46,3.34,3.21,3.26,3.32,3.37,3.42,3.37,3.31,3.26,3.2,3.25,3.29,3.33,3.38,3.34,3.31,3.27,3.23,3.5,3.77,4.04,4.31,4.13,3.95,3.76,3.58,3.64,3.69,3.75,3.81,3.8,3.79,3.78,3.77,3.86,3.95,4.05,4.14,3.96,3.78,3.6,3.42,3.68,3.94,4.19,4.45,4.4,4.35,4.3,4.24,4.18,4.12,4.06,4.0,3.76,3.52,3.28,3.03,2.89,2.74,2.59,2.45,2.34,2.23,2.13,2.02,2.01,2.01,2.0,1.99,2.07,2.16,2.25,2.33,2.31,2.28,2.26,2.23,2.17,2.1,2.03,1.97,1.86,1.75,1.65,1.54,1.54,1.54,1.54,1.55,1.44,1.32,1.21,1.1,1.17,1.23,1.3,1.36,1.51,1.65,1.8,1.95,1.98,2.01,2.05,2.08,1.97,1.85,1.74,1.62,1.56,1.49,1.43,1.36,1.48,1.6,1.73,1.85,1.87,1.9,1.92,1.95,2.01,2.07,2.12,2.18,2.17,2.16,2.15,2.14,2.15,2.15,2.16,2.17,2.06,1.96,1.85,1.75,,
2017-04-11T00:00:00+00:00,2.1,1.96,1.82,1.84,1.85,1.86,1.88,1.8,1.73,1.66,1.58,1.76,1.93,2.11,2.28,2.2,2.13,2.05,1.97,1.85,1.73,1.61,1.49,1.52,1.54,1.57,1.6,1.84,2.08,2.32,2.55,2.62,2.68,2.75,2.81,2.69,2.57,2.45,2.33,2.13,1.92,1.72,1.51,1.43,1.35,1.27,1.19,1.41,1.63,1.86,2.08,1.99,1.9,1.8,1.71,1.81,1.9,2.0,2.09,2.09,2.09,2.09,2.09,2.2,2.32,2.44,2.55,2.44,2.32,2.2,2.08,1.93,1.77,1.62,1.46,1.13,0.79,0.45,0.11,0.73,1.34,1.96,2.58,2.43,2.29,2.14,2.0,1.95,1.9,1.86,1.81,1.78,1.74,1.71,1.67,1.7,1.73,1.75,1.78,1.75,1.73,1.71,1.69,1.73,1.77,1.81,1.86,1.86,1.87,1.88,1.88,1.89,1.89,1.89,1.9,1.94,1.99,2.04,2.09,2.08,2.08,2.07,2.07,2.25,2.43,2.61,2.79,2.91,3.02,3.14,3.26,3.4,3.55,3.69,3.84,3.85,3.86,3.87,3.88,3.97,4.06,4.15,4.24,4.28,4.32,4.36,4.41,4.42,4.44,4.45,4.47,4.44,4.42,4.39,4.37,4.24,4.11,3.99,3.86,3.86,3.85,3.85,3.84,,
2017-04-12T00:00:00+00:00,1.28,1.31,1.34,1.43,1.52,1.61,1.69,1.74,1.78,1.82,1.86,1.81,1.77,1.72,1.67,1.71,1.75,1.79,1.83,1.81,1.79,1.76,1.74,1.76,1.77,1.79,1.8,1.97,2.13,2.3,2.46,2.63,2.8,2.97,3.15,3.23,3.32,3.41,3.5,3.6,3.69,3.79,3.88,3.98,4.08,4.18,4.28,4.32,4.37,4.41,4.46,4.5,4.55,4.59,4.64,4.61,4.59,4.57,4.55,4.54,4.54,4.54,4.53,4.44,4.35,4.26,4.17,4.12,4.07,4.02,3.97,3.98,3.99,4.0,4.01,4.16,4.31,4.45,4.6,4.38,4.15,3.92,3.7,3.75,3.81,3.87,3.93,4.01,4.1,4.19,4.28,4.26,4.24,4.23,4.21,4.07,3.92,3.78,3.63,3.63,3.64,3.64,3.64,3.63,3.61,3.59,3.57,3.48,3.38,3.29,3.2,3.02,2.84,2.66,2.48,2.43,2.39,2.34,2.29,2.26,2.24,2.21,2.18,2.19,2.2,2.21,2.22,2.27,2.31,2.36,2.41,2.52,2.64,2.75,2.86,2.85,2.84,2.83,2.82,2.8,2.79,2.78,2.76,2.77,2.78,2.78,2.79,3.06,3.33,3.6,3.88,3.55,3.22,2.9,2.57,2.52,2.46,2.41,2.36,2.38,2.41,2.43,2.46,,
2017-04-13T00:00:00+00:00,3.11,3.2,3.29,3.31,3.32,3.33,3.34,3.38,3.41,3.44,3.48,3.53,3.58,3.63,3.69,3.49,3.29,3.09,2.89,2.78,2.68,2.58,2.48,2.31,2.14,1.97,1.8,1.7,1.6,1.5,1.4,1.47,1.55,1.62,1.7,1.82,1.94,2.06,2.18,2.22,2.26,2.31,2.35,2.34,2.34,2.33,2.32,2.35,2.38,2.41,2.43,2.24,2.04,1.84,1.65,1.8,1.96,2.11,2.27,2.25,2.22,2.2,2.17,1.98,1.79,1.6,1.41,1.46,1.5,1.55,1.59,1.59,1.59,1.59,1.6,1.6,1.59,1.59,1.59,1.8,2.0,2.21,2.42,2.21,2.01,1.81,1.61,1.58,1.55,1.52,1.49,1.36,1.24,1.11,0.99,1.04,1.08,1.13,1.17,1.26,1.35,1.43,1.52,1.49,1.46,1.43,1.4,1.48,1.57,1.65,1.74,1.46,1.17,0.89,0.61,0.58,0.55,0.52,0.48,0.74,1.0,1.26,1.53,1.64,1.75,1.86,1.98,2.18,2.39,2.59,2.79,2.87,2.95,3.03,3.1,3.03,2.95,2.88,2.81,2.83,2.86,2.89,2.92,2.92,2.92,2.92,2.92,2.98,3.04,3.1,3.16,3.15,3.14,3.13,3.12,3.09,3.06,3.02,2.99,2.93,2.87,2.82,2.76,,
2017-04-14T00:00:00+00:00,1.1,1.22,1.35,1.3,1.26,1.21,1.17,1.45,1.73,2.01,2.29,2.24,2.19,2.14,2.1,1.93,1.75,1.58,1.41,1.54,1.66,1.79,1.92,1.83,1.75,1.67,1.58,1.52,1.45,1.38,1.31,1.4,1.48,1.57,1.66,1.72,1.77,1.83,1.88,2.1,2.32,2.54,2.75,2.78,2.81,2.84,2.87,2.79,2.7,2.61,2.52,2.69,2.85,3.01,3.17,3.2,3.23,3.26,3.29,3.19,3.08,2.97,2.86,2.8,2.73,2.66,2.6,2.74,2.88,3.02,3.16,3.21,3.26,3.3,3.35,3.29,3.23,3.17,3.11,3.16,3.21,3.25,3.3,3.27,3.24,3.21,3.18,3.04,2.91,2.78,2.65,2.74,2.82,2.91,2.99,2.85,2.71,2.57,2.43,2.48,2.54,2.59,2.64,2.69,2.75,2.8,2.85,2.94,3.03,3.13,3.22,3.25,3.29,3.32,3.36,3.39,3.41,3.44,3.47,3.34,3.21,3.09,2.96,3.04,3.11,3.19,3.26,3.48,3.7,3.92,4.13,4.03,3.92,3.82,3.71,3.96,4.21,4.46,4.72,4.77,4.83,4.88,4.94,4.83,4.72,4.61,4.5,4.48,4.46,4.44,4.43,4.62,4.82,5.02,5.21,5.09,4.96,4.83,4.7,4.88,5.06,5.24,5.42,,
2017-04-15T00:00:00+00:00,1.57,1.7,1.83,1.79,1.74,1.7,1.66,1.83,2.0,2.17,2.34,2.25,2.17,2.09,2.0,2.23,2.46,2.69,2.91,2.93,2.95,2.96,2.98,3.01,3.05,3.09,3.12,3.18,3.23,3.28,3.33,3.34,3.36,3.37,3.38,3.45,3.52,3.59,3.67,3.54,3.42,3.3,3.18,3.51,3.83,4.16,4.49,4.6,4.7,4.81,4.92,4.79,4.66,4.53,4.4,4.5,4.59,4.69,4.79,4.59,4.39,4.2,4.0,4.29,4.59,4.88,5.17,4.84,4.5,4.17,3.83,3.87,3.9,3.93,3.97,3.74,3.52,3.29,3.06,2.9,2.74,2.58,2.42,2.38,2.33,2.29,2.25,2.32,2.38,2.44,2.51,2.53,2.56,2.58,2.6,2.68,2.76,2.84,2.92,2.94,2.95,2.96,2.98,2.92,2.87,2.82,2.76,2.78,2.8,2.82,2.84,2.82,2.8,2.79,2.77,2.91,3.04,3.18,3.32,3.46,3.61,3.76,3.91,3.97,4.04,4.11,4.18,4.34,4.49,4.64,4.8,4.8,4.81,4.81,4.81,4.82,4.82,4.83,4.83,4.78,4.72,4.67,4.61,4.75,4.89,5.03,5.17,5.16,5.15,5.13,5.12,4.97,4.83,4.68,4.54,4.52,4.5,4.48,4.47,4.38,4.3,4.22,4.14,,
2017-04-16T00:00:00+00:00,2.39,2.33,2.26,2.4,2.53,2.67,2.81,2.92,3.03,3.14,3.25,3.25,3.26,3.27,3.27,3.24,3.21,3.18,3.15,3.24,3.33,3.42,3.51,3.47,3.43,3.4,3.36,3.39,3.42,3.45,3.48,3.56,3.65,3.73,3.81,3.79,3.78,3.77,3.75,3.6,3.44,3.29,3.14,3.2,3.26,3.33,3.39,3.43,3.46,3.5,3.54,3.62,3.71,3.8,3.88,4.15,4.42,4.69,4.95,4.49,4.02,3.56,3.09,2.9,2.72,2.53,2.35,2.7,3.04,3.39,3.74,3.59,3.45,3.3,3.16,3.45,3.74,4.02,4.31,4.14,3.98,3.81,3.64,3.5,3.36,3.22,3.08,2.95,2.82,2.68,2.55,2.54,2.53,2.51,2.5,2.67,2.83,2.99,3.16,3.16,3.17,3.17,3.18,3.21,3.24,3.27,3.3,3.32,3.33,3.34,3.35,3.51,3.67,3.83,3.99,4.16,4.33,4.51,4.68,4.5,4.31,4.13,3.95,3.98,4.02,4.06,4.1,3.96,3.82,3.68,3.54,3.43,3.31,3.2,3.09,3.44,3.8,4.16,4.51,3.91,3.31,2.71,2.1,2.67,3.24,3.8,4.37,4.36,4.34,4.33,4.32,4.21,4.1,3.99,3.89,3.87,3.85,3.84,3.82,3.7,3.58,3.46,3.34,,
2017-04-17T00:00:00+00:00,3.12,3.23,3.34,3.24,3.14,3.04,2.94,2.98,3.03,3.07,3.11,3.1,3.09,3.08,3.07,3.14,3.21,3.28,3.35,3.74,4.14,4.53,4.93,4.77,4.61,4.45,4.29,4.26,4.23,4.2,4.17,4.3,4.43,4.56,4.69,4.55,4.41,4.27,4.13,4.37,4.61,4.86,5.1,5.51,5.93,6.34,6.75,6.06,5.37,4.68,3.99,3.93,3.87,3.8,3.74,3.9,4.05,4.21,4.36,4.2,4.04,3.89,3.73,3.73,3.72,3.72,3.72,3.59,3.46,3.34,3.21,3.27,3.33,3.39,3.45,3.55,3.65,3.76,3.86,3.83,3.8,3.78,3.75,3.75,3.75,3.75,3.75,3.66,3.57,3.48,3.39,3.28,3.18,3.07,2.97,2.82,2.67,2.52,2.37,2.23,2.09,1.95,1.81,1.97,2.12,2.28,2.43,2.52,2.61,2.7,2.79,2.75,2.71,2.67,2.62,2.5,2.38,2.26,2.14,2.18,2.21,2.25,2.29,2.55,2.82,3.08,3.34,3.85,4.35,4.85,5.36,4.8,4.24,3.68,3.12,3.26,3.4,3.54,3.68,3.83,3.97,4.12,4.27,4.19,4.11,4.03,3.95,4.47,4.99,5.51,6.03,5.99,5.95,5.91,5.87,5.73,5.58,5.44,5.29,5.13,4.97,4.81,4.64,,
2017-04-18T00:00:00+00:00,2.71,2.82,2.94,2.96,2.97,2.99,3.0,2.78,2.57,2.35,2.14,2.12,2.11,2.1,2.09,2.04,2.0,1.95,1.9,1.86,1.81,1.77,1.72,1.91,2.09,2.28,2.46,2.55,2.63,2.72,2.81,3.0,3.2,3.39,3.59,3.65,3.7,3.76,3.82,4.09,4.36,4.63,4.91,4.73,4.56,4.39,4.21,4.19,4.17,4.15,4.13,4.53,4.93,5.33,5.73,5.63,5.53,5.42,5.32,5.2,5.08,4.96,4.84,4.83,4.82,4.8,4.79,4.58,4.37,4.16,3.95,3.82,3.68,3.54,3.4,3.48,3.57,3.65,3.73,3.76,3.78,3.81,3.84,3.73,3.63,3.52,3.41,3.32,3.23,3.14,3.05,3.01,2.96,2.92,2.87,2.9,2.92,2.94,2.97,2.92,2.87,2.83,2.78,2.83,2.88,2.93,2.98,2.95,2.92,2.89,2.85,2.69,2.52,2.35,2.19,2.28,2.37,2.46,2.55,2.72,2.89,3.05,3.22,3.58,3.94,4.3,4.66,4.68,4.69,4.71,4.72,4.76,4.8,4.84,4.88,4.91,4.94,4.98,5.01,5.03,5.06,5.08,5.11,5.13,5.15,5.17,5.2,5.22,5.24,5.27,5.29,5.28,5.27,5.26,5.25,5.23,5.21,5.19,5.17,5.06,4.95,4.84,4.73,,
2017-04-19T00:00:00+00:00
2017-04-20T00:00:00+00:00,2.52,2.4,2.28,2.37,2.45,2.53,2.61,2.41,2.21,2.01,1.81,1.89,1.96,2.03,2.11,2.05,1.99,1.93,1.87,1.92,1.96,2.01,2.05,2.09,2.13,2.18,2.22,2.27,2.32,2.37,2.43,2.44,2.46,2.47,2.49,2.56,2.64,2.71,2.79,2.79,2.78,2.78,2.78,2.8,2.82,2.84,2.86,2.87,2.88,2.88,2.89,2.9,2.91,2.91,2.92,2.93,2.93,2.94,2.94,2.95,2.96,2.97,2.98,2.99,3.0,3.01,3.02,2.97,2.92,2.87,2.82,2.81,2.8,2.78,2.77,2.68,2.58,2.48,2.39,2.27,2.15,2.03,1.91,1.78,1.64,1.51,1.37,1.3,1.22,1.15,1.08,1.05,1.02,0.99,0.96,0.99,1.02,1.06,1.09,1.11,1.12,1.14,1.15,1.3,1.45,1.6,1.75,1.7,1.65,1.59,1.54,1.46,1.39,1.31,1.23,1.13,1.03,0.92,0.82,0.73,0.64,0.55,0.46,0.55,0.65,0.75,0.85,0.86,0.87,0.88,0.89,0.85,0.81,0.76,0.72,0.83,0.94,1.05,1.17,1.31,1.46,1.6,1.75,1.83,1.92,2.0,2.08,2.19,2.3,2.41,2.51,2.53,2.56,2.58,2.6,2.53,2.47,2.4,2.33,2.34,2.35,2.36,2.37,,
2017-04-21T00:00:00+00:00,1.47,1.55,1.64,1.54,1.44,1.34,1.24,1.25,1.27,1.28,1.29,1.37,1.45,1.53,1.61,1.48,1.34,1.21,1.08,1.11,1.15,1.18,1.22,1.18,1.14,1.1,1.05,1.11,1.16,1.22,1.27,1.26,1.24,1.23,1.22,1.04,0.86,0.68,0.5,0.48,0.46,0.44,0.41,0.47,0.52,0.58,0.63,0.89,1.16,1.42,1.69,1.71,1.74,1.77,1.79,1.98,2.16,2.35,2.53,2.57,2.6,2.63,2.67,2.53,2.4,2.27,2.13,2.08,2.02,1.96,1.9,1.69,1.48,1.27,1.06,0.92,0.79,0.65,0.51,0.64,0.77,0.9,1.03,1.33,1.64,1.94,2.24,2.18,2.12,2.05,1.99,1.77,1.55,1.33,1.11,1.23,1.35,1.47,1.59,1.55,1.51,1.46,1.42,1.51,1.59,1.67,1.76,1.73,1.69,1.66,1.63,1.5,1.36,1.23,1.1,1.11,1.12,1.13,1.13,1.32,1.51,1.7,1.89,1.86,1.82,1.79,1.76,1.92,2.08,2.24,2.4,2.47,2.55,2.63,2.71,2.69,2.67,2.64,2.62,2.55,2.48,2.41,2.34,2.42,2.5,2.57,2.65,2.56,2.47,2.38,2.28,2.73,3.17,3.62,4.06,4.11,4.16,4.21,4.26,4.25,4.25,4.25,4.25,,
2017-04-22T00:00:00+00:00,1.55,1.47,1.38,1.44,1.51,1.58,1.65,1.72,1.79,1.87,1.94,2.08,2.22,2.35,2.49,2.43,2.37,2.3,2.24,2.36,2.47,2.59,2.7,2.65,2.6,2.55,2.5,2.7,2.9,3.11,3.31,3.23,3.16,3.08,3.01,2.86,2.72,2.58,2.43,2.17,1.92,1.66,1.41,1.55,1.69,1.83,1.97,2.1,2.24,2.38,2.52,2.76,3.01,3.26,3.5,3.51,3.53,3.54,3.55,3.29,3.04,2.78,2.52,2.56,2.6,2.64,2.68,2.7,2.71,2.72,2.74,2.89,3.04,3.19,3.34,3.21,3.09,2.96,2.84,3.06,3.28,3.5,3.72,3.79,3.85,3.92,3.99,3.93,3.88,3.82,3.77,3.68,3.59,3.5,3.42,3.36,3.3,3.24,3.19,3.13,3.07,3.01,2.95,2.74,2.53,2.32,2.11,1.93,1.75,1.57,1.39,1.47,1.54,1.61,1.68,1.9,2.12,2.33,2.55,2.79,3.04,3.28,3.53,3.56,3.59,3.62,3.65,3.64,3.63,3.61,3.6,3.64,3.69,3.73,3.77,3.72,3.68,3.63,3.58,3.57,3.55,3.53,3.51,3.48,3.44,3.4,3.37,3.34,3.3,3.27,3.24,3.25,3.27,3.28,3.29,3.28,3.26,3.24,3.22,3.19,3.16,3.13,3.1,,
2017-04-23T00:00:00+00:00
2017-04-24T00:00:00+00:00
2017-04-25T00:00:00+00:00
2017-04-26T00:00:00+00:00
2017-04-27T00:00:00+00:00
2017-04-28T00:00:00+00:00,2.0,2.09,2.18,2.28,2.37,2.47,2.56,2.59,2.62,2.65,2.68,2.67,2.67,2.66,2.65,2.87,3.08,3.3,3.52,3.53,3.55,3.56,3.58,3.74,3.91,4.08,4.25,4.15,4.05,3.96,3.86,3.88,3.9,3.92,3.94,3.89,3.85,3.8,3.76,3.96,4.15,4.35,4.55,4.06,3.57,3.07,2.58,2.73,2.87,3.02,3.16,3.16,3.17,3.17,3.18,2.66,2.14,1.62,1.11,1.65,2.2,2.74,3.29,3.47,3.65,3.82,4.0,3.56,3.13,2.69,2.26,2.12,1.97,1.83,1.69,1.48,1.28,1.08,0.87,1.06,1.24,1.42,1.6,1.64,1.69,1.73,1.77,1.87,1.98,2.08,2.19,2.15,2.12,2.09,2.06,1.93,1.79,1.66,1.52,1.46,1.4,1.34,1.28,1.17,1.05,0.94,0.83,0.81,0.8,0.79,0.78,0.82,0.86,0.9,0.93,1.09,1.25,1.4,1.56,1.56,1.57,1.57,1.57,1.79,2.01,2.23,2.45,2.51,2.57,2.63,2.69,2.69,2.68,2.68,2.68,2.66,2.64,2.62,2.6,2.69,2.78,2.87,2.96,2.99,3.01,3.03,3.05,3.13,3.21,3.28,3.36,3.45,3.54,3.62,3.71,3.77,3.83,3.89,3.95,3.93,3.91,3.9,3.88,,
2017-04-29T00:00:00+00:00,0.32,0.22,0.11,0.37,0.63,0.89,1.15,0.98,0.82,0.65,0.48,0.46,0.45,0.43,0.41,0.56,0.72,0.87,1.02,1.02,1.01,1.0,0.99,1.25,1.5,1.75,2.0,2.19,2.38,2.57,2.76,2.79,2.83,2.87,2.9,3.09,3.28,3.46,3.65,3.75,3.85,3.95,4.06,4.02,3.99,3.96,3.93,3.82,3.72,3.62,3.51,3.6,3.69,3.78,3.87,3.97,4.06,4.16,4.25,4.33,4.41,4.49,4.57,4.49,4.41,4.32,4.24,4.17,4.09,4.02,3.95,4.0,4.06,4.11,4.17,4.1,4.04,3.98,3.91,3.83,3.75,3.67,3.59,3.54,3.49,3.45,3.4,3.3,3.21,3.12,3.02,3.02,3.01,3.0,3.0,3.06,3.12,3.18,3.24,3.13,3.02,2.91,2.8,2.74,2.67,2.61,2.54,2.47,2.41,2.34,2.27,2.22,2.16,2.11,2.05,2.22,2.39,2.56,2.73,2.75,2.77,2.79,2.81,2.99,3.17,3.36,3.54,3.67,3.81,3.94,4.07,4.37,4.67,4.96,5.26,5.37,5.47,5.57,5.68,5.69,5.7,5.7,5.71,5.59,5.47,5.35,5.23,4.67,4.12,3.57,3.01,3.52,4.03,4.54,5.05,5.0,4.95,4.9,4.84,4.07,3.3,2.53,1.76,,
2017-05-03T00:00:00+00:00,1.68,1.7,1.73,1.69,1.65,1.61,1.58,1.54,1.5,1.46,1.43,1.61,1.8,1.98,2.17,2.0,1.83,1.66,1.5,1.57,1.65,1.72,1.8,1.6,1.41,1.21,1.01,1.09,1.17,1.25,1.33,1.42,1.51,1.6,1.69,1.66,1.63,1.61,1.58,2.1,2.62,3.14,3.67,3.67,3.67,3.67,3.67,3.36,3.05,2.74,2.43,2.34,2.25,2.16,2.06,1.81,1.56,1.31,1.06,0.95,0.84,0.74,0.63,0.67,0.7,0.73,0.77,0.79,0.82,0.84,0.87,1.14,1.42,1.69,1.96,2.19,2.41,2.63,2.86,2.71,2.57,2.43,2.28,2.29,2.29,2.3,2.3,2.12,1.93,1.75,1.57,1.51,1.46,1.4,1.35,1.3,1.25,1.21,1.16,0.96,0.76,0.57,0.37,0.8,1.24,1.68,2.11,2.09,2.06,2.03,2.0,1.89,1.77,1.65,1.53,1.59,1.65,1.71,1.77,1.98,2.19,2.4,2.61,2.55,2.48,2.42,2.36,2.22,2.07,1.93,1.78,2.07,2.36,2.65,2.94,2.81,2.68,2.56,2.43,2.48,2.54,2.6,2.66,2.53,2.41,2.29,2.17,2.35,2.53,2.71,2.88,2.28,1.67,1.07,0.46,0.56,0.67,0.77,0.87,1.03,1.19,1.35,1.51,,
2017-05-04T00:00:00+00:00,2.04,2.17,2.3,2.51,2.72,2.94,3.15,2.86,2.56,2.27,1.98,1.99,2.0,2.02,2.03,1.95,1.86,1.78,1.69,1.78,1.88,1.97,2.07,1.86,1.66,1.45,1.25,1.33,1.41,1.5,1.58,1.62,1.65,1.69,1.73,1.89,2.05,2.21,2.37,2.51,2.64,2.77,2.91,2.79,2.68,2.57,2.45,2.38,2.31,2.23,2.16,2.23,2.31,2.38,2.45,2.67,2.88,3.09,3.31,3.07,2.83,2.6,2.36,2.51,2.65,2.8,2.95,3.03,3.11,3.2,3.28,3.24,3.21,3.17,3.14,3.17,3.2,3.23,3.26,2.97,2.67,2.38,2.08,2.08,2.08,2.09,2.09,2.35,2.61,2.87,3.13,3.08,3.03,2.98,2.93,2.99,3.06,3.12,3.19,3.18,3.18,3.17,3.16,3.06,2.96,2.86,2.76,2.81,2.86,2.91,2.96,2.95,2.94,2.93,2.92,3.01,3.1,3.19,3.29,3.24,3.2,3.15,3.11,3.25,3.39,3.54,3.68,3.78,3.87,3.97,4.06,4.02,3.98,3.94,3.9,3.9,3.91,3.91,3.92,3.95,3.99,4.02,4.06,4.06,4.06,4.06,4.06,4.17,4.28,4.39,4.5,4.32,4.15,3.98,3.8,3.89,3.99,4.08,4.17,4.22,4.27,4.31,4.36,,
2017-05-05T00:00:00+00:00,1.95,2.19,2.44,2.53,2.62,2.72,2.81,2.8,2.8,2.79,2.79,2.75,2.7,2.66,2.62,2.75,2.88,3.01,3.14,3.16,3.19,3.21,3.23,3.22,3.2,3.19,3.17,3.28,3.4,3.51,3.63,3.6,3.57,3.55,3.52,3.56,3.6,3.64,3.68,3.76,3.85,3.93,4.01,4.07,4.13,4.2,4.26,4.26,4.26,4.26,4.26,4.17,4.09,4.01,3.92,4.03,4.14,4.25,4.36,4.48,4.59,4.71,4.82,4.79,4.76,4.73,4.7,4.59,4.48,4.37,4.26,4.12,3.99,3.85,3.71,3.69,3.66,3.63,3.61,3.74,3.88,4.02,4.16,4.04,3.92,3.79,3.67,3.58,3.5,3.41,3.32,3.33,3.35,3.36,3.38,3.49,3.6,3.72,3.83,3.67,3.51,3.35,3.19,3.28,3.37,3.46,3.55,3.35,3.16,2.97,2.77,2.75,2.73,2.71,2.69,2.67,2.65,2.63,2.62,2.46,2.31,2.16,2.01,2.03,2.05,2.08,2.1,2.09,2.07,2.06,2.04,1.72,1.4,1.08,0.76,0.67,0.59,0.5,0.42,0.56,0.71,0.85,1.0,1.08,1.16,1.25,1.33,1.52,1.7,1.88,2.06,2.66,3.26,3.86,4.46,4.53,4.59,4.65,4.72,4.67,4.63,4.59,4.55,,
2017-05-06T00:00:00+00:00,4.1,4.25,4.4,4.28,4.15,4.02,3.9,3.72,3.55,3.37,3.2,3.26,3.33,3.39,3.46,3.36,3.26,3.17,3.07,2.7,2.32,1.95,1.58,1.84,2.09,2.35,2.61,2.54,2.47,2.39,2.32,2.17,2.01,1.85,1.7,1.62,1.55,1.47,1.4,1.88,2.36,2.84,3.32,3.3,3.28,3.26,3.24,3.25,3.26,3.26,3.27,3.28,3.3,3.31,3.33,3.5,3.66,3.83,4.0,4.03,4.06,4.09,4.12,3.82,3.52,3.21,2.91,2.95,2.99,3.03,3.07,3.17,3.27,3.37,3.46,3.66,3.85,4.05,4.24,4.42,4.6,4.78,4.97,4.98,5.0,5.02,5.03,5.25,5.47,5.68,5.9,5.77,5.64,5.51,5.39,5.4,5.42,5.44,5.46,5.37,5.28,5.18,5.09,5.07,5.06,5.05,5.04,4.88,4.72,4.57,4.41,4.56,4.7,4.85,5.0,4.94,4.88,4.82,4.76,4.64,4.51,4.38,4.25,4.22,4.18,4.15,4.11,3.99,3.87,3.75,3.63,3.84,4.05,4.27,4.48,4.47,4.45,4.43,4.42,4.36,4.31,4.25,4.2,4.1,4.01,3.92,3.82,3.98,4.13,4.28,4.44,4.45,4.46,4.47,4.48,4.32,4.16,4.0,3.84,3.96,4.09,4.21,4.33,,
2017-05-07T00:00:00+00:00,4.97,5.04,5.11,5.08,5.05,5.03,5.0,4.94,4.89,4.83,4.77,4.48,4.19,3.9,3.62,3.6,3.58,3.56,3.54,3.53,3.52,3.51,3.5,3.58,3.65,3.73,3.81,3.81,3.81,3.81,3.82,3.71,3.6,3.49,3.38,3.4,3.42,3.44,3.46,3.2,2.95,2.69,2.44,2.82,3.19,3.57,3.95,3.95,3.94,3.94,3.93,4.01,4.08,4.16,4.23,4.38,4.52,4.67,4.81,4.49,4.17,3.85,3.53,3.53,3.54,3.54,3.54,3.57,3.6,3.63,3.67,3.58,3.49,3.4,3.31,3.31,3.32,3.32,3.33,3.2,3.06,2.93,2.8,2.85,2.91,2.96,3.02,2.94,2.86,2.78,2.7,2.57,2.44,2.31,2.18,2.16,2.14,2.12,2.1,2.08,2.06,2.04,2.02,2.09,2.16,2.23,2.3,2.25,2.21,2.17,2.13,2.25,2.37,2.48,2.6,2.76,2.92,3.08,3.24,3.23,3.21,3.19,3.17,3.13,3.09,3.05,3.01,3.13,3.25,3.37,3.49,3.44,3.39,3.34,3.29,3.33,3.38,3.42,3.47,3.51,3.54,3.58,3.62,3.7,3.78,3.85,3.93,4.09,4.25,4.42,4.58,4.62,4.67,4.71,4.75,4.85,4.96,5.06,5.16,4.97,4.77,4.58,4.38,,
2017-05-08T00:00:00+00:00,1.84,1.78,1.73,1.91,2.1,2.28,2.46,2.34,2.22,2.09,1.97,2.03,2.09,2.15,2.21,2.3,2.4,2.5,2.6,2.38,2.17,1.95,1.73,1.87,2.0,2.13,2.26,2.36,2.46,2.56,2.66,2.74,2.81,2.88,2.95,3.11,3.26,3.41,3.56,3.8,4.05,4.29,4.54,4.49,4.45,4.41,4.36,4.29,4.21,4.13,4.06,4.4,4.75,5.1,5.45,5.3,5.16,5.02,4.88,4.56,4.23,3.91,3.58,3.52,3.46,3.4,3.34,3.26,3.18,3.09,3.01,3.2,3.38,3.57,3.76,3.77,3.78,3.8,3.81,3.73,3.66,3.58,3.5,3.46,3.42,3.38,3.33,3.37,3.41,3.45,3.48,3.49,3.5,3.5,3.51,3.52,3.52,3.53,3.54,3.58,3.62,3.66,3.69,3.74,3.78,3.82,3.86,3.8,3.74,3.69,3.63,3.56,3.49,3.42,3.35,3.3,3.25,3.21,3.16,3.22,3.29,3.35,3.42,3.59,3.76,3.93,4.1,4.19,4.28,4.38,4.47,4.49,4.51,4.53,4.56,4.54,4.53,4.51,4.5,4.46,4.43,4.4,4.36,4.32,4.27,4.23,4.18,4.12,4.05,3.98,3.91,3.9,3.89,3.89,3.88,3.9,3.91,3.93,3.95,3.94,3.94,3.94,3.94,,
2017-05-09T00:00:00+00:00,4.13,4.05,3.97,3.95,3.93,3.92,3.9,3.9,3.9,3.9,3.9,3.87,3.84,3.81,3.78,3.69,3.6,3.52,3.43,3.32,3.2,3.09,2.97,3.06,3.16,3.25,3.34,3.57,3.8,4.02,4.25,4.32,4.39,4.46,4.53,4.49,4.46,4.42,4.39,4.3,4.22,4.13,4.05,3.97,3.89,3.81,3.73,3.7,3.68,3.65,3.62,3.63,3.64,3.64,3.65,3.66,3.67,3.68,3.69,3.72,3.74,3.77,3.8,3.82,3.84,3.85,3.87,3.94,4.0,4.07,4.13,4.03,3.92,3.82,3.71,3.65,3.58,3.52,3.46,3.53,3.6,3.67,3.75,3.72,3.69,3.66,3.63,3.48,3.32,3.16,3.01,2.99,2.97,2.95,2.93,2.95,2.96,2.97,2.98,2.93,2.88,2.83,2.78,2.73,2.68,2.63,2.58,2.56,2.54,2.52,2.5,2.57,2.63,2.7,2.77,2.69,2.62,2.54,2.46,2.51,2.57,2.62,2.67,2.84,3.02,3.19,3.36,3.56,3.76,3.96,4.16,4.31,4.46,4.61,4.76,4.69,4.61,4.53,4.46,4.48,4.49,4.51,4.53,4.53,4.53,4.53,4.54,4.45,4.37,4.29,4.21,4.18,4.15,4.12,4.08,3.98,3.87,3.76,3.65,3.55,3.45,3.35,3.25,,
2017-05-10T00:00:00+00:00,2.29,2.31,2.34,2.44,2.54,2.64,2.74,2.66,2.59,2.51,2.44,2.47,2.5,2.53,2.56,2.53,2.51,2.49,2.46,2.41,2.37,2.32,2.27,2.33,2.38,2.43,2.49,2.61,2.74,2.87,2.99,3.3,3.6,3.9,4.21,4.22,4.24,4.26,4.28,4.31,4.34,4.37,4.41,4.31,4.21,4.12,4.02,3.9,3.78,3.66,3.54,3.51,3.47,3.43,3.4,3.24,3.09,2.94,2.79,2.81,2.84,2.86,2.89,2.95,3.01,3.07,3.14,3.2,3.27,3.34,3.4,3.26,3.13,2.99,2.85,2.65,2.46,2.26,2.06,2.12,2.18,2.24,2.3,2.17,2.05,1.92,1.79,1.78,1.77,1.76,1.75,2.33,2.9,3.48,4.05,3.75,3.45,3.14,2.84,2.43,2.02,1.61,1.19,1.2,1.2,1.21,1.21,1.28,1.36,1.43,1.51,1.49,1.48,1.47,1.45,1.52,1.58,1.64,1.71,1.79,1.86,1.94,2.02,2.03,2.03,2.03,2.04,2.15,2.27,2.38,2.49,2.82,3.15,3.47,3.8,3.68,3.56,3.44,3.32,3.36,3.39,3.42,3.45,3.57,3.69,3.81,3.92,3.69,3.45,3.22,2.98,2.72,2.45,2.18,1.91,2.23,2.55,2.86,3.18,3.09,3.0,2.91,2.82,,
2017-05-11T00:00:00+00:00,2.66,2.01,1.36,1.26,1.16,1.06,0.95,1.26,1.57,1.88,2.19,2.19,2.19,2.18,2.18,2.18,2.17,2.17,2.16,2.14,2.12,2.1,2.08,2.23,2.37,2.52,2.67,2.81,2.96,3.1,3.24,3.3,3.35,3.4,3.45,3.64,3.83,4.02,4.21,4.11,4.02,3.92,3.82,3.96,4.09,4.22,4.35,4.29,4.22,4.16,4.1,3.98,3.86,3.75,3.63,3.7,3.76,3.83,3.89,3.72,3.55,3.38,3.21,3.13,3.05,2.97,2.9,2.9,2.9,2.91,2.91,2.89,2.87,2.85,2.83,2.76,2.69,2.62,2.56,2.67,2.78,2.9,3.01,3.15,3.29,3.42,3.56,3.3,3.04,2.78,2.52,2.6,2.67,2.75,2.82,2.82,2.82,2.82,2.81,2.84,2.86,2.88,2.9,2.86,2.81,2.76,2.72,2.61,2.5,2.4,2.29,2.29,2.28,2.27,2.27,2.36,2.45,2.53,2.62,2.64,2.65,2.66,2.67,2.79,2.91,3.03,3.15,3.18,3.21,3.24,3.27,3.44,3.62,3.8,3.98,4.07,4.16,4.25,4.33,4.35,4.36,4.37,4.38,4.64,4.9,5.16,5.42,4.85,4.29,3.73,3.16,3.16,3.15,3.15,3.15,3.0,2.85,2.7,2.55,2.67,2.8,2.92,3.04,,
2017-05-12T00:00:00+00:00
2017-05-13T00:00:00+00:00
2017-05-14T00:00:00+00:00
2017-05-15T00:00:00+00:00
2017-05-16T00:00:00+00:00,1.81,1.89,1.97,1.71,1.46,1.21,0.95,1.03,1.1,1.17,1.24,1.07,0.89,0.72,0.54,0.71,0.88,1.06,1.23,1.21,1.2,1.18,1.17,1.25,1.32,1.4,1.48,1.55,1.63,1.7,1.77,1.86,1.95,2.04,2.13,2.14,2.16,2.18,2.2,2.23,2.27,2.3,2.33,2.51,2.69,2.87,3.05,2.99,2.93,2.87,2.82,2.8,2.79,2.78,2.77,2.71,2.66,2.61,2.56,2.43,2.31,2.18,2.06,1.9,1.75,1.59,1.44,1.49,1.54,1.6,1.65,1.48,1.31,1.13,0.96,1.15,1.34,1.53,1.72,1.63,1.54,1.44,1.35,1.38,1.4,1.43,1.45,1.34,1.23,1.11,1.0,1.07,1.14,1.21,1.29,1.19,1.09,0.99,0.89,1.02,1.14,1.27,1.4,1.39,1.39,1.39,1.38,1.54,1.7,1.86,2.02,1.97,1.91,1.85,1.8,1.76,1.73,1.7,1.67,1.74,1.82,1.9,1.97,2.13,2.29,2.45,2.61,2.89,3.17,3.45,3.73,3.83,3.92,4.01,4.1,4.0,3.9,3.81,3.71,3.71,3.71,3.71,3.71,3.64,3.58,3.51,3.45,3.47,3.48,3.5,3.52,3.75,3.98,4.21,4.43,4.36,4.29,4.22,4.15,3.96,3.76,3.57,3.37,,
2017-05-17T00:00:00+00:00,0.87,1.16,1.44,1.35,1.26,1.17,1.08,1.07,1.07,1.06,1.05,1.2,1.34,1.48,1.63,1.62,1.6,1.59,1.58,1.56,1.54,1.52,1.5,1.49,1.48,1.47,1.46,1.48,1.5,1.52,1.54,1.64,1.74,1.84,1.94,2.13,2.32,2.51,2.7,2.88,3.06,3.23,3.41,3.41,3.42,3.42,3.42,3.47,3.52,3.57,3.62,3.66,3.71,3.75,3.8,3.7,3.61,3.51,3.42,3.22,3.02,2.82,2.62,3.53,4.45,5.37,6.29,5.68,5.07,4.46,3.85,3.6,3.35,3.1,2.86,2.79,2.73,2.66,2.6,2.95,3.29,3.64,3.98,3.84,3.69,3.54,3.39,3.08,2.77,2.46,2.15,2.14,2.13,2.12,2.11,2.45,2.79,3.14,3.48,3.33,3.19,3.04,2.89,2.87,2.85,2.82,2.8,2.87,2.94,3.02,3.09,2.82,2.56,2.29,2.03,2.21,2.39,2.56,2.74,2.63,2.51,2.39,2.28,2.4,2.52,2.64,2.76,2.75,2.74,2.73,2.73,2.67,2.61,2.55,2.49,2.42,2.35,2.28,2.21,2.38,2.55,2.73,2.9,2.89,2.87,2.85,2.84,2.9,2.96,3.03,3.09,3.29,3.49,3.68,3.88,4.02,4.17,4.31,4.46,4.58,4.7,4.81,4.93,,
2017-05-18T00:00:00+00:00,2.36,2.51,2.65,2.81,2.96,3.11,3.26,3.16,3.06,2.95,2.85,2.79,2.73,2.67,2.61,2.78,2.95,3.12,3.29,3.28,3.27,3.26,3.25,2.99,2.74,2.49,2.23,2.14,2.05,1.95,1.86,1.78,1.7,1.63,1.55,1.42,1.29,1.15,1.02,0.96,0.9,0.85,0.79,0.87,0.96,1.05,1.14,1.23,1.33,1.42,1.51,1.65,1.78,1.91,2.05,2.21,2.37,2.54,2.7,2.81,2.93,3.05,3.16,2.68,2.2,1.72,1.25,3.61,5.97,8.33,10.69,10.07,9.45,8.83,8.22,7.7,7.18,6.67,6.15,5.91,5.67,5.42,5.18,5.05,4.93,4.8,4.67,4.64,4.61,4.58,4.55,4.56,4.58,4.59,4.6,4.43,4.26,4.09,3.91,3.85,3.79,3.73,3.67,3.66,3.64,3.63,3.61,3.53,3.44,3.36,3.27,3.43,3.59,3.74,3.9,3.98,4.06,4.14,4.23,4.11,3.99,3.87,3.75,3.74,3.73,3.73,3.72,3.68,3.64,3.6,3.56,3.59,3.61,3.64,3.67,3.74,3.82,3.89,3.97,3.97,3.96,3.96,3.96,3.97,3.98,3.99,4.0,3.9,3.81,3.71,3.62,3.84,4.07,4.3,4.53,3.93,3.34,2.74,2.15,2.54,2.94,3.34,3.74,,
2017-05-19T00:00:00+00:00,4.49,4.51,4.54,4.2,3.86,3.51,3.17,3.08,2.99,2.9,2.8,2.92,3.03,3.14,3.26,3.28,3.3,3.31,3.33,3.61,3.88,4.16,4.43,4.32,4.21,4.1,3.99,3.92,3.84,3.77,3.69,3.61,3.54,3.46,3.38,3.45,3.52,3.59,3.66,3.84,4.02,4.21,4.39,3.86,3.33,2.8,2.28,2.78,3.29,3.79,4.3,4.87,5.45,6.03,6.6,5.78,4.95,4.13,3.3,3.94,4.58,5.22,5.85,4.87,3.89,2.91,1.93,2.09,2.24,2.4,2.56,2.37,2.18,2.0,1.81,1.91,2.02,2.13,2.23,2.51,2.78,3.05,3.33,3.17,3.01,2.85,2.69,2.72,2.76,2.79,2.82,2.9,2.99,3.07,3.15,3.13,3.12,3.11,3.09,3.16,3.22,3.29,3.35,3.38,3.4,3.43,3.46,3.46,3.47,3.47,3.48,3.46,3.44,3.42,3.4,3.29,3.18,3.07,2.96,2.99,3.03,3.06,3.1,3.12,3.15,3.18,3.21,3.56,3.91,4.26,4.61,4.39,4.18,3.97,3.76,3.52,3.27,3.03,2.79,3.24,3.69,4.13,4.58,4.68,4.79,4.89,5.0,4.44,3.88,3.33,2.77,2.8,2.82,2.84,2.87,2.88,2.9,2.91,2.92,2.67,2.42,2.17,1.93,,
2017-05-20T00:00:00+00:00,2.32,2.37,2.41,2.34,2.28,2.21,2.14,2.08,2.01,1.95,1.89,1.96,2.03,2.11,2.18,2.21,2.23,2.26,2.28,2.21,2.14,2.08,2.01,2.12,2.23,2.34,2.46,2.73,3.01,3.28,3.56,3.51,3.47,3.43,3.38,3.53,3.68,3.82,3.97,4.06,4.15,4.24,4.33,4.26,4.19,4.11,4.04,3.9,3.77,3.63,3.49,3.41,3.33,3.25,3.17,3.34,3.51,3.69,3.86,3.73,3.6,3.47,3.34,3.23,3.13,3.02,2.92,2.85,2.78,2.71,2.63,2.43,2.22,2.01,1.8,1.89,1.97,2.05,2.13,1.99,1.86,1.72,1.59,1.57,1.55,1.54,1.52,1.57,1.62,1.67,1.71,1.72,1.73,1.74,1.75,1.67,1.6,1.52,1.44,1.3,1.16,1.02,0.88,0.74,0.6,0.46,0.32,0.32,0.31,0.31,0.31,0.48,0.65,0.82,0.99,1.01,1.04,1.07,1.1,1.23,1.37,1.5,1.63,1.74,1.84,1.95,2.05,2.13,2.21,2.29,2.37,2.37,2.38,2.38,2.38,2.46,2.53,2.61,2.69,2.7,2.72,2.73,2.75,2.68,2.62,2.55,2.49,2.59,2.69,2.8,2.9,2.95,3.0,3.06,3.11,3.17,3.23,3.29,3.35,3.35,3.35,3.35,3.35,,
2017-05-21T00:00:00+00:00,0.65,0.64,0.63,0.58,0.54,0.5,0.46,0.54,0.61,0.69,0.76,0.97,1.17,1.37,1.57,1.45,1.33,1.21,1.09,1.11,1.13,1.15,1.17,1.32,1.48,1.64,1.8,1.94,2.07,2.21,2.35,2.37,2.38,2.4,2.42,2.43,2.44,2.45,2.46,2.52,2.58,2.63,2.69,2.82,2.96,3.09,3.22,3.21,3.21,3.2,3.2,3.21,3.22,3.23,3.25,3.36,3.48,3.6,3.71,3.74,3.77,3.79,3.82,3.8,3.79,3.78,3.76,3.61,3.47,3.32,3.17,3.12,3.08,3.04,2.99,2.8,2.62,2.43,2.24,2.17,2.1,2.03,1.96,1.95,1.95,1.94,1.94,2.13,2.32,2.52,2.71,2.68,2.65,2.61,2.58,2.44,2.3,2.16,2.01,2.14,2.26,2.38,2.5,2.57,2.64,2.71,2.78,2.57,2.36,2.16,1.95,2.05,2.15,2.25,2.36,2.27,2.18,2.09,2.01,2.03,2.05,2.07,2.09,2.0,1.91,1.81,1.72,1.8,1.87,1.95,2.03,2.03,2.02,2.02,2.02,2.17,2.32,2.47,2.61,2.48,2.34,2.2,2.06,2.11,2.16,2.2,2.25,2.27,2.28,2.29,2.3,2.37,2.43,2.5,2.57,2.59,2.62,2.65,2.68,2.74,2.81,2.87,2.94,,
2017-05-22T00:00:00+00:00,3.03,2.94,2.84,2.65,2.46,2.27,2.08,2.3,2.51,2.73,2.94,2.82,2.7,2.58,2.46,2.44,2.42,2.41,2.39,2.13,1.88,1.62,1.37,1.37,1.38,1.39,1.4,1.59,1.79,1.98,2.18,2.21,2.23,2.26,2.29,2.51,2.74,2.96,3.19,3.21,3.23,3.24,3.26,3.12,2.98,2.84,2.7,2.71,2.73,2.75,2.76,2.55,2.34,2.13,1.93,2.11,2.29,2.47,2.65,2.56,2.47,2.37,2.28,2.1,1.93,1.76,1.59,1.74,1.89,2.04,2.19,1.99,1.8,1.61,1.42,1.32,1.21,1.11,1.01,1.07,1.13,1.19,1.25,1.41,1.56,1.72,1.88,1.91,1.95,1.99,2.02,2.24,2.45,2.66,2.87,2.94,3.0,3.07,3.14,3.22,3.3,3.38,3.45,3.53,3.61,3.69,3.77,3.67,3.58,3.48,3.39,3.35,3.32,3.29,3.25,3.27,3.29,3.31,3.33,3.36,3.38,3.41,3.44,3.25,3.06,2.87,2.68,2.6,2.52,2.44,2.36,2.43,2.49,2.56,2.62,2.72,2.83,2.93,3.04,3.2,3.36,3.53,3.69,3.71,3.72,3.73,3.75,3.7,3.65,3.61,3.56,3.45,3.35,3.24,3.13,3.09,3.06,3.02,2.99,2.92,2.85,2.78,2.71,,
2017-05-23T00:00:00+00:00,2.56,2.71,2.87,2.92,2.97,3.02,3.08,3.04,3.01,2.97,2.94,2.99,3.04,3.09,3.14,3.19,3.23,3.28,3.33,3.36,3.39,3.43,3.46,3.27,3.08,2.89,2.71,2.62,2.52,2.43,2.34,2.57,2.8,3.03,3.26,3.34,3.41,3.48,3.55,3.52,3.5,3.47,3.44,3.43,3.43,3.42,3.42,3.42,3.41,3.41,3.41,3.38,3.35,3.31,3.28,3.22,3.15,3.08,3.02,2.96,2.91,2.85,2.8,2.79,2.78,2.78,2.77,2.82,2.86,2.91,2.96,2.84,2.72,2.6,2.49,2.37,2.26,2.15,2.04,2.31,2.58,2.84,3.11,2.98,2.84,2.71,2.57,2.73,2.88,3.03,3.19,3.0,2.82,2.64,2.46,2.34,2.23,2.12,2.01,1.97,1.94,1.91,1.87,1.88,1.88,1.88,1.89,1.92,1.95,1.98,2.01,1.89,1.77,1.65,1.53,1.56,1.59,1.63,1.66,1.69,1.72,1.75,1.78,1.8,1.83,1.86,1.88,1.89,1.9,1.92,1.93,1.83,1.74,1.65,1.56,1.71,1.87,2.02,2.18,2.22,2.26,2.3,2.34,2.61,2.88,3.15,3.42,3.43,3.44,3.45,3.46,3.44,3.42,3.39,3.37,3.31,3.25,3.2,3.14,3.21,3.27,3.34,3.41,,
2017-05-24T00:00:00+00:00,1.85,1.83,1.81,1.92,2.02,2.13,2.23,2.25,2.26,2.28,2.29,2.43,2.56,2.7,2.83,2.73,2.63,2.52,2.42,2.3,2.19,2.08,1.96,1.84,1.72,1.6,1.49,1.48,1.47,1.46,1.45,1.48,1.52,1.55,1.58,1.67,1.76,1.84,1.93,2.06,2.19,2.32,2.46,2.46,2.47,2.48,2.49,2.58,2.67,2.77,2.86,2.87,2.87,2.88,2.89,2.93,2.97,3.02,3.06,3.05,3.03,3.01,3.0,3.05,3.09,3.14,3.19,3.19,3.2,3.21,3.21,3.21,3.2,3.2,3.19,3.16,3.12,3.09,3.05,3.13,3.21,3.28,3.36,3.38,3.4,3.42,3.44,3.49,3.54,3.58,3.63,3.52,3.42,3.32,3.21,3.18,3.16,3.13,3.1,3.12,3.13,3.14,3.15,3.16,3.17,3.19,3.2,3.14,3.09,3.04,2.98,2.97,2.97,2.96,2.95,2.93,2.91,2.9,2.88,2.96,3.03,3.11,3.19,3.24,3.29,3.35,3.4,3.38,3.37,3.36,3.34,3.38,3.41,3.44,3.47,3.55,3.63,3.7,3.78,3.82,3.87,3.91,3.96,3.95,3.94,3.93,3.91,3.98,4.04,4.11,4.17,4.26,4.35,4.45,4.54,4.51,4.49,4.46,4.43,4.26,4.08,3.9,3.72,,
2017-05-25T00:00:00+00:00,3.71,3.74,3.77,3.85,3.92,3.99,4.07,3.97,3.88,3.79,3.69,3.56,3.43,3.3,3.17,3.1,3.02,2.95,2.87,2.86,2.85,2.83,2.82,2.89,2.97,3.04,3.11,3.12,3.12,3.13,3.13,3.21,3.3,3.38,3.46,3.45,3.43,3.41,3.39,3.5,3.6,3.7,3.8,3.9,4.0,4.1,4.2,4.16,4.11,4.07,4.02,4.02,4.02,4.02,4.02,4.0,3.97,3.95,3.92,3.91,3.9,3.89,3.88,3.99,4.09,4.19,4.3,4.19,4.09,3.99,3.88,3.82,3.76,3.69,3.63,3.7,3.76,3.83,3.9,4.05,4.19,4.34,4.49,4.46,4.43,4.4,4.36,4.23,4.1,3.97,3.84,3.86,3.88,3.9,3.92,3.96,4.0,4.04,4.08,4.07,4.06,4.05,4.04,4.03,4.01,4.0,3.99,3.96,3.94,3.92,3.89,3.92,3.95,3.99,4.02,4.06,4.1,4.13,4.17,4.18,4.19,4.19,4.2,4.3,4.4,4.49,4.59,4.66,4.73,4.81,4.88,4.95,5.02,5.09,5.16,5.1,5.04,4.99,4.93,4.87,4.8,4.74,4.68,4.68,4.68,4.68,4.69,4.69,4.7,4.71,4.72,4.69,4.66,4.64,4.61,4.58,4.55,4.51,4.48,4.39,4.29,4.19,4.09,,
2017-05-26T00:00:00+00:00,2.97,3.03,3.08,3.22,3.35,3.49,3.63,3.65,3.67,3.7,3.72,3.77,3.83,3.88,3.93,3.85,3.76,3.68,3.59,3.66,3.72,3.79,3.85,3.87,3.9,3.92,3.94,3.97,3.99,4.02,4.04,4.11,4.17,4.23,4.29,4.32,4.35,4.37,4.4,4.37,4.34,4.32,4.29,4.23,4.18,4.12,4.06,4.09,4.11,4.14,4.16,4.12,4.07,4.02,3.97,3.98,3.99,4.0,4.01,4.04,4.06,4.09,4.11,3.97,3.83,3.69,3.55,3.53,3.51,3.48,3.46,3.38,3.3,3.22,3.14,2.93,2.73,2.53,2.33,2.36,2.39,2.43,2.46,2.41,2.35,2.29,2.23,2.23,2.23,2.23,2.23,2.25,2.28,2.31,2.33,2.31,2.29,2.27,2.25,2.17,2.09,2.02,1.94,1.66,1.38,1.1,0.82,1.24,1.65,2.07,2.49,2.43,2.36,2.3,2.24,2.04,1.84,1.64,1.44,1.48,1.52,1.56,1.6,1.78,1.96,2.14,2.33,1.89,1.45,1.01,0.57,1.24,1.92,2.6,3.27,3.3,3.33,3.36,3.38,3.47,3.56,3.64,3.73,3.6,3.47,3.34,3.21,3.06,2.91,2.77,2.62,2.46,2.3,2.14,1.98,1.93,1.88,1.83,1.77,1.79,1.8,1.82,1.84,,
2017-05-27T00:00:00+00:00,1.59,1.6,1.6,1.75,1.9,2.05,2.2,2.24,2.29,2.33,2.37,2.28,2.18,2.09,2.0,1.8,1.59,1.39,1.18,1.2,1.21,1.22,1.24,1.13,1.02,0.91,0.8,1.04,1.28,1.51,1.75,1.46,1.17,0.89,0.6,1.01,1.43,1.84,2.26,2.61,2.96,3.32,3.67,3.75,3.82,3.9,3.97,3.77,3.57,3.37,3.17,2.93,2.69,2.46,2.22,2.3,2.39,2.47,2.55,2.43,2.31,2.2,2.08,2.02,1.96,1.9,1.84,1.76,1.68,1.61,1.53,1.43,1.33,1.23,1.13,1.36,1.58,1.81,2.04,2.12,2.21,2.29,2.38,2.5,2.63,2.75,2.88,2.99,3.09,3.2,3.31,3.23,3.14,3.06,2.98,2.93,2.88,2.84,2.79,2.75,2.71,2.67,2.64,2.51,2.38,2.25,2.13,2.1,2.07,2.04,2.01,1.75,1.5,1.24,0.99,1.04,1.1,1.16,1.21,1.8,2.39,2.98,3.56,3.47,3.37,3.28,3.18,3.19,3.21,3.22,3.23,3.24,3.24,3.24,3.24,2.98,2.71,2.44,2.17,2.39,2.6,2.82,3.04,2.72,2.4,2.09,1.77,1.79,1.8,1.82,1.83,2.16,2.49,2.82,3.15,2.78,2.4,2.02,1.64,1.49,1.34,1.19,1.04,,
2017-05-28T00:00:00+00:00,3.43,3.52,3.62,3.54,3.46,3.39,3.31,3.31,3.31,3.3,3.3,3.14,2.98,2.82,2.66,2.6,2.53,2.47,2.4,2.16,1.92,1.68,1.44,1.48,1.53,1.57,1.62,1.58,1.55,1.51,1.47,1.56,1.64,1.73,1.81,1.62,1.44,1.25,1.07,1.18,1.3,1.41,1.53,1.47,1.41,1.35,1.3,1.48,1.66,1.84,2.02,2.12,2.21,2.31,2.4,2.44,2.48,2.51,2.55,2.62,2.7,2.77,2.85,2.79,2.72,2.66,2.6,2.66,2.72,2.77,2.83,2.75,2.67,2.59,2.51,2.41,2.31,2.22,2.12,2.27,2.43,2.58,2.74,2.6,2.46,2.32,2.19,2.21,2.23,2.25,2.27,2.2,2.13,2.06,1.99,1.85,1.72,1.58,1.45,2.37,3.29,4.21,5.12,5.35,5.59,5.82,6.05,5.7,5.35,5.01,4.66,4.08,3.5,2.92,2.34,2.02,1.71,1.39,1.08,1.46,1.85,2.23,2.62,2.97,3.32,3.67,4.03,4.0,3.97,3.95,3.92,3.89,3.85,3.82,3.79,3.76,3.73,3.7,3.67,3.55,3.42,3.29,3.16,3.14,3.11,3.09,3.07,3.06,3.05,3.04,3.04,3.18,3.32,3.46,3.61,3.49,3.38,3.27,3.15,3.28,3.42,3.55,3.68,,
2017-05-29T00:00:00+00:00,0.76,0.72,0.69,0.75,0.81,0.87,0.93,0.78,0.63,0.48,0.33,0.3,0.28,0.26,0.24,0.67,1.09,1.52,1.94,1.97,2.0,2.03,2.06,1.86,1.66,1.45,1.25,1.61,1.96,2.32,2.67,3.01,3.34,3.67,4.01,3.75,3.49,3.24,2.98,3.53,4.07,4.61,5.16,4.85,4.55,4.25,3.95,3.75,3.55,3.35,3.16,2.97,2.79,2.6,2.42,2.24,2.06,1.89,1.71,1.4,1.1,0.79,0.49,0.68,0.88,1.07,1.27,2.2,3.14,4.07,5.01,3.95,2.89,1.83,0.78,1.02,1.26,1.51,1.75,1.58,1.41,1.24,1.07,1.07,1.07,1.07,1.07,1.12,1.17,1.22,1.28,1.75,2.23,2.71,3.18,3.1,3.01,2.93,2.84,2.6,2.35,2.11,1.86,1.73,1.6,1.47,1.33,1.48,1.62,1.76,1.9,2.12,2.33,2.55,2.76,2.86,2.96,3.06,3.16,3.21,3.26,3.31,3.37,3.3,3.24,3.17,3.11,2.96,2.81,2.66,2.52,2.64,2.76,2.88,3.0,3.19,3.39,3.58,3.78,3.99,4.21,4.42,4.64,4.38,4.13,3.88,3.63,3.68,3.74,3.8,3.85,3.73,3.62,3.5,3.38,3.2,3.03,2.85,2.68,2.74,2.81,2.87,2.94,,
2017-05-30T00:00:00+00:00,2.36,2.43,2.5,2.74,2.98,3.22,3.47,3.36,3.26,3.16,3.06,3.05,3.05,3.04,3.03,3.05,3.06,3.08,3.1,3.28,3.47,3.66,3.84,3.69,3.54,3.4,3.25,2.95,2.65,2.35,2.05,2.19,2.32,2.45,2.59,2.66,2.74,2.82,2.9,2.97,3.04,3.12,3.19,3.19,3.19,3.19,3.19,3.24,3.28,3.33,3.37,3.37,3.37,3.37,3.37,3.4,3.43,3.46,3.49,3.55,3.62,3.69,3.75,3.69,3.63,3.57,3.52,3.47,3.43,3.38,3.34,3.21,3.09,2.96,2.83,2.96,3.09,3.22,3.35,3.16,2.97,2.78,2.59,2.65,2.71,2.76,2.82,2.63,2.45,2.27,2.09,1.9,1.71,1.52,1.33,1.3,1.27,1.24,1.21,1.3,1.38,1.47,1.56,1.46,1.36,1.26,1.16,1.21,1.26,1.32,1.37,1.54,1.71,1.89,2.06,2.13,2.2,2.27,2.34,2.39,2.43,2.48,2.53,2.38,2.22,2.07,1.92,1.83,1.74,1.66,1.57,1.6,1.64,1.67,1.7,1.81,1.92,2.03,2.14,2.17,2.2,2.24,2.27,2.29,2.31,2.33,2.35,2.43,2.52,2.61,2.69,2.74,2.8,2.85,2.9,2.9,2.9,2.89,2.89,2.78,2.68,2.57,2.46,,
2017-05-31T00:00:00+00:00,1.56,1.45,1.33,1.52,1.7,1.88,2.06,1.74,1.41,1.09,0.76,0.74,0.73,0.71,0.7,0.57,0.44,0.32,0.19,0.29,0.39,0.5,0.6,0.68,0.77,0.85,0.94,0.9,0.86,0.82,0.78,0.93,1.07,1.22,1.36,1.49,1.62,1.75,1.88,1.96,2.04,2.11,2.19,2.2,2.21,2.22,2.23,2.24,2.24,2.25,2.25,2.37,2.48,2.6,2.72,2.78,2.83,2.89,2.95,3.15,3.35,3.54,3.74,3.68,3.62,3.56,3.5,3.36,3.23,3.1,2.97,2.97,2.97,2.97,2.97,2.84,2.7,2.57,2.44,2.37,2.29,2.21,2.14,2.25,2.37,2.49,2.6,2.7,2.8,2.9,3.0,3.04,3.08,3.11,3.15,3.15,3.15,3.15,3.15,3.13,3.1,3.07,3.05,2.92,2.78,2.65,2.52,2.39,2.26,2.13,2.0,2.08,2.17,2.25,2.33,2.19,2.04,1.89,1.74,1.72,1.7,1.68,1.66,1.71,1.77,1.82,1.87,1.97,2.08,2.18,2.29,2.27,2.26,2.24,2.23,2.12,2.01,1.91,1.8,2.03,2.26,2.49,2.72,2.73,2.74,2.75,2.76,2.42,2.09,1.75,1.42,1.29,1.16,1.04,0.91,1.17,1.43,1.69,1.95,1.91,1.87,1.83,1.79,,
2017-06-01T00:00:00+00:00,1.62,1.75,1.88,1.7,1.51,1.32,1.14,1.27,1.41,1.54,1.68,1.75,1.82,1.89,1.96,1.94,1.92,1.9,1.88,1.86,1.83,1.81,1.78,1.84,1.9,1.96,2.03,2.1,2.16,2.23,2.3,2.35,2.39,2.43,2.48,2.34,2.21,2.07,1.94,1.77,1.59,1.42,1.25,1.31,1.37,1.43,1.5,1.45,1.4,1.36,1.31,1.23,1.14,1.06,0.97,1.26,1.55,1.83,2.12,1.98,1.84,1.7,1.57,1.77,1.97,2.17,2.38,2.53,2.69,2.85,3.01,2.91,2.81,2.72,2.62,2.45,2.28,2.1,1.93,1.84,1.76,1.67,1.58,1.65,1.72,1.8,1.87,1.78,1.68,1.59,1.49,1.53,1.57,1.61,1.64,1.66,1.68,1.7,1.72,1.77,1.82,1.87,1.93,1.93,1.94,1.95,1.95,1.72,1.49,1.26,1.03,1.01,0.99,0.97,0.94,1.24,1.53,1.83,2.12,1.76,1.39,1.03,0.67,0.82,0.97,1.12,1.27,1.42,1.58,1.74,1.89,1.71,1.52,1.34,1.15,1.36,1.57,1.78,1.99,3.04,4.09,5.14,6.19,5.0,3.81,2.62,1.43,1.48,1.52,1.56,1.61,1.98,2.36,2.73,3.1,2.65,2.2,1.75,1.3,2.13,2.97,3.8,4.63,,
2017-06-02T00:00:00+00:00,1.67,1.7,1.74,1.71,1.68,1.66,1.63,1.56,1.49,1.42,1.35,1.32,1.3,1.27,1.24,1.25,1.26,1.27,1.28,1.25,1.22,1.2,1.17,1.27,1.38,1.48,1.59,1.6,1.61,1.62,1.63,1.65,1.66,1.67,1.69,1.85,2.02,2.19,2.35,2.44,2.53,2.62,2.71,2.61,2.52,2.43,2.34,2.27,2.2,2.13,2.06,2.42,2.77,3.12,3.48,2.9,2.32,1.74,1.16,1.03,0.9,0.77,0.64,0.5,0.37,0.23,0.1,0.45,0.81,1.16,1.52,1.59,1.67,1.75,1.82,1.79,1.77,1.74,1.71,1.55,1.39,1.24,1.08,1.11,1.13,1.16,1.19,1.2,1.2,1.21,1.22,1.28,1.34,1.4,1.46,1.45,1.43,1.42,1.41,1.39,1.37,1.35,1.33,1.21,1.08,0.96,0.84,1.04,1.25,1.45,1.65,2.0,2.34,2.69,3.03,2.87,2.7,2.53,2.37,2.39,2.41,2.43,2.46,2.44,2.42,2.4,2.39,2.62,2.86,3.1,3.34,2.98,2.63,2.27,1.92,1.99,2.06,2.13,2.2,2.38,2.56,2.74,2.92,2.98,3.03,3.09,3.15,3.29,3.43,3.56,3.7,3.73,3.77,3.8,3.83,3.74,3.65,3.56,3.48,3.49,3.5,3.51,3.52,,
2017-06-03T00:00:00+00:00,1.64,1.73,1.82,1.65,1.48,1.31,1.14,1.33,1.53,1.73,1.93,2.05,2.18,2.31,2.44,2.33,2.23,2.12,2.02,1.93,1.84,1.75,1.66,2.0,2.34,2.68,3.02,2.97,2.91,2.86,2.8,2.42,2.03,1.65,1.26,1.16,1.06,0.96,0.85,0.74,0.62,0.51,0.39,0.47,0.56,0.64,0.72,0.83,0.93,1.04,1.14,1.24,1.33,1.42,1.52,1.93,2.35,2.76,3.18,3.75,4.31,4.88,5.45,5.23,5.0,4.77,4.55,4.32,4.08,3.85,3.62,3.35,3.07,2.8,2.52,2.74,2.97,3.19,3.41,3.54,3.68,3.81,3.94,3.75,3.56,3.36,3.17,2.98,2.8,2.61,2.42,2.36,2.29,2.23,2.16,2.27,2.38,2.5,2.61,2.52,2.43,2.34,2.25,2.17,2.09,2.01,1.93,1.94,1.96,1.98,1.99,2.15,2.32,2.48,2.64,2.71,2.78,2.85,2.92,2.84,2.76,2.68,2.6,2.51,2.41,2.32,2.22,2.39,2.56,2.72,2.89,2.98,3.07,3.16,3.24,3.19,3.14,3.09,3.04,2.95,2.85,2.76,2.66,2.64,2.63,2.61,2.59,2.57,2.55,2.53,2.52,2.51,2.5,2.5,2.49,2.48,2.47,2.46,2.46,2.47,2.49,2.5,2.52,,
2017-06-04T00:00:00+00:00,2.04,2.18,2.33,2.26,2.19,2.13,2.06,2.12,2.18,2.24,2.3,2.41,2.53,2.64,2.75,2.57,2.4,2.22,2.04,1.98,1.91,1.85,1.79,2.06,2.33,2.6,2.87,2.87,2.87,2.87,2.88,2.86,2.85,2.84,2.83,2.78,2.73,2.68,2.64,2.69,2.74,2.79,2.84,2.84,2.84,2.84,2.84,2.9,2.96,3.01,3.07,3.01,2.94,2.88,2.81,2.7,2.59,2.48,2.36,2.4,2.43,2.46,2.49,2.36,2.22,2.09,1.95,1.87,1.78,1.7,1.61,1.6,1.58,1.57,1.55,1.54,1.53,1.51,1.5,1.54,1.59,1.63,1.68,1.53,1.38,1.24,1.09,1.01,0.94,0.87,0.79,0.69,0.58,0.47,0.37,0.41,0.45,0.48,0.52,0.57,0.62,0.66,0.71,0.82,0.94,1.05,1.16,1.2,1.23,1.27,1.3,1.29,1.29,1.28,1.28,1.56,1.84,2.12,2.41,2.51,2.62,2.72,2.83,2.98,3.12,3.27,3.42,3.46,3.5,3.53,3.57,3.57,3.58,3.58,3.58,3.63,3.68,3.72,3.77,3.86,3.94,4.03,4.11,4.15,4.19,4.23,4.27,4.3,4.33,4.37,4.4,4.4,4.41,4.42,4.42,4.45,4.48,4.5,4.53,4.43,4.34,4.24,4.14,,
2017-06-05T00:00:00+00:00,1.22,1.24,1.25,1.23,1.22,1.2,1.18,1.22,1.25,1.29,1.33,1.63,1.92,2.21,2.51,2.33,2.14,1.96,1.78,1.93,2.08,2.23,2.37,2.45,2.53,2.61,2.69,2.8,2.9,3.01,3.11,3.28,3.45,3.62,3.79,3.95,4.12,4.28,4.45,4.53,4.62,4.71,4.8,4.85,4.91,4.96,5.01,5.12,5.24,5.35,5.47,5.43,5.4,5.37,5.33,5.34,5.35,5.35,5.36,5.36,5.35,5.35,5.35,5.23,5.11,4.98,4.86,4.63,4.39,4.15,3.91,3.82,3.72,3.62,3.52,3.72,3.93,4.13,4.33,4.33,4.33,4.33,4.33,4.47,4.61,4.76,4.9,4.98,5.05,5.13,5.21,5.41,5.62,5.83,6.03,6.16,6.29,6.41,6.54,6.6,6.66,6.72,6.78,6.62,6.45,6.29,6.13,6.13,6.12,6.11,6.11,6.65,7.2,7.75,8.29,7.96,7.62,7.28,6.95,7.11,7.28,7.45,7.62,7.6,7.58,7.56,7.54,7.35,7.15,6.96,6.77,7.07,7.37,7.67,7.97,7.78,7.59,7.4,7.21,7.24,7.27,7.3,7.33,7.18,7.04,6.9,6.76,6.05,5.33,4.61,3.9,4.45,5.0,5.55,6.1,6.43,6.76,7.09,7.42,6.74,6.06,5.38,4.7,,
2017-06-06T00:00:00+00:00,7.3,7.44,7.58,7.68,7.78,7.89,7.99,7.91,7.83,7.74,7.66,7.71,7.76,7.81,7.86,7.72,7.59,7.45,7.32,7.36,7.39,7.42,7.46,7.55,7.63,7.72,7.81,7.84,7.87,7.91,7.94,7.96,7.98,8.0,8.03,7.68,7.34,7.0,6.66,7.4,8.13,8.87,9.61,9.04,8.46,7.89,7.31,7.32,7.32,7.32,7.33,7.31,7.29,7.26,7.24,7.24,7.24,7.25,7.25,7.37,7.49,7.61,7.73,7.15,6.56,5.98,5.4,5.42,5.45,5.48,5.5,5.33,5.17,5.0,4.83,4.79,4.76,4.72,4.68,4.92,5.15,5.39,5.62,5.24,4.86,4.48,4.1,4.39,4.68,4.97,5.26,5.41,5.55,5.69,5.83,5.88,5.93,5.98,6.03,6.02,6.01,6.0,5.99,6.0,6.01,6.02,6.03,6.02,6.02,6.01,6.0,5.93,5.86,5.79,5.71,5.82,5.92,6.02,6.13,6.2,6.26,6.33,6.4,6.19,5.98,5.77,5.56,5.58,5.59,5.61,5.62,5.62,5.61,5.6,5.6,5.56,5.51,5.47,5.43,5.45,5.48,5.5,5.53,5.33,5.13,4.93,4.72,4.73,4.73,4.74,4.74,4.64,4.53,4.43,4.32,4.16,4.0,3.84,3.67,3.62,3.56,3.5,3.44,,
2017-06-07T00:00:00+00:00,5.31,5.35,5.39,5.39,5.38,5.38,5.37,5.44,5.51,5.58,5.65,5.56,5.47,5.39,5.3,5.47,5.64,5.81,5.98,5.98,5.98,5.98,5.98,6.04,6.1,6.16,6.22,6.07,5.92,5.77,5.61,5.55,5.48,5.42,5.36,5.37,5.38,5.39,5.4,5.32,5.25,5.18,5.11,5.11,5.1,5.1,5.1,5.1,5.1,5.1,5.1,4.88,4.66,4.44,4.22,4.31,4.4,4.48,4.57,4.52,4.46,4.4,4.35,4.25,4.14,4.04,3.94,3.7,3.46,3.22,2.98,2.81,2.63,2.46,2.28,2.18,2.08,1.97,1.87,1.79,1.71,1.63,1.55,1.64,1.73,1.81,1.9,1.88,1.86,1.84,1.82,1.8,1.79,1.77,1.75,1.66,1.57,1.47,1.38,1.3,1.23,1.15,1.07,1.29,1.51,1.73,1.94,1.76,1.58,1.39,1.21,1.32,1.42,1.53,1.64,1.9,2.15,2.41,2.66,2.98,3.29,3.61,3.92,4.07,4.21,4.35,4.5,4.55,4.61,4.67,4.73,4.82,4.91,5.01,5.1,5.08,5.07,5.05,5.03,5.03,5.03,5.02,5.02,4.97,4.93,4.88,4.83,4.73,4.64,4.54,4.44,4.5,4.56,4.62,4.68,4.37,4.06,3.75,3.44,3.27,3.1,2.93,2.76,,
2017-06-09T00:00:00+00:00,3.07,3.07,3.08,3.2,3.31,3.43,3.54,3.43,3.32,3.2,3.09,3.37,3.65,3.93,4.21,4.2,4.2,4.2,4.19,4.26,4.33,4.4,4.47,4.27,4.07,3.86,3.66,3.46,3.26,3.06,2.86,3.05,3.25,3.44,3.64,3.8,3.97,4.13,4.3,4.29,4.29,4.29,4.28,4.34,4.39,4.44,4.49,4.41,4.32,4.23,4.14,3.94,3.75,3.55,3.35,3.3,3.24,3.19,3.13,3.04,2.94,2.85,2.76,2.67,2.59,2.51,2.43,2.56,2.68,2.81,2.93,2.42,1.91,1.39,0.88,1.14,1.41,1.67,1.94,1.93,1.93,1.92,1.92,1.84,1.77,1.69,1.62,1.62,1.61,1.61,1.61,1.63,1.65,1.67,1.7,1.65,1.61,1.57,1.53,1.42,1.32,1.22,1.12,1.14,1.15,1.17,1.18,1.19,1.2,1.2,1.21,1.31,1.41,1.51,1.62,1.64,1.66,1.69,1.71,1.75,1.8,1.84,1.89,2.13,2.38,2.63,2.87,3.01,3.14,3.27,3.4,3.4,3.4,3.41,3.41,3.41,3.42,3.42,3.42,3.41,3.39,3.37,3.36,3.33,3.3,3.27,3.24,3.18,3.11,3.04,2.98,2.91,2.85,2.78,2.72,2.59,2.46,2.33,2.2,2.13,2.07,2.0,1.93,,
2017-06-10T00:00:00+00:00,1.64,1.81,1.97,2.01,2.05,2.09,2.13,1.92,1.71,1.49,1.28,1.16,1.04,0.93,0.81,0.78,0.75,0.72,0.69,0.67,0.66,0.64,0.63,0.73,0.83,0.94,1.04,1.39,1.73,2.08,2.42,2.47,2.52,2.57,2.62,2.72,2.82,2.92,3.02,3.03,3.05,3.06,3.07,3.14,3.21,3.28,3.34,3.39,3.45,3.5,3.55,3.48,3.4,3.33,3.26,3.13,3.0,2.86,2.73,2.62,2.51,2.4,2.28,2.32,2.35,2.38,2.41,2.39,2.37,2.34,2.32,2.06,1.81,1.56,1.3,1.14,0.97,0.8,0.63,0.59,0.54,0.49,0.44,0.44,0.45,0.45,0.46,0.37,0.27,0.18,0.08,0.1,0.12,0.15,0.17,0.33,0.5,0.66,0.82,0.75,0.67,0.59,0.51,0.6,0.69,0.79,0.88,0.79,0.71,0.62,0.53,0.57,0.61,0.64,0.68,0.77,0.86,0.95,1.04,1.36,1.68,2.0,2.32,2.39,2.46,2.53,2.6,2.69,2.77,2.85,2.94,2.91,2.87,2.84,2.81,2.82,2.82,2.82,2.82,2.89,2.95,3.01,3.07,3.12,3.17,3.22,3.26,3.31,3.36,3.41,3.46,3.73,4.01,4.28,4.55,4.51,4.47,4.42,4.38,4.22,4.06,3.9,3.73,,
2017-06-11T00:00:00+00:00,0.49,0.49,0.49,0.58,0.67,0.76,0.85,0.71,0.57,0.43,0.29,0.46,0.63,0.8,0.97,1.11,1.25,1.4,1.54,1.55,1.57,1.58,1.59,1.58,1.57,1.55,1.54,1.73,1.91,2.1,2.28,2.36,2.44,2.52,2.6,2.76,2.92,3.08,3.23,3.28,3.32,3.36,3.41,3.47,3.54,3.61,3.67,3.69,3.72,3.74,3.76,3.84,3.91,3.99,4.07,4.11,4.15,4.19,4.23,4.29,4.34,4.4,4.46,4.28,4.09,3.91,3.72,3.5,3.28,3.06,2.84,3.59,4.33,5.07,5.81,5.63,5.45,5.26,5.08,4.82,4.55,4.29,4.03,3.75,3.46,3.18,2.9,2.85,2.81,2.77,2.73,2.79,2.86,2.92,2.99,2.87,2.75,2.63,2.51,2.58,2.66,2.73,2.8,2.65,2.5,2.35,2.2,2.14,2.08,2.02,1.96,2.16,2.36,2.56,2.76,2.74,2.73,2.71,2.7,2.84,2.98,3.13,3.27,3.2,3.14,3.07,3.01,2.97,2.92,2.88,2.83,2.84,2.84,2.84,2.84,2.87,2.9,2.92,2.95,2.97,3.0,3.03,3.06,3.07,3.07,3.08,3.09,3.09,3.08,3.08,3.07,3.02,2.98,2.93,2.88,2.83,2.79,2.74,2.69,2.68,2.67,2.66,2.65,,
2017-06-12T00:00:00+00:00,2.36,2.32,2.27,2.14,2.0,1.86,1.72,1.84,1.97,2.1,2.22,2.37,2.52,2.66,2.81,2.77,2.72,2.67,2.63,2.82,3.01,3.2,3.39,3.35,3.31,3.26,3.22,3.25,3.28,3.3,3.33,3.35,3.37,3.39,3.41,3.4,3.39,3.38,3.37,3.37,3.37,3.37,3.37,3.36,3.34,3.33,3.32,3.33,3.35,3.36,3.38,3.38,3.39,3.39,3.4,3.36,3.33,3.29,3.26,3.12,2.99,2.86,2.73,2.74,2.76,2.77,2.78,2.78,2.79,2.79,2.79,2.85,2.9,2.96,3.02,3.06,3.1,3.14,3.18,3.07,2.97,2.87,2.76,2.66,2.56,2.45,2.35,2.35,2.35,2.35,2.35,2.34,2.33,2.32,2.31,2.18,2.05,1.92,1.79,1.71,1.63,1.55,1.47,1.47,1.46,1.45,1.44,1.39,1.34,1.28,1.23,1.19,1.14,1.1,1.06,1.01,0.96,0.91,0.86,0.94,1.03,1.12,1.21,1.16,1.1,1.05,0.99,0.93,0.87,0.81,0.75,0.86,0.97,1.07,1.18,1.08,0.99,0.89,0.8,0.93,1.06,1.19,1.32,1.51,1.7,1.89,2.08,2.24,2.4,2.56,2.72,2.8,2.88,2.96,3.04,3.11,3.18,3.25,3.33,3.38,3.43,3.48,3.53,,
2017-06-13T00:00:00+00:00
2017-06-14T00:00:00+00:00
2017-06-15T00:00:00+00:00
2017-06-16T00:00:00+00:00,4.1,4.21,4.32,4.21,4.09,3.98,3.86,3.8,3.73,3.67,3.61,3.65,3.69,3.73,3.78,3.5,3.22,2.94,2.66,2.41,2.15,1.9,1.65,1.77,1.89,2.01,2.13,2.39,2.65,2.92,3.18,3.12,3.06,3.0,2.94,2.87,2.8,2.73,2.66,2.77,2.89,3.01,3.13,3.24,3.35,3.46,3.57,3.62,3.67,3.72,3.77,3.8,3.84,3.87,3.9,3.87,3.85,3.83,3.8,3.74,3.68,3.62,3.56,3.51,3.47,3.43,3.39,3.24,3.08,2.93,2.78,2.81,2.84,2.87,2.9,2.85,2.79,2.74,2.68,2.6,2.51,2.42,2.33,2.39,2.45,2.51,2.57,2.53,2.49,2.45,2.4,2.43,2.47,2.5,2.53,2.52,2.52,2.52,2.51,2.21,1.9,1.59,1.29,1.25,1.22,1.19,1.15,1.2,1.25,1.3,1.35,1.33,1.31,1.28,1.26,1.3,1.33,1.37,1.41,1.54,1.67,1.8,1.93,2.16,2.4,2.63,2.86,2.85,2.84,2.83,2.82,2.77,2.72,2.67,2.63,2.66,2.7,2.74,2.78,2.84,2.9,2.96,3.02,3.06,3.11,3.15,3.2,3.26,3.33,3.4,3.46,3.47,3.49,3.5,3.51,3.53,3.56,3.58,3.6,3.69,3.77,3.86,3.94,,
2017-06-17T00:00:00+00:00,2.09,2.15,2.2,2.06,1.92,1.78,1.64,1.63,1.62,1.61,1.6,1.57,1.53,1.49,1.46,1.39,1.32,1.25,1.18,1.08,0.98,0.87,0.77,0.7,0.62,0.55,0.48,0.4,0.33,0.25,0.18,0.41,0.64,0.87,1.1,1.19,1.28,1.37,1.47,1.34,1.2,1.07,0.94,0.82,0.7,0.58,0.46,0.81,1.15,1.49,1.83,1.77,1.7,1.64,1.57,1.99,2.4,2.81,3.23,3.21,3.19,3.18,3.16,3.21,3.26,3.3,3.35,3.32,3.28,3.24,3.21,3.21,3.21,3.22,3.22,3.11,2.99,2.88,2.77,2.72,2.68,2.64,2.6,2.64,2.69,2.73,2.78,2.77,2.77,2.76,2.76,2.84,2.92,3.0,3.09,3.11,3.14,3.17,3.2,3.11,3.01,2.92,2.82,2.74,2.66,2.57,2.49,2.46,2.44,2.41,2.39,2.37,2.36,2.34,2.32,2.39,2.46,2.53,2.59,2.57,2.55,2.52,2.5,2.7,2.9,3.1,3.3,3.28,3.25,3.22,3.19,3.1,3.01,2.92,2.83,2.86,2.9,2.93,2.96,3.08,3.19,3.31,3.42,3.43,3.43,3.44,3.45,3.45,3.46,3.47,3.48,3.54,3.6,3.66,3.72,3.77,3.81,3.85,3.89,3.87,3.86,3.84,3.82,,
2017-06-18T00:00:00+00:00,2.88,3.0,3.13,3.03,2.92,2.82,2.72,2.74,2.77,2.79,2.82,2.76,2.7,2.64,2.58,2.54,2.5,2.46,2.43,2.47,2.52,2.56,2.61,2.68,2.76,2.83,2.91,3.08,3.25,3.42,3.59,3.62,3.66,3.7,3.73,3.74,3.75,3.76,3.77,3.83,3.89,3.95,4.01,4.05,4.1,4.15,4.19,4.18,4.16,4.15,4.14,4.13,4.13,4.12,4.12,4.08,4.05,4.02,3.99,3.98,3.97,3.97,3.96,3.94,3.92,3.9,3.88,3.81,3.74,3.67,3.59,3.43,3.27,3.11,2.95,2.98,3.01,3.04,3.07,2.92,2.77,2.62,2.47,2.62,2.77,2.92,3.07,2.95,2.84,2.72,2.61,2.6,2.59,2.59,2.58,2.57,2.57,2.57,2.56,2.49,2.42,2.35,2.28,2.2,2.11,2.03,1.95,2.02,2.08,2.15,2.22,2.21,2.19,2.18,2.16,2.12,2.08,2.04,2.0,1.98,1.97,1.96,1.95,2.0,2.05,2.11,2.16,2.22,2.28,2.34,2.4,2.37,2.35,2.32,2.3,2.14,1.97,1.81,1.65,1.58,1.51,1.44,1.37,1.4,1.43,1.46,1.49,1.6,1.71,1.82,1.93,2.0,2.07,2.14,2.21,2.04,1.88,1.72,1.56,1.71,1.86,2.01,2.16,,
2017-06-19T00:00:00+00:00,2.71,2.62,2.52,2.39,2.25,2.11,1.98,2.03,2.09,2.15,2.21,2.2,2.19,2.18,2.17,2.19,2.2,2.22,2.23,2.13,2.03,1.94,1.84,1.76,1.67,1.59,1.5,1.51,1.52,1.53,1.53,1.59,1.65,1.7,1.76,1.82,1.87,1.93,1.99,1.91,1.83,1.76,1.68,1.6,1.51,1.43,1.35,1.32,1.28,1.25,1.22,1.3,1.39,1.48,1.56,1.72,1.88,2.04,2.19,2.08,1.97,1.86,1.75,1.7,1.65,1.59,1.54,1.63,1.72,1.81,1.9,2.11,2.33,2.54,2.75,2.8,2.84,2.88,2.93,2.75,2.57,2.39,2.21,2.1,1.99,1.88,1.77,1.73,1.68,1.63,1.58,1.41,1.23,1.06,0.89,1.13,1.37,1.62,1.86,1.83,1.81,1.78,1.75,1.61,1.48,1.34,1.21,1.15,1.08,1.02,0.96,1.13,1.31,1.49,1.66,1.56,1.46,1.35,1.25,1.12,0.98,0.85,0.72,0.82,0.93,1.03,1.13,1.02,0.9,0.78,0.67,0.59,0.51,0.43,0.34,0.66,0.98,1.3,1.62,1.68,1.74,1.8,1.87,2.12,2.38,2.64,2.89,2.88,2.87,2.86,2.85,2.98,3.11,3.25,3.38,3.49,3.6,3.71,3.82,3.76,3.7,3.64,3.59,,
2017-06-20T00:00:00+00:00,0.67,0.76,0.84,0.89,0.93,0.97,1.02,0.93,0.85,0.77,0.68,0.87,1.06,1.25,1.44,1.32,1.21,1.1,0.99,1.09,1.19,1.29,1.39,1.33,1.26,1.2,1.13,1.23,1.34,1.44,1.55,1.54,1.53,1.52,1.5,1.22,0.93,0.64,0.35,0.5,0.64,0.79,0.94,1.05,1.16,1.27,1.38,1.43,1.48,1.53,1.59,1.54,1.5,1.46,1.41,1.4,1.39,1.38,1.36,1.77,2.19,2.6,3.01,2.81,2.62,2.43,2.24,2.21,2.19,2.17,2.14,2.48,2.82,3.15,3.49,3.52,3.55,3.58,3.61,3.73,3.84,3.95,4.06,3.84,3.62,3.39,3.17,3.0,2.84,2.68,2.52,2.37,2.22,2.08,1.93,1.9,1.87,1.85,1.82,1.7,1.58,1.46,1.34,1.35,1.36,1.37,1.38,1.31,1.23,1.16,1.09,1.18,1.28,1.37,1.46,1.41,1.36,1.3,1.25,1.3,1.34,1.39,1.44,1.53,1.61,1.7,1.78,1.88,1.98,2.07,2.17,2.21,2.25,2.3,2.34,2.24,2.13,2.03,1.93,1.65,1.38,1.1,0.83,0.92,1.02,1.12,1.22,1.23,1.25,1.27,1.29,1.1,0.92,0.74,0.55,0.69,0.83,0.97,1.11,1.26,1.41,1.56,1.71,,
2017-06-21T00:00:00+00:00,1.75,1.69,1.63,1.48,1.33,1.19,1.04,1.21,1.38,1.55,1.72,1.65,1.59,1.52,1.45,1.55,1.64,1.74,1.83,1.79,1.75,1.71,1.67,1.72,1.77,1.82,1.87,1.9,1.93,1.96,1.98,1.98,1.98,1.98,1.98,2.01,2.04,2.07,2.1,2.1,2.1,2.1,2.1,2.16,2.22,2.29,2.35,2.28,2.21,2.14,2.06,2.1,2.13,2.16,2.19,2.13,2.08,2.02,1.96,2.03,2.11,2.18,2.26,2.39,2.53,2.66,2.8,2.68,2.55,2.43,2.31,2.16,2.02,1.88,1.73,1.73,1.73,1.72,1.72,1.94,2.16,2.38,2.6,2.66,2.71,2.76,2.81,2.69,2.57,2.45,2.33,2.42,2.51,2.6,2.69,2.35,2.0,1.66,1.31,1.23,1.14,1.05,0.97,1.06,1.15,1.25,1.34,1.41,1.48,1.55,1.62,1.56,1.5,1.44,1.38,1.27,1.17,1.07,0.97,0.91,0.84,0.78,0.72,0.71,0.7,0.69,0.68,1.02,1.36,1.7,2.04,2.24,2.44,2.64,2.84,2.7,2.56,2.41,2.27,2.44,2.62,2.8,2.98,3.17,3.36,3.55,3.74,3.94,4.14,4.34,4.54,4.63,4.72,4.81,4.9,4.99,5.09,5.19,5.28,5.17,5.05,4.94,4.82,,
2017-06-22T00:00:00+00:00,2.79,2.66,2.52,2.07,1.63,1.18,0.73,0.67,0.61,0.55,0.49,0.67,0.84,1.02,1.19,1.24,1.29,1.35,1.4,1.33,1.27,1.2,1.14,1.1,1.06,1.02,0.98,1.43,1.88,2.33,2.78,2.7,2.62,2.54,2.46,2.55,2.64,2.72,2.81,2.87,2.93,2.98,3.04,3.0,2.97,2.93,2.9,2.89,2.88,2.87,2.85,3.49,4.13,4.76,5.4,5.53,5.67,5.8,5.93,5.83,5.72,5.62,5.51,5.43,5.34,5.25,5.17,4.98,4.79,4.6,4.41,4.18,3.96,3.73,3.5,3.49,3.49,3.48,3.47,3.44,3.41,3.37,3.34,3.12,2.9,2.67,2.45,2.56,2.67,2.77,2.88,2.85,2.83,2.8,2.77,2.7,2.63,2.56,2.49,2.54,2.58,2.63,2.68,2.77,2.86,2.95,3.04,2.99,2.94,2.89,2.83,2.82,2.81,2.8,2.78,2.82,2.86,2.9,2.94,3.0,3.07,3.13,3.2,3.23,3.27,3.3,3.34,3.36,3.38,3.4,3.42,3.44,3.45,3.47,3.48,3.55,3.63,3.7,3.77,3.63,3.5,3.36,3.22,3.36,3.51,3.65,3.79,3.8,3.81,3.82,3.84,3.82,3.8,3.78,3.76,3.7,3.63,3.57,3.51,3.28,3.05,2.83,2.6,,
2017-06-23T00:00:00+00:00,2.04,2.05,2.06,2.15,2.24,2.33,2.42,2.37,2.31,2.25,2.2,2.17,2.14,2.11,2.08,2.21,2.35,2.48,2.61,2.65,2.7,2.74,2.79,2.85,2.91,2.98,3.04,3.03,3.03,3.02,3.02,3.12,3.21,3.31,3.41,3.46,3.5,3.55,3.59,3.51,3.43,3.35,3.27,3.27,3.26,3.26,3.25,3.31,3.37,3.42,3.48,3.44,3.41,3.37,3.33,3.29,3.24,3.2,3.15,3.1,3.04,2.99,2.93,2.85,2.77,2.69,2.61,2.53,2.45,2.37,2.28,2.86,3.43,4.0,4.58,4.24,3.91,3.58,3.25,2.84,2.43,2.02,1.61,1.36,1.11,0.87,0.62,0.7,0.79,0.87,0.96,1.21,1.47,1.72,1.97,2.17,2.38,2.58,2.78,2.69,2.6,2.51,2.42,2.42,2.42,2.41,2.41,2.34,2.26,2.19,2.12,2.19,2.26,2.33,2.4,2.4,2.4,2.39,2.39,2.41,2.43,2.45,2.47,2.52,2.57,2.62,2.68,2.91,3.14,3.38,3.61,3.56,3.5,3.45,3.4,3.45,3.49,3.54,3.59,3.62,3.65,3.67,3.7,3.82,3.94,4.06,4.19,4.18,4.17,4.16,4.15,4.14,4.13,4.12,4.11,4.11,4.1,4.1,4.1,3.85,3.61,3.37,3.13,,
2017-06-24T00:00:00+00:00,1.54,1.6,1.67,1.66,1.64,1.63,1.62,1.71,1.8,1.89,1.97,2.01,2.04,2.07,2.11,2.12,2.13,2.14,2.15,2.29,2.43,2.57,2.71,2.87,3.03,3.2,3.36,3.5,3.64,3.79,3.93,3.94,3.95,3.97,3.98,3.91,3.84,3.77,3.7,3.77,3.84,3.91,3.98,3.97,3.96,3.95,3.94,3.99,4.04,4.08,4.13,4.14,4.14,4.15,4.16,4.18,4.21,4.23,4.26,4.09,3.92,3.75,3.58,3.5,3.41,3.33,3.24,3.06,2.88,2.69,2.51,2.51,2.5,2.49,2.48,2.34,2.2,2.06,1.92,1.96,2.0,2.04,2.08,2.05,2.01,1.98,1.95,2.21,2.47,2.73,2.99,2.66,2.32,1.99,1.65,1.81,1.97,2.12,2.28,2.24,2.21,2.18,2.15,2.35,2.55,2.76,2.96,3.07,3.19,3.3,3.42,3.37,3.33,3.29,3.25,3.24,3.23,3.22,3.21,3.11,3.01,2.9,2.8,2.75,2.71,2.66,2.61,2.76,2.9,3.04,3.18,3.37,3.55,3.74,3.92,4.12,4.32,4.51,4.71,4.58,4.46,4.33,4.2,4.03,3.86,3.7,3.53,3.65,3.76,3.88,4.0,4.06,4.11,4.17,4.22,4.14,4.05,3.96,3.88,3.71,3.53,3.36,3.19,,
2017-06-25T00:00:00+00:00,3.17,3.21,3.24,3.25,3.25,3.26,3.27,3.33,3.4,3.46,3.52,3.55,3.57,3.6,3.62,3.62,3.61,3.61,3.61,3.55,3.5,3.44,3.39,3.35,3.31,3.27,3.23,3.34,3.46,3.57,3.68,3.69,3.7,3.71,3.72,3.67,3.62,3.57,3.52,3.61,3.69,3.77,3.85,3.73,3.61,3.48,3.36,3.33,3.29,3.25,3.21,3.2,3.18,3.17,3.15,3.2,3.25,3.3,3.35,3.26,3.17,3.09,3.0,2.96,2.93,2.89,2.85,2.66,2.46,2.27,2.07,2.4,2.74,3.07,3.41,3.19,2.98,2.77,2.56,2.15,1.73,1.32,0.91,0.91,0.91,0.91,0.91,0.82,0.73,0.64,0.55,0.53,0.51,0.5,0.48,0.65,0.82,0.99,1.16,1.49,1.83,2.17,2.5,2.62,2.74,2.85,2.97,2.88,2.8,2.71,2.62,2.53,2.43,2.34,2.24,2.08,1.91,1.75,1.59,1.56,1.52,1.49,1.46,1.57,1.68,1.79,1.91,1.66,1.42,1.18,0.94,1.16,1.38,1.6,1.82,1.85,1.89,1.92,1.96,1.81,1.67,1.52,1.37,1.48,1.59,1.7,1.8,1.87,1.94,2.0,2.07,2.15,2.24,2.32,2.4,2.79,3.17,3.55,3.93,4.14,4.34,4.55,4.75,,
2017-06-26T00:00:00+00:00,1.06,1.06,1.07,1.14,1.22,1.29,1.37,1.46,1.56,1.66,1.75,1.74,1.73,1.72,1.7,1.63,1.56,1.49,1.42,1.4,1.37,1.35,1.33,1.39,1.45,1.51,1.57,1.58,1.58,1.58,1.59,1.56,1.54,1.52,1.49,1.51,1.53,1.55,1.57,1.62,1.66,1.7,1.75,1.66,1.56,1.47,1.38,1.56,1.73,1.91,2.09,2.07,2.04,2.02,2.0,1.89,1.78,1.66,1.55,1.6,1.66,1.71,1.76,2.51,3.25,3.99,4.73,4.12,3.51,2.89,2.28,2.07,1.86,1.65,1.45,2.11,2.78,3.45,4.12,3.78,3.43,3.09,2.74,3.33,3.93,4.52,5.11,4.16,3.22,2.28,1.33,1.56,1.79,2.01,2.24,2.11,1.98,1.85,1.72,1.69,1.66,1.63,1.6,1.25,0.89,0.53,0.17,0.5,0.82,1.14,1.46,1.55,1.64,1.72,1.81,1.75,1.68,1.62,1.56,1.51,1.46,1.41,1.36,1.32,1.29,1.25,1.21,1.16,1.11,1.06,1.02,1.0,0.99,0.97,0.95,0.82,0.69,0.55,0.42,0.8,1.18,1.57,1.95,1.9,1.86,1.81,1.76,2.05,2.33,2.62,2.9,2.86,2.83,2.79,2.75,2.53,2.31,2.08,1.86,2.47,3.08,3.69,4.31,,
2017-06-27T00:00:00+00:00,2.06,1.83,1.59,1.55,1.5,1.45,1.4,1.2,1.01,0.81,0.61,0.72,0.83,0.94,1.05,1.25,1.44,1.64,1.83,1.81,1.78,1.75,1.72,1.69,1.66,1.63,1.6,1.71,1.81,1.92,2.02,1.66,1.3,0.93,0.57,0.56,0.54,0.53,0.51,0.89,1.27,1.65,2.03,2.01,2.0,1.99,1.98,2.34,2.7,3.05,3.41,3.69,3.96,4.24,4.51,4.37,4.23,4.09,3.95,4.02,4.09,4.16,4.24,3.96,3.69,3.42,3.15,3.27,3.39,3.51,3.63,3.57,3.51,3.44,3.38,3.43,3.48,3.53,3.58,3.29,3.0,2.71,2.42,2.49,2.55,2.62,2.68,2.62,2.56,2.5,2.44,2.72,3.01,3.3,3.58,3.44,3.29,3.14,2.99,3.02,3.04,3.06,3.08,3.17,3.26,3.35,3.43,3.27,3.1,2.93,2.76,2.63,2.5,2.38,2.25,2.7,3.16,3.61,4.07,3.99,3.91,3.83,3.75,3.7,3.64,3.58,3.53,3.82,4.11,4.4,4.7,4.66,4.63,4.59,4.56,4.48,4.41,4.33,4.26,4.89,5.53,6.16,6.79,6.25,5.7,5.15,4.61,4.46,4.31,4.16,4.01,4.3,4.59,4.88,5.17,4.96,4.76,4.56,4.35,4.33,4.31,4.29,4.27,,
2017-06-28T00:00:00+00:00,3.44,3.37,3.31,3.26,3.22,3.18,3.14,2.98,2.83,2.67,2.52,2.58,2.64,2.7,2.76,2.92,3.08,3.25,3.41,3.32,3.23,3.15,3.06,3.15,3.24,3.34,3.43,3.35,3.27,3.19,3.11,3.2,3.28,3.37,3.46,3.2,2.95,2.69,2.44,2.9,3.35,3.81,4.27,4.44,4.6,4.77,4.94,4.99,5.05,5.1,5.16,5.09,5.03,4.96,4.89,4.82,4.75,4.67,4.6,4.33,4.06,3.79,3.52,3.78,4.05,4.31,4.58,4.08,3.57,3.07,2.56,2.52,2.47,2.43,2.39,2.64,2.88,3.13,3.38,3.15,2.91,2.68,2.44,2.54,2.64,2.73,2.83,2.63,2.44,2.24,2.05,1.94,1.84,1.73,1.63,2.07,2.52,2.96,3.41,3.29,3.16,3.04,2.91,2.98,3.05,3.13,3.2,3.13,3.07,3.01,2.94,2.98,3.01,3.05,3.09,3.23,3.37,3.51,3.65,3.79,3.93,4.07,4.21,4.16,4.11,4.07,4.02,4.11,4.19,4.28,4.36,4.21,4.06,3.91,3.76,3.81,3.87,3.92,3.98,4.19,4.4,4.61,4.82,4.68,4.53,4.38,4.24,4.98,5.72,6.46,7.2,6.27,5.35,4.43,3.51,3.43,3.35,3.27,3.2,3.17,3.14,3.12,3.09,,
2017-06-29T00:00:00+00:00,1.72,1.68,1.65,1.74,1.83,1.92,2.01,1.91,1.81,1.71,1.62,2.0,2.38,2.77,3.15,3.09,3.02,2.96,2.89,2.92,2.96,2.99,3.03,3.19,3.36,3.53,3.7,3.8,3.9,4.0,4.1,4.12,4.15,4.17,4.2,4.18,4.17,4.16,4.15,4.07,3.99,3.91,3.84,3.69,3.55,3.41,3.27,4.28,5.28,6.29,7.3,6.66,6.03,5.39,4.76,4.85,4.95,5.05,5.15,4.97,4.78,4.6,4.42,4.72,5.02,5.32,5.63,5.58,5.53,5.48,5.44,5.35,5.26,5.17,5.08,5.09,5.09,5.09,5.1,5.11,5.13,5.15,5.16,4.98,4.79,4.61,4.42,4.43,4.43,4.44,4.44,4.45,4.45,4.45,4.45,4.33,4.21,4.1,3.98,4.13,4.29,4.44,4.6,4.4,4.2,4.0,3.8,3.77,3.74,3.72,3.69,3.57,3.44,3.32,3.2,3.21,3.22,3.23,3.24,3.29,3.34,3.39,3.44,3.27,3.1,2.93,2.76,2.65,2.53,2.41,2.3,2.39,2.49,2.58,2.68,2.59,2.5,2.41,2.32,2.16,1.99,1.83,1.67,1.66,1.65,1.64,1.63,1.77,1.9,2.04,2.18,2.19,2.2,2.22,2.23,2.37,2.51,2.64,2.78,3.53,4.27,5.01,5.75,,
2017-06-30T00:00:00+00:00,4.54,4.46,4.38,4.3,4.22,4.14,4.05,3.97,3.88,3.79,3.7,3.25,2.79,2.33,1.87,2.19,2.51,2.83,3.14,3.11,3.07,3.04,3.0,3.1,3.2,3.31,3.41,3.22,3.03,2.84,2.65,2.65,2.65,2.65,2.65,2.86,3.07,3.29,3.5,3.68,3.87,4.05,4.23,4.09,3.95,3.81,3.67,4.18,4.7,5.21,5.73,5.76,5.79,5.83,5.86,5.57,5.28,4.99,4.7,4.44,4.18,3.91,3.65,3.5,3.34,3.18,3.02,2.98,2.94,2.91,2.87,2.8,2.73,2.66,2.59,2.57,2.56,2.54,2.52,2.64,2.75,2.87,2.98,3.1,3.21,3.33,3.44,3.37,3.3,3.23,3.16,3.27,3.39,3.5,3.61,3.63,3.64,3.66,3.68,3.51,3.35,3.18,3.01,3.0,2.98,2.97,2.95,2.92,2.89,2.85,2.82,2.96,3.1,3.24,3.38,3.5,3.62,3.75,3.87,3.82,3.76,3.71,3.65,3.69,3.74,3.78,3.83,3.73,3.62,3.52,3.42,3.58,3.73,3.89,4.05,4.2,4.35,4.51,4.66,4.26,3.86,3.47,3.07,3.12,3.17,3.22,3.27,3.1,2.93,2.76,2.58,2.61,2.64,2.67,2.7,2.77,2.84,2.91,2.98,2.39,1.81,1.22,0.64,,
2017-07-01T00:00:00+00:00,3.17,3.3,3.43,3.46,3.49,3.52,3.55,3.65,3.75,3.85,3.96,4.01,4.06,4.12,4.17,4.01,3.85,3.69,3.54,3.72,3.91,4.1,4.29,4.43,4.57,4.72,4.86,4.9,4.94,4.99,5.03,5.04,5.04,5.05,5.05,4.89,4.72,4.55,4.38,4.01,3.63,3.26,2.88,2.89,2.89,2.89,2.9,3.08,3.27,3.46,3.65,3.64,3.64,3.63,3.63,3.48,3.33,3.19,3.04,3.03,3.02,3.01,3.01,3.08,3.15,3.22,3.29,3.19,3.08,2.98,2.88,2.7,2.53,2.35,2.18,2.43,2.68,2.94,3.19,3.35,3.5,3.66,3.81,3.71,3.6,3.5,3.4,3.36,3.33,3.29,3.26,3.21,3.16,3.11,3.06,3.09,3.13,3.17,3.2,3.06,2.91,2.76,2.61,2.58,2.55,2.52,2.49,2.58,2.66,2.75,2.84,2.7,2.56,2.42,2.28,2.39,2.5,2.61,2.73,2.62,2.52,2.41,2.31,2.38,2.46,2.54,2.61,2.76,2.9,3.04,3.19,3.13,3.07,3.01,2.96,2.96,2.96,2.97,2.97,3.04,3.1,3.16,3.23,3.19,3.15,3.11,3.07,3.08,3.08,3.08,3.09,2.79,2.5,2.2,1.91,2.1,2.28,2.47,2.65,2.66,2.66,2.67,2.67,,
2017-07-02T00:00:00+00:00,2.4,2.59,2.78,2.82,2.85,2.89,2.93,2.82,2.71,2.6,2.49,2.58,2.67,2.76,2.85,2.91,2.98,3.04,3.11,2.93,2.75,2.58,2.4,2.64,2.87,3.11,3.35,3.44,3.54,3.64,3.73,3.68,3.63,3.58,3.53,3.44,3.34,3.24,3.14,3.12,3.1,3.08,3.06,3.14,3.23,3.31,3.4,3.29,3.19,3.08,2.98,2.75,2.53,2.31,2.09,2.24,2.39,2.54,2.69,2.62,2.55,2.48,2.41,2.49,2.57,2.65,2.72,2.19,1.65,1.11,0.58,0.57,0.56,0.55,0.54,1.07,1.61,2.14,2.68,2.48,2.27,2.07,1.87,1.86,1.84,1.83,1.82,1.94,2.07,2.19,2.32,2.15,1.99,1.83,1.67,1.89,2.12,2.34,2.57,2.42,2.28,2.13,1.99,2.0,2.01,2.02,2.03,1.96,1.9,1.83,1.77,1.51,1.26,1.01,0.76,0.76,0.76,0.76,0.76,1.06,1.37,1.67,1.97,2.3,2.62,2.94,3.26,3.31,3.37,3.42,3.47,3.74,4.0,4.26,4.53,4.35,4.17,3.99,3.82,3.73,3.65,3.57,3.49,3.44,3.39,3.35,3.3,3.32,3.35,3.38,3.4,3.46,3.52,3.57,3.63,3.57,3.51,3.46,3.4,3.2,3.0,2.8,2.6,,
2017-07-03T00:00:00+00:00,0.82,0.73,0.64,0.82,1.0,1.17,1.35,1.33,1.3,1.28,1.26,1.19,1.13,1.07,1.0,0.96,0.92,0.88,0.84,0.93,1.02,1.11,1.2,1.26,1.32,1.38,1.45,1.6,1.76,1.91,2.07,2.31,2.54,2.78,3.02,3.21,3.39,3.58,3.77,3.8,3.84,3.87,3.9,3.96,4.01,4.07,4.13,4.15,4.18,4.2,4.22,4.19,4.16,4.13,4.1,3.83,3.55,3.27,2.99,3.11,3.23,3.34,3.46,3.7,3.93,4.17,4.41,4.1,3.78,3.47,3.16,3.02,2.89,2.75,2.62,2.62,2.61,2.61,2.6,2.42,2.24,2.06,1.88,1.79,1.71,1.62,1.53,1.54,1.54,1.55,1.56,1.57,1.57,1.58,1.59,1.59,1.58,1.58,1.58,1.56,1.54,1.53,1.51,1.38,1.25,1.13,1.0,1.01,1.03,1.04,1.06,1.06,1.06,1.06,1.06,1.01,0.97,0.92,0.88,0.84,0.8,0.76,0.71,0.67,0.63,0.58,0.54,0.74,0.93,1.13,1.33,1.55,1.77,1.99,2.2,1.98,1.75,1.53,1.31,1.47,1.63,1.79,1.96,1.85,1.74,1.63,1.52,1.54,1.56,1.59,1.61,1.66,1.71,1.76,1.81,1.84,1.88,1.92,1.95,1.89,1.83,1.76,1.7,,
2017-07-04T00:00:00+00:00,0.68,0.59,0.49,0.43,0.38,0.32,0.27,0.36,0.45,0.54,0.64,0.74,0.84,0.94,1.04,0.9,0.75,0.61,0.46,0.6,0.74,0.88,1.02,1.07,1.13,1.18,1.24,1.32,1.4,1.48,1.56,1.55,1.55,1.55,1.54,1.65,1.76,1.88,1.99,1.96,1.93,1.89,1.86,1.8,1.74,1.68,1.61,1.5,1.39,1.28,1.16,1.19,1.21,1.24,1.26,1.42,1.58,1.74,1.89,1.79,1.68,1.57,1.46,1.47,1.47,1.48,1.49,1.61,1.74,1.86,1.99,1.69,1.4,1.1,0.81,1.06,1.31,1.56,1.81,1.77,1.73,1.68,1.64,1.65,1.66,1.67,1.68,1.78,1.89,1.99,2.09,2.22,2.35,2.48,2.61,2.57,2.53,2.49,2.45,2.29,2.13,1.97,1.81,1.82,1.83,1.85,1.86,1.73,1.6,1.47,1.34,1.5,1.66,1.81,1.97,1.94,1.9,1.87,1.84,1.97,2.11,2.24,2.38,2.46,2.54,2.63,2.71,2.7,2.69,2.68,2.67,2.67,2.67,2.66,2.66,2.53,2.41,2.29,2.17,2.23,2.3,2.36,2.43,2.43,2.44,2.45,2.46,2.48,2.5,2.53,2.55,2.56,2.56,2.57,2.57,2.61,2.64,2.67,2.7,2.76,2.83,2.89,2.96,,
2017-07-05T00:00:00+00:00,2.27,2.42,2.58,2.53,2.48,2.43,2.37,2.04,1.71,1.38,1.05,1.28,1.51,1.74,1.97,1.83,1.7,1.56,1.43,1.42,1.42,1.42,1.42,1.47,1.52,1.57,1.63,1.69,1.76,1.83,1.9,1.93,1.97,2.0,2.04,2.23,2.43,2.62,2.82,2.8,2.78,2.76,2.74,2.69,2.63,2.58,2.53,2.59,2.65,2.71,2.77,2.77,2.76,2.75,2.74,2.55,2.35,2.15,1.96,1.8,1.64,1.49,1.33,1.58,1.83,2.07,2.32,2.37,2.42,2.47,2.53,2.27,2.02,1.77,1.52,1.47,1.42,1.37,1.32,1.55,1.79,2.02,2.26,2.33,2.4,2.46,2.53,2.63,2.73,2.82,2.92,2.97,3.03,3.08,3.14,3.08,3.02,2.96,2.89,2.63,2.37,2.11,1.86,1.85,1.84,1.83,1.82,1.85,1.89,1.92,1.95,1.92,1.89,1.86,1.83,1.72,1.6,1.49,1.37,1.63,1.89,2.15,2.4,2.23,2.05,1.87,1.69,2.07,2.45,2.83,3.21,3.37,3.54,3.7,3.87,4.1,4.33,4.56,4.79,4.88,4.98,5.08,5.17,5.15,5.14,5.12,5.1,5.12,5.15,5.17,5.19,5.26,5.33,5.4,5.47,5.33,5.18,5.04,4.9,4.75,4.61,4.46,4.31,,
2017-07-06T00:00:00+00:00,2.89,2.57,2.25,2.24,2.22,2.21,2.19,2.16,2.12,2.08,2.05,2.18,2.32,2.46,2.6,2.55,2.5,2.45,2.39,2.15,1.9,1.66,1.41,1.46,1.52,1.57,1.62,2.04,2.45,2.87,3.29,2.94,2.6,2.25,1.91,1.91,1.91,1.91,1.91,2.11,2.32,2.52,2.73,3.03,3.33,3.64,3.94,4.1,4.26,4.42,4.59,4.45,4.3,4.16,4.02,4.16,4.29,4.42,4.55,4.43,4.3,4.18,4.05,4.03,4.02,4.0,3.98,3.67,3.37,3.06,2.76,2.5,2.24,1.98,1.73,1.65,1.57,1.5,1.42,1.32,1.22,1.12,1.02,1.71,2.41,3.1,3.79,3.13,2.46,1.8,1.14,1.18,1.22,1.26,1.3,1.39,1.48,1.57,1.66,1.81,1.97,2.12,2.27,2.27,2.27,2.27,2.27,2.26,2.26,2.25,2.24,2.2,2.16,2.12,2.08,2.04,1.99,1.94,1.9,1.9,1.91,1.92,1.93,2.04,2.14,2.25,2.36,2.24,2.11,1.99,1.87,1.96,2.05,2.14,2.23,2.25,2.27,2.29,2.32,2.33,2.34,2.35,2.36,2.39,2.43,2.46,2.5,2.41,2.32,2.24,2.15,2.29,2.44,2.58,2.72,2.8,2.88,2.96,3.04,2.95,2.86,2.77,2.68,,
2017-07-07T00:00:00+00:00,2.83,2.88,2.93,2.85,2.76,2.67,2.58,2.61,2.64,2.67,2.7,2.53,2.36,2.19,2.02,1.75,1.47,1.2,0.92,1.1,1.29,1.47,1.66,1.5,1.34,1.18,1.02,1.07,1.12,1.17,1.22,1.44,1.66,1.88,2.1,2.09,2.07,2.06,2.04,2.01,1.98,1.95,1.92,2.04,2.15,2.27,2.39,2.5,2.62,2.74,2.86,2.82,2.79,2.75,2.72,2.83,2.95,3.07,3.19,3.11,3.04,2.96,2.89,2.93,2.96,3.0,3.04,3.05,3.07,3.08,3.09,3.18,3.27,3.36,3.45,3.32,3.19,3.06,2.92,2.86,2.79,2.73,2.66,2.47,2.27,2.07,1.87,1.84,1.81,1.77,1.74,1.61,1.48,1.34,1.21,1.32,1.42,1.52,1.63,1.78,1.93,2.08,2.23,1.97,1.71,1.45,1.19,1.25,1.32,1.38,1.44,1.42,1.4,1.38,1.36,1.45,1.54,1.63,1.72,1.7,1.68,1.65,1.63,1.63,1.64,1.64,1.64,1.6,1.57,1.53,1.49,1.54,1.58,1.63,1.68,1.63,1.58,1.52,1.47,1.44,1.4,1.36,1.32,1.28,1.25,1.21,1.17,1.24,1.31,1.38,1.45,1.74,2.03,2.32,2.61,2.7,2.8,2.89,2.98,2.88,2.79,2.7,2.6,,
2017-07-08T00:00:00+00:00,2.37,2.37,2.37,2.23,2.09,1.95,1.81,1.92,2.02,2.13,2.24,2.31,2.39,2.47,2.55,2.41,2.27,2.13,2.0,2.18,2.36,2.54,2.72,2.66,2.6,2.53,2.47,2.45,2.43,2.4,2.38,2.36,2.34,2.32,2.3,2.26,2.22,2.18,2.15,2.18,2.22,2.26,2.3,2.48,2.67,2.85,3.03,2.88,2.73,2.58,2.43,2.31,2.19,2.07,1.95,1.96,1.97,1.98,1.99,1.99,1.98,1.98,1.98,1.99,2.01,2.03,2.05,2.37,2.69,3.01,3.33,3.27,3.21,3.16,3.1,3.2,3.3,3.41,3.51,3.49,3.46,3.44,3.42,3.49,3.57,3.64,3.71,3.72,3.73,3.74,3.75,3.72,3.7,3.67,3.65,3.64,3.64,3.63,3.63,3.55,3.47,3.39,3.31,3.38,3.45,3.52,3.59,3.46,3.32,3.19,3.05,2.85,2.65,2.45,2.25,2.38,2.51,2.63,2.76,2.77,2.78,2.79,2.8,2.88,2.96,3.03,3.11,3.08,3.04,3.01,2.98,2.7,2.42,2.14,1.86,1.98,2.09,2.21,2.33,2.22,2.11,2.0,1.9,1.87,1.85,1.83,1.81,1.89,1.98,2.07,2.15,2.27,2.39,2.51,2.62,2.57,2.53,2.48,2.43,3.02,3.61,4.2,4.78,,
2017-07-09T00:00:00+00:00,3.24,3.34,3.43,3.37,3.31,3.24,3.18,3.11,3.03,2.95,2.88,2.87,2.87,2.87,2.87,2.83,2.78,2.74,2.7,2.72,2.73,2.75,2.77,2.68,2.59,2.5,2.41,2.25,2.1,1.94,1.79,1.68,1.58,1.48,1.38,1.46,1.55,1.64,1.72,1.67,1.62,1.58,1.53,1.48,1.42,1.37,1.32,1.47,1.61,1.76,1.9,2.35,2.8,3.24,3.69,3.41,3.13,2.85,2.57,2.43,2.29,2.15,2.02,2.05,2.08,2.12,2.15,1.99,1.83,1.67,1.51,1.62,1.73,1.85,1.96,1.88,1.8,1.72,1.64,2.01,2.37,2.74,3.11,2.86,2.61,2.36,2.1,2.19,2.28,2.37,2.46,2.26,2.07,1.87,1.67,1.95,2.23,2.51,2.79,2.75,2.72,2.69,2.66,2.57,2.48,2.39,2.29,2.26,2.23,2.2,2.17,2.55,2.94,3.32,3.71,3.88,4.06,4.23,4.41,4.05,3.68,3.32,2.96,2.93,2.91,2.88,2.86,2.74,2.62,2.5,2.38,2.27,2.16,2.05,1.94,2.16,2.39,2.61,2.83,2.92,3.01,3.1,3.19,3.32,3.45,3.58,3.71,3.33,2.95,2.58,2.2,2.32,2.44,2.56,2.68,2.61,2.55,2.48,2.42,2.57,2.72,2.88,3.03,,
2017-07-10T00:00:00+00:00,1.96,2.42,2.88,2.87,2.87,2.86,2.86,2.96,3.05,3.15,3.24,2.91,2.57,2.24,1.9,2.25,2.6,2.95,3.3,3.49,3.68,3.88,4.07,3.81,3.55,3.29,3.03,3.08,3.12,3.17,3.22,2.82,2.42,2.02,1.62,1.68,1.74,1.8,1.86,1.74,1.62,1.5,1.38,1.72,2.06,2.4,2.75,2.74,2.74,2.74,2.74,2.88,3.02,3.16,3.3,3.31,3.32,3.33,3.34,3.36,3.39,3.42,3.45,3.14,2.83,2.52,2.21,2.03,1.85,1.67,1.49,1.71,1.93,2.15,2.37,2.07,1.76,1.45,1.14,1.18,1.21,1.25,1.28,1.4,1.51,1.62,1.73,1.72,1.71,1.69,1.68,1.59,1.5,1.4,1.31,1.27,1.23,1.2,1.16,1.11,1.06,1.01,0.97,0.89,0.81,0.73,0.65,0.56,0.46,0.37,0.27,0.57,0.88,1.18,1.48,1.45,1.42,1.38,1.35,1.96,2.56,3.17,3.77,3.98,4.19,4.4,4.61,4.72,4.82,4.93,5.03,5.16,5.29,5.43,5.56,5.52,5.48,5.45,5.41,5.42,5.44,5.45,5.47,5.53,5.58,5.64,5.7,5.42,5.14,4.86,4.58,4.74,4.89,5.05,5.2,4.92,4.63,4.35,4.06,4.17,4.28,4.39,4.5,,
2017-07-11T00:00:00+00:00,1.54,1.58,1.61,1.46,1.31,1.16,1.01,1.12,1.23,1.33,1.44,1.32,1.2,1.08,0.95,0.99,1.03,1.06,1.1,1.2,1.3,1.41,1.51,1.58,1.65,1.72,1.8,1.98,2.16,2.35,2.53,2.74,2.95,3.17,3.38,3.57,3.77,3.97,4.16,4.43,4.69,4.96,5.23,5.3,5.37,5.44,5.51,5.21,4.91,4.6,4.3,4.21,4.11,4.01,3.92,4.03,4.15,4.26,4.37,4.5,4.64,4.77,4.9,4.74,4.58,4.42,4.26,3.99,3.73,3.46,3.2,3.29,3.37,3.46,3.54,3.57,3.6,3.62,3.65,3.58,3.52,3.45,3.39,3.68,3.98,4.27,4.56,4.74,4.92,5.09,5.27,5.16,5.06,4.95,4.85,4.89,4.93,4.97,5.01,4.94,4.87,4.81,4.74,4.71,4.67,4.64,4.61,4.58,4.55,4.53,4.5,4.44,4.39,4.34,4.28,4.48,4.68,4.88,5.07,5.28,5.48,5.68,5.88,5.95,6.02,6.09,6.16,5.99,5.82,5.65,5.48,5.4,5.31,5.23,5.15,5.0,4.85,4.7,4.55,4.25,3.95,3.65,3.35,3.76,4.17,4.58,4.99,4.7,4.42,4.14,3.85,3.66,3.47,3.28,3.09,3.1,3.11,3.12,3.13,2.9,2.68,2.45,2.22,,
2017-07-12T00:00:00+00:00,3.44,3.91,4.39,4.55,4.71,4.87,5.03,5.0,4.97,4.95,4.92,4.95,4.97,5.0,5.02,4.94,4.85,4.77,4.68,4.71,4.73,4.75,4.77,4.81,4.84,4.88,4.91,4.86,4.8,4.75,4.69,4.4,4.1,3.8,3.5,3.48,3.45,3.43,3.41,3.6,3.79,3.97,4.16,4.56,4.96,5.37,5.77,5.34,4.92,4.5,4.07,3.98,3.88,3.79,3.69,3.65,3.6,3.56,3.51,3.18,2.85,2.52,2.19,2.12,2.06,2.0,1.94,2.03,2.13,2.22,2.32,2.37,2.42,2.46,2.51,2.46,2.42,2.37,2.32,2.54,2.75,2.96,3.18,3.16,3.14,3.13,3.11,3.19,3.28,3.36,3.44,3.43,3.41,3.4,3.39,3.42,3.46,3.5,3.53,3.14,2.74,2.35,1.96,2.18,2.41,2.63,2.85,2.6,2.35,2.09,1.84,1.76,1.69,1.62,1.55,1.87,2.19,2.51,2.83,2.53,2.22,1.91,1.6,1.67,1.74,1.81,1.87,1.88,1.89,1.9,1.91,1.99,2.07,2.15,2.23,2.17,2.12,2.06,2.0,1.9,1.81,1.72,1.62,1.62,1.63,1.63,1.63,1.46,1.3,1.13,0.97,0.99,1.0,1.02,1.04,1.01,0.99,0.97,0.95,1.55,2.16,2.76,3.36,,
2017-07-13T00:00:00+00:00,3.78,3.75,3.71,3.64,3.56,3.49,3.41,3.32,3.23,3.15,3.06,2.97,2.89,2.81,2.73,2.63,2.53,2.43,2.33,2.28,2.23,2.17,2.12,2.09,2.07,2.05,2.02,1.96,1.91,1.85,1.79,1.84,1.89,1.94,1.99,2.1,2.22,2.33,2.44,2.48,2.52,2.55,2.59,2.43,2.27,2.11,1.95,1.81,1.66,1.52,1.38,1.26,1.15,1.04,0.93,1.47,2.01,2.55,3.1,2.86,2.63,2.4,2.16,2.22,2.27,2.33,2.38,1.97,1.55,1.14,0.73,0.9,1.06,1.23,1.4,1.52,1.64,1.76,1.88,1.94,2.0,2.05,2.11,2.02,1.92,1.83,1.74,1.96,2.18,2.4,2.63,2.73,2.82,2.92,3.02,3.1,3.19,3.27,3.35,3.4,3.44,3.49,3.53,3.44,3.35,3.25,3.16,3.05,2.94,2.82,2.71,2.53,2.35,2.17,2.0,2.14,2.28,2.42,2.57,2.59,2.6,2.62,2.64,2.78,2.91,3.05,3.18,3.32,3.45,3.59,3.72,3.83,3.93,4.04,4.15,4.29,4.42,4.56,4.7,4.69,4.68,4.67,4.65,4.5,4.35,4.2,4.05,4.36,4.67,4.98,5.29,5.2,5.1,5.01,4.92,4.89,4.86,4.83,4.79,4.7,4.61,4.52,4.43,,
2017-07-14T00:00:00+00:00,2.86,3.02,3.18,3.17,3.15,3.14,3.13,2.95,2.77,2.59,2.41,2.43,2.44,2.46,2.48,2.57,2.67,2.76,2.86,2.84,2.82,2.8,2.78,2.81,2.84,2.87,2.9,2.96,3.03,3.09,3.16,3.26,3.35,3.45,3.54,3.53,3.52,3.51,3.5,3.68,3.86,4.04,4.22,4.77,5.32,5.87,6.42,6.3,6.18,6.05,5.93,5.81,5.69,5.57,5.45,5.38,5.32,5.25,5.18,5.17,5.17,5.16,5.15,5.18,5.21,5.23,5.26,4.92,4.59,4.25,3.91,3.75,3.58,3.42,3.26,3.22,3.18,3.15,3.11,2.94,2.77,2.6,2.43,2.43,2.43,2.42,2.42,2.44,2.45,2.47,2.48,2.4,2.33,2.25,2.17,1.9,1.63,1.36,1.09,1.0,0.92,0.83,0.75,0.81,0.88,0.94,1.01,1.07,1.12,1.18,1.24,1.21,1.18,1.16,1.13,1.05,0.98,0.91,0.83,0.85,0.87,0.89,0.91,0.92,0.94,0.95,0.96,1.07,1.18,1.29,1.4,1.55,1.7,1.86,2.01,1.99,1.97,1.95,1.94,1.81,1.68,1.55,1.42,1.53,1.64,1.76,1.87,1.93,1.99,2.05,2.11,2.12,2.12,2.13,2.14,2.13,2.11,2.1,2.08,2.04,2.0,1.96,1.92,,
2017-07-15T00:00:00+00:00,1.78,1.77,1.76,1.76,1.75,1.74,1.74,1.68,1.63,1.58,1.52,1.67,1.82,1.97,2.12,2.04,1.97,1.89,1.82,1.65,1.49,1.32,1.16,1.13,1.1,1.07,1.04,0.96,0.88,0.8,0.71,0.86,1.01,1.15,1.3,1.29,1.28,1.27,1.26,1.44,1.61,1.79,1.97,1.98,2.0,2.02,2.04,2.0,1.95,1.91,1.86,1.81,1.75,1.69,1.63,1.9,2.17,2.44,2.71,2.62,2.54,2.46,2.38,2.28,2.19,2.09,1.99,2.1,2.21,2.32,2.43,2.62,2.81,3.0,3.2,3.04,2.89,2.74,2.58,2.49,2.4,2.31,2.22,2.36,2.51,2.65,2.8,2.63,2.46,2.29,2.12,1.99,1.87,1.74,1.62,1.61,1.59,1.58,1.56,1.57,1.58,1.59,1.6,1.63,1.66,1.7,1.73,1.69,1.66,1.63,1.6,1.56,1.52,1.48,1.44,1.52,1.59,1.67,1.75,1.67,1.59,1.51,1.43,1.31,1.19,1.06,0.94,0.98,1.01,1.05,1.08,1.12,1.16,1.21,1.25,1.27,1.28,1.3,1.32,1.38,1.44,1.5,1.55,1.6,1.64,1.69,1.73,1.83,1.93,2.02,2.12,2.23,2.33,2.44,2.54,2.61,2.67,2.74,2.8,2.75,2.69,2.64,2.59,,
2017-07-16T00:00:00+00:00,1.3,1.23,1.16,1.3,1.45,1.6,1.75,1.87,2.0,2.12,2.25,2.14,2.03,1.92,1.8,1.71,1.62,1.52,1.43,1.43,1.43,1.42,1.42,1.45,1.47,1.5,1.52,1.53,1.54,1.55,1.56,1.68,1.8,1.93,2.05,2.09,2.13,2.16,2.2,2.38,2.57,2.75,2.93,2.67,2.42,2.16,1.9,1.91,1.91,1.92,1.93,2.01,2.09,2.17,2.26,2.38,2.5,2.62,2.74,2.73,2.72,2.71,2.7,2.76,2.82,2.89,2.95,2.88,2.82,2.75,2.68,2.83,2.98,3.13,3.28,3.33,3.37,3.42,3.46,3.31,3.16,3.01,2.86,2.74,2.63,2.51,2.4,2.22,2.04,1.86,1.68,1.81,1.93,2.06,2.18,2.09,2.01,1.92,1.84,1.83,1.82,1.81,1.8,1.98,2.16,2.34,2.52,2.54,2.56,2.58,2.6,2.51,2.43,2.34,2.25,2.16,2.06,1.96,1.86,1.88,1.9,1.91,1.93,1.9,1.87,1.84,1.81,1.82,1.82,1.83,1.84,1.84,1.84,1.84,1.84,1.79,1.74,1.69,1.64,1.68,1.71,1.75,1.78,1.81,1.84,1.87,1.9,1.95,2.0,2.06,2.11,2.15,2.2,2.24,2.29,2.43,2.58,2.72,2.87,3.05,3.24,3.42,3.61,,
2017-07-17T00:00:00+00:00,2.14,2.19,2.23,2.18,2.13,2.08,2.03,1.92,1.81,1.7,1.59,1.67,1.75,1.84,1.92,1.9,1.89,1.87,1.85,1.93,2.02,2.1,2.18,2.17,2.16,2.14,2.13,2.1,2.07,2.04,2.01,1.98,1.95,1.93,1.9,1.81,1.72,1.63,1.54,1.45,1.35,1.26,1.16,0.98,0.81,0.63,0.45,0.45,0.46,0.46,0.46,0.53,0.59,0.65,0.72,0.92,1.12,1.33,1.53,1.64,1.75,1.86,1.97,2.33,2.69,3.05,3.41,3.48,3.56,3.63,3.71,3.69,3.67,3.65,3.63,3.59,3.56,3.52,3.49,3.57,3.66,3.74,3.82,4.06,4.3,4.53,4.77,4.68,4.58,4.49,4.4,4.32,4.24,4.16,4.09,3.96,3.83,3.7,3.57,3.52,3.46,3.4,3.34,3.34,3.34,3.35,3.35,3.33,3.32,3.31,3.3,3.2,3.1,3.0,2.91,2.92,2.94,2.95,2.97,2.93,2.89,2.85,2.81,2.81,2.81,2.82,2.82,3.07,3.32,3.57,3.81,3.96,4.11,4.25,4.4,4.32,4.24,4.16,4.08,3.82,3.55,3.29,3.02,2.73,2.44,2.15,1.87,3.13,4.39,5.65,6.91,6.0,5.1,4.2,3.29,3.17,3.04,2.92,2.79,2.92,3.05,3.18,3.3,,
2017-07-18T00:00:00+00:00,3.56,3.6,3.65,3.6,3.55,3.5,3.45,3.42,3.4,3.37,3.34,3.31,3.27,3.24,3.2,3.18,3.15,3.13,3.11,3.06,3.02,2.98,2.94,2.86,2.77,2.69,2.61,2.58,2.55,2.52,2.49,2.51,2.53,2.54,2.56,2.68,2.8,2.92,3.05,3.07,3.08,3.1,3.12,3.16,3.19,3.23,3.26,3.14,3.01,2.89,2.76,2.63,2.51,2.38,2.25,2.35,2.44,2.53,2.63,2.59,2.55,2.51,2.48,2.71,2.95,3.19,3.42,3.45,3.48,3.51,3.53,3.5,3.47,3.44,3.41,3.25,3.08,2.92,2.75,3.42,4.08,4.74,5.41,5.2,4.99,4.78,4.57,4.47,4.36,4.26,4.15,3.89,3.63,3.37,3.1,3.23,3.36,3.49,3.62,3.35,3.08,2.81,2.54,2.45,2.36,2.27,2.19,2.15,2.12,2.08,2.05,1.94,1.83,1.72,1.6,1.95,2.29,2.64,2.98,3.03,3.07,3.12,3.16,3.44,3.71,3.98,4.25,4.29,4.33,4.37,4.4,4.92,5.43,5.95,6.46,6.32,6.18,6.04,5.9,6.05,6.21,6.36,6.52,6.44,6.36,6.28,6.21,6.05,5.88,5.72,5.56,5.54,5.51,5.49,5.47,5.33,5.19,5.05,4.91,4.77,4.63,4.49,4.35,,
2017-07-19T00:00:00+00:00,2.9,2.89,2.89,3.08,3.27,3.46,3.65,3.58,3.51,3.44,3.37,3.32,3.27,3.23,3.18,3.09,3.01,2.92,2.84,2.91,2.99,3.06,3.14,3.18,3.22,3.26,3.3,3.86,4.43,4.99,5.56,5.57,5.58,5.59,5.6,5.6,5.61,5.61,5.61,5.91,6.21,6.52,6.82,6.93,7.04,7.14,7.25,7.12,7.0,6.87,6.74,6.41,6.07,5.74,5.4,5.43,5.47,5.5,5.53,5.44,5.35,5.25,5.16,4.82,4.48,4.14,3.79,3.86,3.93,4.0,4.07,3.79,3.51,3.23,2.94,3.7,4.46,5.22,5.98,5.64,5.3,4.95,4.61,4.72,4.83,4.94,5.05,4.83,4.61,4.39,4.17,4.69,5.21,5.72,6.24,6.05,5.86,5.67,5.49,5.77,6.06,6.34,6.63,6.61,6.59,6.57,6.55,6.35,6.14,5.94,5.73,5.67,5.61,5.54,5.48,5.85,6.21,6.57,6.93,6.79,6.65,6.51,6.36,6.38,6.4,6.41,6.43,6.1,5.77,5.44,5.11,5.38,5.65,5.91,6.18,6.0,5.82,5.64,5.46,5.47,5.47,5.47,5.48,5.6,5.73,5.86,5.99,5.98,5.98,5.98,5.97,5.48,4.98,4.49,3.99,3.92,3.85,3.78,3.72,3.61,3.5,3.4,3.29,,
2017-07-20T00:00:00+00:00,3.54,3.73,3.92,3.88,3.84,3.81,3.77,3.71,3.64,3.58,3.52,3.59,3.66,3.74,3.81,4.01,4.2,4.4,4.6,4.33,4.07,3.8,3.54,3.98,4.41,4.85,5.29,5.01,4.72,4.44,4.16,4.52,4.88,5.24,5.6,5.18,4.77,4.35,3.94,4.11,4.28,4.45,4.62,5.1,5.58,6.06,6.54,6.19,5.84,5.49,5.15,4.97,4.8,4.63,4.46,4.28,4.11,3.94,3.76,3.65,3.55,3.44,3.33,3.06,2.78,2.51,2.24,2.3,2.37,2.44,2.5,2.38,2.25,2.12,1.99,1.86,1.74,1.61,1.48,1.45,1.42,1.39,1.36,1.42,1.48,1.53,1.59,1.67,1.76,1.84,1.92,1.93,1.95,1.97,1.99,2.01,2.03,2.05,2.07,2.07,2.06,2.06,2.05,2.04,2.02,2.01,2.0,1.95,1.9,1.85,1.8,1.91,2.02,2.13,2.23,2.19,2.16,2.12,2.08,2.42,2.76,3.1,3.44,3.64,3.83,4.03,4.22,4.31,4.39,4.48,4.57,4.62,4.66,4.71,4.76,4.82,4.87,4.92,4.97,4.89,4.82,4.74,4.66,4.56,4.46,4.36,4.25,4.21,4.17,4.13,4.08,4.02,3.96,3.9,3.83,3.74,3.64,3.54,3.45,3.39,3.34,3.29,3.24,,
2017-07-21T00:00:00+00:00,0.68,0.88,1.09,0.92,0.76,0.59,0.43,0.43,0.44,0.45,0.45,0.61,0.77,0.94,1.1,1.11,1.12,1.14,1.15,1.23,1.31,1.4,1.48,1.64,1.81,1.97,2.13,2.35,2.57,2.79,3.01,3.06,3.11,3.16,3.21,3.3,3.39,3.48,3.57,3.69,3.81,3.92,4.04,4.02,4.01,4.0,3.98,4.02,4.05,4.09,4.12,4.12,4.12,4.12,4.11,4.0,3.89,3.77,3.66,3.65,3.65,3.64,3.63,3.57,3.51,3.45,3.38,3.25,3.12,3.0,2.87,2.65,2.44,2.23,2.01,2.2,2.39,2.58,2.77,2.97,3.17,3.37,3.57,3.62,3.66,3.7,3.74,3.89,4.03,4.17,4.31,4.36,4.4,4.45,4.49,4.51,4.54,4.56,4.58,4.52,4.45,4.38,4.32,4.29,4.26,4.23,4.21,4.23,4.26,4.29,4.31,4.3,4.3,4.29,4.28,4.31,4.34,4.38,4.41,4.37,4.34,4.3,4.27,4.29,4.32,4.35,4.37,4.36,4.34,4.33,4.31,4.47,4.63,4.78,4.94,5.0,5.07,5.14,5.2,5.24,5.29,5.33,5.37,5.32,5.27,5.21,5.16,5.01,4.86,4.72,4.57,4.36,4.16,3.96,3.75,3.85,3.94,4.03,4.12,4.07,4.01,3.96,3.9,,
2017-07-22T00:00:00+00:00,3.76,3.83,3.89,3.87,3.85,3.83,3.81,3.97,4.14,4.31,4.48,4.41,4.35,4.28,4.22,4.35,4.49,4.63,4.77,4.66,4.55,4.44,4.33,4.31,4.28,4.26,4.23,4.27,4.3,4.33,4.36,4.32,4.28,4.23,4.19,4.22,4.25,4.29,4.32,4.33,4.34,4.35,4.36,4.27,4.18,4.09,4.0,4.09,4.19,4.28,4.37,4.33,4.29,4.25,4.2,4.15,4.1,4.06,4.01,4.08,4.16,4.24,4.31,4.65,4.98,5.32,5.65,5.78,5.91,6.04,6.17,5.67,5.17,4.67,4.17,3.52,2.88,2.24,1.59,1.99,2.38,2.78,3.17,3.42,3.67,3.91,4.16,4.06,3.95,3.85,3.75,3.92,4.09,4.27,4.44,4.39,4.33,4.28,4.22,4.52,4.81,5.1,5.39,5.24,5.1,4.95,4.8,4.77,4.74,4.7,4.67,4.71,4.75,4.79,4.83,5.02,5.2,5.39,5.58,5.55,5.52,5.49,5.46,5.46,5.47,5.48,5.48,5.44,5.39,5.34,5.29,5.33,5.36,5.4,5.43,5.2,4.97,4.74,4.51,4.57,4.62,4.68,4.73,4.83,4.92,5.02,5.12,4.67,4.23,3.78,3.33,3.2,3.06,2.93,2.79,2.8,2.81,2.81,2.82,2.88,2.95,3.01,3.08,,
2017-07-23T00:00:00+00:00,4.01,4.13,4.24,4.28,4.31,4.35,4.38,4.38,4.37,4.37,4.36,4.35,4.33,4.31,4.3,4.35,4.4,4.46,4.51,4.65,4.79,4.93,5.07,5.15,5.23,5.31,5.39,5.45,5.52,5.58,5.64,5.7,5.76,5.82,5.88,5.81,5.74,5.67,5.6,5.5,5.39,5.28,5.18,5.17,5.16,5.16,5.15,5.18,5.22,5.25,5.28,5.27,5.26,5.26,5.25,5.08,4.9,4.72,4.55,4.41,4.28,4.14,4.01,4.24,4.48,4.71,4.94,4.79,4.63,4.47,4.32,4.12,3.93,3.73,3.54,3.41,3.29,3.16,3.04,2.87,2.71,2.55,2.39,2.32,2.25,2.19,2.12,2.01,1.9,1.8,1.69,1.73,1.78,1.83,1.88,2.11,2.34,2.57,2.8,3.05,3.29,3.54,3.79,4.03,4.28,4.52,4.76,4.68,4.59,4.51,4.42,4.25,4.08,3.91,3.75,3.48,3.22,2.96,2.69,3.0,3.31,3.62,3.92,4.21,4.49,4.78,5.07,5.18,5.29,5.41,5.52,5.63,5.75,5.86,5.97,5.82,5.68,5.53,5.38,5.45,5.51,5.57,5.64,5.72,5.8,5.88,5.97,6.1,6.24,6.38,6.52,6.41,6.3,6.18,6.07,6.1,6.12,6.15,6.18,6.14,6.1,6.06,6.02,,
2017-07-24T00:00:00+00:00,2.91,3.08,3.25,3.42,3.59,3.76,3.92,3.86,3.79,3.72,3.65,3.68,3.7,3.73,3.75,3.69,3.62,3.56,3.49,3.63,3.78,3.92,4.07,4.14,4.21,4.28,4.35,4.27,4.18,4.09,4.01,4.18,4.35,4.53,4.7,4.82,4.95,5.07,5.19,5.15,5.1,5.06,5.01,4.91,4.8,4.7,4.59,4.68,4.77,4.86,4.95,4.86,4.78,4.69,4.61,4.99,5.37,5.74,6.12,6.02,5.93,5.83,5.73,5.64,5.54,5.44,5.35,5.16,4.98,4.79,4.61,4.66,4.72,4.77,4.82,4.65,4.47,4.3,4.12,3.99,3.87,3.74,3.61,3.56,3.5,3.45,3.39,3.52,3.65,3.77,3.9,3.88,3.85,3.83,3.8,3.63,3.46,3.29,3.12,3.09,3.06,3.04,3.01,3.14,3.26,3.39,3.51,3.67,3.83,3.99,4.15,3.79,3.44,3.08,2.73,2.78,2.83,2.88,2.93,3.07,3.22,3.36,3.5,3.66,3.82,3.97,4.13,3.98,3.83,3.69,3.54,3.67,3.79,3.92,4.05,3.88,3.71,3.54,3.38,3.42,3.46,3.51,3.55,3.5,3.46,3.41,3.37,3.29,3.21,3.12,3.04,3.28,3.51,3.74,3.97,4.01,4.06,4.1,4.14,3.99,3.85,3.7,3.55,,
2017-07-25T00:00:00+00:00,2.76,2.71,2.65,2.65,2.64,2.63,2.63,2.59,2.56,2.52,2.49,2.46,2.43,2.4,2.37,2.48,2.6,2.71,2.83,2.86,2.9,2.93,2.96,2.89,2.81,2.74,2.66,2.65,2.63,2.61,2.6,2.33,2.05,1.78,1.51,1.74,1.98,2.21,2.45,2.47,2.48,2.5,2.52,2.68,2.85,3.02,3.19,3.64,4.09,4.53,4.98,4.94,4.9,4.86,4.81,4.65,4.48,4.32,4.15,4.04,3.92,3.81,3.69,3.79,3.9,4.0,4.1,4.03,3.96,3.89,3.82,3.77,3.73,3.68,3.63,3.35,3.08,2.8,2.53,2.35,2.18,2.01,1.83,1.92,2.0,2.08,2.16,2.11,2.05,1.99,1.94,1.86,1.79,1.71,1.64,1.68,1.72,1.76,1.79,1.8,1.81,1.81,1.82,1.88,1.94,2.0,2.05,2.04,2.03,2.02,2.01,1.94,1.86,1.79,1.71,1.8,1.89,1.98,2.06,2.35,2.63,2.92,3.21,3.31,3.42,3.52,3.63,3.76,3.89,4.02,4.16,4.25,4.34,4.44,4.53,4.69,4.86,5.02,5.19,5.16,5.14,5.11,5.09,5.43,5.76,6.1,6.44,6.07,5.69,5.32,4.95,5.01,5.08,5.15,5.21,5.2,5.18,5.17,5.16,5.07,4.98,4.89,4.8,,
2017-07-26T00:00:00+00:00,1.08,0.84,0.59,0.51,0.43,0.35,0.27,0.78,1.28,1.79,2.3,2.14,1.98,1.82,1.66,1.51,1.36,1.21,1.06,1.34,1.63,1.91,2.2,2.49,2.78,3.06,3.35,3.39,3.43,3.47,3.51,3.75,3.99,4.23,4.47,4.62,4.77,4.92,5.07,5.02,4.97,4.93,4.88,4.91,4.94,4.97,5.0,5.04,5.08,5.12,5.16,5.07,4.98,4.88,4.79,4.79,4.79,4.79,4.79,4.66,4.53,4.4,4.27,4.06,3.85,3.64,3.43,3.38,3.33,3.28,3.23,3.25,3.27,3.29,3.31,3.44,3.58,3.71,3.84,3.95,4.06,4.16,4.27,4.38,4.5,4.62,4.74,4.58,4.42,4.27,4.11,3.98,3.85,3.72,3.59,3.65,3.71,3.77,3.83,3.82,3.81,3.8,3.79,3.53,3.27,3.02,2.76,2.53,2.29,2.06,1.83,1.75,1.67,1.59,1.51,1.37,1.24,1.1,0.97,1.16,1.36,1.55,1.75,2.19,2.63,3.08,3.52,3.84,4.16,4.49,4.81,4.93,5.05,5.17,5.29,5.12,4.96,4.79,4.63,4.92,5.21,5.5,5.8,5.71,5.63,5.54,5.46,5.5,5.55,5.6,5.65,5.5,5.35,5.2,5.05,5.0,4.95,4.9,4.84,4.6,4.36,4.11,3.87,,
2017-07-27T00:00:00+00:00,3.0,3.08,3.17,3.32,3.48,3.63,3.78,3.81,3.84,3.87,3.9,3.7,3.51,3.32,3.12,3.14,3.15,3.16,3.18,3.1,3.03,2.95,2.87,2.95,3.03,3.11,3.19,3.36,3.54,3.71,3.88,3.94,4.0,4.06,4.12,4.17,4.22,4.27,4.31,4.29,4.27,4.25,4.23,4.4,4.58,4.75,4.92,4.89,4.86,4.83,4.8,4.84,4.89,4.93,4.98,4.85,4.72,4.59,4.46,4.45,4.45,4.44,4.44,4.26,4.08,3.91,3.73,3.43,3.14,2.84,2.54,2.55,2.56,2.56,2.57,2.52,2.48,2.43,2.39,2.2,2.01,1.82,1.63,1.73,1.82,1.92,2.01,2.05,2.09,2.12,2.16,2.28,2.4,2.52,2.64,2.49,2.34,2.19,2.04,2.1,2.15,2.2,2.25,2.17,2.08,2.0,1.91,2.02,2.12,2.23,2.33,2.37,2.41,2.46,2.5,2.59,2.69,2.79,2.88,2.98,3.09,3.19,3.29,3.57,3.86,4.14,4.42,4.43,4.44,4.45,4.46,4.44,4.41,4.38,4.36,4.33,4.31,4.28,4.26,4.3,4.34,4.38,4.42,4.43,4.43,4.43,4.43,4.57,4.7,4.84,4.98,4.69,4.4,4.12,3.83,4.06,4.29,4.52,4.75,4.54,4.34,4.14,3.93,,
2017-07-28T00:00:00+00:00,1.74,1.85,1.96,2.04,2.13,2.21,2.3,2.08,1.86,1.63,1.41,1.58,1.76,1.93,2.1,2.17,2.23,2.3,2.37,2.57,2.76,2.96,3.15,3.13,3.11,3.09,3.07,3.2,3.33,3.47,3.6,3.62,3.64,3.66,3.68,3.97,4.26,4.56,4.85,4.78,4.72,4.65,4.59,4.62,4.65,4.68,4.71,4.76,4.82,4.87,4.93,4.95,4.98,5.0,5.03,4.87,4.71,4.55,4.39,4.37,4.36,4.35,4.34,3.96,3.58,3.19,2.81,2.73,2.66,2.59,2.51,2.66,2.81,2.96,3.11,3.06,3.02,2.98,2.93,2.95,2.98,3.0,3.02,3.04,3.07,3.1,3.12,3.06,3.0,2.94,2.88,3.1,3.31,3.53,3.75,3.78,3.81,3.84,3.87,3.93,4.0,4.07,4.14,4.09,4.04,4.0,3.95,3.88,3.82,3.75,3.69,3.76,3.83,3.89,3.96,3.88,3.8,3.71,3.63,3.57,3.52,3.46,3.4,3.41,3.42,3.44,3.45,3.6,3.76,3.91,4.06,4.17,4.28,4.39,4.49,4.63,4.77,4.91,5.06,5.13,5.21,5.29,5.37,5.42,5.47,5.52,5.57,5.35,5.13,4.91,4.69,4.7,4.71,4.71,4.72,4.32,3.92,3.53,3.13,3.02,2.91,2.8,2.68,,
2017-07-29T00:00:00+00:00,3.88,3.83,3.78,3.74,3.71,3.68,3.65,3.69,3.72,3.75,3.79,3.84,3.88,3.93,3.98,4.07,4.16,4.25,4.34,4.23,4.11,4.0,3.89,3.78,3.67,3.57,3.46,3.5,3.53,3.57,3.61,3.59,3.58,3.56,3.55,3.76,3.96,4.17,4.38,4.36,4.34,4.32,4.3,4.33,4.37,4.41,4.45,4.55,4.64,4.74,4.84,4.82,4.79,4.77,4.74,4.9,5.06,5.22,5.38,5.25,5.11,4.97,4.84,4.75,4.66,4.57,4.48,4.23,3.97,3.72,3.47,3.38,3.29,3.21,3.12,3.03,2.93,2.83,2.74,2.88,3.03,3.17,3.31,3.38,3.45,3.53,3.6,3.91,4.22,4.53,4.84,5.03,5.21,5.39,5.58,5.9,6.23,6.55,6.88,6.98,7.09,7.2,7.31,7.44,7.58,7.71,7.85,7.48,7.12,6.75,6.39,6.76,7.14,7.51,7.88,7.46,7.04,6.62,6.2,6.08,5.97,5.85,5.73,5.57,5.41,5.24,5.08,4.96,4.84,4.72,4.6,4.67,4.75,4.82,4.9,4.94,4.97,5.01,5.05,5.15,5.26,5.36,5.46,5.44,5.41,5.39,5.36,5.27,5.19,5.1,5.01,5.09,5.17,5.24,5.32,5.24,5.15,5.07,4.99,4.92,4.84,4.77,4.7,,
2017-07-30T00:00:00+00:00,4.75,4.83,4.91,5.26,5.6,5.95,6.29,6.11,5.93,5.75,5.56,5.89,6.22,6.56,6.89,6.75,6.62,6.48,6.35,6.79,7.24,7.69,8.14,7.79,7.44,7.09,6.74,6.8,6.87,6.93,6.99,6.94,6.88,6.82,6.77,6.75,6.73,6.71,6.69,6.51,6.32,6.13,5.95,6.06,6.17,6.29,6.4,6.28,6.15,6.03,5.9,5.82,5.74,5.66,5.58,5.44,5.29,5.14,5.0,4.87,4.74,4.62,4.49,4.34,4.2,4.05,3.9,3.62,3.34,3.06,2.78,2.65,2.52,2.38,2.25,2.29,2.33,2.36,2.4,2.33,2.25,2.18,2.11,2.35,2.6,2.84,3.08,3.0,2.92,2.84,2.76,2.67,2.59,2.5,2.42,2.33,2.25,2.16,2.07,1.96,1.84,1.73,1.62,1.56,1.5,1.44,1.38,1.37,1.36,1.34,1.33,1.47,1.6,1.74,1.87,1.87,1.86,1.86,1.85,1.96,2.07,2.18,2.28,2.19,2.09,1.99,1.89,1.97,2.05,2.13,2.21,2.26,2.31,2.36,2.41,2.36,2.31,2.26,2.21,2.21,2.22,2.22,2.23,2.17,2.1,2.04,1.98,2.0,2.02,2.04,2.05,2.06,2.07,2.08,2.09,1.98,1.88,1.77,1.67,1.72,1.77,1.82,1.88,,
2017-07-31T00:00:00+00:00,2.21,2.19,2.17,2.14,2.12,2.09,2.07,2.05,2.03,2.01,1.99,1.83,1.67,1.5,1.34,1.3,1.26,1.23,1.19,1.19,1.18,1.18,1.18,1.29,1.4,1.52,1.63,1.74,1.84,1.94,2.05,2.09,2.12,2.16,2.2,2.24,2.27,2.31,2.34,2.22,2.1,1.98,1.86,1.92,1.98,2.04,2.1,2.13,2.16,2.18,2.21,2.13,2.05,1.97,1.88,1.85,1.82,1.78,1.75,1.8,1.85,1.9,1.95,1.88,1.81,1.74,1.67,2.17,2.66,3.15,3.65,3.47,3.29,3.11,2.93,2.89,2.85,2.81,2.76,2.44,2.11,1.78,1.45,1.29,1.12,0.95,0.79,1.05,1.31,1.57,1.84,2.05,2.27,2.48,2.7,2.58,2.46,2.34,2.22,1.76,1.31,0.86,0.4,0.51,0.62,0.72,0.83,0.88,0.94,1.0,1.05,0.99,0.93,0.86,0.8,0.68,0.56,0.45,0.33,0.49,0.66,0.82,0.99,0.8,0.62,0.43,0.25,0.56,0.88,1.2,1.52,1.4,1.29,1.18,1.07,1.34,1.61,1.88,2.15,2.17,2.2,2.22,2.24,1.95,1.65,1.36,1.06,1.4,1.75,2.09,2.44,2.6,2.75,2.91,3.07,3.03,2.99,2.95,2.92,3.04,3.16,3.28,3.4,,
2017-08-01T00:00:00+00:00,1.87,1.94,2.01,1.9,1.8,1.69,1.59,1.86,2.13,2.41,2.68,2.31,1.94,1.57,1.2,1.03,0.87,0.7,0.54,0.57,0.6,0.63,0.66,1.01,1.37,1.73,2.09,1.71,1.34,0.96,0.59,0.59,0.59,0.58,0.58,0.89,1.2,1.51,1.81,1.92,2.03,2.14,2.25,2.01,1.77,1.52,1.28,1.33,1.38,1.42,1.47,1.6,1.72,1.85,1.98,1.92,1.86,1.8,1.74,2.03,2.32,2.61,2.9,3.3,3.7,4.1,4.5,4.5,4.51,4.51,4.52,4.54,4.55,4.57,4.59,4.57,4.55,4.53,4.51,4.23,3.95,3.66,3.38,2.99,2.59,2.2,1.8,1.76,1.72,1.68,1.64,1.49,1.34,1.19,1.04,0.95,0.86,0.77,0.68,0.65,0.62,0.59,0.56,0.68,0.81,0.94,1.07,1.16,1.26,1.35,1.45,1.46,1.48,1.5,1.52,1.56,1.6,1.64,1.68,1.94,2.19,2.45,2.71,2.91,3.11,3.3,3.5,3.56,3.61,3.67,3.72,3.78,3.84,3.9,3.96,3.97,3.98,3.99,4.01,4.06,4.12,4.17,4.23,4.14,4.05,3.95,3.86,3.84,3.81,3.79,3.76,3.77,3.78,3.78,3.79,3.76,3.74,3.71,3.68,3.64,3.6,3.56,3.53,,
2017-08-02T00:00:00+00:00,0.97,1.13,1.29,1.4,1.51,1.63,1.74,1.59,1.44,1.29,1.15,1.15,1.15,1.16,1.16,1.25,1.34,1.42,1.51,1.62,1.72,1.82,1.92,2.15,2.37,2.59,2.81,2.92,3.03,3.15,3.26,3.27,3.27,3.28,3.29,3.33,3.36,3.4,3.44,3.53,3.61,3.7,3.79,3.66,3.54,3.41,3.29,3.49,3.69,3.88,4.08,3.81,3.55,3.28,3.02,3.28,3.54,3.81,4.07,3.88,3.69,3.5,3.31,3.03,2.76,2.48,2.21,2.17,2.13,2.1,2.06,2.02,1.99,1.96,1.93,2.07,2.21,2.36,2.5,2.54,2.58,2.63,2.67,3.01,3.34,3.68,4.01,4.16,4.3,4.45,4.6,4.74,4.88,5.02,5.16,4.99,4.81,4.63,4.46,4.39,4.32,4.26,4.19,4.34,4.49,4.63,4.78,4.72,4.67,4.61,4.55,4.48,4.4,4.33,4.25,4.4,4.55,4.69,4.84,4.97,5.09,5.21,5.34,5.49,5.64,5.79,5.93,6.27,6.61,6.95,7.29,7.35,7.4,7.46,7.51,7.62,7.73,7.83,7.94,7.67,7.39,7.12,6.85,6.89,6.93,6.97,7.0,6.93,6.85,6.78,6.7,6.6,6.49,6.39,6.28,6.02,5.77,5.51,5.25,5.03,4.82,4.6,4.39,,
2017-08-03T00:00:00+00:00,3.83,3.9,3.97,4.01,4.06,4.1,4.15,4.05,3.95,3.85,3.75,3.83,3.92,4.01,4.09,4.41,4.73,5.04,5.36,5.16,4.96,4.75,4.55,4.8,5.05,5.3,5.56,5.61,5.67,5.73,5.79,6.48,7.17,7.87,8.56,8.1,7.64,7.18,6.72,6.88,7.04,7.2,7.36,7.28,7.19,7.1,7.02,6.8,6.58,6.37,6.15,6.09,6.02,5.96,5.89,5.83,5.77,5.71,5.65,5.51,5.37,5.23,5.08,5.02,4.95,4.89,4.82,4.67,4.52,4.37,4.21,4.02,3.82,3.62,3.43,3.38,3.34,3.3,3.25,3.43,3.61,3.79,3.97,3.91,3.86,3.8,3.74,3.66,3.57,3.49,3.41,3.33,3.24,3.15,3.07,3.13,3.19,3.25,3.31,3.43,3.54,3.66,3.78,3.85,3.93,4.0,4.07,3.98,3.88,3.78,3.69,3.75,3.8,3.86,3.92,4.03,4.14,4.24,4.35,4.43,4.51,4.59,4.66,4.64,4.62,4.6,4.58,4.62,4.66,4.7,4.74,4.66,4.59,4.51,4.43,4.49,4.54,4.6,4.66,4.6,4.54,4.48,4.42,4.37,4.32,4.26,4.21,4.28,4.36,4.43,4.5,4.47,4.44,4.41,4.38,4.11,3.84,3.57,3.3,3.2,3.1,3.0,2.91,,
2017-08-04T00:00:00+00:00,3.43,3.37,3.31,3.41,3.5,3.6,3.69,3.71,3.73,3.74,3.76,3.78,3.79,3.81,3.83,3.94,4.05,4.16,4.27,4.48,4.68,4.88,5.09,5.02,4.95,4.89,4.82,4.92,5.01,5.1,5.2,5.2,5.21,5.22,5.22,5.19,5.16,5.13,5.09,5.13,5.16,5.19,5.23,5.14,5.06,4.98,4.89,4.9,4.91,4.92,4.93,4.95,4.98,5.0,5.03,4.94,4.85,4.77,4.68,4.44,4.2,3.96,3.72,3.59,3.46,3.33,3.2,3.37,3.53,3.7,3.87,3.59,3.32,3.05,2.77,2.61,2.45,2.28,2.12,2.11,2.1,2.1,2.09,2.05,2.02,1.98,1.95,1.89,1.83,1.77,1.71,1.64,1.58,1.51,1.44,1.45,1.47,1.48,1.5,1.91,2.31,2.71,3.12,2.9,2.69,2.47,2.26,2.23,2.2,2.17,2.15,2.27,2.4,2.53,2.66,2.6,2.54,2.48,2.41,2.66,2.91,3.16,3.41,3.49,3.58,3.67,3.76,3.78,3.81,3.83,3.86,3.91,3.96,4.01,4.06,4.08,4.1,4.13,4.15,4.19,4.23,4.26,4.3,4.36,4.42,4.49,4.55,4.54,4.53,4.52,4.52,4.57,4.63,4.68,4.74,4.47,4.21,3.94,3.67,3.71,3.74,3.78,3.81,,
2017-08-05T00:00:00+00:00,1.38,1.14,0.89,1.01,1.13,1.25,1.36,1.51,1.66,1.81,1.96,2.06,2.15,2.25,2.34,2.61,2.89,3.16,3.43,3.31,3.2,3.09,2.97,3.33,3.68,4.04,4.4,4.42,4.44,4.45,4.47,4.39,4.31,4.23,4.15,4.3,4.45,4.59,4.74,5.09,5.44,5.8,6.15,5.73,5.32,4.91,4.49,4.67,4.85,5.03,5.22,5.01,4.8,4.59,4.38,4.48,4.59,4.69,4.79,4.69,4.59,4.49,4.39,4.66,4.92,5.19,5.46,5.21,4.96,4.72,4.47,4.44,4.41,4.37,4.34,4.32,4.3,4.28,4.26,4.17,4.07,3.97,3.87,3.68,3.5,3.31,3.12,3.04,2.96,2.88,2.8,2.71,2.61,2.52,2.43,2.49,2.56,2.63,2.69,2.64,2.59,2.53,2.48,2.38,2.28,2.19,2.09,1.93,1.78,1.62,1.47,1.59,1.71,1.84,1.96,1.91,1.87,1.82,1.77,1.81,1.86,1.9,1.94,1.91,1.88,1.84,1.81,1.73,1.64,1.56,1.48,1.54,1.61,1.67,1.74,1.75,1.77,1.78,1.8,1.8,1.8,1.8,1.8,1.83,1.86,1.89,1.92,1.96,2.0,2.03,2.07,2.1,2.12,2.15,2.17,2.14,2.11,2.08,2.06,1.99,1.93,1.87,1.81,,
2017-08-06T00:00:00+00:00,1.85,1.8,1.76,1.75,1.74,1.73,1.72,1.84,1.95,2.07,2.18,2.23,2.29,2.34,2.39,2.22,2.05,1.87,1.7,1.45,1.21,0.97,0.73,0.79,0.85,0.91,0.97,1.14,1.3,1.47,1.64,1.73,1.83,1.92,2.01,1.95,1.89,1.82,1.76,1.75,1.73,1.72,1.7,1.67,1.64,1.6,1.57,1.51,1.45,1.38,1.32,1.19,1.05,0.92,0.78,0.74,0.69,0.64,0.59,0.6,0.6,0.61,0.62,0.91,1.2,1.49,1.78,1.8,1.81,1.82,1.83,1.88,1.93,1.97,2.02,2.24,2.46,2.68,2.91,2.9,2.89,2.89,2.88,2.93,2.98,3.03,3.09,3.09,3.1,3.11,3.12,3.03,2.94,2.86,2.77,2.66,2.56,2.45,2.34,2.22,2.09,1.97,1.85,1.89,1.93,1.98,2.02,2.06,2.1,2.15,2.19,2.25,2.3,2.35,2.41,2.5,2.6,2.69,2.79,2.87,2.95,3.03,3.12,2.88,2.64,2.4,2.16,2.02,1.89,1.75,1.62,1.65,1.69,1.73,1.77,1.68,1.59,1.5,1.41,1.63,1.85,2.07,2.29,2.34,2.39,2.44,2.49,2.37,2.25,2.14,2.02,2.11,2.2,2.3,2.39,2.33,2.27,2.21,2.16,2.05,1.94,1.83,1.73,,
2017-08-07T00:00:00+00:00,1.99,1.94,1.9,1.89,1.89,1.88,1.88,1.89,1.9,1.92,1.93,2.02,2.1,2.19,2.28,2.19,2.11,2.03,1.94,1.95,1.96,1.96,1.97,1.83,1.7,1.56,1.42,1.35,1.27,1.2,1.13,1.06,1.0,0.93,0.87,0.93,1.0,1.06,1.13,1.28,1.44,1.59,1.75,1.76,1.77,1.79,1.8,1.9,2.0,2.09,2.19,2.07,1.95,1.83,1.71,1.48,1.25,1.02,0.79,0.68,0.57,0.46,0.35,0.58,0.81,1.03,1.26,1.9,2.54,3.18,3.82,3.92,4.03,4.13,4.24,4.18,4.12,4.07,4.01,3.95,3.89,3.83,3.76,3.87,3.97,4.08,4.18,4.0,3.81,3.62,3.44,3.47,3.51,3.54,3.58,3.42,3.27,3.11,2.95,3.1,3.25,3.39,3.54,3.24,2.93,2.63,2.32,2.41,2.49,2.58,2.66,2.36,2.06,1.76,1.46,1.58,1.7,1.82,1.95,1.94,1.92,1.91,1.9,2.25,2.59,2.94,3.28,3.25,3.21,3.18,3.14,3.51,3.89,4.26,4.63,4.81,4.99,5.17,5.35,4.49,3.64,2.78,1.93,1.96,2.0,2.03,2.07,2.08,2.09,2.1,2.11,1.83,1.55,1.27,0.99,1.24,1.48,1.72,1.96,2.31,2.65,2.99,3.34,,
2017-08-08T00:00:00+00:00,2.09,2.08,2.08,2.06,2.05,2.03,2.02,2.09,2.17,2.24,2.32,2.7,3.09,3.48,3.86,3.81,3.76,3.7,3.65,3.67,3.69,3.71,3.73,3.64,3.54,3.45,3.35,3.34,3.32,3.31,3.29,3.19,3.09,2.99,2.89,2.92,2.96,2.99,3.02,3.1,3.18,3.26,3.34,3.44,3.55,3.65,3.76,3.41,3.07,2.73,2.39,2.16,1.94,1.72,1.49,1.39,1.29,1.18,1.08,1.12,1.15,1.18,1.22,1.96,2.7,3.45,4.19,3.93,3.67,3.41,3.15,2.88,2.61,2.34,2.07,1.95,1.83,1.71,1.59,1.56,1.52,1.49,1.46,1.43,1.4,1.37,1.34,1.43,1.51,1.6,1.69,1.98,2.28,2.58,2.88,2.99,3.1,3.2,3.31,3.16,3.01,2.86,2.7,2.98,3.25,3.52,3.8,3.74,3.68,3.61,3.55,3.6,3.66,3.71,3.76,3.76,3.76,3.76,3.76,3.76,3.76,3.76,3.76,3.7,3.63,3.57,3.5,3.68,3.86,4.04,4.22,4.31,4.4,4.49,4.57,4.52,4.46,4.4,4.34,4.11,3.89,3.66,3.44,4.01,4.58,5.15,5.73,5.57,5.4,5.24,5.08,5.04,4.99,4.95,4.9,4.86,4.82,4.78,4.74,4.83,4.91,5.0,5.09,,
2017-08-09T00:00:00+00:00,1.81,1.85,1.89,2.07,2.24,2.42,2.6,2.57,2.55,2.52,2.5,2.55,2.6,2.65,2.7,2.65,2.6,2.55,2.5,2.19,1.89,1.58,1.28,1.42,1.55,1.69,1.83,1.96,2.09,2.21,2.34,2.35,2.36,2.37,2.39,2.13,1.88,1.62,1.36,2.44,3.52,4.59,5.67,4.66,3.65,2.64,1.63,2.27,2.92,3.57,4.22,3.31,2.39,1.48,0.56,0.75,0.95,1.14,1.33,1.26,1.2,1.13,1.06,0.94,0.83,0.71,0.59,0.63,0.66,0.7,0.73,0.99,1.24,1.49,1.74,1.76,1.77,1.78,1.8,1.92,2.05,2.17,2.3,2.09,1.89,1.68,1.48,1.49,1.49,1.5,1.51,1.28,1.05,0.82,0.58,0.89,1.2,1.51,1.82,1.73,1.65,1.57,1.48,1.67,1.86,2.06,2.25,2.1,1.95,1.8,1.65,1.61,1.56,1.52,1.47,1.64,1.81,1.98,2.15,2.09,2.02,1.96,1.9,1.89,1.88,1.87,1.86,1.69,1.53,1.37,1.21,1.43,1.65,1.87,2.09,2.09,2.09,2.09,2.08,2.04,1.99,1.94,1.89,2.62,3.34,4.07,4.8,3.95,3.11,2.27,1.43,2.52,3.6,4.69,5.78,5.34,4.91,4.47,4.04,4.29,4.53,4.78,5.03,,
2017-08-10T00:00:00+00:00,1.68,1.77,1.87,1.73,1.6,1.46,1.32,1.16,0.99,0.83,0.67,0.77,0.87,0.97,1.07,1.01,0.95,0.9,0.84,0.9,0.97,1.03,1.09,0.91,0.73,0.55,0.37,0.4,0.42,0.45,0.48,1.19,1.9,2.61,3.33,3.08,2.84,2.59,2.35,2.23,2.11,1.99,1.87,1.82,1.77,1.72,1.67,1.71,1.75,1.79,1.82,1.79,1.75,1.71,1.67,1.85,2.02,2.2,2.37,2.7,3.03,3.35,3.68,3.02,2.37,1.71,1.05,1.73,2.41,3.09,3.77,3.65,3.52,3.4,3.27,3.09,2.91,2.73,2.55,2.5,2.46,2.42,2.37,2.4,2.44,2.47,2.5,2.5,2.51,2.51,2.52,2.66,2.81,2.95,3.1,3.15,3.21,3.27,3.32,3.38,3.44,3.49,3.55,3.58,3.6,3.63,3.66,3.81,3.97,4.12,4.28,4.11,3.93,3.76,3.59,3.67,3.74,3.82,3.89,3.84,3.78,3.72,3.67,3.51,3.35,3.19,3.02,3.05,3.07,3.09,3.11,3.01,2.9,2.79,2.69,3.09,3.49,3.9,4.3,3.64,2.99,2.33,1.67,2.5,3.32,4.15,4.97,4.98,4.98,4.99,4.99,4.62,4.24,3.87,3.49,3.04,2.6,2.15,1.71,2.19,2.67,3.15,3.64,,
2017-08-11T00:00:00+00:00,2.27,2.28,2.29,2.21,2.13,2.05,1.97,2.05,2.14,2.22,2.3,2.18,2.05,1.92,1.8,1.82,1.84,1.86,1.88,1.71,1.54,1.37,1.2,1.49,1.77,2.06,2.35,2.17,2.0,1.82,1.64,1.83,2.02,2.22,2.41,2.62,2.83,3.05,3.26,3.09,2.91,2.73,2.55,2.8,3.05,3.3,3.55,3.42,3.29,3.17,3.04,3.52,4.0,4.48,4.96,4.33,3.7,3.08,2.45,2.72,2.99,3.26,3.53,3.36,3.19,3.01,2.84,2.48,2.13,1.77,1.41,1.67,1.93,2.19,2.45,2.56,2.67,2.78,2.89,3.07,3.24,3.42,3.59,3.19,2.8,2.4,2.0,1.92,1.84,1.76,1.69,1.76,1.84,1.92,1.99,2.15,2.31,2.46,2.62,2.69,2.77,2.85,2.93,3.03,3.13,3.23,3.33,3.26,3.2,3.13,3.06,3.16,3.25,3.34,3.44,3.52,3.6,3.67,3.75,3.74,3.73,3.72,3.71,3.99,4.26,4.54,4.82,4.76,4.69,4.63,4.57,4.53,4.49,4.46,4.42,4.57,4.71,4.86,5.0,4.83,4.65,4.47,4.3,4.08,3.86,3.65,3.43,3.32,3.21,3.1,2.99,3.41,3.82,4.23,4.64,4.58,4.52,4.47,4.41,3.94,3.46,2.99,2.52,,
2017-08-12T00:00:00+00:00,2.11,2.39,2.66,2.63,2.59,2.55,2.51,2.59,2.67,2.75,2.83,3.07,3.31,3.55,3.79,3.67,3.56,3.44,3.32,3.46,3.59,3.73,3.86,3.98,4.09,4.2,4.31,4.38,4.44,4.5,4.56,4.68,4.79,4.91,5.02,5.1,5.18,5.26,5.33,5.45,5.56,5.68,5.79,5.61,5.43,5.25,5.07,4.72,4.36,4.0,3.64,4.06,4.47,4.89,5.31,5.34,5.37,5.4,5.43,5.37,5.3,5.24,5.17,4.85,4.53,4.21,3.89,3.81,3.73,3.64,3.56,3.35,3.14,2.93,2.72,2.51,2.3,2.09,1.88,1.97,2.06,2.15,2.24,2.32,2.39,2.47,2.55,2.28,2.01,1.74,1.47,1.43,1.4,1.36,1.32,1.4,1.48,1.56,1.64,1.76,1.88,2.0,2.12,2.01,1.9,1.79,1.68,1.71,1.74,1.77,1.8,1.7,1.61,1.51,1.41,1.39,1.37,1.35,1.33,1.31,1.29,1.27,1.25,1.13,1.01,0.89,0.77,0.64,0.5,0.36,0.23,0.38,0.54,0.69,0.85,0.99,1.14,1.28,1.43,1.45,1.48,1.51,1.54,1.58,1.62,1.65,1.69,1.7,1.71,1.72,1.73,2.07,2.4,2.74,3.08,2.81,2.53,2.26,1.99,1.87,1.74,1.61,1.49,,
2017-08-13T00:00:00+00:00,1.32,1.4,1.49,1.55,1.62,1.69,1.76,1.8,1.84,1.88,1.92,1.93,1.94,1.95,1.96,1.86,1.76,1.66,1.56,1.61,1.66,1.72,1.77,1.77,1.78,1.78,1.79,1.7,1.6,1.51,1.41,1.44,1.46,1.48,1.5,1.58,1.66,1.74,1.82,1.75,1.68,1.61,1.54,1.53,1.53,1.52,1.51,1.51,1.5,1.49,1.48,1.51,1.54,1.57,1.6,1.57,1.53,1.49,1.46,1.46,1.47,1.48,1.48,1.57,1.65,1.73,1.82,1.7,1.58,1.47,1.35,1.34,1.33,1.32,1.32,1.58,1.83,2.09,2.35,2.08,1.82,1.55,1.28,1.41,1.54,1.67,1.8,1.61,1.42,1.23,1.04,1.31,1.58,1.85,2.12,1.81,1.51,1.2,0.9,1.19,1.48,1.77,2.06,1.92,1.77,1.63,1.49,1.62,1.75,1.88,2.01,1.72,1.44,1.15,0.86,0.97,1.09,1.21,1.32,1.5,1.67,1.84,2.02,2.12,2.22,2.32,2.42,2.33,2.24,2.15,2.06,2.18,2.29,2.41,2.52,2.7,2.87,3.04,3.21,2.94,2.67,2.4,2.13,2.13,2.13,2.12,2.12,1.98,1.83,1.68,1.54,1.53,1.52,1.51,1.51,1.32,1.13,0.94,0.76,0.87,0.98,1.1,1.21,,
2017-08-14T00:00:00+00:00,0.81,0.44,0.07,0.24,0.41,0.59,0.76,0.72,0.67,0.62,0.58,0.53,0.49,0.45,0.41,0.53,0.65,0.77,0.89,1.01,1.13,1.26,1.38,1.41,1.44,1.46,1.49,1.43,1.38,1.32,1.27,1.28,1.3,1.32,1.34,1.43,1.53,1.62,1.71,1.79,1.87,1.96,2.04,2.11,2.18,2.26,2.33,2.23,2.12,2.01,1.91,1.81,1.71,1.62,1.52,1.74,1.95,2.16,2.38,2.31,2.23,2.16,2.09,1.95,1.82,1.68,1.55,1.61,1.68,1.74,1.8,1.99,2.18,2.37,2.56,2.48,2.41,2.33,2.26,2.2,2.14,2.08,2.02,2.16,2.29,2.43,2.56,2.34,2.12,1.91,1.69,1.82,1.96,2.1,2.23,2.43,2.64,2.84,3.04,4.32,5.6,6.87,8.15,7.18,6.21,5.23,4.26,4.54,4.83,5.11,5.4,5.12,4.85,4.58,4.31,4.41,4.51,4.62,4.72,4.53,4.34,4.15,3.96,3.64,3.32,3.0,2.68,2.71,2.73,2.75,2.78,2.86,2.93,3.01,3.09,3.0,2.91,2.82,2.72,2.86,3.01,3.15,3.29,3.09,2.9,2.7,2.51,2.67,2.84,3.01,3.18,3.19,3.2,3.21,3.22,3.06,2.9,2.74,2.58,2.74,2.91,3.07,3.24,,
2017-08-15T00:00:00+00:00,2.42,2.48,2.53,2.33,2.12,1.92,1.71,2.4,3.08,3.77,4.45,4.37,4.28,4.2,4.12,4.1,4.08,4.07,4.05,3.97,3.89,3.81,3.74,3.41,3.08,2.75,2.42,2.38,2.33,2.29,2.24,2.5,2.76,3.03,3.29,3.69,4.08,4.48,4.88,5.03,5.19,5.35,5.5,5.35,5.2,5.05,4.9,4.9,4.9,4.91,4.91,4.66,4.42,4.17,3.93,4.01,4.09,4.18,4.26,3.87,3.48,3.09,2.7,2.78,2.86,2.95,3.03,2.71,2.39,2.07,1.75,1.91,2.07,2.22,2.38,2.45,2.52,2.59,2.67,2.63,2.6,2.57,2.53,2.19,1.85,1.51,1.17,1.19,1.21,1.23,1.25,1.4,1.54,1.69,1.84,1.84,1.85,1.85,1.86,2.01,2.16,2.31,2.45,2.38,2.31,2.23,2.16,1.95,1.74,1.54,1.33,1.42,1.51,1.6,1.68,1.63,1.58,1.53,1.47,1.55,1.63,1.7,1.78,1.68,1.57,1.46,1.36,1.34,1.33,1.32,1.31,1.36,1.41,1.46,1.51,1.2,0.89,0.58,0.27,0.49,0.71,0.92,1.14,0.98,0.82,0.66,0.5,1.09,1.68,2.27,2.86,2.43,2.01,1.58,1.15,0.92,0.68,0.44,0.2,0.92,1.64,2.36,3.08,,
2017-08-16T00:00:00+00:00,1.92,2.11,2.3,2.28,2.25,2.23,2.21,2.26,2.31,2.37,2.42,2.1,1.78,1.46,1.14,1.13,1.12,1.12,1.11,1.16,1.21,1.26,1.31,1.24,1.17,1.11,1.04,1.09,1.14,1.19,1.24,1.25,1.25,1.26,1.26,1.42,1.58,1.74,1.9,1.78,1.67,1.55,1.44,1.53,1.62,1.7,1.79,1.91,2.02,2.14,2.25,2.25,2.25,2.26,2.26,2.34,2.43,2.51,2.59,2.7,2.8,2.91,3.01,2.79,2.57,2.35,2.13,2.23,2.34,2.44,2.55,2.46,2.37,2.27,2.18,2.32,2.46,2.61,2.75,2.6,2.46,2.31,2.17,2.15,2.13,2.11,2.09,2.31,2.53,2.74,2.96,2.94,2.92,2.89,2.87,2.82,2.78,2.73,2.68,2.74,2.8,2.86,2.92,3.03,3.15,3.27,3.39,3.39,3.4,3.4,3.41,3.54,3.68,3.81,3.95,4.06,4.16,4.27,4.38,4.33,4.29,4.24,4.19,4.31,4.43,4.55,4.67,4.61,4.56,4.5,4.44,4.7,4.96,5.22,5.48,5.58,5.69,5.79,5.89,5.98,6.06,6.15,6.23,6.31,6.39,6.47,6.55,6.41,6.27,6.13,5.98,6.01,6.04,6.06,6.09,6.04,5.99,5.95,5.9,5.21,4.52,3.84,3.15,,
2017-08-17T00:00:00+00:00,2.29,2.4,2.5,2.46,2.42,2.38,2.33,2.45,2.56,2.68,2.79,2.93,3.07,3.21,3.35,3.46,3.57,3.68,3.79,3.94,4.09,4.25,4.4,4.44,4.48,4.51,4.55,4.54,4.54,4.53,4.53,4.53,4.53,4.54,4.54,4.74,4.93,5.12,5.32,5.09,4.85,4.62,4.39,4.54,4.69,4.84,5.0,4.8,4.61,4.42,4.22,4.47,4.71,4.95,5.2,5.22,5.25,5.28,5.31,5.12,4.92,4.73,4.53,4.52,4.52,4.51,4.5,4.57,4.64,4.7,4.77,4.68,4.58,4.48,4.38,4.32,4.25,4.18,4.11,4.09,4.06,4.04,4.02,4.07,4.13,4.18,4.24,4.21,4.18,4.15,4.12,4.14,4.16,4.18,4.21,4.28,4.35,4.43,4.5,4.38,4.25,4.13,4.0,4.06,4.11,4.16,4.22,4.15,4.07,4.0,3.93,3.74,3.56,3.38,3.2,3.01,2.82,2.63,2.45,2.53,2.62,2.71,2.8,2.74,2.67,2.6,2.53,2.57,2.61,2.65,2.69,2.48,2.27,2.06,1.85,1.89,1.93,1.97,2.0,2.22,2.44,2.65,2.87,2.96,3.06,3.15,3.24,3.19,3.14,3.09,3.04,3.07,3.1,3.13,3.16,2.91,2.67,2.42,2.18,2.59,3.0,3.41,3.82,,
2017-08-18T00:00:00+00:00,3.19,3.27,3.34,3.35,3.36,3.37,3.38,3.4,3.42,3.45,3.47,3.11,2.74,2.38,2.01,2.0,1.98,1.97,1.95,1.83,1.7,1.58,1.46,1.74,2.02,2.3,2.58,2.82,3.05,3.28,3.52,3.51,3.49,3.48,3.46,3.44,3.41,3.39,3.36,3.64,3.93,4.21,4.49,4.33,4.18,4.02,3.87,3.97,4.06,4.16,4.26,4.37,4.47,4.58,4.69,4.68,4.67,4.66,4.65,4.4,4.15,3.91,3.66,3.61,3.57,3.52,3.47,3.7,3.92,4.15,4.37,3.98,3.59,3.19,2.8,2.94,3.08,3.22,3.37,3.1,2.83,2.56,2.29,2.18,2.08,1.97,1.87,1.91,1.95,1.99,2.03,2.06,2.08,2.1,2.13,2.1,2.08,2.06,2.04,2.24,2.45,2.66,2.87,2.91,2.95,3.0,3.04,3.09,3.13,3.18,3.23,3.14,3.05,2.97,2.88,2.94,2.99,3.05,3.11,3.28,3.45,3.62,3.8,3.81,3.82,3.83,3.84,3.87,3.89,3.92,3.94,3.95,3.95,3.95,3.95,3.96,3.96,3.97,3.98,4.3,4.62,4.94,5.27,4.87,4.47,4.07,3.67,3.65,3.62,3.59,3.56,3.7,3.83,3.97,4.11,3.83,3.55,3.27,2.98,3.09,3.2,3.31,3.41,,
2017-08-19T00:00:00+00:00,2.69,2.7,2.72,2.75,2.79,2.82,2.85,2.89,2.94,2.98,3.02,3.08,3.14,3.2,3.26,3.32,3.38,3.43,3.49,3.7,3.9,4.1,4.31,4.19,4.06,3.94,3.82,3.87,3.93,3.98,4.03,4.09,4.14,4.19,4.24,4.21,4.17,4.13,4.1,4.08,4.07,4.06,4.04,4.06,4.09,4.11,4.13,4.1,4.07,4.05,4.02,3.86,3.71,3.56,3.4,3.75,4.09,4.43,4.78,4.15,3.53,2.91,2.29,2.06,1.83,1.61,1.38,1.56,1.74,1.92,2.1,1.96,1.82,1.67,1.53,1.86,2.18,2.5,2.83,2.43,2.04,1.65,1.26,1.23,1.21,1.19,1.17,1.26,1.34,1.43,1.52,1.55,1.58,1.61,1.65,1.67,1.69,1.72,1.74,1.79,1.84,1.89,1.94,1.96,1.98,2.0,2.02,2.0,1.99,1.97,1.95,1.95,1.95,1.94,1.94,1.91,1.88,1.85,1.82,1.89,1.97,2.05,2.13,2.22,2.31,2.4,2.49,2.47,2.45,2.43,2.41,2.42,2.43,2.44,2.45,2.43,2.41,2.38,2.36,2.39,2.42,2.45,2.48,2.48,2.49,2.49,2.5,2.49,2.48,2.46,2.45,2.53,2.61,2.68,2.76,2.66,2.55,2.44,2.34,2.2,2.07,1.94,1.8,,
2017-08-20T00:00:00+00:00,1.72,1.65,1.57,1.67,1.77,1.87,1.97,1.92,1.88,1.84,1.8,1.82,1.84,1.86,1.88,1.81,1.73,1.66,1.59,1.6,1.62,1.63,1.65,1.62,1.59,1.56,1.52,1.51,1.49,1.47,1.46,1.51,1.57,1.63,1.69,1.81,1.94,2.07,2.19,2.2,2.21,2.22,2.23,2.23,2.23,2.23,2.23,2.19,2.14,2.1,2.06,2.1,2.14,2.18,2.23,2.17,2.12,2.07,2.02,2.04,2.07,2.09,2.12,2.1,2.08,2.07,2.05,1.76,1.46,1.17,0.88,0.77,0.66,0.54,0.43,0.47,0.51,0.54,0.58,0.59,0.6,0.61,0.62,0.62,0.61,0.61,0.61,0.69,0.76,0.84,0.92,0.71,0.5,0.28,0.07,0.21,0.35,0.49,0.62,0.65,0.68,0.7,0.73,0.99,1.24,1.5,1.76,1.82,1.88,1.94,1.99,2.08,2.17,2.26,2.35,2.36,2.37,2.39,2.4,2.39,2.38,2.37,2.36,2.5,2.65,2.8,2.94,3.0,3.06,3.12,3.18,3.12,3.06,3.0,2.94,2.76,2.58,2.4,2.22,2.11,2.0,1.89,1.77,1.62,1.47,1.31,1.16,1.23,1.29,1.36,1.43,1.39,1.36,1.33,1.29,1.46,1.63,1.8,1.96,2.01,2.05,2.09,2.14,,
2017-08-21T00:00:00+00:00,1.4,1.47,1.54,1.57,1.61,1.65,1.68,1.77,1.86,1.95,2.03,2.0,1.96,1.92,1.88,1.93,1.98,2.03,2.08,2.12,2.15,2.18,2.21,2.33,2.45,2.57,2.69,2.52,2.35,2.18,2.01,2.14,2.27,2.4,2.53,2.48,2.44,2.39,2.35,2.48,2.61,2.75,2.88,2.75,2.62,2.5,2.37,2.3,2.22,2.15,2.08,1.85,1.63,1.41,1.18,1.23,1.28,1.32,1.37,1.3,1.23,1.16,1.09,1.21,1.33,1.45,1.57,1.46,1.35,1.25,1.14,1.42,1.7,1.99,2.27,2.02,1.77,1.52,1.26,1.22,1.18,1.14,1.09,1.22,1.35,1.48,1.61,1.64,1.67,1.7,1.73,1.69,1.64,1.6,1.56,1.67,1.78,1.89,1.99,1.88,1.76,1.65,1.53,1.55,1.57,1.59,1.6,1.61,1.61,1.61,1.61,1.57,1.53,1.49,1.45,1.5,1.54,1.58,1.63,1.65,1.68,1.7,1.72,1.81,1.9,1.98,2.07,2.21,2.35,2.49,2.64,2.57,2.5,2.43,2.36,2.3,2.25,2.19,2.13,2.17,2.2,2.24,2.28,2.38,2.48,2.58,2.69,2.78,2.88,2.98,3.07,3.14,3.21,3.28,3.35,3.59,3.82,4.05,4.29,4.15,4.01,3.87,3.73,,
2017-08-22T00:00:00+00:00,1.32,1.39,1.46,1.41,1.36,1.31,1.26,1.26,1.27,1.27,1.28,1.46,1.63,1.81,1.99,1.95,1.92,1.88,1.84,1.72,1.6,1.48,1.35,1.39,1.43,1.48,1.52,1.71,1.9,2.09,2.28,2.35,2.41,2.47,2.54,2.48,2.43,2.37,2.32,2.28,2.23,2.19,2.15,2.08,2.0,1.93,1.85,1.84,1.83,1.83,1.82,2.06,2.29,2.53,2.77,2.9,3.04,3.18,3.32,3.09,2.87,2.64,2.42,2.48,2.55,2.62,2.68,3.03,3.37,3.72,4.07,3.89,3.72,3.55,3.37,3.3,3.23,3.15,3.08,3.12,3.17,3.21,3.25,3.1,2.95,2.8,2.65,2.7,2.74,2.79,2.83,2.91,2.99,3.07,3.14,3.12,3.1,3.09,3.07,3.06,3.05,3.04,3.03,2.85,2.68,2.5,2.32,2.18,2.04,1.89,1.75,1.87,1.98,2.1,2.22,2.73,3.24,3.75,4.27,4.54,4.81,5.08,5.35,5.27,5.2,5.13,5.06,5.03,5.01,4.98,4.96,4.86,4.76,4.66,4.56,4.66,4.76,4.85,4.95,4.82,4.69,4.55,4.42,4.38,4.33,4.29,4.25,4.12,4.0,3.87,3.75,3.81,3.88,3.94,4.0,3.97,3.93,3.89,3.85,3.67,3.5,3.32,3.15,,
2017-08-23T00:00:00+00:00,2.5,2.37,2.23,2.09,1.94,1.8,1.65,1.64,1.64,1.63,1.62,1.54,1.45,1.36,1.27,1.21,1.15,1.09,1.03,1.13,1.22,1.32,1.41,1.66,1.92,2.17,2.42,2.73,3.03,3.34,3.64,3.81,3.98,4.14,4.31,4.25,4.19,4.13,4.07,4.04,4.02,3.99,3.97,3.94,3.91,3.88,3.84,3.66,3.48,3.3,3.12,3.41,3.7,4.0,4.29,4.14,3.99,3.84,3.69,3.59,3.5,3.41,3.31,3.17,3.03,2.89,2.75,2.88,3.02,3.15,3.29,3.49,3.7,3.9,4.11,4.05,3.99,3.93,3.87,3.49,3.11,2.72,2.34,2.18,2.02,1.85,1.69,1.51,1.33,1.15,0.97,0.97,0.97,0.96,0.96,1.07,1.17,1.28,1.39,1.43,1.48,1.52,1.56,1.67,1.77,1.87,1.97,1.84,1.72,1.59,1.46,1.29,1.11,0.94,0.76,0.72,0.68,0.64,0.59,0.62,0.64,0.66,0.68,0.66,0.63,0.61,0.59,0.56,0.53,0.5,0.47,0.6,0.72,0.84,0.96,1.08,1.19,1.31,1.42,1.43,1.43,1.43,1.43,1.47,1.5,1.54,1.57,1.54,1.5,1.46,1.42,1.25,1.08,0.91,0.74,1.02,1.29,1.57,1.85,1.81,1.77,1.73,1.7,,
2017-08-24T00:00:00+00:00,0.71,0.83,0.96,0.88,0.79,0.7,0.62,0.65,0.69,0.73,0.77,1.09,1.41,1.73,2.05,1.99,1.93,1.87,1.81,1.62,1.43,1.24,1.04,0.99,0.93,0.87,0.81,0.96,1.1,1.24,1.39,1.33,1.27,1.21,1.15,1.35,1.55,1.74,1.94,1.83,1.72,1.6,1.49,1.43,1.38,1.32,1.26,1.03,0.81,0.58,0.35,0.48,0.6,0.73,0.86,1.19,1.52,1.85,2.19,1.97,1.75,1.54,1.32,1.33,1.34,1.35,1.36,1.74,2.13,2.52,2.91,2.96,3.02,3.08,3.14,3.15,3.17,3.18,3.19,3.3,3.4,3.51,3.62,3.65,3.69,3.72,3.76,3.73,3.7,3.67,3.65,3.57,3.5,3.43,3.36,3.19,3.03,2.87,2.7,2.71,2.71,2.71,2.72,2.68,2.65,2.62,2.59,2.72,2.86,2.99,3.13,3.03,2.92,2.81,2.71,2.59,2.47,2.36,2.24,2.31,2.38,2.46,2.53,2.69,2.85,3.01,3.17,3.24,3.3,3.37,3.44,2.96,2.48,2.0,1.51,1.71,1.91,2.11,2.31,2.18,2.06,1.93,1.8,2.05,2.29,2.54,2.78,2.72,2.67,2.61,2.55,2.55,2.54,2.54,2.53,2.38,2.22,2.06,1.9,1.95,2.0,2.05,2.11,,
2017-08-25T00:00:00+00:00,2.88,2.94,2.99,2.99,2.99,2.99,2.98,2.97,2.95,2.93,2.92,2.85,2.77,2.7,2.63,2.71,2.79,2.86,2.94,3.02,3.09,3.17,3.24,3.19,3.14,3.08,3.03,3.17,3.31,3.45,3.59,3.41,3.23,3.05,2.87,2.74,2.6,2.46,2.32,2.61,2.9,3.2,3.49,3.31,3.13,2.96,2.78,2.68,2.58,2.48,2.39,1.91,1.43,0.96,0.48,0.58,0.68,0.78,0.89,1.09,1.3,1.5,1.71,1.56,1.41,1.27,1.12,1.17,1.21,1.26,1.31,1.22,1.12,1.03,0.94,0.91,0.89,0.87,0.84,0.98,1.13,1.27,1.41,1.32,1.22,1.12,1.02,0.96,0.89,0.82,0.75,0.74,0.72,0.71,0.7,0.64,0.57,0.51,0.45,0.58,0.71,0.85,0.98,0.82,0.65,0.49,0.33,0.36,0.39,0.42,0.45,0.77,1.09,1.41,1.73,1.87,2.01,2.15,2.29,2.32,2.35,2.38,2.41,2.51,2.61,2.7,2.8,2.81,2.81,2.82,2.83,2.78,2.73,2.68,2.63,2.51,2.39,2.27,2.15,2.08,2.02,1.96,1.89,1.82,1.75,1.68,1.61,1.66,1.7,1.75,1.79,1.64,1.49,1.33,1.18,1.2,1.21,1.23,1.25,1.17,1.1,1.03,0.96,,
2017-08-26T00:00:00+00:00,1.45,1.45,1.44,1.35,1.26,1.17,1.08,1.16,1.23,1.3,1.38,1.37,1.36,1.36,1.35,1.28,1.21,1.14,1.07,1.06,1.05,1.03,1.02,0.82,0.62,0.41,0.21,0.33,0.44,0.56,0.68,0.86,1.04,1.22,1.4,1.38,1.36,1.33,1.31,1.41,1.51,1.61,1.71,1.8,1.88,1.97,2.06,2.11,2.16,2.2,2.25,2.28,2.31,2.33,2.36,2.24,2.12,1.99,1.87,1.64,1.4,1.17,0.93,0.95,0.97,0.99,1.01,1.06,1.1,1.14,1.18,1.47,1.75,2.04,2.32,2.38,2.44,2.5,2.57,2.49,2.41,2.34,2.26,2.46,2.65,2.84,3.03,2.7,2.36,2.03,1.69,1.7,1.7,1.71,1.71,1.65,1.6,1.54,1.48,1.56,1.65,1.73,1.81,1.69,1.57,1.46,1.34,1.3,1.26,1.22,1.18,1.21,1.24,1.27,1.3,2.01,2.73,3.45,4.16,3.35,2.54,1.73,0.93,1.01,1.1,1.19,1.27,1.52,1.76,2.01,2.26,2.29,2.32,2.35,2.37,2.33,2.29,2.25,2.21,2.1,1.99,1.87,1.76,1.72,1.68,1.64,1.6,1.49,1.39,1.28,1.17,1.18,1.18,1.19,1.19,1.25,1.31,1.37,1.43,1.44,1.45,1.47,1.48,,
2017-08-28T00:00:00+00:00,1.39,1.16,0.93,1.1,1.28,1.46,1.63,1.63,1.62,1.62,1.62,1.46,1.31,1.16,1.0,1.12,1.24,1.36,1.48,1.37,1.27,1.16,1.05,1.12,1.19,1.26,1.33,1.49,1.66,1.82,1.99,2.03,2.07,2.11,2.15,2.11,2.06,2.02,1.97,1.96,1.95,1.94,1.93,1.79,1.64,1.5,1.35,1.1,0.84,0.59,0.34,0.33,0.32,0.31,0.31,0.53,0.75,0.97,1.19,1.55,1.9,2.26,2.62,2.79,2.96,3.14,3.31,3.19,3.08,2.96,2.85,2.81,2.78,2.74,2.71,2.59,2.48,2.36,2.25,2.31,2.38,2.45,2.51,2.31,2.1,1.89,1.69,1.82,1.95,2.08,2.21,2.09,1.97,1.85,1.73,1.46,1.18,0.91,0.64,0.7,0.77,0.84,0.9,1.17,1.43,1.69,1.96,1.87,1.78,1.7,1.61,1.64,1.67,1.71,1.74,1.76,1.78,1.8,1.82,1.78,1.74,1.7,1.66,1.66,1.66,1.66,1.65,1.65,1.64,1.63,1.62,1.74,1.86,1.98,2.1,2.2,2.3,2.41,2.51,2.38,2.24,2.11,1.98,1.98,1.99,1.99,2.0,2.06,2.12,2.18,2.24,2.05,1.86,1.67,1.48,1.36,1.23,1.11,0.98,1.04,1.1,1.15,1.21,,
2017-08-29T00:00:00+00:00,1.85,1.98,2.11,1.8,1.49,1.17,0.86,0.87,0.88,0.9,0.91,1.08,1.26,1.44,1.62,1.69,1.77,1.84,1.92,2.0,2.07,2.15,2.23,2.17,2.1,2.03,1.96,2.08,2.19,2.3,2.41,2.48,2.55,2.62,2.69,2.61,2.54,2.47,2.4,2.33,2.25,2.18,2.11,2.12,2.14,2.16,2.18,2.16,2.14,2.12,2.1,2.03,1.96,1.89,1.82,1.58,1.34,1.09,0.85,1.03,1.22,1.4,1.59,1.62,1.64,1.67,1.7,1.55,1.4,1.24,1.09,1.01,0.93,0.85,0.77,0.92,1.06,1.21,1.36,3.15,4.93,6.71,8.5,7.87,7.24,6.61,5.98,5.44,4.9,4.37,3.83,3.2,2.58,1.95,1.32,1.34,1.35,1.36,1.38,1.76,2.15,2.54,2.92,2.53,2.14,1.74,1.35,1.39,1.43,1.47,1.51,1.93,2.35,2.77,3.19,3.34,3.48,3.62,3.77,3.56,3.35,3.14,2.94,2.92,2.91,2.9,2.89,2.82,2.75,2.67,2.6,2.63,2.65,2.67,2.7,2.75,2.8,2.84,2.89,2.89,2.89,2.89,2.89,3.19,3.5,3.8,4.11,3.95,3.8,3.64,3.49,3.93,4.37,4.81,5.25,5.03,4.81,4.59,4.37,4.31,4.24,4.18,4.12,,
2017-08-30T00:00:00+00:00,3.48,3.15,2.81,3.02,3.22,3.42,3.62,3.76,3.9,4.04,4.18,4.35,4.52,4.7,4.87,4.47,4.06,3.66,3.26,3.16,3.06,2.97,2.87,2.73,2.59,2.45,2.31,2.55,2.79,3.03,3.26,3.06,2.86,2.66,2.46,2.5,2.55,2.59,2.64,2.65,2.67,2.69,2.7,2.83,2.95,3.08,3.2,3.24,3.27,3.3,3.34,3.39,3.45,3.51,3.57,3.48,3.39,3.3,3.22,3.44,3.67,3.9,4.12,4.22,4.32,4.41,4.51,4.17,3.84,3.5,3.16,3.53,3.9,4.27,4.63,4.56,4.48,4.4,4.32,4.26,4.2,4.13,4.07,4.06,4.05,4.04,4.03,4.02,4.0,3.98,3.97,3.9,3.83,3.77,3.7,3.67,3.64,3.6,3.57,3.33,3.08,2.83,2.58,2.81,3.04,3.27,3.5,3.45,3.41,3.36,3.31,3.16,3.0,2.85,2.69,2.62,2.56,2.49,2.42,2.37,2.31,2.25,2.19,2.21,2.22,2.24,2.25,2.16,2.07,1.98,1.89,1.9,1.9,1.91,1.91,1.99,2.06,2.14,2.22,2.15,2.08,2.02,1.95,1.97,1.99,2.01,2.03,1.93,1.84,1.74,1.64,1.6,1.56,1.52,1.49,1.57,1.66,1.75,1.83,1.6,1.37,1.13,0.9,,
2017-08-31T00:00:00+00:00,4.33,4.63,4.93,4.61,4.3,3.98,3.66,3.58,3.49,3.41,3.32,3.41,3.49,3.57,3.66,3.46,3.27,3.07,2.88,2.74,2.59,2.45,2.31,2.4,2.49,2.57,2.66,2.61,2.56,2.51,2.46,2.49,2.52,2.55,2.58,2.71,2.85,2.98,3.12,3.34,3.56,3.78,4.01,4.0,3.99,3.98,3.96,3.85,3.74,3.63,3.52,3.62,3.73,3.83,3.94,3.53,3.12,2.72,2.31,2.24,2.17,2.09,2.02,2.46,2.9,3.34,3.78,3.39,3.01,2.63,2.24,2.12,1.99,1.87,1.74,1.88,2.02,2.16,2.3,2.09,1.89,1.68,1.48,1.27,1.06,0.84,0.63,0.76,0.88,1.01,1.14,1.0,0.87,0.73,0.6,0.53,0.46,0.39,0.31,0.28,0.24,0.2,0.16,0.39,0.62,0.85,1.08,1.0,0.92,0.84,0.76,0.81,0.86,0.91,0.96,0.96,0.97,0.97,0.98,0.89,0.8,0.71,0.62,0.69,0.77,0.84,0.91,1.05,1.18,1.32,1.45,1.42,1.38,1.35,1.31,1.41,1.5,1.6,1.7,1.73,1.76,1.79,1.83,1.65,1.47,1.3,1.12,1.6,2.07,2.54,3.02,2.71,2.4,2.09,1.79,1.68,1.58,1.47,1.37,1.67,1.97,2.28,2.58,,
2017-09-01T00:00:00+00:00,1.11,1.26,1.4,1.42,1.43,1.45,1.46,1.51,1.55,1.6,1.64,1.66,1.68,1.71,1.73,1.74,1.76,1.78,1.8,1.63,1.46,1.29,1.12,1.19,1.26,1.32,1.39,1.38,1.38,1.37,1.37,1.38,1.39,1.4,1.41,1.49,1.58,1.66,1.75,1.82,1.88,1.95,2.02,2.11,2.21,2.3,2.39,2.4,2.4,2.41,2.41,2.38,2.34,2.3,2.26,2.19,2.12,2.05,1.97,2.01,2.05,2.09,2.13,2.9,3.67,4.43,5.2,4.23,3.26,2.29,1.32,1.61,1.9,2.19,2.47,2.27,2.07,1.86,1.66,1.75,1.85,1.95,2.05,2.1,2.15,2.2,2.26,2.3,2.34,2.38,2.42,2.2,1.98,1.76,1.53,1.63,1.73,1.82,1.92,1.96,1.99,2.02,2.06,2.1,2.14,2.18,2.22,2.25,2.28,2.32,2.35,2.28,2.2,2.13,2.05,2.07,2.09,2.11,2.13,2.18,2.22,2.27,2.31,2.41,2.5,2.6,2.69,2.74,2.79,2.83,2.88,2.81,2.73,2.65,2.58,2.92,3.27,3.61,3.95,3.69,3.43,3.17,2.9,2.81,2.71,2.62,2.53,2.56,2.6,2.64,2.68,3.07,3.46,3.85,4.24,3.88,3.52,3.16,2.81,2.68,2.56,2.44,2.31,,
2017-09-02T00:00:00+00:00,2.21,2.29,2.36,2.39,2.41,2.44,2.46,2.34,2.22,2.1,1.97,2.14,2.31,2.48,2.65,2.68,2.72,2.76,2.79,2.64,2.49,2.34,2.19,2.22,2.25,2.28,2.31,2.44,2.56,2.69,2.82,2.69,2.57,2.45,2.32,2.28,2.24,2.2,2.16,2.42,2.68,2.94,3.2,2.93,2.67,2.41,2.14,2.57,3.0,3.42,3.85,3.98,4.11,4.24,4.37,3.93,3.49,3.05,2.61,2.56,2.5,2.45,2.4,2.3,2.21,2.12,2.03,2.03,2.04,2.04,2.04,1.82,1.6,1.38,1.16,1.09,1.03,0.97,0.9,0.83,0.76,0.68,0.61,0.7,0.79,0.88,0.97,0.93,0.9,0.86,0.83,0.74,0.66,0.58,0.49,0.47,0.45,0.43,0.41,0.48,0.55,0.62,0.69,0.73,0.77,0.8,0.84,0.93,1.03,1.13,1.23,1.24,1.25,1.27,1.28,1.32,1.35,1.39,1.42,1.35,1.28,1.21,1.13,1.28,1.42,1.57,1.71,1.83,1.96,2.08,2.2,2.19,2.17,2.16,2.15,2.22,2.3,2.38,2.46,2.52,2.58,2.64,2.7,2.68,2.65,2.63,2.6,2.6,2.61,2.61,2.61,2.61,2.61,2.61,2.6,2.58,2.56,2.54,2.52,2.53,2.55,2.56,2.57,,
2017-09-03T00:00:00+00:00,1.25,1.55,1.85,1.81,1.76,1.72,1.68,1.78,1.88,1.98,2.09,1.92,1.75,1.58,1.41,1.53,1.64,1.76,1.87,1.57,1.27,0.96,0.66,0.8,0.94,1.08,1.22,1.31,1.4,1.49,1.58,1.72,1.86,2.0,2.15,2.13,2.11,2.08,2.06,2.03,2.0,1.97,1.93,1.9,1.87,1.83,1.8,1.89,1.99,2.08,2.17,2.12,2.07,2.01,1.96,2.09,2.22,2.35,2.49,2.66,2.83,2.99,3.16,3.17,3.17,3.18,3.18,2.75,2.31,1.88,1.44,1.52,1.6,1.68,1.75,1.78,1.8,1.82,1.85,1.95,2.06,2.16,2.27,2.31,2.36,2.41,2.46,2.53,2.6,2.67,2.74,2.72,2.7,2.69,2.67,2.61,2.56,2.51,2.45,2.33,2.21,2.09,1.96,1.96,1.96,1.96,1.96,1.91,1.85,1.8,1.75,1.83,1.91,1.99,2.07,1.86,1.64,1.42,1.2,1.3,1.4,1.51,1.61,1.66,1.7,1.75,1.8,2.03,2.25,2.48,2.7,2.72,2.74,2.77,2.79,2.74,2.69,2.64,2.59,2.6,2.6,2.6,2.6,2.66,2.73,2.79,2.85,2.85,2.84,2.83,2.82,3.18,3.54,3.9,4.27,3.92,3.57,3.22,2.87,2.77,2.67,2.57,2.47,,
2017-09-04T00:00:00+00:00,0.66,0.79,0.92,1.01,1.1,1.19,1.29,1.14,0.99,0.84,0.7,1.0,1.3,1.6,1.91,2.03,2.16,2.28,2.41,2.26,2.12,1.97,1.83,2.01,2.2,2.38,2.57,2.67,2.76,2.86,2.95,2.98,3.0,3.03,3.05,3.01,2.97,2.93,2.9,2.96,3.02,3.08,3.14,3.16,3.19,3.22,3.24,3.31,3.38,3.46,3.53,3.47,3.42,3.37,3.31,3.42,3.52,3.62,3.72,3.54,3.36,3.18,3.0,2.96,2.92,2.88,2.83,2.57,2.3,2.03,1.76,1.69,1.61,1.54,1.47,1.61,1.75,1.89,2.04,1.97,1.9,1.84,1.77,1.81,1.85,1.89,1.94,2.08,2.22,2.36,2.51,2.49,2.48,2.47,2.46,2.42,2.39,2.35,2.32,2.28,2.25,2.22,2.18,2.13,2.09,2.04,1.99,2.06,2.12,2.19,2.25,2.34,2.42,2.5,2.58,2.79,3.01,3.23,3.44,3.55,3.65,3.76,3.87,3.93,3.99,4.05,4.11,4.1,4.1,4.1,4.09,4.13,4.18,4.22,4.26,4.37,4.47,4.58,4.68,4.45,4.21,3.97,3.74,3.99,4.25,4.5,4.76,4.91,5.06,5.21,5.36,5.26,5.16,5.06,4.96,4.97,4.99,5.0,5.02,5.08,5.14,5.2,5.26,,
2017-09-05T00:00:00+00:00
2017-09-06T00:00:00+00:00,5.27,5.17,5.06,4.96,4.86,4.75,4.65,4.52,4.39,4.26,4.13,3.97,3.82,3.67,3.52,3.35,3.19,3.02,2.85,2.93,3.0,3.08,3.16,3.16,3.17,3.17,3.18,3.25,3.32,3.39,3.46,3.5,3.54,3.58,3.62,3.5,3.38,3.26,3.14,3.24,3.34,3.44,3.54,3.71,3.89,4.06,4.24,4.26,4.28,4.3,4.32,4.44,4.56,4.68,4.8,4.33,3.87,3.41,2.95,3.09,3.24,3.39,3.54,3.45,3.35,3.26,3.17,3.17,3.17,3.17,3.17,3.06,2.95,2.84,2.74,2.63,2.52,2.41,2.3,2.31,2.32,2.34,2.35,2.26,2.17,2.09,2.0,2.03,2.07,2.11,2.14,2.14,2.14,2.14,2.14,2.31,2.47,2.63,2.79,2.79,2.79,2.78,2.78,2.74,2.69,2.65,2.61,2.65,2.7,2.74,2.79,2.76,2.73,2.7,2.68,2.73,2.78,2.83,2.88,2.88,2.89,2.89,2.89,2.86,2.83,2.8,2.76,2.75,2.74,2.73,2.72,2.77,2.82,2.87,2.91,2.94,2.97,3.0,3.03,3.07,3.11,3.15,3.2,3.23,3.26,3.29,3.31,3.48,3.65,3.82,3.98,4.07,4.15,4.23,4.31,4.24,4.17,4.09,4.02,3.74,3.45,3.17,2.89,,
2017-09-07T00:00:00+00:00,2.84,2.9,2.96,2.85,2.74,2.63,2.52,2.68,2.83,2.98,3.14,3.14,3.14,3.14,3.15,3.02,2.89,2.75,2.62,2.61,2.59,2.58,2.56,2.53,2.5,2.48,2.45,2.72,2.98,3.25,3.52,3.57,3.62,3.68,3.73,3.61,3.5,3.39,3.27,3.28,3.28,3.28,3.28,3.36,3.43,3.51,3.58,3.58,3.58,3.57,3.57,3.76,3.96,4.15,4.35,4.36,4.37,4.39,4.4,4.26,4.12,3.98,3.85,3.72,3.59,3.47,3.34,3.25,3.16,3.06,2.97,2.96,2.95,2.94,2.93,2.79,2.66,2.52,2.38,2.65,2.92,3.19,3.45,3.3,3.15,3.0,2.85,3.0,3.15,3.3,3.45,3.53,3.61,3.68,3.76,3.74,3.72,3.7,3.67,3.75,3.83,3.91,3.99,4.17,4.34,4.52,4.7,4.75,4.81,4.86,4.92,4.93,4.95,4.96,4.97,5.06,5.15,5.24,5.32,5.59,5.85,6.11,6.37,6.36,6.36,6.36,6.35,6.22,6.09,5.96,5.83,6.0,6.17,6.35,6.52,6.62,6.72,6.82,6.92,6.87,6.81,6.76,6.7,6.52,6.34,6.16,5.98,6.31,6.64,6.96,7.29,7.28,7.27,7.26,7.24,7.13,7.02,6.91,6.8,6.89,6.98,7.07,7.16,,
2017-09-08T00:00:00+00:00,3.86,4.08,4.3,4.26,4.22,4.18,4.14,4.23,4.33,4.42,4.51,4.67,4.83,4.98,5.14,5.12,5.11,5.09,5.07,5.08,5.09,5.09,5.1,5.16,5.22,5.27,5.33,5.54,5.74,5.94,6.14,6.13,6.11,6.09,6.07,6.27,6.48,6.68,6.89,6.81,6.73,6.65,6.58,6.45,6.31,6.18,6.05,6.25,6.44,6.64,6.84,7.01,7.18,7.36,7.53,7.3,7.08,6.86,6.63,6.49,6.35,6.2,6.06,6.26,6.46,6.67,6.87,6.64,6.41,6.18,5.95,5.96,5.98,5.99,6.01,5.92,5.84,5.75,5.66,5.3,4.93,4.56,4.2,4.26,4.32,4.38,4.44,4.27,4.1,3.93,3.77,3.81,3.86,3.91,3.96,3.97,3.98,3.99,4.0,3.95,3.9,3.85,3.81,3.81,3.81,3.81,3.82,3.79,3.76,3.73,3.71,3.87,4.03,4.19,4.35,4.4,4.44,4.48,4.53,4.49,4.45,4.41,4.38,4.42,4.47,4.51,4.56,4.47,4.39,4.31,4.22,4.43,4.64,4.85,5.06,4.84,4.62,4.4,4.17,3.54,2.91,2.28,1.65,1.73,1.81,1.89,1.98,2.35,2.72,3.09,3.46,3.55,3.64,3.73,3.81,3.8,3.78,3.76,3.75,3.39,3.03,2.67,2.32,,
2017-09-09T00:00:00+00:00,4.42,4.71,5.01,4.83,4.65,4.47,4.29,4.35,4.42,4.49,4.55,4.7,4.85,5.0,5.15,5.07,4.99,4.9,4.82,4.75,4.67,4.59,4.52,4.41,4.3,4.2,4.09,4.15,4.2,4.26,4.31,4.4,4.48,4.56,4.64,4.72,4.8,4.87,4.95,4.9,4.86,4.81,4.77,4.77,4.77,4.77,4.77,4.94,5.12,5.29,5.47,4.86,4.25,3.64,3.03,3.45,3.87,4.29,4.71,4.49,4.27,4.05,3.83,3.61,3.4,3.18,2.96,3.01,3.06,3.12,3.17,3.0,2.84,2.67,2.5,2.47,2.44,2.41,2.37,2.43,2.49,2.55,2.61,2.75,2.89,3.02,3.16,2.93,2.69,2.46,2.23,2.27,2.31,2.35,2.39,2.35,2.31,2.26,2.22,2.33,2.44,2.54,2.65,2.74,2.82,2.9,2.98,2.94,2.89,2.85,2.8,2.79,2.77,2.76,2.74,2.72,2.7,2.68,2.66,2.73,2.79,2.85,2.91,2.93,2.95,2.97,2.99,3.1,3.2,3.3,3.4,3.55,3.69,3.83,3.98,4.19,4.4,4.61,4.82,4.95,5.08,5.22,5.35,5.38,5.42,5.45,5.48,5.55,5.61,5.67,5.74,5.78,5.82,5.86,5.91,6.02,6.13,6.24,6.35,6.34,6.32,6.3,6.28,,
2017-09-10T00:00:00+00:00,2.57,2.65,2.73,2.74,2.76,2.78,2.8,2.83,2.86,2.89,2.93,2.94,2.96,2.97,2.99,3.03,3.08,3.12,3.16,3.17,3.17,3.17,3.18,3.15,3.12,3.09,3.06,2.98,2.9,2.81,2.73,2.99,3.26,3.52,3.79,3.85,3.9,3.96,4.02,4.1,4.17,4.24,4.32,4.52,4.73,4.93,5.13,5.21,5.28,5.36,5.43,5.56,5.68,5.8,5.93,5.97,6.02,6.07,6.12,5.98,5.84,5.71,5.57,5.76,5.95,6.14,6.33,6.27,6.21,6.15,6.09,6.26,6.43,6.6,6.77,6.83,6.89,6.94,7.0,6.95,6.9,6.85,6.79,6.69,6.58,6.48,6.37,6.37,6.37,6.37,6.37,6.52,6.67,6.82,6.96,6.41,5.86,5.31,4.76,4.76,4.76,4.76,4.77,4.83,4.89,4.96,5.02,5.07,5.12,5.18,5.23,5.29,5.35,5.41,5.47,5.63,5.79,5.95,6.11,6.16,6.21,6.26,6.3,6.38,6.46,6.54,6.62,6.62,6.62,6.62,6.62,6.64,6.66,6.68,6.7,6.87,7.05,7.22,7.4,7.41,7.42,7.44,7.45,7.31,7.18,7.04,6.91,6.87,6.83,6.79,6.75,6.85,6.96,7.06,7.16,7.0,6.84,6.68,6.52,6.26,5.99,5.72,5.45,,
2017-09-11T00:00:00+00:00,4.25,4.44,4.63,4.56,4.5,4.43,4.37,4.4,4.44,4.48,4.52,4.62,4.72,4.81,4.91,5.05,5.18,5.32,5.45,5.52,5.6,5.67,5.74,5.91,6.07,6.23,6.39,6.41,6.43,6.44,6.46,6.59,6.73,6.86,7.0,6.91,6.83,6.75,6.67,6.65,6.64,6.62,6.6,6.55,6.5,6.45,6.39,6.71,7.02,7.34,7.65,7.59,7.53,7.47,7.41,6.83,6.26,5.68,5.1,5.16,5.22,5.28,5.34,5.3,5.26,5.22,5.18,4.82,4.46,4.09,3.73,4.0,4.26,4.53,4.8,4.81,4.82,4.84,4.85,4.81,4.78,4.74,4.71,4.72,4.74,4.75,4.77,4.73,4.69,4.65,4.61,4.65,4.68,4.72,4.76,4.88,5.01,5.14,5.27,5.2,5.13,5.06,4.99,4.84,4.69,4.54,4.39,4.36,4.33,4.3,4.28,4.24,4.2,4.16,4.12,4.25,4.37,4.5,4.62,4.58,4.55,4.51,4.47,4.47,4.47,4.47,4.48,4.54,4.6,4.66,4.72,4.87,5.01,5.16,5.31,5.27,5.23,5.2,5.16,5.31,5.46,5.61,5.76,5.84,5.93,6.01,6.09,6.04,5.98,5.92,5.87,5.78,5.7,5.62,5.53,5.18,4.82,4.47,4.12,4.01,3.9,3.79,3.68,,
2017-09-12T00:00:00+00:00,4.11,4.06,4.01,4.1,4.19,4.27,4.36,4.35,4.35,4.34,4.33,4.33,4.34,4.34,4.35,4.35,4.36,4.37,4.38,4.34,4.3,4.26,4.22,4.29,4.36,4.43,4.5,4.59,4.68,4.77,4.87,4.85,4.82,4.8,4.78,4.85,4.93,5.0,5.07,5.05,5.02,5.0,4.98,5.12,5.26,5.4,5.54,5.65,5.77,5.88,6.0,5.42,4.85,4.28,3.7,3.51,3.31,3.12,2.92,3.04,3.16,3.28,3.4,3.27,3.14,3.01,2.88,3.04,3.21,3.37,3.53,3.77,4.01,4.24,4.48,4.92,5.37,5.81,6.25,6.3,6.34,6.39,6.44,6.57,6.7,6.84,6.97,7.03,7.09,7.14,7.2,7.32,7.44,7.56,7.68,7.59,7.5,7.41,7.33,7.14,6.96,6.78,6.6,6.53,6.45,6.38,6.3,6.73,7.16,7.59,8.02,7.72,7.43,7.13,6.83,6.82,6.8,6.78,6.76,6.64,6.52,6.4,6.27,6.33,6.38,6.44,6.49,6.41,6.32,6.24,6.15,6.81,7.47,8.13,8.79,8.91,9.02,9.13,9.25,9.16,9.08,9.0,8.92,9.05,9.18,9.31,9.44,9.54,9.65,9.75,9.86,9.93,10.01,10.08,10.16,9.76,9.37,8.98,8.58,8.72,8.86,9.0,9.14,,
2017-09-13T00:00:00+00:00,9.42,9.39,9.36,9.17,8.98,8.79,8.6,8.44,8.28,8.12,7.97,7.96,7.95,7.94,7.93,7.79,7.65,7.51,7.37,7.05,6.73,6.41,6.09,6.34,6.59,6.84,7.09,7.04,6.98,6.93,6.87,7.22,7.57,7.92,8.27,7.96,7.64,7.32,7.0,7.0,7.0,7.0,7.01,6.69,6.38,6.06,5.75,5.41,5.07,4.72,4.38,5.23,6.08,6.93,7.77,8.28,8.78,9.29,9.79,9.46,9.12,8.79,8.45,7.54,6.63,5.72,4.81,4.55,4.29,4.03,3.76,3.69,3.62,3.54,3.47,3.13,2.8,2.46,2.13,2.17,2.22,2.26,2.31,2.27,2.23,2.19,2.15,2.32,2.5,2.67,2.85,3.3,3.75,4.21,4.66,4.88,5.11,5.33,5.56,5.5,5.45,5.4,5.35,5.52,5.69,5.86,6.04,6.2,6.37,6.53,6.7,6.54,6.38,6.22,6.06,6.15,6.23,6.32,6.4,6.42,6.45,6.47,6.49,6.49,6.48,6.47,6.46,6.43,6.4,6.37,6.34,6.42,6.5,6.58,6.65,7.13,7.6,8.08,8.55,7.69,6.83,5.97,5.11,5.49,5.88,6.26,6.64,6.05,5.45,4.86,4.26,4.33,4.4,4.47,4.53,4.26,3.99,3.72,3.45,3.37,3.29,3.22,3.14,,
2017-09-14T00:00:00+00:00,5.04,5.23,5.41,5.39,5.36,5.34,5.32,5.42,5.53,5.64,5.75,6.02,6.3,6.57,6.84,6.65,6.45,6.25,6.06,6.2,6.35,6.5,6.64,6.61,6.58,6.54,6.51,6.5,6.5,6.49,6.49,6.77,7.05,7.33,7.62,7.48,7.34,7.2,7.06,6.95,6.83,6.72,6.61,6.47,6.33,6.19,6.05,6.02,5.98,5.95,5.91,5.91,5.9,5.89,5.88,6.02,6.16,6.3,6.44,5.44,4.44,3.44,2.44,2.74,3.04,3.34,3.64,3.59,3.54,3.49,3.44,3.43,3.42,3.41,3.4,3.46,3.51,3.57,3.63,3.6,3.57,3.54,3.51,3.46,3.42,3.37,3.32,3.29,3.25,3.22,3.18,3.19,3.21,3.23,3.24,3.19,3.14,3.09,3.04,3.03,3.01,3.0,2.99,2.92,2.86,2.79,2.72,2.8,2.89,2.98,3.06,3.03,2.99,2.95,2.91,2.82,2.72,2.62,2.53,2.65,2.77,2.88,3.0,2.88,2.76,2.63,2.51,2.74,2.98,3.22,3.45,3.31,3.17,3.02,2.88,2.81,2.74,2.66,2.59,2.37,2.15,1.94,1.72,2.08,2.44,2.8,3.16,3.52,3.88,4.25,4.61,4.3,3.98,3.67,3.36,3.49,3.63,3.76,3.89,3.48,3.06,2.64,2.23,,
2017-09-15T00:00:00+00:00,2.89,2.94,2.99,2.96,2.94,2.92,2.9,2.9,2.89,2.88,2.88,2.85,2.82,2.78,2.75,2.69,2.62,2.56,2.5,2.53,2.56,2.59,2.63,2.71,2.79,2.88,2.96,2.78,2.59,2.4,2.22,2.31,2.4,2.5,2.59,2.59,2.6,2.6,2.61,2.66,2.71,2.76,2.8,2.93,3.06,3.19,3.31,3.41,3.5,3.59,3.68,3.45,3.22,2.98,2.75,2.91,3.07,3.24,3.4,3.31,3.22,3.13,3.04,2.93,2.81,2.69,2.58,2.43,2.27,2.12,1.97,1.89,1.82,1.74,1.67,1.65,1.63,1.61,1.59,1.65,1.71,1.77,1.84,1.86,1.89,1.91,1.94,1.94,1.94,1.94,1.94,2.01,2.08,2.15,2.22,2.18,2.14,2.11,2.07,2.14,2.22,2.29,2.36,2.37,2.38,2.38,2.39,2.29,2.19,2.08,1.98,1.99,1.99,1.99,2.0,1.87,1.75,1.62,1.5,1.28,1.07,0.86,0.65,0.89,1.13,1.37,1.6,1.64,1.67,1.7,1.73,1.8,1.87,1.94,2.01,1.94,1.87,1.79,1.72,1.76,1.81,1.85,1.9,2.0,2.11,2.21,2.32,2.49,2.67,2.84,3.01,3.08,3.14,3.2,3.27,3.22,3.17,3.12,3.07,2.97,2.88,2.79,2.69,,
2017-09-16T00:00:00+00:00,1.67,1.61,1.55,1.53,1.5,1.47,1.45,1.5,1.55,1.6,1.65,1.75,1.84,1.93,2.03,2.11,2.19,2.27,2.35,2.15,1.95,1.76,1.56,1.6,1.63,1.67,1.7,1.87,2.03,2.2,2.36,2.31,2.26,2.21,2.16,2.26,2.36,2.46,2.56,2.59,2.61,2.64,2.66,2.67,2.67,2.68,2.68,2.88,3.07,3.26,3.46,3.1,2.75,2.39,2.03,2.01,1.99,1.97,1.94,1.83,1.72,1.6,1.49,1.79,2.08,2.37,2.67,2.32,1.98,1.63,1.29,1.12,0.94,0.77,0.59,1.03,1.48,1.92,2.36,1.89,1.42,0.95,0.48,0.79,1.1,1.42,1.73,1.53,1.33,1.13,0.93,0.83,0.72,0.61,0.5,0.57,0.63,0.7,0.76,0.89,1.02,1.14,1.27,1.38,1.49,1.59,1.7,1.35,1.0,0.66,0.31,0.32,0.34,0.35,0.37,0.59,0.82,1.04,1.27,1.14,1.0,0.87,0.74,0.9,1.06,1.22,1.38,1.57,1.76,1.95,2.14,2.14,2.14,2.15,2.15,2.07,1.98,1.9,1.81,1.8,1.78,1.77,1.75,1.85,1.95,2.05,2.15,2.06,1.97,1.87,1.78,1.83,1.88,1.93,1.98,1.97,1.95,1.94,1.93,1.9,1.88,1.85,1.82,,
2017-09-17T00:00:00+00:00,0.91,1.0,1.09,1.16,1.23,1.3,1.37,1.8,2.23,2.67,3.1,2.65,2.19,1.74,1.28,1.3,1.32,1.34,1.36,1.4,1.44,1.48,1.53,1.58,1.63,1.69,1.74,1.62,1.49,1.37,1.25,1.36,1.47,1.59,1.7,1.7,1.71,1.71,1.72,1.75,1.79,1.82,1.86,1.64,1.42,1.2,0.98,1.31,1.63,1.95,2.27,2.39,2.5,2.61,2.72,2.6,2.47,2.35,2.22,2.1,1.97,1.85,1.73,1.74,1.75,1.76,1.77,1.84,1.9,1.97,2.04,2.13,2.23,2.32,2.42,2.33,2.23,2.14,2.05,2.0,1.95,1.9,1.85,1.95,2.05,2.15,2.25,2.15,2.04,1.94,1.84,1.86,1.89,1.91,1.94,2.02,2.1,2.19,2.27,2.32,2.37,2.42,2.46,2.42,2.38,2.34,2.29,2.31,2.33,2.35,2.36,2.32,2.28,2.24,2.2,2.22,2.24,2.26,2.28,2.25,2.22,2.18,2.15,2.17,2.19,2.21,2.23,2.31,2.39,2.46,2.54,2.71,2.89,3.07,3.25,3.23,3.21,3.19,3.17,3.21,3.25,3.29,3.33,3.36,3.38,3.41,3.44,3.78,4.12,4.45,4.79,4.42,4.05,3.68,3.3,3.54,3.77,4.01,4.24,3.83,3.42,3.01,2.6,,
2017-09-18T00:00:00+00:00,1.72,1.86,2.0,1.95,1.9,1.84,1.79,1.87,1.95,2.03,2.11,2.15,2.18,2.22,2.26,2.28,2.29,2.31,2.33,2.33,2.33,2.34,2.34,2.29,2.25,2.2,2.16,2.1,2.05,1.99,1.93,2.06,2.19,2.32,2.44,2.43,2.41,2.4,2.38,2.43,2.48,2.52,2.57,2.75,2.92,3.1,3.27,3.3,3.33,3.36,3.39,3.6,3.81,4.02,4.23,4.19,4.15,4.1,4.06,4.06,4.06,4.06,4.07,3.81,3.55,3.29,3.03,3.25,3.47,3.69,3.91,3.7,3.48,3.27,3.05,2.97,2.88,2.79,2.7,2.53,2.36,2.18,2.01,2.02,2.02,2.03,2.04,2.09,2.14,2.2,2.25,2.29,2.32,2.36,2.39,2.46,2.52,2.59,2.65,2.68,2.7,2.72,2.74,2.75,2.75,2.76,2.77,2.81,2.85,2.89,2.93,3.04,3.15,3.27,3.38,3.34,3.31,3.28,3.24,3.28,3.33,3.37,3.41,3.25,3.1,2.94,2.79,2.77,2.76,2.74,2.72,2.68,2.64,2.6,2.56,2.61,2.67,2.72,2.78,2.98,3.18,3.38,3.58,3.61,3.63,3.65,3.67,3.69,3.7,3.72,3.74,3.76,3.78,3.8,3.83,3.52,3.21,2.91,2.6,2.53,2.46,2.39,2.32,,
2017-09-19T00:00:00+00:00,2.48,2.57,2.65,2.79,2.93,3.06,3.2,3.51,3.83,4.14,4.46,4.19,3.93,3.66,3.39,3.33,3.28,3.22,3.16,3.13,3.1,3.07,3.04,3.08,3.11,3.15,3.19,3.21,3.23,3.26,3.28,3.07,2.85,2.64,2.43,2.55,2.68,2.8,2.93,2.94,2.95,2.96,2.98,2.72,2.47,2.21,1.96,1.91,1.86,1.81,1.75,1.75,1.74,1.73,1.73,2.08,2.44,2.79,3.15,3.05,2.96,2.87,2.77,2.67,2.56,2.45,2.34,2.28,2.22,2.15,2.09,2.2,2.31,2.42,2.54,2.31,2.08,1.85,1.62,1.67,1.71,1.76,1.81,1.76,1.71,1.67,1.62,1.66,1.7,1.74,1.77,1.74,1.71,1.69,1.66,1.71,1.76,1.81,1.85,1.88,1.91,1.93,1.96,1.85,1.75,1.64,1.53,1.47,1.41,1.35,1.29,1.22,1.15,1.08,1.01,1.12,1.22,1.33,1.44,1.43,1.43,1.42,1.42,1.5,1.58,1.65,1.73,1.97,2.21,2.45,2.69,2.6,2.51,2.42,2.34,2.27,2.2,2.14,2.07,2.05,2.03,2.01,1.99,1.89,1.8,1.71,1.62,1.81,2.0,2.19,2.38,2.31,2.24,2.17,2.1,2.1,2.11,2.12,2.13,2.01,1.9,1.78,1.67,,
2017-09-20T00:00:00+00:00,1.08,1.07,1.05,1.0,0.94,0.89,0.84,0.91,0.99,1.06,1.13,1.22,1.31,1.39,1.48,1.51,1.53,1.56,1.59,1.6,1.6,1.61,1.62,1.6,1.57,1.55,1.53,1.73,1.93,2.14,2.34,2.58,2.82,3.06,3.3,3.37,3.45,3.52,3.59,3.47,3.35,3.23,3.11,3.04,2.98,2.91,2.84,2.8,2.76,2.72,2.68,2.65,2.62,2.59,2.55,2.56,2.56,2.57,2.57,2.6,2.64,2.67,2.71,2.62,2.53,2.44,2.35,2.42,2.49,2.56,2.63,2.56,2.49,2.41,2.34,2.12,1.9,1.68,1.46,1.39,1.31,1.24,1.16,1.17,1.17,1.18,1.18,1.25,1.32,1.38,1.45,1.49,1.53,1.57,1.61,1.64,1.67,1.7,1.73,1.73,1.73,1.73,1.73,1.77,1.8,1.84,1.88,1.82,1.76,1.7,1.64,1.64,1.64,1.64,1.63,1.61,1.59,1.57,1.54,1.59,1.63,1.68,1.72,1.79,1.87,1.94,2.01,2.11,2.21,2.31,2.41,2.47,2.52,2.58,2.64,2.69,2.75,2.8,2.86,2.86,2.85,2.85,2.85,2.88,2.91,2.94,2.96,2.95,2.93,2.91,2.89,2.83,2.77,2.7,2.64,2.64,2.64,2.64,2.65,2.52,2.39,2.26,2.13,,
2017-09-21T00:00:00+00:00,1.32,1.38,1.45,1.45,1.46,1.47,1.48,1.48,1.48,1.47,1.47,1.45,1.43,1.41,1.39,1.43,1.47,1.51,1.55,1.46,1.37,1.27,1.18,1.26,1.35,1.43,1.51,1.55,1.58,1.61,1.65,1.83,2.01,2.18,2.36,2.5,2.65,2.79,2.93,2.93,2.94,2.94,2.94,2.92,2.9,2.88,2.86,2.88,2.9,2.91,2.93,2.86,2.79,2.72,2.65,2.66,2.66,2.67,2.67,2.62,2.56,2.5,2.44,2.22,2.0,1.79,1.57,1.41,1.26,1.1,0.95,0.91,0.86,0.82,0.78,0.63,0.48,0.33,0.19,0.3,0.41,0.52,0.64,0.76,0.88,1.0,1.12,1.23,1.34,1.45,1.56,1.81,2.07,2.32,2.58,2.62,2.67,2.72,2.77,2.59,2.41,2.24,2.06,2.07,2.07,2.08,2.08,2.06,2.04,2.03,2.01,1.9,1.8,1.7,1.6,1.63,1.65,1.68,1.71,1.67,1.64,1.61,1.58,1.89,2.21,2.52,2.84,2.83,2.81,2.8,2.79,2.85,2.91,2.97,3.03,2.86,2.69,2.52,2.34,2.13,1.91,1.7,1.48,1.6,1.73,1.85,1.97,1.93,1.88,1.83,1.78,1.78,1.78,1.78,1.78,1.96,2.14,2.32,2.51,2.36,2.21,2.06,1.91,,
2017-09-22T00:00:00+00:00,2.0,1.96,1.91,1.8,1.69,1.57,1.46,1.71,1.96,2.2,2.45,2.51,2.58,2.64,2.7,2.67,2.64,2.6,2.57,2.39,2.22,2.04,1.87,1.95,2.03,2.11,2.19,2.24,2.29,2.33,2.38,2.23,2.09,1.94,1.8,1.79,1.78,1.77,1.77,1.81,1.85,1.9,1.94,1.92,1.9,1.88,1.86,2.08,2.3,2.53,2.75,2.71,2.67,2.64,2.6,2.48,2.36,2.24,2.12,2.18,2.23,2.29,2.34,2.42,2.5,2.57,2.65,2.52,2.39,2.25,2.12,2.08,2.05,2.01,1.97,2.17,2.36,2.56,2.75,2.6,2.45,2.3,2.16,2.08,2.0,1.92,1.85,1.76,1.66,1.57,1.48,1.47,1.47,1.46,1.45,1.46,1.47,1.47,1.48,1.52,1.56,1.6,1.63,1.61,1.59,1.57,1.55,1.45,1.34,1.23,1.12,1.1,1.08,1.06,1.04,1.05,1.05,1.06,1.07,1.19,1.31,1.42,1.54,1.59,1.64,1.68,1.73,1.75,1.77,1.79,1.81,1.86,1.92,1.98,2.04,1.95,1.85,1.76,1.67,1.69,1.72,1.74,1.76,1.79,1.81,1.83,1.86,1.89,1.92,1.95,1.98,2.01,2.03,2.05,2.08,2.21,2.33,2.46,2.59,2.58,2.57,2.55,2.54,,
2017-09-23T00:00:00+00:00,1.79,1.69,1.59,1.57,1.55,1.53,1.51,1.47,1.42,1.37,1.32,1.19,1.07,0.94,0.81,0.92,1.02,1.12,1.22,1.34,1.45,1.57,1.68,1.66,1.64,1.61,1.59,1.54,1.48,1.43,1.37,1.39,1.41,1.43,1.45,1.68,1.92,2.15,2.38,2.36,2.34,2.32,2.29,2.24,2.19,2.13,2.08,1.97,1.86,1.75,1.65,1.68,1.71,1.75,1.78,1.81,1.84,1.87,1.9,2.0,2.11,2.21,2.32,2.32,2.33,2.33,2.34,2.24,2.15,2.05,1.95,1.77,1.59,1.41,1.23,1.32,1.41,1.5,1.59,1.56,1.53,1.49,1.46,1.51,1.56,1.62,1.67,1.58,1.49,1.4,1.31,1.38,1.46,1.53,1.61,1.62,1.64,1.65,1.67,1.73,1.79,1.84,1.9,1.91,1.91,1.92,1.93,1.86,1.78,1.71,1.64,1.7,1.77,1.83,1.89,1.75,1.62,1.49,1.35,1.38,1.4,1.43,1.45,1.63,1.82,2.0,2.19,2.23,2.28,2.33,2.38,2.43,2.48,2.53,2.58,2.56,2.55,2.54,2.53,2.65,2.78,2.9,3.02,3.04,3.05,3.07,3.08,2.99,2.9,2.8,2.71,2.67,2.63,2.59,2.55,2.58,2.61,2.63,2.66,2.49,2.32,2.15,1.97,,
2017-09-24T00:00:00+00:00,1.87,1.86,1.85,1.73,1.61,1.49,1.37,1.25,1.13,1.01,0.89,0.88,0.86,0.85,0.84,0.81,0.79,0.77,0.74,0.79,0.84,0.88,0.93,1.08,1.23,1.38,1.53,1.56,1.59,1.61,1.64,1.79,1.95,2.11,2.26,2.2,2.14,2.08,2.02,2.09,2.17,2.25,2.32,2.36,2.4,2.43,2.47,2.45,2.44,2.42,2.41,2.35,2.28,2.22,2.16,2.16,2.17,2.17,2.17,2.19,2.21,2.23,2.24,2.33,2.42,2.5,2.59,2.39,2.19,1.98,1.78,1.85,1.93,2.0,2.07,2.14,2.2,2.26,2.33,2.31,2.28,2.26,2.24,2.3,2.35,2.41,2.46,2.36,2.25,2.15,2.04,2.01,1.97,1.93,1.89,2.04,2.19,2.34,2.49,2.47,2.44,2.42,2.4,2.32,2.24,2.16,2.08,2.04,2.0,1.97,1.93,1.65,1.37,1.08,0.8,0.84,0.88,0.92,0.96,0.95,0.94,0.93,0.92,1.01,1.1,1.19,1.28,1.49,1.71,1.92,2.14,2.26,2.37,2.49,2.61,2.67,2.73,2.79,2.85,2.56,2.28,1.99,1.71,1.41,1.12,0.82,0.52,1.04,1.56,2.07,2.59,2.63,2.67,2.7,2.74,2.45,2.16,1.87,1.59,1.8,2.01,2.23,2.44,,
2017-09-25T00:00:00+00:00,2.81,2.97,3.13,3.0,2.87,2.75,2.62,2.6,2.58,2.57,2.55,2.44,2.32,2.21,2.1,2.13,2.16,2.19,2.22,2.44,2.66,2.87,3.09,2.74,2.4,2.05,1.7,1.69,1.67,1.66,1.65,1.71,1.78,1.84,1.91,1.75,1.59,1.43,1.27,1.46,1.65,1.84,2.03,1.83,1.63,1.43,1.23,1.32,1.41,1.51,1.6,1.42,1.24,1.06,0.87,1.05,1.22,1.4,1.57,1.81,2.06,2.3,2.54,2.59,2.63,2.68,2.72,2.57,2.43,2.28,2.13,2.2,2.28,2.35,2.43,2.27,2.11,1.94,1.78,1.57,1.36,1.15,0.94,0.79,0.65,0.5,0.35,0.46,0.58,0.69,0.81,1.07,1.33,1.58,1.84,1.95,2.05,2.16,2.27,2.23,2.2,2.16,2.13,2.09,2.06,2.02,1.99,1.95,1.91,1.87,1.83,1.89,1.96,2.02,2.09,2.08,2.08,2.07,2.06,2.0,1.93,1.86,1.79,1.69,1.6,1.51,1.41,1.48,1.54,1.6,1.67,1.74,1.8,1.87,1.94,2.0,2.05,2.11,2.17,2.14,2.11,2.07,2.04,2.03,2.01,2.0,1.99,1.97,1.94,1.92,1.9,1.82,1.73,1.65,1.56,1.53,1.5,1.47,1.44,1.5,1.55,1.6,1.65,,
2017-09-26T00:00:00+00:00,0.8,0.77,0.75,1.05,1.35,1.65,1.96,1.86,1.77,1.68,1.59,1.72,1.85,1.98,2.11,2.07,2.02,1.97,1.92,1.96,2.01,2.06,2.11,2.03,1.95,1.88,1.8,1.73,1.65,1.58,1.51,1.38,1.25,1.11,0.98,1.01,1.03,1.05,1.08,1.11,1.14,1.17,1.19,1.32,1.44,1.57,1.69,1.52,1.35,1.18,1.01,1.11,1.22,1.33,1.43,1.35,1.27,1.19,1.11,1.23,1.35,1.46,1.58,1.36,1.14,0.92,0.7,0.72,0.75,0.77,0.8,0.8,0.81,0.81,0.82,0.74,0.67,0.6,0.53,0.78,1.02,1.27,1.52,1.28,1.04,0.8,0.56,0.73,0.89,1.06,1.23,1.19,1.15,1.11,1.07,1.13,1.19,1.25,1.31,1.3,1.29,1.28,1.28,1.43,1.59,1.74,1.9,1.65,1.39,1.14,0.89,0.82,0.75,0.68,0.61,0.7,0.79,0.87,0.96,0.99,1.02,1.05,1.09,1.17,1.25,1.34,1.42,1.33,1.24,1.15,1.06,1.22,1.39,1.55,1.72,1.7,1.68,1.67,1.65,1.67,1.69,1.7,1.72,1.81,1.89,1.98,2.06,2.1,2.14,2.18,2.22,2.16,2.1,2.04,1.98,1.98,1.98,1.98,1.98,1.75,1.52,1.29,1.07,,
2017-09-27T00:00:00+00:00,0.6,0.68,0.76,0.96,1.17,1.37,1.58,1.5,1.43,1.35,1.28,1.16,1.04,0.92,0.8,0.73,0.66,0.59,0.52,0.6,0.67,0.74,0.81,0.94,1.07,1.2,1.33,1.28,1.23,1.18,1.14,1.29,1.45,1.61,1.76,1.84,1.93,2.01,2.09,2.15,2.21,2.26,2.32,2.4,2.49,2.57,2.65,2.61,2.58,2.54,2.5,2.46,2.41,2.36,2.31,2.37,2.43,2.49,2.55,2.6,2.66,2.72,2.78,2.57,2.37,2.16,1.96,1.96,1.96,1.96,1.95,2.04,2.13,2.22,2.3,2.34,2.38,2.41,2.45,2.44,2.44,2.43,2.42,2.46,2.5,2.54,2.57,2.38,2.18,1.99,1.79,1.84,1.89,1.94,1.99,1.92,1.84,1.76,1.68,1.66,1.63,1.61,1.58,1.72,1.85,1.99,2.13,1.75,1.37,0.99,0.61,0.67,0.73,0.79,0.84,1.2,1.56,1.91,2.27,2.35,2.43,2.52,2.6,2.69,2.78,2.87,2.96,2.89,2.82,2.74,2.67,3.01,3.35,3.69,4.03,3.94,3.85,3.75,3.66,3.53,3.4,3.27,3.14,2.94,2.73,2.52,2.31,2.41,2.51,2.62,2.72,2.69,2.67,2.64,2.61,2.54,2.48,2.41,2.34,2.04,1.74,1.44,1.14,,
2017-09-28T00:00:00+00:00,1.82,1.71,1.61,1.47,1.34,1.2,1.07,0.95,0.84,0.73,0.62,0.63,0.65,0.67,0.69,0.83,0.97,1.11,1.25,1.28,1.31,1.34,1.37,1.54,1.71,1.88,2.05,2.01,1.97,1.93,1.89,2.05,2.2,2.35,2.51,2.53,2.56,2.59,2.62,2.76,2.89,3.03,3.17,3.12,3.06,3.01,2.95,3.0,3.04,3.09,3.14,3.28,3.42,3.56,3.71,3.68,3.65,3.62,3.6,3.5,3.4,3.31,3.21,3.03,2.85,2.68,2.5,2.4,2.3,2.2,2.1,2.14,2.17,2.21,2.25,2.09,1.93,1.77,1.61,1.5,1.39,1.29,1.18,1.17,1.17,1.17,1.16,1.14,1.11,1.08,1.06,1.19,1.33,1.47,1.6,1.77,1.93,2.09,2.26,2.13,2.0,1.87,1.74,1.53,1.33,1.13,0.92,0.88,0.84,0.8,0.75,0.84,0.92,1.01,1.09,1.38,1.68,1.97,2.26,2.43,2.6,2.78,2.95,2.98,3.01,3.03,3.06,3.03,3.01,2.98,2.95,3.05,3.15,3.24,3.34,3.4,3.45,3.51,3.57,3.65,3.74,3.82,3.9,3.88,3.85,3.83,3.8,3.77,3.74,3.7,3.67,3.55,3.44,3.33,3.21,3.19,3.17,3.15,3.13,2.91,2.7,2.48,2.26,,
2017-09-29T00:00:00+00:00,1.42,1.51,1.6,1.51,1.43,1.35,1.27,1.18,1.08,0.99,0.9,0.87,0.85,0.82,0.8,0.8,0.8,0.8,0.8,0.83,0.86,0.89,0.92,1.13,1.35,1.56,1.78,2.13,2.48,2.82,3.17,3.19,3.22,3.24,3.26,3.3,3.34,3.37,3.41,3.42,3.44,3.45,3.46,3.5,3.53,3.57,3.6,3.67,3.74,3.81,3.88,3.8,3.71,3.63,3.54,3.5,3.46,3.42,3.38,3.24,3.09,2.95,2.81,2.59,2.36,2.14,1.91,2.02,2.12,2.22,2.33,2.39,2.46,2.53,2.6,3.07,3.55,4.03,4.5,4.06,3.62,3.18,2.74,2.68,2.62,2.55,2.49,2.59,2.7,2.8,2.9,3.06,3.22,3.37,3.53,3.38,3.22,3.07,2.92,2.85,2.78,2.71,2.64,2.65,2.65,2.65,2.65,2.5,2.35,2.2,2.05,2.31,2.57,2.83,3.09,2.81,2.54,2.26,1.98,2.29,2.6,2.91,3.22,3.3,3.39,3.48,3.56,3.65,3.74,3.82,3.91,3.66,3.41,3.16,2.92,2.72,2.52,2.32,2.12,2.1,2.09,2.07,2.06,2.38,2.7,3.02,3.35,3.33,3.3,3.28,3.26,3.03,2.79,2.56,2.32,2.33,2.34,2.35,2.35,2.27,2.2,2.12,2.04,,
2017-09-30T00:00:00+00:00,2.4,2.31,2.22,2.4,2.57,2.74,2.91,2.96,3.01,3.05,3.1,2.89,2.68,2.46,2.25,2.5,2.75,3.0,3.25,3.26,3.26,3.26,3.26,3.36,3.45,3.54,3.63,3.37,3.11,2.85,2.59,2.68,2.78,2.87,2.97,2.87,2.77,2.68,2.58,2.56,2.54,2.52,2.5,2.59,2.69,2.78,2.88,2.99,3.1,3.21,3.32,3.26,3.21,3.15,3.09,3.12,3.14,3.17,3.19,3.03,2.88,2.72,2.56,2.42,2.27,2.13,1.98,2.02,2.06,2.1,2.13,2.06,1.99,1.93,1.86,1.83,1.8,1.77,1.74,1.9,2.06,2.22,2.38,2.37,2.36,2.34,2.33,2.21,2.08,1.95,1.82,1.83,1.83,1.83,1.83,1.95,2.08,2.2,2.32,2.45,2.57,2.69,2.81,2.86,2.9,2.94,2.99,2.91,2.83,2.74,2.66,2.73,2.79,2.86,2.93,3.04,3.14,3.25,3.36,3.47,3.58,3.7,3.81,3.92,4.04,4.16,4.27,4.34,4.41,4.47,4.54,4.51,4.47,4.44,4.41,4.5,4.59,4.68,4.77,4.76,4.76,4.75,4.75,4.7,4.64,4.59,4.54,4.6,4.67,4.73,4.8,4.71,4.63,4.54,4.46,4.3,4.13,3.97,3.81,3.88,3.95,4.02,4.09,,
2017-10-01T00:00:00+00:00,1.96,2.08,2.2,2.42,2.64,2.86,3.08,3.17,3.27,3.37,3.46,3.46,3.46,3.45,3.45,3.58,3.72,3.85,3.98,3.94,3.9,3.86,3.82,3.79,3.77,3.74,3.71,3.72,3.72,3.72,3.73,3.87,4.0,4.14,4.28,4.41,4.54,4.67,4.81,4.91,5.02,5.12,5.22,5.19,5.16,5.12,5.09,5.12,5.16,5.19,5.22,5.07,4.92,4.77,4.62,4.54,4.45,4.37,4.29,4.31,4.33,4.34,4.36,4.25,4.13,4.01,3.89,3.91,3.94,3.96,3.98,4.15,4.32,4.5,4.67,4.51,4.35,4.19,4.03,4.16,4.29,4.42,4.55,4.5,4.44,4.38,4.32,4.34,4.35,4.36,4.37,4.28,4.19,4.1,4.01,3.88,3.75,3.63,3.5,3.59,3.68,3.77,3.86,3.75,3.64,3.53,3.42,3.43,3.43,3.44,3.44,3.72,4.0,4.28,4.56,4.59,4.63,4.66,4.7,4.71,4.72,4.74,4.75,4.62,4.5,4.37,4.25,4.42,4.6,4.78,4.96,4.89,4.82,4.74,4.67,4.83,5.0,5.16,5.32,5.18,5.03,4.89,4.74,4.73,4.71,4.7,4.69,4.52,4.35,4.19,4.02,4.01,4.0,3.98,3.97,3.85,3.73,3.61,3.49,3.68,3.86,4.05,4.24,,
2017-10-02T00:00:00+00:00,3.65,3.52,3.38,3.38,3.38,3.38,3.37,3.5,3.63,3.76,3.9,3.79,3.69,3.59,3.48,3.59,3.7,3.81,3.92,4.05,4.18,4.31,4.44,4.51,4.59,4.67,4.74,4.51,4.27,4.03,3.8,3.89,3.98,4.07,4.16,4.34,4.52,4.7,4.88,4.82,4.76,4.7,4.65,4.68,4.71,4.74,4.78,4.69,4.61,4.52,4.44,4.31,4.18,4.05,3.92,3.82,3.72,3.62,3.52,3.66,3.79,3.92,4.06,3.71,3.36,3.0,2.65,2.65,2.65,2.64,2.64,2.82,3.0,3.17,3.35,3.56,3.77,3.98,4.19,4.13,4.06,4.0,3.94,4.01,4.09,4.17,4.25,4.01,3.76,3.52,3.27,3.43,3.58,3.73,3.88,3.84,3.79,3.74,3.69,3.68,3.67,3.66,3.66,3.6,3.54,3.48,3.43,3.24,3.05,2.86,2.68,2.61,2.54,2.47,2.4,2.42,2.44,2.46,2.48,2.46,2.44,2.43,2.41,2.52,2.64,2.76,2.87,3.03,3.19,3.35,3.51,3.44,3.37,3.3,3.24,3.12,3.0,2.88,2.76,2.63,2.5,2.37,2.24,2.23,2.23,2.23,2.23,2.29,2.35,2.41,2.47,2.43,2.39,2.35,2.31,2.27,2.22,2.17,2.13,1.96,1.79,1.62,1.45,,
2017-10-03T00:00:00+00:00,3.19,3.1,3.02,3.62,4.22,4.82,5.42,5.16,4.9,4.64,4.38,4.3,4.21,4.13,4.05,3.93,3.8,3.68,3.56,3.36,3.17,2.98,2.78,2.83,2.89,2.94,2.99,3.08,3.17,3.26,3.35,3.32,3.3,3.27,3.24,3.22,3.2,3.18,3.16,3.05,2.94,2.82,2.71,2.66,2.6,2.55,2.49,2.46,2.43,2.4,2.37,2.36,2.36,2.35,2.34,2.34,2.34,2.34,2.33,2.34,2.34,2.35,2.35,2.16,1.96,1.76,1.57,1.53,1.49,1.45,1.41,1.49,1.56,1.64,1.71,1.77,1.82,1.88,1.93,1.82,1.71,1.59,1.48,1.48,1.49,1.49,1.49,1.51,1.53,1.55,1.57,1.63,1.68,1.73,1.79,1.77,1.75,1.74,1.72,1.67,1.61,1.56,1.5,1.48,1.46,1.44,1.42,1.35,1.28,1.21,1.14,1.05,0.95,0.86,0.77,0.83,0.9,0.96,1.03,1.08,1.13,1.18,1.23,1.27,1.31,1.34,1.38,1.48,1.59,1.69,1.79,2.01,2.23,2.44,2.66,2.81,2.96,3.11,3.25,3.32,3.39,3.46,3.53,3.5,3.48,3.45,3.43,3.38,3.33,3.28,3.23,3.19,3.15,3.12,3.08,2.95,2.81,2.68,2.54,2.43,2.32,2.21,2.1,,
2017-10-04T00:00:00+00:00,0.83,0.75,0.66,0.82,0.98,1.15,1.31,1.32,1.33,1.34,1.35,1.42,1.48,1.55,1.61,1.56,1.51,1.46,1.41,1.49,1.57,1.65,1.73,1.69,1.65,1.61,1.57,1.67,1.78,1.88,1.99,2.15,2.31,2.47,2.64,2.77,2.9,3.03,3.16,3.2,3.23,3.27,3.3,3.25,3.2,3.15,3.1,3.08,3.05,3.03,3.01,2.97,2.94,2.91,2.88,2.89,2.9,2.92,2.93,2.9,2.86,2.83,2.8,2.54,2.29,2.04,1.78,1.78,1.79,1.79,1.79,1.9,2.0,2.11,2.22,2.29,2.36,2.43,2.5,2.39,2.28,2.17,2.06,2.07,2.09,2.11,2.13,2.23,2.33,2.43,2.52,2.55,2.58,2.61,2.64,2.64,2.65,2.66,2.67,2.72,2.76,2.81,2.86,3.01,3.16,3.31,3.46,3.61,3.77,3.93,4.08,4.07,4.06,4.04,4.03,4.12,4.21,4.3,4.39,4.47,4.55,4.63,4.71,4.63,4.55,4.46,4.38,4.54,4.7,4.86,5.02,4.96,4.89,4.83,4.76,4.82,4.88,4.94,5.0,5.11,5.23,5.34,5.46,5.46,5.47,5.48,5.48,5.52,5.55,5.59,5.63,5.41,5.2,4.99,4.78,4.44,4.11,3.78,3.44,3.33,3.22,3.1,2.99,,
2017-10-05T00:00:00+00:00,2.73,2.81,2.89,3.08,3.27,3.45,3.64,3.73,3.82,3.91,4.0,3.91,3.82,3.74,3.65,3.82,3.99,4.16,4.34,4.28,4.22,4.16,4.1,3.99,3.88,3.78,3.67,3.78,3.89,4.0,4.11,4.33,4.54,4.75,4.97,5.16,5.35,5.54,5.73,5.65,5.57,5.49,5.41,5.25,5.09,4.93,4.77,4.88,4.99,5.09,5.2,5.46,5.72,5.99,6.25,5.9,5.54,5.19,4.83,4.63,4.43,4.23,4.03,3.77,3.5,3.24,2.98,2.91,2.83,2.75,2.67,2.87,3.07,3.26,3.46,3.41,3.35,3.3,3.25,3.17,3.09,3.01,2.94,2.85,2.77,2.68,2.6,2.65,2.7,2.75,2.8,2.75,2.69,2.64,2.59,2.63,2.68,2.72,2.77,2.83,2.88,2.94,2.99,2.93,2.87,2.81,2.74,2.68,2.62,2.56,2.5,2.5,2.5,2.5,2.5,2.42,2.34,2.26,2.18,2.18,2.19,2.2,2.21,2.44,2.68,2.91,3.15,3.3,3.45,3.6,3.75,3.81,3.87,3.93,3.99,3.98,3.96,3.95,3.94,3.88,3.82,3.77,3.71,3.7,3.7,3.69,3.69,3.66,3.63,3.6,3.57,3.45,3.33,3.2,3.08,2.91,2.73,2.56,2.38,2.4,2.41,2.42,2.43,,
2017-10-06T00:00:00+00:00,2.85,2.89,2.93,2.89,2.86,2.83,2.79,2.69,2.58,2.48,2.38,2.51,2.64,2.77,2.9,2.71,2.52,2.33,2.15,2.21,2.26,2.32,2.38,2.53,2.68,2.82,2.97,2.88,2.8,2.71,2.62,2.7,2.79,2.87,2.95,3.01,3.08,3.14,3.21,3.22,3.24,3.26,3.28,3.34,3.4,3.46,3.53,3.55,3.58,3.6,3.63,3.67,3.7,3.74,3.78,3.67,3.57,3.47,3.36,3.33,3.29,3.25,3.22,3.05,2.89,2.72,2.56,2.41,2.26,2.11,1.96,1.95,1.94,1.93,1.92,1.87,1.81,1.76,1.71,1.76,1.82,1.88,1.94,1.8,1.67,1.53,1.39,1.46,1.52,1.58,1.65,1.76,1.87,1.98,2.09,2.07,2.05,2.04,2.02,2.02,2.02,2.02,2.02,2.05,2.08,2.11,2.14,2.15,2.16,2.17,2.18,2.24,2.31,2.37,2.43,2.38,2.32,2.26,2.21,2.29,2.38,2.46,2.54,2.79,3.05,3.3,3.55,3.66,3.78,3.89,4.01,4.03,4.06,4.08,4.1,4.19,4.28,4.37,4.47,4.4,4.33,4.26,4.19,4.27,4.34,4.41,4.49,4.56,4.64,4.71,4.78,4.72,4.65,4.58,4.51,4.33,4.15,3.97,3.79,3.78,3.77,3.76,3.74,,
2017-10-07T00:00:00+00:00,1.69,1.8,1.91,1.91,1.92,1.93,1.93,1.9,1.87,1.84,1.81,1.93,2.06,2.18,2.31,2.39,2.48,2.57,2.65,2.78,2.92,3.05,3.18,3.19,3.2,3.21,3.23,3.24,3.25,3.27,3.28,3.7,4.12,4.55,4.97,5.06,5.16,5.26,5.36,5.37,5.38,5.39,5.4,5.29,5.18,5.06,4.95,4.96,4.98,4.99,5.0,5.06,5.12,5.18,5.24,5.09,4.94,4.78,4.63,4.46,4.3,4.13,3.96,3.77,3.59,3.4,3.22,3.38,3.54,3.71,3.87,3.95,4.03,4.1,4.18,4.27,4.37,4.46,4.56,4.44,4.33,4.21,4.1,4.08,4.07,4.05,4.04,3.93,3.82,3.71,3.6,3.55,3.5,3.45,3.4,3.37,3.34,3.31,3.29,2.99,2.69,2.4,2.1,2.18,2.26,2.35,2.43,2.4,2.37,2.34,2.32,2.31,2.3,2.29,2.28,2.19,2.1,2.01,1.92,1.91,1.9,1.89,1.88,1.88,1.89,1.89,1.89,1.87,1.85,1.83,1.81,1.8,1.79,1.77,1.76,1.77,1.78,1.79,1.8,2.11,2.42,2.73,3.03,2.99,2.95,2.9,2.86,2.89,2.92,2.95,2.98,3.02,3.06,3.1,3.14,2.96,2.78,2.6,2.42,2.22,2.02,1.81,1.61,,
2017-10-08T00:00:00+00:00,3.02,3.06,3.1,2.84,2.58,2.32,2.06,2.01,1.96,1.91,1.86,2.0,2.14,2.28,2.42,2.47,2.53,2.58,2.64,2.62,2.6,2.58,2.56,2.7,2.84,2.97,3.11,3.08,3.05,3.02,2.99,2.93,2.87,2.81,2.75,2.38,2.01,1.64,1.27,1.24,1.21,1.19,1.16,1.39,1.62,1.85,2.08,2.04,2.0,1.96,1.92,2.04,2.17,2.29,2.42,2.56,2.7,2.84,2.98,2.83,2.69,2.54,2.4,2.26,2.13,1.99,1.86,1.9,1.95,1.99,2.04,1.97,1.91,1.84,1.77,1.72,1.66,1.6,1.54,1.61,1.68,1.75,1.82,1.78,1.73,1.68,1.64,1.69,1.74,1.79,1.84,1.82,1.81,1.8,1.79,1.81,1.84,1.86,1.89,1.88,1.88,1.87,1.87,1.81,1.76,1.7,1.64,1.64,1.64,1.64,1.64,1.82,2.0,2.18,2.37,2.25,2.14,2.03,1.92,1.91,1.91,1.91,1.91,1.97,2.03,2.09,2.16,2.01,1.86,1.71,1.56,1.6,1.65,1.69,1.74,1.83,1.92,2.01,2.1,2.22,2.35,2.48,2.61,2.6,2.59,2.58,2.57,2.64,2.71,2.78,2.85,2.84,2.83,2.82,2.81,2.68,2.54,2.41,2.28,2.36,2.44,2.53,2.61,,
2017-10-09T00:00:00+00:00,0.82,0.86,0.89,0.92,0.94,0.96,0.98,1.07,1.15,1.24,1.32,1.15,0.98,0.81,0.64,0.68,0.73,0.78,0.83,0.88,0.93,0.98,1.02,1.21,1.4,1.58,1.77,1.77,1.77,1.76,1.76,1.82,1.88,1.94,2.0,2.12,2.23,2.34,2.45,2.51,2.58,2.64,2.71,2.82,2.92,3.03,3.14,3.09,3.04,3.0,2.95,2.98,3.02,3.05,3.08,3.14,3.2,3.25,3.31,3.33,3.34,3.36,3.37,3.0,2.63,2.25,1.88,1.79,1.71,1.62,1.53,1.65,1.77,1.89,2.01,2.06,2.11,2.16,2.21,2.23,2.25,2.27,2.3,2.4,2.49,2.59,2.69,2.66,2.63,2.6,2.56,2.53,2.5,2.47,2.44,2.45,2.46,2.47,2.48,2.49,2.5,2.51,2.52,2.49,2.46,2.43,2.4,2.34,2.27,2.2,2.14,2.18,2.22,2.26,2.3,2.2,2.09,1.99,1.89,2.0,2.11,2.23,2.34,2.28,2.23,2.17,2.12,2.34,2.57,2.79,3.02,3.04,3.06,3.08,3.1,3.15,3.21,3.26,3.32,3.37,3.42,3.47,3.52,3.62,3.73,3.83,3.93,3.96,3.98,4.01,4.03,3.95,3.87,3.78,3.7,3.49,3.28,3.08,2.87,2.79,2.71,2.63,2.55,,
2017-10-10T00:00:00+00:00,0.78,1.04,1.29,1.46,1.62,1.78,1.95,1.97,1.98,2.0,2.02,2.03,2.04,2.05,2.06,2.12,2.19,2.25,2.31,2.28,2.24,2.21,2.17,2.32,2.47,2.62,2.77,2.63,2.49,2.36,2.22,2.4,2.58,2.76,2.94,2.85,2.76,2.67,2.58,2.81,3.04,3.27,3.5,3.63,3.76,3.88,4.01,4.03,4.05,4.07,4.09,3.95,3.8,3.65,3.5,3.53,3.57,3.6,3.63,3.49,3.35,3.21,3.07,2.91,2.76,2.6,2.45,2.39,2.32,2.26,2.2,2.25,2.29,2.33,2.38,2.4,2.42,2.44,2.46,2.5,2.55,2.6,2.65,2.63,2.61,2.6,2.58,2.56,2.54,2.52,2.5,2.49,2.48,2.47,2.46,2.34,2.22,2.1,1.98,2.02,2.06,2.1,2.14,2.13,2.12,2.11,2.1,2.25,2.41,2.56,2.71,2.68,2.64,2.61,2.58,2.78,2.99,3.2,3.4,3.36,3.32,3.28,3.24,3.45,3.67,3.89,4.1,4.39,4.67,4.96,5.24,5.13,5.02,4.92,4.81,4.84,4.86,4.89,4.91,4.86,4.8,4.75,4.69,4.65,4.61,4.56,4.52,4.47,4.42,4.37,4.32,4.2,4.08,3.96,3.84,3.55,3.25,2.96,2.67,2.41,2.16,1.91,1.65,,
2017-10-11T00:00:00+00:00,2.44,2.48,2.52,2.52,2.52,2.51,2.51,2.67,2.82,2.98,3.13,2.92,2.71,2.5,2.28,2.35,2.41,2.48,2.55,2.49,2.43,2.37,2.32,2.33,2.35,2.36,2.38,2.53,2.69,2.85,3.01,3.28,3.55,3.81,4.08,4.23,4.38,4.54,4.69,4.75,4.82,4.88,4.95,4.98,5.01,5.04,5.07,5.02,4.97,4.92,4.86,4.82,4.78,4.74,4.7,4.58,4.46,4.34,4.22,3.95,3.68,3.41,3.14,2.91,2.69,2.46,2.24,2.15,2.07,1.99,1.91,1.91,1.92,1.93,1.94,2.19,2.44,2.69,2.94,2.94,2.94,2.94,2.94,3.13,3.32,3.51,3.7,3.92,4.13,4.35,4.57,4.59,4.61,4.64,4.66,4.7,4.74,4.77,4.81,4.74,4.67,4.59,4.52,4.52,4.52,4.52,4.52,4.32,4.12,3.91,3.71,3.8,3.89,3.97,4.06,3.8,3.53,3.27,3.0,3.25,3.49,3.74,3.98,3.76,3.54,3.32,3.1,2.95,2.79,2.64,2.49,2.68,2.87,3.07,3.26,3.46,3.66,3.86,4.07,3.95,3.84,3.72,3.6,3.56,3.52,3.48,3.44,3.39,3.34,3.28,3.23,3.19,3.14,3.1,3.05,2.7,2.35,2.0,1.65,1.91,2.16,2.42,2.68,,
2017-10-12T00:00:00+00:00,3.8,3.92,4.03,4.03,4.03,4.02,4.02,3.95,3.89,3.82,3.76,3.74,3.72,3.7,3.68,3.53,3.38,3.24,3.09,2.9,2.72,2.53,2.35,2.48,2.61,2.74,2.87,2.83,2.79,2.76,2.72,2.69,2.67,2.64,2.62,2.92,3.23,3.54,3.84,3.86,3.87,3.89,3.9,3.8,3.7,3.6,3.5,3.59,3.68,3.77,3.87,3.8,3.74,3.67,3.61,3.63,3.65,3.66,3.68,3.53,3.37,3.22,3.07,2.98,2.89,2.8,2.71,2.89,3.07,3.26,3.44,3.37,3.31,3.24,3.18,3.15,3.13,3.11,3.09,3.04,2.98,2.93,2.88,2.93,2.98,3.03,3.08,3.08,3.08,3.07,3.07,3.05,3.03,3.01,2.99,2.82,2.64,2.47,2.29,2.18,2.07,1.95,1.84,1.81,1.78,1.75,1.73,1.79,1.85,1.92,1.98,2.02,2.06,2.1,2.14,2.01,1.89,1.76,1.64,1.48,1.32,1.15,0.99,0.94,0.9,0.85,0.8,0.83,0.86,0.89,0.92,0.96,1.0,1.04,1.08,1.35,1.62,1.88,2.15,2.18,2.21,2.24,2.27,2.34,2.42,2.5,2.57,2.5,2.44,2.37,2.3,2.19,2.07,1.96,1.85,1.88,1.92,1.95,1.99,1.76,1.53,1.31,1.08,,
2017-10-13T00:00:00+00:00,2.93,2.98,3.03,2.95,2.87,2.78,2.7,2.61,2.52,2.43,2.33,2.3,2.26,2.23,2.19,2.04,1.89,1.74,1.58,1.5,1.41,1.32,1.23,1.19,1.15,1.11,1.07,1.07,1.07,1.07,1.06,1.15,1.24,1.33,1.42,1.6,1.78,1.95,2.13,2.11,2.09,2.07,2.05,2.09,2.13,2.16,2.2,2.16,2.13,2.09,2.05,2.02,1.98,1.95,1.91,1.85,1.78,1.72,1.65,1.69,1.72,1.76,1.8,1.71,1.62,1.53,1.44,1.35,1.27,1.19,1.11,1.0,0.89,0.78,0.67,0.65,0.64,0.63,0.61,0.64,0.66,0.69,0.71,0.8,0.88,0.96,1.04,0.98,0.92,0.86,0.8,0.73,0.66,0.59,0.52,0.64,0.77,0.89,1.01,0.99,0.97,0.96,0.94,0.91,0.88,0.86,0.83,0.81,0.79,0.77,0.76,0.78,0.8,0.82,0.84,0.89,0.94,0.99,1.04,1.06,1.09,1.11,1.13,1.15,1.16,1.18,1.2,1.24,1.29,1.34,1.38,1.42,1.46,1.49,1.53,1.52,1.51,1.5,1.49,1.49,1.5,1.5,1.5,1.51,1.52,1.54,1.55,1.58,1.61,1.64,1.67,1.72,1.78,1.83,1.89,1.88,1.87,1.85,1.84,1.73,1.61,1.5,1.39,,
2017-10-14T00:00:00+00:00,0.31,0.23,0.14,0.42,0.7,0.97,1.25,1.16,1.07,0.98,0.89,0.93,0.97,1.01,1.04,1.06,1.09,1.11,1.13,1.13,1.13,1.13,1.13,1.1,1.07,1.04,1.02,1.0,0.99,0.97,0.96,1.13,1.31,1.48,1.65,1.55,1.45,1.35,1.25,1.27,1.29,1.32,1.34,1.43,1.53,1.62,1.71,1.75,1.79,1.82,1.86,1.89,1.91,1.94,1.97,1.87,1.78,1.68,1.59,1.56,1.52,1.49,1.45,1.43,1.4,1.37,1.34,1.4,1.46,1.51,1.57,1.56,1.55,1.55,1.54,1.59,1.65,1.7,1.75,1.76,1.77,1.77,1.78,1.79,1.81,1.82,1.83,1.78,1.72,1.66,1.6,1.56,1.51,1.47,1.42,1.42,1.42,1.43,1.43,1.35,1.27,1.19,1.11,1.08,1.05,1.02,0.99,1.15,1.32,1.48,1.65,1.57,1.5,1.42,1.34,1.32,1.3,1.28,1.26,1.21,1.16,1.11,1.07,1.09,1.12,1.15,1.18,1.29,1.4,1.51,1.62,1.78,1.95,2.12,2.28,2.36,2.44,2.52,2.59,2.67,2.75,2.82,2.9,2.97,3.03,3.1,3.16,3.16,3.17,3.17,3.18,3.17,3.15,3.14,3.12,3.08,3.04,3.0,2.96,2.88,2.8,2.72,2.63,,
2017-10-15T00:00:00+00:00,1.67,1.68,1.68,1.61,1.53,1.46,1.38,1.46,1.54,1.61,1.69,1.67,1.65,1.63,1.62,1.7,1.79,1.88,1.96,1.62,1.28,0.93,0.59,0.8,1.0,1.21,1.41,1.56,1.72,1.87,2.02,1.99,1.97,1.94,1.91,1.97,2.04,2.1,2.17,2.3,2.44,2.58,2.71,2.78,2.85,2.91,2.98,3.05,3.12,3.19,3.26,3.3,3.34,3.38,3.43,3.32,3.22,3.11,3.01,2.85,2.7,2.54,2.39,2.32,2.26,2.2,2.13,2.26,2.38,2.5,2.63,2.75,2.87,2.99,3.11,3.11,3.12,3.12,3.12,3.12,3.12,3.12,3.13,3.16,3.2,3.24,3.28,3.27,3.25,3.23,3.22,3.4,3.59,3.77,3.96,3.85,3.74,3.63,3.51,3.2,2.89,2.57,2.26,2.07,1.87,1.68,1.49,1.37,1.26,1.15,1.03,0.92,0.81,0.71,0.6,0.85,1.11,1.36,1.61,1.62,1.62,1.62,1.62,1.69,1.76,1.82,1.89,1.99,2.09,2.18,2.28,2.34,2.4,2.46,2.52,2.61,2.69,2.77,2.85,2.88,2.91,2.95,2.98,3.03,3.09,3.14,3.19,3.19,3.19,3.19,3.19,3.17,3.15,3.13,3.1,2.99,2.87,2.75,2.63,2.45,2.26,2.08,1.89,,
2017-10-16T00:00:00+00:00,1.77,1.78,1.78,1.74,1.69,1.65,1.6,1.47,1.34,1.21,1.08,0.95,0.82,0.7,0.57,0.71,0.85,1.0,1.14,1.22,1.3,1.38,1.46,1.59,1.72,1.85,1.98,2.04,2.11,2.17,2.24,2.35,2.47,2.58,2.69,2.87,3.04,3.22,3.39,3.3,3.2,3.11,3.01,3.14,3.27,3.39,3.52,3.68,3.85,4.01,4.17,4.22,4.27,4.33,4.38,4.12,3.86,3.6,3.34,3.14,2.94,2.74,2.54,2.56,2.58,2.6,2.63,2.59,2.55,2.51,2.47,2.48,2.48,2.49,2.49,2.62,2.75,2.88,3.01,3.03,3.04,3.06,3.08,3.12,3.16,3.2,3.25,3.12,3.0,2.87,2.75,2.63,2.5,2.38,2.26,2.08,1.9,1.72,1.55,1.35,1.15,0.95,0.75,0.68,0.61,0.54,0.46,0.51,0.55,0.59,0.63,0.68,0.73,0.79,0.84,0.91,0.98,1.05,1.12,1.16,1.21,1.25,1.29,1.45,1.61,1.77,1.93,1.99,2.04,2.1,2.16,2.14,2.13,2.11,2.1,2.14,2.18,2.22,2.26,2.28,2.31,2.33,2.36,2.42,2.49,2.56,2.62,2.69,2.76,2.82,2.89,2.86,2.83,2.8,2.77,2.83,2.9,2.96,3.02,3.01,2.99,2.97,2.95,,
2017-10-17T00:00:00+00:00,1.27,1.04,0.81,0.76,0.7,0.64,0.59,0.77,0.95,1.13,1.31,1.27,1.23,1.19,1.16,1.13,1.1,1.08,1.05,1.1,1.15,1.2,1.25,1.28,1.31,1.34,1.37,1.4,1.42,1.44,1.46,1.64,1.83,2.01,2.19,2.15,2.12,2.08,2.04,2.05,2.06,2.07,2.08,2.06,2.05,2.03,2.01,1.88,1.76,1.64,1.51,1.52,1.52,1.53,1.53,1.71,1.9,2.08,2.26,2.36,2.46,2.56,2.65,2.61,2.57,2.53,2.49,2.42,2.36,2.29,2.22,2.25,2.27,2.29,2.32,2.19,2.07,1.95,1.82,1.82,1.82,1.82,1.83,1.74,1.66,1.57,1.49,1.35,1.21,1.07,0.93,1.13,1.32,1.52,1.71,1.53,1.34,1.16,0.98,0.91,0.84,0.77,0.7,0.61,0.51,0.41,0.31,0.68,1.04,1.4,1.76,1.97,2.18,2.39,2.6,2.72,2.84,2.96,3.08,3.08,3.08,3.08,3.08,3.0,2.93,2.85,2.77,2.65,2.54,2.43,2.31,2.24,2.18,2.11,2.04,2.18,2.31,2.45,2.59,2.56,2.53,2.51,2.48,2.28,2.09,1.89,1.7,1.58,1.46,1.34,1.23,1.32,1.41,1.5,1.6,1.68,1.77,1.86,1.95,1.85,1.74,1.64,1.53,,
2017-10-18T00:00:00+00:00,0.63,0.89,1.15,1.08,1.02,0.95,0.88,0.84,0.8,0.75,0.71,0.76,0.81,0.85,0.9,1.27,1.63,2.0,2.36,2.45,2.53,2.62,2.7,2.55,2.4,2.26,2.11,2.08,2.05,2.02,1.99,2.03,2.08,2.12,2.16,2.23,2.29,2.35,2.42,2.42,2.42,2.42,2.42,2.37,2.33,2.29,2.24,2.17,2.09,2.02,1.94,2.0,2.06,2.12,2.18,2.28,2.39,2.49,2.59,2.54,2.48,2.43,2.37,2.2,2.03,1.87,1.7,1.69,1.68,1.66,1.65,1.71,1.76,1.82,1.88,1.84,1.8,1.77,1.73,1.71,1.69,1.68,1.66,1.77,1.89,2.0,2.11,2.08,2.05,2.02,1.99,2.01,2.04,2.06,2.08,2.11,2.14,2.17,2.2,1.96,1.72,1.47,1.23,1.18,1.14,1.09,1.04,1.18,1.32,1.46,1.6,1.48,1.35,1.23,1.1,1.12,1.14,1.16,1.19,1.35,1.51,1.67,1.83,2.0,2.18,2.35,2.52,2.81,3.09,3.38,3.66,3.81,3.95,4.1,4.25,4.48,4.72,4.95,5.18,5.27,5.36,5.45,5.54,5.32,5.11,4.9,4.69,4.59,4.48,4.38,4.28,4.2,4.11,4.03,3.95,3.82,3.7,3.57,3.45,3.47,3.49,3.52,3.54,,
2017-10-19T00:00:00+00:00,1.91,1.76,1.62,1.78,1.95,2.12,2.29,2.26,2.23,2.2,2.17,2.11,2.04,1.97,1.91,1.89,1.88,1.86,1.85,2.02,2.19,2.36,2.54,2.66,2.78,2.9,3.02,3.44,3.85,4.27,4.68,4.84,4.99,5.14,5.29,5.37,5.44,5.52,5.59,5.54,5.49,5.43,5.38,5.29,5.21,5.12,5.03,4.91,4.78,4.66,4.53,4.44,4.34,4.24,4.14,4.1,4.06,4.02,3.98,3.79,3.6,3.41,3.21,3.27,3.33,3.38,3.44,3.66,3.87,4.09,4.31,4.54,4.77,5.01,5.24,5.37,5.49,5.62,5.75,5.65,5.56,5.47,5.38,5.48,5.58,5.68,5.78,6.0,6.22,6.43,6.65,6.93,7.21,7.49,7.77,7.62,7.47,7.32,7.17,6.89,6.61,6.32,6.04,5.97,5.91,5.84,5.78,5.63,5.49,5.34,5.2,5.06,4.92,4.79,4.65,4.81,4.97,5.13,5.29,5.32,5.36,5.4,5.43,5.55,5.67,5.79,5.91,5.94,5.97,6.0,6.03,6.07,6.11,6.14,6.18,6.21,6.24,6.26,6.29,6.19,6.1,6.0,5.9,5.82,5.74,5.65,5.57,5.39,5.2,5.02,4.83,4.6,4.37,4.14,3.91,3.64,3.38,3.11,2.85,2.82,2.79,2.76,2.73,,
2017-10-20T00:00:00+00:00,7.64,7.47,7.31,7.31,7.31,7.31,7.31,7.02,6.72,6.43,6.13,5.97,5.81,5.64,5.48,5.42,5.35,5.29,5.23,5.19,5.16,5.13,5.1,5.23,5.36,5.49,5.63,5.71,5.8,5.88,5.97,6.09,6.21,6.33,6.45,6.38,6.32,6.26,6.19,6.18,6.17,6.16,6.15,6.09,6.04,5.98,5.93,5.77,5.6,5.44,5.28,5.12,4.97,4.81,4.65,4.41,4.17,3.93,3.68,3.56,3.43,3.31,3.18,3.02,2.85,2.69,2.52,2.53,2.55,2.56,2.58,2.61,2.64,2.67,2.71,2.81,2.91,3.02,3.12,3.11,3.1,3.09,3.08,3.31,3.53,3.76,3.99,4.16,4.34,4.52,4.69,4.75,4.81,4.87,4.93,4.95,4.96,4.98,4.99,5.17,5.35,5.53,5.71,5.71,5.71,5.71,5.71,5.81,5.92,6.03,6.14,6.08,6.03,5.97,5.92,5.74,5.57,5.39,5.21,5.62,6.03,6.43,6.84,6.33,5.82,5.31,4.8,5.0,5.21,5.42,5.63,5.86,6.1,6.34,6.58,6.53,6.47,6.42,6.37,6.37,6.37,6.37,6.37,6.58,6.8,7.01,7.23,7.17,7.12,7.06,7.0,6.87,6.74,6.61,6.48,6.57,6.66,6.76,6.85,6.7,6.55,6.4,6.25,,
2017-10-21T00:00:00+00:00,4.7,4.84,4.99,4.98,4.96,4.95,4.93,5.26,5.58,5.91,6.23,6.22,6.21,6.19,6.18,5.9,5.61,5.33,5.04,4.97,4.9,4.83,4.76,5.13,5.51,5.88,6.25,6.0,5.75,5.49,5.24,5.67,6.1,6.52,6.95,6.96,6.97,6.98,6.99,6.71,6.43,6.15,5.86,6.02,6.17,6.33,6.49,6.36,6.24,6.12,5.99,5.99,5.99,5.99,5.99,6.34,6.7,7.05,7.41,7.4,7.39,7.39,7.38,7.13,6.88,6.64,6.39,6.4,6.4,6.41,6.42,6.48,6.54,6.6,6.66,6.6,6.53,6.47,6.4,6.42,6.43,6.44,6.46,6.53,6.6,6.66,6.73,6.83,6.92,7.01,7.11,6.99,6.87,6.76,6.64,6.71,6.78,6.84,6.91,6.97,7.02,7.08,7.14,6.98,6.82,6.66,6.5,6.6,6.69,6.78,6.87,6.8,6.72,6.64,6.56,6.48,6.4,6.33,6.25,6.25,6.26,6.27,6.28,6.28,6.28,6.28,6.28,6.28,6.27,6.27,6.27,6.3,6.33,6.36,6.39,6.45,6.51,6.57,6.63,6.65,6.67,6.69,6.71,6.64,6.56,6.48,6.41,5.82,5.24,4.65,4.07,4.63,5.19,5.76,6.32,6.21,6.09,5.98,5.86,5.21,4.56,3.9,3.25,,
2017-10-22T00:00:00+00:00,6.43,6.51,6.59,6.56,6.54,6.52,6.49,6.55,6.6,6.66,6.71,6.62,6.52,6.43,6.34,6.31,6.28,6.25,6.23,6.21,6.19,6.17,6.15,6.19,6.24,6.28,6.32,6.22,6.12,6.01,5.91,5.88,5.85,5.82,5.78,5.85,5.91,5.98,6.05,6.0,5.95,5.9,5.86,5.91,5.97,6.03,6.09,5.97,5.84,5.71,5.58,5.51,5.45,5.38,5.31,4.94,4.58,4.21,3.85,3.88,3.9,3.93,3.96,3.95,3.94,3.93,3.92,4.17,4.43,4.68,4.94,4.95,4.97,4.99,5.01,4.89,4.78,4.67,4.55,4.45,4.35,4.25,4.15,4.22,4.29,4.36,4.44,4.43,4.43,4.43,4.42,4.34,4.25,4.16,4.07,4.07,4.06,4.05,4.04,4.13,4.22,4.32,4.41,4.28,4.15,4.02,3.89,3.86,3.82,3.79,3.76,3.7,3.63,3.57,3.51,3.52,3.54,3.56,3.58,3.58,3.59,3.6,3.6,3.51,3.41,3.32,3.22,3.26,3.29,3.32,3.35,3.38,3.41,3.43,3.46,3.52,3.58,3.65,3.71,3.75,3.79,3.83,3.87,3.76,3.65,3.54,3.43,3.38,3.33,3.28,3.22,3.3,3.38,3.46,3.54,3.48,3.43,3.37,3.31,3.16,3.0,2.85,2.7,,
2017-10-23T00:00:00+00:00,2.85,2.97,3.1,2.99,2.88,2.77,2.65,2.67,2.68,2.7,2.71,2.74,2.77,2.8,2.83,2.85,2.87,2.89,2.91,3.03,3.14,3.25,3.36,3.25,3.14,3.02,2.91,2.87,2.83,2.79,2.75,2.88,3.01,3.14,3.27,3.4,3.53,3.66,3.79,3.87,3.94,4.01,4.09,4.13,4.18,4.22,4.27,4.15,4.04,3.93,3.82,3.84,3.86,3.88,3.9,3.91,3.91,3.92,3.93,3.91,3.89,3.88,3.86,3.88,3.91,3.93,3.96,3.96,3.96,3.96,3.96,4.04,4.12,4.21,4.29,4.2,4.12,4.03,3.94,3.97,4.0,4.03,4.06,4.0,3.95,3.89,3.83,3.81,3.8,3.78,3.76,3.78,3.8,3.81,3.83,3.79,3.76,3.72,3.69,3.73,3.76,3.8,3.84,3.9,3.95,4.01,4.07,4.01,3.96,3.9,3.85,3.77,3.69,3.62,3.54,3.63,3.71,3.8,3.89,3.77,3.66,3.55,3.43,3.46,3.48,3.5,3.53,3.62,3.7,3.79,3.88,3.84,3.8,3.76,3.72,3.66,3.6,3.54,3.48,3.39,3.31,3.22,3.13,3.03,2.93,2.84,2.74,2.7,2.67,2.64,2.6,2.62,2.63,2.65,2.67,2.63,2.59,2.56,2.52,2.54,2.55,2.57,2.58,,
2017-10-24T00:00:00+00:00,4.2,4.29,4.38,4.2,4.02,3.85,3.67,3.62,3.58,3.54,3.5,3.47,3.43,3.4,3.37,3.25,3.14,3.02,2.9,2.78,2.66,2.54,2.43,2.58,2.73,2.88,3.03,3.06,3.09,3.12,3.15,3.37,3.6,3.83,4.05,3.87,3.69,3.5,3.32,3.12,2.91,2.71,2.51,2.72,2.94,3.15,3.37,3.42,3.48,3.53,3.58,3.43,3.28,3.13,2.99,3.05,3.12,3.19,3.26,3.14,3.02,2.9,2.78,2.75,2.72,2.69,2.66,2.67,2.68,2.68,2.69,2.65,2.6,2.55,2.5,2.49,2.47,2.46,2.44,2.47,2.49,2.51,2.54,2.48,2.42,2.36,2.3,2.34,2.38,2.42,2.46,2.53,2.59,2.66,2.73,2.79,2.85,2.9,2.96,3.14,3.31,3.49,3.67,3.56,3.45,3.34,3.24,3.07,2.91,2.75,2.59,2.51,2.43,2.34,2.26,2.19,2.12,2.05,1.98,1.93,1.88,1.84,1.79,1.94,2.09,2.24,2.4,2.47,2.55,2.63,2.7,2.69,2.67,2.65,2.64,2.53,2.43,2.32,2.21,2.28,2.35,2.41,2.48,2.52,2.55,2.59,2.62,2.45,2.27,2.09,1.92,1.88,1.83,1.79,1.75,1.77,1.79,1.8,1.82,1.71,1.61,1.5,1.39,,
2017-10-25T00:00:00+00:00,0.29,0.19,0.08,0.34,0.59,0.84,1.09,1.19,1.29,1.39,1.48,1.59,1.69,1.79,1.9,1.81,1.72,1.62,1.53,1.51,1.49,1.47,1.46,1.4,1.34,1.27,1.21,1.29,1.36,1.43,1.5,1.47,1.45,1.42,1.39,1.51,1.62,1.74,1.86,1.92,1.99,2.05,2.12,2.19,2.26,2.33,2.4,2.41,2.41,2.42,2.42,2.36,2.3,2.24,2.17,2.05,1.93,1.8,1.68,1.5,1.33,1.15,0.98,0.97,0.95,0.94,0.93,1.01,1.09,1.17,1.25,1.25,1.25,1.25,1.25,1.15,1.04,0.94,0.83,0.81,0.78,0.76,0.74,0.63,0.53,0.42,0.32,0.5,0.69,0.87,1.05,1.14,1.23,1.31,1.4,1.37,1.33,1.3,1.26,1.25,1.23,1.21,1.19,1.2,1.22,1.23,1.24,1.25,1.27,1.28,1.3,1.31,1.33,1.34,1.36,1.32,1.28,1.25,1.21,1.19,1.17,1.15,1.13,1.09,1.04,1.0,0.96,0.95,0.93,0.92,0.91,0.91,0.91,0.91,0.91,0.96,1.01,1.06,1.11,1.09,1.07,1.04,1.02,1.05,1.09,1.12,1.16,1.1,1.03,0.97,0.91,0.93,0.95,0.97,1.0,0.95,0.91,0.86,0.82,0.88,0.95,1.02,1.09,,
2017-10-26T00:00:00+00:00,0.53,0.4,0.28,0.32,0.36,0.4,0.44,0.47,0.5,0.53,0.55,0.54,0.52,0.5,0.48,0.52,0.56,0.59,0.63,0.62,0.61,0.6,0.59,0.61,0.64,0.66,0.69,0.64,0.59,0.53,0.48,0.44,0.4,0.36,0.32,0.36,0.4,0.44,0.48,0.56,0.63,0.71,0.78,0.69,0.6,0.51,0.42,0.5,0.58,0.65,0.73,0.81,0.88,0.95,1.02,1.03,1.04,1.05,1.05,1.05,1.06,1.06,1.06,1.09,1.12,1.14,1.17,1.26,1.35,1.44,1.53,1.51,1.49,1.47,1.44,1.56,1.69,1.81,1.93,1.91,1.89,1.88,1.86,1.65,1.44,1.23,1.02,1.22,1.43,1.63,1.84,1.93,2.02,2.11,2.2,2.3,2.4,2.51,2.61,2.59,2.58,2.56,2.54,2.62,2.69,2.76,2.83,2.81,2.78,2.76,2.73,2.71,2.69,2.67,2.65,2.71,2.77,2.83,2.89,2.87,2.85,2.82,2.8,2.9,3.01,3.11,3.22,3.19,3.17,3.15,3.13,3.12,3.1,3.09,3.08,3.1,3.12,3.15,3.17,3.19,3.21,3.23,3.25,3.31,3.37,3.43,3.49,3.41,3.33,3.25,3.17,3.09,3.0,2.92,2.83,2.96,3.08,3.21,3.33,3.1,2.87,2.63,2.4,,
2017-10-27T00:00:00+00:00,1.96,2.11,2.27,2.29,2.31,2.34,2.36,2.39,2.41,2.43,2.46,2.63,2.81,2.98,3.16,2.83,2.5,2.17,1.85,1.87,1.89,1.91,1.93,2.02,2.12,2.21,2.3,2.37,2.43,2.49,2.55,2.78,3.0,3.23,3.45,3.43,3.42,3.4,3.38,3.1,2.82,2.54,2.27,2.24,2.21,2.18,2.16,2.38,2.61,2.84,3.07,3.05,3.03,3.0,2.98,2.99,3.0,3.01,3.02,2.94,2.87,2.79,2.72,2.56,2.4,2.25,2.09,2.1,2.12,2.13,2.14,2.16,2.17,2.18,2.2,2.09,1.98,1.87,1.76,1.79,1.82,1.85,1.88,1.98,2.08,2.18,2.29,2.14,1.99,1.84,1.69,1.69,1.69,1.69,1.69,1.7,1.71,1.72,1.73,1.73,1.72,1.71,1.71,1.71,1.71,1.71,1.71,1.75,1.78,1.82,1.86,1.95,2.05,2.14,2.23,2.22,2.2,2.18,2.17,2.19,2.21,2.23,2.26,2.3,2.35,2.39,2.44,2.44,2.45,2.45,2.45,2.72,2.99,3.25,3.52,3.78,4.04,4.29,4.55,4.49,4.43,4.36,4.3,4.3,4.29,4.29,4.29,4.25,4.21,4.17,4.14,4.03,3.93,3.82,3.72,3.65,3.59,3.52,3.46,3.39,3.32,3.25,3.18,,
2017-10-28T00:00:00+00:00,1.31,1.42,1.53,1.62,1.72,1.81,1.9,1.95,2.0,2.04,2.09,2.06,2.02,1.99,1.95,2.0,2.05,2.11,2.16,2.19,2.23,2.27,2.3,2.3,2.29,2.29,2.29,2.25,2.21,2.17,2.12,2.24,2.36,2.47,2.59,2.91,3.24,3.56,3.89,3.92,3.95,3.97,4.0,4.04,4.08,4.11,4.15,4.14,4.13,4.13,4.12,4.12,4.13,4.13,4.14,4.04,3.95,3.86,3.76,3.68,3.6,3.52,3.44,3.43,3.43,3.43,3.43,3.48,3.54,3.6,3.65,3.85,4.05,4.25,4.45,4.68,4.9,5.12,5.35,5.32,5.3,5.28,5.26,5.26,5.25,5.24,5.24,5.25,5.27,5.28,5.3,5.35,5.4,5.45,5.5,5.42,5.35,5.28,5.21,5.21,5.21,5.2,5.2,5.24,5.28,5.32,5.36,5.46,5.56,5.65,5.75,5.82,5.89,5.96,6.03,5.77,5.51,5.25,4.99,4.94,4.9,4.85,4.81,4.62,4.43,4.24,4.05,3.9,3.76,3.61,3.47,3.6,3.74,3.87,4.0,3.98,3.95,3.92,3.89,3.99,4.09,4.18,4.28,4.29,4.3,4.31,4.32,4.02,3.71,3.41,3.11,3.37,3.63,3.89,4.15,3.99,3.84,3.68,3.53,3.7,3.87,4.04,4.22,,
2017-10-29T00:00:00+00:00,4.56,4.62,4.69,4.91,5.14,5.37,5.59,5.52,5.44,5.37,5.3,5.49,5.69,5.89,6.09,5.79,5.5,5.2,4.91,4.87,4.82,4.78,4.74,4.68,4.63,4.57,4.52,4.46,4.4,4.35,4.29,4.18,4.08,3.97,3.86,3.96,4.05,4.14,4.24,4.2,4.16,4.12,4.08,4.12,4.17,4.22,4.27,4.33,4.39,4.46,4.52,4.3,4.08,3.87,3.65,3.52,3.39,3.26,3.12,3.09,3.05,3.02,2.98,2.98,2.97,2.97,2.96,3.16,3.36,3.56,3.76,3.68,3.59,3.5,3.41,3.35,3.29,3.22,3.16,3.3,3.44,3.58,3.72,3.67,3.62,3.56,3.51,3.44,3.37,3.3,3.24,3.22,3.21,3.19,3.18,3.18,3.19,3.19,3.2,3.24,3.28,3.33,3.37,3.36,3.35,3.35,3.34,3.42,3.5,3.58,3.66,3.64,3.62,3.61,3.59,3.47,3.35,3.24,3.12,3.01,2.9,2.79,2.68,2.64,2.59,2.55,2.51,2.71,2.91,3.12,3.32,3.33,3.34,3.35,3.36,3.5,3.65,3.79,3.94,3.9,3.86,3.82,3.79,3.79,3.79,3.79,3.79,3.68,3.58,3.47,3.36,3.26,3.16,3.06,2.96,2.95,2.94,2.94,2.93,2.87,2.82,2.76,2.71,,
2017-10-30T00:00:00+00:00,2.77,2.79,2.8,2.82,2.84,2.86,2.88,2.84,2.81,2.77,2.73,2.76,2.78,2.81,2.83,2.83,2.83,2.82,2.82,2.82,2.83,2.83,2.83,2.79,2.75,2.71,2.68,2.61,2.54,2.47,2.41,2.52,2.63,2.74,2.85,2.99,3.14,3.28,3.43,3.37,3.32,3.27,3.22,3.1,2.98,2.86,2.74,2.71,2.69,2.66,2.64,2.74,2.85,2.96,3.06,2.98,2.91,2.83,2.75,2.59,2.44,2.29,2.13,1.93,1.73,1.53,1.34,1.4,1.47,1.53,1.6,1.62,1.65,1.68,1.71,1.78,1.85,1.92,1.99,2.13,2.27,2.41,2.55,2.44,2.34,2.23,2.12,1.95,1.77,1.6,1.43,1.31,1.19,1.08,0.96,0.98,0.99,1.01,1.03,1.07,1.11,1.14,1.18,1.15,1.12,1.09,1.06,1.16,1.27,1.37,1.48,1.34,1.2,1.06,0.92,0.94,0.95,0.97,0.98,0.88,0.79,0.69,0.59,0.53,0.46,0.4,0.33,0.4,0.47,0.53,0.6,0.76,0.92,1.07,1.23,1.22,1.21,1.2,1.19,1.11,1.03,0.95,0.87,1.02,1.17,1.32,1.47,1.3,1.14,0.97,0.81,0.92,1.04,1.16,1.28,1.2,1.13,1.06,0.98,0.86,0.74,0.62,0.5,,
2017-10-31T00:00:00+00:00,1.1,1.13,1.16,1.15,1.13,1.12,1.11,1.17,1.23,1.3,1.36,1.22,1.07,0.92,0.78,0.86,0.94,1.02,1.1,1.09,1.07,1.06,1.05,0.9,0.74,0.59,0.44,0.63,0.82,1.01,1.2,1.07,0.94,0.81,0.68,0.62,0.56,0.5,0.43,0.56,0.69,0.83,0.96,1.03,1.1,1.17,1.24,1.2,1.15,1.11,1.07,1.08,1.09,1.1,1.11,1.21,1.32,1.42,1.53,1.7,1.87,2.04,2.22,2.13,2.04,1.96,1.87,1.68,1.5,1.31,1.12,0.98,0.83,0.69,0.54,0.68,0.82,0.96,1.1,1.11,1.11,1.12,1.12,1.14,1.17,1.19,1.21,1.23,1.26,1.28,1.31,1.53,1.76,1.98,2.21,2.1,1.99,1.88,1.77,1.77,1.77,1.77,1.77,1.82,1.87,1.92,1.97,1.98,1.99,2.0,2.02,2.0,1.99,1.97,1.96,1.97,1.97,1.98,1.99,1.99,2.0,2.0,2.01,1.86,1.72,1.57,1.43,1.45,1.46,1.48,1.5,1.57,1.64,1.71,1.78,1.84,1.9,1.96,2.02,2.08,2.14,2.2,2.27,2.27,2.28,2.28,2.29,2.34,2.39,2.43,2.48,2.46,2.43,2.41,2.38,2.18,1.99,1.79,1.59,1.76,1.93,2.1,2.27,,
2017-11-01T00:00:00+00:00,1.54,1.64,1.73,1.71,1.68,1.66,1.64,1.57,1.51,1.44,1.37,1.56,1.74,1.92,2.11,1.96,1.81,1.66,1.51,1.43,1.35,1.27,1.19,1.18,1.16,1.15,1.13,1.15,1.17,1.19,1.21,1.2,1.19,1.18,1.16,1.38,1.61,1.83,2.05,2.11,2.17,2.23,2.28,2.26,2.23,2.21,2.18,2.31,2.43,2.56,2.68,2.65,2.61,2.57,2.53,2.58,2.63,2.69,2.74,2.58,2.41,2.25,2.09,2.13,2.17,2.2,2.24,2.12,1.99,1.87,1.74,1.79,1.84,1.88,1.93,1.92,1.91,1.89,1.88,2.11,2.35,2.58,2.81,2.76,2.71,2.66,2.62,2.59,2.56,2.53,2.51,2.48,2.45,2.42,2.39,2.35,2.3,2.26,2.21,2.24,2.28,2.31,2.34,2.4,2.46,2.53,2.59,2.55,2.5,2.46,2.41,2.46,2.51,2.56,2.61,2.58,2.55,2.52,2.49,2.33,2.17,2.01,1.85,1.84,1.83,1.82,1.8,1.94,2.08,2.21,2.35,2.25,2.14,2.04,1.93,2.03,2.13,2.23,2.33,2.27,2.22,2.17,2.11,2.09,2.06,2.03,2.0,1.93,1.86,1.79,1.72,1.78,1.85,1.91,1.98,1.93,1.89,1.84,1.79,1.73,1.66,1.6,1.54,,
2017-11-04T00:00:00+00:00,2.12,1.93,1.74,1.69,1.65,1.6,1.55,1.69,1.82,1.96,2.09,2.42,2.74,3.06,3.38,3.49,3.6,3.71,3.81,4.08,4.35,4.62,4.89,4.87,4.84,4.82,4.79,4.86,4.92,4.99,5.05,5.29,5.54,5.78,6.02,6.12,6.23,6.33,6.43,6.36,6.28,6.2,6.12,6.25,6.39,6.52,6.65,6.37,6.09,5.81,5.53,5.42,5.3,5.19,5.07,4.88,4.69,4.49,4.3,4.32,4.35,4.37,4.39,3.98,3.56,3.14,2.73,2.67,2.62,2.56,2.51,2.48,2.45,2.42,2.39,2.51,2.63,2.75,2.87,3.18,3.49,3.8,4.11,4.1,4.09,4.09,4.08,4.29,4.5,4.71,4.93,4.66,4.4,4.13,3.87,3.94,4.02,4.09,4.17,4.49,4.8,5.12,5.44,5.08,4.71,4.35,3.99,3.92,3.86,3.79,3.73,4.13,4.53,4.92,5.32,4.88,4.43,3.98,3.53,3.49,3.44,3.4,3.35,3.59,3.82,4.05,4.29,4.39,4.5,4.61,4.71,4.66,4.62,4.57,4.52,4.24,3.96,3.68,3.39,3.25,3.11,2.97,2.83,2.89,2.95,3.02,3.08,3.33,3.58,3.83,4.08,3.83,3.59,3.34,3.1,3.03,2.96,2.89,2.82,3.04,3.25,3.47,3.69,,
2017-11-05T00:00:00+00:00,3.5,3.28,3.07,3.24,3.42,3.59,3.77,3.66,3.54,3.43,3.32,3.58,3.85,4.12,4.39,4.32,4.25,4.18,4.11,4.31,4.51,4.71,4.9,4.95,5.0,5.05,5.09,5.05,5.01,4.97,4.93,4.87,4.82,4.77,4.72,4.83,4.95,5.06,5.17,4.87,4.58,4.28,3.98,4.23,4.47,4.71,4.95,4.99,5.02,5.05,5.09,4.64,4.2,3.75,3.3,3.14,2.97,2.8,2.63,2.73,2.83,2.93,3.03,2.99,2.95,2.92,2.88,2.91,2.94,2.97,3.0,3.03,3.05,3.08,3.1,3.22,3.35,3.47,3.6,3.38,3.17,2.96,2.74,2.66,2.57,2.49,2.41,2.36,2.31,2.26,2.21,2.22,2.22,2.23,2.24,2.41,2.58,2.75,2.92,2.96,3.0,3.04,3.08,3.05,3.02,2.98,2.95,3.01,3.08,3.15,3.21,3.23,3.25,3.28,3.3,3.34,3.38,3.42,3.46,3.46,3.47,3.47,3.47,3.47,3.46,3.45,3.44,3.36,3.28,3.19,3.11,3.05,2.98,2.92,2.86,2.95,3.05,3.14,3.24,3.22,3.2,3.19,3.17,3.14,3.11,3.09,3.06,2.92,2.78,2.64,2.51,2.45,2.4,2.35,2.3,2.2,2.1,2.0,1.9,1.83,1.76,1.7,1.63,,
2017-11-06T00:00:00+00:00,1.95,2.01,2.07,2.03,2.0,1.96,1.93,2.03,2.13,2.23,2.34,2.46,2.59,2.72,2.85,2.98,3.11,3.24,3.38,3.4,3.41,3.43,3.45,3.37,3.29,3.21,3.13,3.22,3.31,3.4,3.49,3.57,3.64,3.72,3.8,3.86,3.92,3.98,4.04,3.97,3.9,3.83,3.76,3.7,3.63,3.57,3.5,3.38,3.25,3.13,3.0,2.97,2.93,2.9,2.87,2.75,2.64,2.53,2.41,2.3,2.19,2.07,1.96,1.92,1.88,1.85,1.81,1.84,1.88,1.92,1.95,1.87,1.8,1.72,1.64,1.52,1.41,1.29,1.18,1.19,1.2,1.21,1.22,1.23,1.23,1.24,1.24,1.22,1.2,1.18,1.15,1.12,1.09,1.06,1.03,0.98,0.92,0.87,0.81,0.77,0.72,0.68,0.63,0.7,0.76,0.82,0.88,0.81,0.73,0.65,0.57,0.71,0.85,0.99,1.13,1.1,1.06,1.03,1.0,0.89,0.77,0.66,0.55,0.54,0.53,0.52,0.52,0.44,0.36,0.29,0.21,0.43,0.64,0.86,1.07,1.12,1.16,1.21,1.25,1.25,1.24,1.24,1.23,1.39,1.54,1.7,1.86,1.65,1.44,1.23,1.02,1.07,1.12,1.16,1.21,1.31,1.41,1.51,1.61,1.54,1.47,1.41,1.34,,
2017-11-07T00:00:00+00:00,1.89,1.82,1.76,1.75,1.73,1.72,1.71,1.59,1.47,1.36,1.24,1.15,1.07,0.98,0.89,0.84,0.79,0.74,0.69,0.82,0.95,1.07,1.2,1.04,0.88,0.73,0.57,0.46,0.36,0.25,0.15,0.26,0.38,0.5,0.61,0.69,0.78,0.86,0.94,0.96,0.98,0.99,1.01,1.19,1.36,1.54,1.71,1.67,1.64,1.6,1.56,1.48,1.4,1.32,1.24,1.35,1.46,1.57,1.68,1.76,1.83,1.91,1.98,1.78,1.58,1.38,1.18,1.19,1.21,1.22,1.23,1.38,1.53,1.68,1.83,1.77,1.71,1.65,1.59,1.71,1.83,1.95,2.07,2.13,2.18,2.24,2.29,2.5,2.7,2.9,3.11,3.04,2.97,2.9,2.83,2.82,2.81,2.8,2.79,2.67,2.55,2.43,2.31,2.22,2.13,2.04,1.95,1.96,1.96,1.97,1.97,1.86,1.76,1.65,1.54,1.48,1.42,1.36,1.31,1.08,0.86,0.63,0.41,0.79,1.17,1.55,1.93,1.9,1.87,1.85,1.82,1.94,2.06,2.18,2.3,2.2,2.1,1.99,1.89,1.88,1.88,1.87,1.86,1.77,1.68,1.6,1.51,1.52,1.53,1.54,1.55,1.41,1.28,1.14,1.01,1.39,1.76,2.14,2.52,2.52,2.52,2.52,2.52,,
2017-11-08T00:00:00+00:00,1.45,1.71,1.97,2.18,2.38,2.59,2.8,2.29,1.78,1.26,0.75,0.95,1.16,1.36,1.56,1.37,1.18,0.98,0.79,0.96,1.13,1.3,1.46,1.23,0.99,0.75,0.51,0.62,0.73,0.84,0.95,0.94,0.93,0.92,0.9,1.07,1.23,1.4,1.56,1.39,1.21,1.03,0.85,0.77,0.7,0.62,0.54,0.62,0.7,0.77,0.85,0.9,0.95,1.0,1.05,1.15,1.25,1.35,1.45,1.57,1.69,1.81,1.93,1.84,1.75,1.67,1.58,1.56,1.55,1.54,1.53,1.59,1.66,1.73,1.79,1.71,1.62,1.54,1.45,1.56,1.67,1.79,1.9,1.86,1.82,1.78,1.74,1.74,1.74,1.75,1.75,1.78,1.81,1.84,1.86,1.81,1.75,1.7,1.64,1.76,1.88,2.0,2.12,2.12,2.11,2.11,2.1,2.25,2.4,2.55,2.7,2.74,2.79,2.83,2.87,3.05,3.24,3.42,3.6,3.39,3.19,2.98,2.77,2.7,2.64,2.57,2.51,2.52,2.53,2.55,2.56,2.29,2.02,1.75,1.47,1.73,1.99,2.24,2.5,2.43,2.37,2.3,2.23,2.13,2.04,1.94,1.84,1.55,1.26,0.98,0.69,0.59,0.5,0.4,0.3,0.56,0.82,1.08,1.34,1.15,0.95,0.76,0.56,,
2017-11-09T00:00:00+00:00,1.74,1.9,2.06,1.85,1.64,1.43,1.22,1.37,1.52,1.67,1.82,1.92,2.03,2.13,2.24,2.36,2.48,2.6,2.73,2.6,2.47,2.35,2.22,2.25,2.27,2.3,2.33,2.28,2.22,2.17,2.12,1.96,1.81,1.65,1.49,1.41,1.33,1.26,1.18,1.38,1.58,1.78,1.99,2.0,2.02,2.04,2.06,2.16,2.26,2.36,2.45,2.37,2.28,2.19,2.1,2.05,1.99,1.93,1.87,1.98,2.09,2.2,2.31,2.33,2.36,2.39,2.41,2.45,2.5,2.54,2.58,2.63,2.69,2.74,2.79,2.9,3.01,3.11,3.22,3.29,3.36,3.43,3.5,3.4,3.3,3.2,3.1,3.18,3.25,3.32,3.4,3.39,3.38,3.38,3.37,3.39,3.42,3.44,3.46,3.45,3.44,3.43,3.42,3.35,3.29,3.23,3.16,3.14,3.12,3.1,3.08,3.16,3.24,3.33,3.41,3.45,3.49,3.53,3.57,3.55,3.53,3.5,3.48,3.69,3.89,4.1,4.31,4.24,4.18,4.12,4.06,4.11,4.16,4.21,4.26,4.16,4.06,3.96,3.86,3.92,3.98,4.04,4.1,4.25,4.4,4.55,4.69,4.61,4.53,4.44,4.36,4.2,4.05,3.89,3.74,3.5,3.26,3.01,2.77,2.84,2.91,2.98,3.05,,
2017-11-10T00:00:00+00:00,3.87,3.92,3.97,3.95,3.94,3.93,3.92,3.85,3.79,3.72,3.66,3.45,3.24,3.03,2.83,2.82,2.81,2.79,2.78,2.86,2.95,3.03,3.11,3.21,3.32,3.42,3.52,3.7,3.89,4.07,4.26,4.21,4.16,4.11,4.07,4.33,4.6,4.87,5.13,5.06,4.98,4.91,4.84,4.78,4.72,4.67,4.61,4.58,4.55,4.52,4.49,4.34,4.19,4.04,3.89,4.13,4.37,4.62,4.86,4.69,4.51,4.33,4.16,3.98,3.8,3.62,3.45,3.38,3.31,3.24,3.18,3.19,3.2,3.21,3.22,3.16,3.1,3.04,2.97,2.95,2.92,2.9,2.87,2.8,2.73,2.66,2.59,2.62,2.66,2.7,2.74,2.76,2.79,2.82,2.85,2.86,2.87,2.88,2.89,3.0,3.1,3.21,3.31,3.41,3.5,3.6,3.69,3.7,3.71,3.72,3.73,3.97,4.2,4.44,4.68,5.15,5.62,6.09,6.56,6.57,6.58,6.59,6.61,6.51,6.41,6.31,6.21,6.31,6.41,6.5,6.6,6.67,6.74,6.81,6.88,6.92,6.96,6.99,7.03,7.05,7.07,7.09,7.12,7.0,6.88,6.76,6.64,6.53,6.42,6.3,6.19,6.17,6.15,6.13,6.1,5.6,5.1,4.6,4.1,4.52,4.95,5.38,5.8,,
2017-11-11T00:00:00+00:00,3.21,3.24,3.27,3.36,3.45,3.54,3.63,3.85,4.07,4.28,4.5,5.05,5.6,6.15,6.7,6.85,7.0,7.16,7.31,7.29,7.27,7.25,7.24,7.3,7.36,7.43,7.49,7.5,7.52,7.53,7.54,7.52,7.5,7.48,7.46,7.4,7.34,7.29,7.23,7.02,6.82,6.61,6.4,6.32,6.24,6.15,6.07,5.94,5.81,5.68,5.55,5.52,5.49,5.45,5.42,5.3,5.19,5.07,4.96,4.76,4.56,4.36,4.16,3.82,3.49,3.15,2.81,2.9,2.98,3.07,3.15,2.94,2.72,2.5,2.28,2.21,2.15,2.09,2.03,1.97,1.91,1.86,1.8,1.65,1.5,1.35,1.19,1.33,1.46,1.59,1.72,1.62,1.53,1.43,1.33,1.38,1.44,1.49,1.55,1.53,1.52,1.51,1.49,1.55,1.61,1.66,1.72,1.59,1.47,1.34,1.22,2.28,3.34,4.4,5.45,5.57,5.68,5.79,5.91,6.54,7.17,7.81,8.44,8.5,8.55,8.6,8.66,7.92,7.19,6.45,5.72,5.88,6.03,6.19,6.35,6.14,5.94,5.73,5.52,5.89,6.27,6.64,7.01,7.17,7.32,7.48,7.64,7.56,7.48,7.4,7.32,7.09,6.85,6.62,6.38,5.98,5.58,5.18,4.77,4.96,5.14,5.32,5.5,,
2017-11-12T00:00:00+00:00,3.65,3.94,4.23,4.6,4.97,5.34,5.71,5.9,6.1,6.3,6.49,6.66,6.82,6.98,7.15,7.46,7.78,8.09,8.4,8.47,8.54,8.61,8.67,8.67,8.66,8.65,8.64,8.3,7.95,7.61,7.26,7.65,8.04,8.43,8.82,8.19,7.56,6.93,6.3,6.86,7.41,7.96,8.51,8.48,8.45,8.43,8.4,8.12,7.84,7.56,7.28,7.51,7.74,7.97,8.2,7.97,7.74,7.51,7.28,7.08,6.89,6.69,6.5,6.8,7.1,7.4,7.7,7.56,7.42,7.28,7.14,7.12,7.1,7.08,7.07,7.0,6.94,6.88,6.82,6.68,6.53,6.39,6.25,6.25,6.26,6.26,6.27,5.99,5.72,5.45,5.17,5.16,5.15,5.14,5.13,5.19,5.26,5.32,5.39,5.43,5.48,5.52,5.57,5.63,5.68,5.74,5.79,5.58,5.36,5.14,4.92,4.66,4.4,4.15,3.89,4.06,4.23,4.41,4.58,4.59,4.61,4.62,4.63,4.61,4.58,4.56,4.53,4.39,4.25,4.11,3.97,4.1,4.22,4.35,4.47,4.44,4.41,4.37,4.34,4.53,4.72,4.92,5.11,5.01,4.9,4.8,4.7,4.71,4.72,4.74,4.75,4.66,4.56,4.46,4.37,4.32,4.28,4.24,4.2,4.12,4.03,3.95,3.86,,
2017-11-13T00:00:00+00:00,6.28,6.25,6.22,6.19,6.17,6.15,6.13,5.97,5.8,5.64,5.48,5.46,5.44,5.42,5.4,5.44,5.48,5.52,5.56,5.63,5.7,5.76,5.83,5.7,5.57,5.44,5.31,5.17,5.04,4.91,4.77,4.91,5.05,5.2,5.34,5.16,4.98,4.81,4.63,4.65,4.68,4.7,4.72,4.76,4.81,4.85,4.89,5.06,5.24,5.41,5.58,5.04,4.51,3.97,3.43,3.35,3.28,3.2,3.12,3.09,3.06,3.03,3.0,2.62,2.24,1.86,1.48,1.68,1.89,2.1,2.31,2.39,2.48,2.56,2.64,2.75,2.85,2.96,3.06,3.1,3.14,3.18,3.22,3.12,3.01,2.91,2.81,2.57,2.32,2.08,1.83,1.84,1.85,1.86,1.87,1.9,1.93,1.95,1.98,2.04,2.09,2.15,2.21,2.09,1.98,1.87,1.75,1.71,1.66,1.62,1.57,1.55,1.53,1.51,1.49,1.6,1.7,1.8,1.91,1.87,1.83,1.79,1.75,1.75,1.75,1.75,1.75,1.8,1.85,1.91,1.96,1.97,1.98,1.98,1.99,2.09,2.18,2.27,2.37,2.41,2.45,2.5,2.54,2.47,2.39,2.32,2.24,2.15,2.05,1.95,1.86,1.86,1.86,1.86,1.86,1.82,1.79,1.76,1.72,1.66,1.61,1.55,1.49,,
2017-11-14T00:00:00+00:00,2.13,2.2,2.28,1.92,1.55,1.18,0.82,0.96,1.1,1.24,1.38,1.33,1.29,1.24,1.19,1.0,0.82,0.63,0.45,0.63,0.81,0.99,1.17,1.22,1.26,1.31,1.36,1.37,1.38,1.39,1.4,1.37,1.33,1.3,1.26,1.33,1.4,1.47,1.54,1.59,1.64,1.69,1.74,1.71,1.68,1.66,1.63,1.66,1.7,1.74,1.78,1.58,1.39,1.19,1.0,1.11,1.22,1.34,1.45,1.45,1.46,1.46,1.47,1.39,1.3,1.22,1.13,1.17,1.21,1.25,1.29,1.26,1.23,1.2,1.17,1.16,1.15,1.14,1.13,1.24,1.34,1.45,1.55,1.69,1.82,1.95,2.08,2.04,2.0,1.96,1.92,1.84,1.77,1.69,1.62,1.49,1.37,1.25,1.12,0.98,0.83,0.68,0.54,0.44,0.35,0.25,0.15,0.13,0.11,0.09,0.08,0.4,0.72,1.04,1.37,1.14,0.92,0.7,0.48,0.42,0.37,0.32,0.26,0.23,0.21,0.18,0.15,0.27,0.39,0.51,0.63,0.68,0.72,0.76,0.8,0.87,0.94,1.01,1.07,0.92,0.76,0.6,0.45,0.64,0.83,1.02,1.21,1.28,1.36,1.43,1.5,1.5,1.5,1.5,1.5,1.45,1.4,1.34,1.29,1.33,1.37,1.42,1.46,,
2017-11-15T00:00:00+00:00,1.21,1.06,0.91,0.93,0.94,0.96,0.97,1.02,1.07,1.11,1.16,1.19,1.23,1.27,1.3,1.33,1.36,1.39,1.42,1.23,1.03,0.84,0.65,0.75,0.85,0.95,1.05,1.02,0.99,0.96,0.94,1.09,1.24,1.39,1.55,1.64,1.73,1.82,1.91,1.94,1.98,2.01,2.04,1.88,1.72,1.56,1.39,1.24,1.08,0.93,0.77,0.67,0.58,0.48,0.38,0.75,1.12,1.49,1.86,1.69,1.51,1.34,1.16,1.37,1.57,1.77,1.98,1.89,1.81,1.72,1.64,1.51,1.37,1.24,1.1,0.94,0.78,0.62,0.45,0.51,0.56,0.61,0.66,0.66,0.67,0.68,0.69,0.71,0.74,0.76,0.79,0.77,0.76,0.74,0.72,0.85,0.97,1.1,1.22,1.16,1.1,1.03,0.97,0.98,0.98,0.99,1.0,1.09,1.17,1.26,1.34,1.41,1.48,1.55,1.62,1.5,1.37,1.25,1.13,0.99,0.85,0.71,0.57,0.64,0.71,0.78,0.85,0.81,0.78,0.75,0.72,0.8,0.89,0.97,1.06,0.98,0.91,0.83,0.75,0.58,0.41,0.24,0.08,0.08,0.09,0.1,0.11,0.25,0.39,0.53,0.67,0.51,0.34,0.18,0.02,0.33,0.65,0.97,1.29,1.33,1.36,1.4,1.44,,
2017-11-16T00:00:00+00:00,0.54,0.61,0.69,0.76,0.82,0.88,0.95,0.97,0.99,1.01,1.03,0.94,0.84,0.74,0.65,0.67,0.69,0.72,0.74,0.84,0.94,1.03,1.13,0.88,0.63,0.38,0.13,0.2,0.27,0.33,0.4,0.42,0.43,0.45,0.46,0.54,0.62,0.7,0.78,0.81,0.83,0.85,0.87,0.82,0.76,0.71,0.65,0.65,0.64,0.64,0.63,0.78,0.93,1.07,1.22,1.23,1.23,1.24,1.24,1.27,1.3,1.33,1.36,1.35,1.34,1.34,1.33,1.34,1.34,1.35,1.35,1.38,1.41,1.44,1.47,1.51,1.55,1.59,1.63,1.63,1.64,1.64,1.65,1.64,1.64,1.64,1.64,1.7,1.77,1.83,1.89,1.81,1.74,1.66,1.58,1.8,2.02,2.24,2.46,2.55,2.63,2.72,2.81,2.84,2.87,2.9,2.93,2.8,2.66,2.53,2.4,2.35,2.31,2.27,2.23,2.14,2.05,1.96,1.87,1.96,2.04,2.12,2.21,2.23,2.25,2.28,2.3,2.31,2.32,2.33,2.34,2.35,2.35,2.35,2.35,2.3,2.25,2.21,2.16,2.14,2.13,2.12,2.11,2.1,2.09,2.08,2.07,2.04,2.01,1.99,1.96,1.93,1.9,1.87,1.84,1.86,1.87,1.89,1.9,1.71,1.51,1.32,1.12,,
2017-11-17T00:00:00+00:00,1.28,1.25,1.22,1.22,1.23,1.24,1.25,1.48,1.72,1.96,2.2,2.02,1.85,1.68,1.5,1.43,1.37,1.3,1.23,1.22,1.21,1.2,1.19,1.06,0.94,0.81,0.69,0.86,1.04,1.21,1.39,1.34,1.3,1.26,1.22,1.13,1.05,0.96,0.87,1.06,1.24,1.42,1.6,1.55,1.5,1.45,1.4,1.39,1.37,1.36,1.35,1.4,1.46,1.51,1.57,1.62,1.67,1.71,1.76,1.6,1.43,1.27,1.1,0.85,0.6,0.35,0.09,0.23,0.36,0.49,0.62,0.6,0.57,0.54,0.51,0.64,0.76,0.88,1.01,0.86,0.71,0.55,0.4,0.47,0.54,0.61,0.67,0.61,0.54,0.47,0.41,0.44,0.47,0.5,0.54,0.62,0.71,0.79,0.88,0.86,0.84,0.82,0.8,0.87,0.94,1.01,1.08,0.95,0.83,0.7,0.58,0.71,0.85,0.99,1.12,1.25,1.38,1.51,1.64,1.47,1.3,1.12,0.95,1.17,1.4,1.63,1.85,1.86,1.86,1.87,1.87,2.1,2.33,2.56,2.79,2.77,2.75,2.74,2.72,2.79,2.87,2.95,3.02,3.19,3.35,3.51,3.67,3.55,3.43,3.32,3.2,3.09,2.98,2.87,2.77,2.7,2.64,2.58,2.52,2.4,2.27,2.14,2.01,,
2017-11-18T00:00:00+00:00,0.82,0.72,0.62,0.48,0.34,0.19,0.05,0.43,0.8,1.17,1.55,1.74,1.92,2.11,2.3,2.35,2.4,2.46,2.51,2.53,2.55,2.57,2.59,2.51,2.43,2.35,2.27,2.36,2.45,2.55,2.64,2.76,2.87,2.99,3.1,3.03,2.96,2.88,2.81,2.68,2.56,2.43,2.3,2.33,2.35,2.38,2.41,2.49,2.58,2.66,2.75,2.82,2.89,2.97,3.04,2.88,2.72,2.57,2.41,2.49,2.56,2.64,2.72,2.95,3.18,3.41,3.64,3.68,3.71,3.74,3.77,3.89,4.01,4.12,4.24,4.27,4.3,4.33,4.36,4.33,4.3,4.28,4.25,4.24,4.23,4.23,4.22,4.3,4.37,4.45,4.53,4.59,4.65,4.72,4.78,4.81,4.85,4.88,4.92,4.96,5.0,5.04,5.08,4.73,4.38,4.03,3.68,3.49,3.3,3.12,2.93,2.81,2.7,2.59,2.47,2.4,2.32,2.24,2.17,2.21,2.25,2.3,2.34,2.37,2.41,2.44,2.47,2.47,2.46,2.46,2.45,2.5,2.54,2.59,2.63,2.58,2.53,2.48,2.43,2.38,2.33,2.28,2.23,2.25,2.27,2.28,2.3,2.32,2.33,2.34,2.36,2.2,2.04,1.88,1.72,1.56,1.4,1.24,1.08,1.04,1.01,0.97,0.94,,
2017-11-19T00:00:00+00:00,4.21,4.21,4.21,4.0,3.78,3.56,3.34,3.25,3.16,3.07,2.98,2.83,2.68,2.53,2.38,2.24,2.11,1.97,1.84,1.79,1.74,1.69,1.64,1.82,1.99,2.16,2.34,2.21,2.08,1.95,1.81,1.76,1.7,1.64,1.58,1.71,1.85,1.99,2.13,2.05,1.97,1.89,1.81,1.96,2.1,2.24,2.38,2.46,2.55,2.63,2.71,2.69,2.67,2.65,2.62,2.55,2.47,2.39,2.31,2.17,2.02,1.88,1.73,1.61,1.49,1.37,1.25,1.46,1.67,1.88,2.09,1.78,1.46,1.15,0.83,0.93,1.02,1.12,1.22,1.19,1.17,1.15,1.12,1.22,1.32,1.42,1.53,1.58,1.64,1.69,1.75,1.72,1.69,1.66,1.63,1.62,1.61,1.59,1.58,1.62,1.65,1.69,1.72,1.73,1.75,1.76,1.77,1.87,1.98,2.08,2.19,2.39,2.59,2.79,2.99,3.08,3.17,3.26,3.35,3.24,3.12,3.0,2.89,3.02,3.16,3.29,3.42,3.53,3.63,3.74,3.84,3.88,3.92,3.96,3.99,4.03,4.06,4.09,4.13,4.21,4.3,4.38,4.47,4.48,4.48,4.49,4.49,4.61,4.72,4.83,4.94,5.04,5.15,5.25,5.35,5.46,5.58,5.69,5.8,5.9,5.99,6.09,6.18,,
2017-11-20T00:00:00+00:00,1.67,1.77,1.87,1.82,1.77,1.71,1.66,1.78,1.9,2.02,2.14,2.15,2.16,2.17,2.17,2.38,2.58,2.79,3.0,3.12,3.24,3.36,3.48,3.52,3.55,3.58,3.62,3.59,3.57,3.55,3.53,3.58,3.64,3.69,3.75,3.83,3.92,4.0,4.08,4.5,4.91,5.32,5.73,5.77,5.81,5.86,5.9,5.78,5.67,5.56,5.44,5.42,5.4,5.38,5.36,5.33,5.29,5.26,5.22,5.21,5.2,5.19,5.18,5.12,5.06,5.0,4.93,5.1,5.27,5.44,5.61,5.64,5.67,5.7,5.72,5.58,5.43,5.28,5.13,4.99,4.84,4.7,4.56,4.7,4.85,5.0,5.15,5.07,4.99,4.91,4.83,4.74,4.65,4.55,4.46,4.31,4.15,4.0,3.85,3.89,3.94,3.98,4.03,3.98,3.94,3.89,3.85,3.94,4.03,4.12,4.21,4.3,4.38,4.47,4.56,4.45,4.33,4.22,4.11,4.17,4.22,4.28,4.34,4.31,4.28,4.25,4.22,4.19,4.15,4.11,4.08,4.18,4.29,4.39,4.5,4.58,4.65,4.73,4.81,4.82,4.83,4.84,4.85,4.82,4.79,4.76,4.72,4.71,4.69,4.67,4.66,4.83,5.01,5.18,5.36,5.2,5.04,4.88,4.72,4.41,4.1,3.8,3.49,,
2017-11-21T00:00:00+00:00,4.02,4.2,4.38,4.35,4.33,4.31,4.28,4.26,4.25,4.23,4.21,4.18,4.15,4.11,4.08,4.1,4.12,4.14,4.16,4.23,4.3,4.37,4.45,4.39,4.33,4.27,4.21,4.26,4.31,4.37,4.42,4.36,4.31,4.25,4.2,4.39,4.58,4.77,4.96,4.96,4.95,4.95,4.94,4.85,4.76,4.67,4.58,4.53,4.47,4.42,4.37,4.35,4.32,4.3,4.28,4.33,4.39,4.44,4.5,4.46,4.43,4.4,4.37,4.36,4.34,4.33,4.31,4.37,4.42,4.47,4.53,4.52,4.51,4.5,4.49,4.39,4.3,4.2,4.1,4.14,4.18,4.22,4.25,4.31,4.36,4.42,4.47,4.49,4.51,4.53,4.55,4.63,4.7,4.78,4.86,4.77,4.69,4.6,4.52,4.55,4.58,4.61,4.64,4.58,4.53,4.48,4.43,4.41,4.39,4.37,4.36,4.37,4.39,4.4,4.42,4.43,4.43,4.44,4.45,4.33,4.21,4.09,3.97,3.73,3.5,3.26,3.02,2.92,2.81,2.7,2.59,2.65,2.71,2.77,2.83,2.97,3.11,3.25,3.4,3.52,3.65,3.78,3.9,3.97,4.04,4.12,4.19,4.21,4.22,4.24,4.26,4.3,4.34,4.38,4.42,4.35,4.28,4.2,4.13,4.23,4.34,4.44,4.54,,
2017-11-22T00:00:00+00:00,3.73,3.8,3.88,3.97,4.06,4.15,4.24,4.35,4.46,4.57,4.68,4.73,4.78,4.84,4.89,4.8,4.72,4.63,4.55,4.37,4.19,4.01,3.83,3.7,3.58,3.46,3.34,3.18,3.02,2.86,2.7,2.61,2.52,2.42,2.33,2.52,2.7,2.89,3.08,3.2,3.33,3.45,3.57,3.7,3.83,3.95,4.08,4.14,4.21,4.27,4.34,4.33,4.33,4.33,4.33,4.48,4.63,4.78,4.93,4.81,4.7,4.59,4.47,4.53,4.58,4.64,4.69,4.88,5.08,5.27,5.46,5.5,5.54,5.58,5.63,5.72,5.81,5.9,5.99,6.02,6.04,6.07,6.09,6.27,6.45,6.62,6.8,6.88,6.97,7.05,7.14,7.06,6.99,6.92,6.85,6.86,6.87,6.89,6.9,7.03,7.15,7.27,7.4,7.53,7.66,7.79,7.91,8.03,8.15,8.26,8.38,8.28,8.19,8.1,8.0,7.97,7.94,7.91,7.88,7.82,7.75,7.69,7.63,7.61,7.58,7.56,7.54,7.58,7.62,7.66,7.71,7.72,7.72,7.73,7.74,7.57,7.4,7.23,7.06,7.18,7.3,7.42,7.54,7.51,7.48,7.44,7.41,6.87,6.33,5.79,5.26,4.78,4.3,3.83,3.35,3.01,2.66,2.32,1.97,1.71,1.44,1.18,0.91,,
2017-11-23T00:00:00+00:00,7.39,7.31,7.23,7.29,7.35,7.42,7.48,7.87,8.26,8.65,9.04,8.96,8.89,8.81,8.74,8.66,8.58,8.51,8.43,8.41,8.39,8.36,8.34,8.15,7.96,7.77,7.58,7.54,7.5,7.46,7.42,7.48,7.53,7.59,7.65,7.68,7.71,7.73,7.76,7.46,7.16,6.85,6.55,6.7,6.84,6.99,7.14,7.01,6.88,6.75,6.62,6.33,6.05,5.77,5.49,5.52,5.55,5.59,5.62,4.67,3.72,2.77,1.83,1.88,1.93,1.98,2.03,1.96,1.89,1.82,1.75,1.53,1.31,1.09,0.87,0.93,0.98,1.03,1.08,1.28,1.47,1.66,1.86,2.25,2.63,3.02,3.41,3.93,4.45,4.97,5.49,5.78,6.06,6.34,6.62,6.69,6.76,6.83,6.9,7.08,7.26,7.44,7.62,7.76,7.91,8.05,8.19,8.2,8.21,8.22,8.23,8.09,7.95,7.81,7.66,7.56,7.45,7.35,7.24,7.08,6.92,6.76,6.6,6.28,5.96,5.64,5.32,4.95,4.58,4.21,3.83,3.52,3.2,2.88,2.57,2.52,2.48,2.43,2.39,2.56,2.74,2.92,3.1,3.28,3.45,3.63,3.81,3.48,3.16,2.84,2.52,2.46,2.4,2.34,2.28,2.3,2.33,2.35,2.37,2.61,2.84,3.07,3.3,,
2017-11-24T00:00:00+00:00,7.89,7.69,7.49,7.41,7.33,7.25,7.17,7.02,6.87,6.71,6.56,6.37,6.18,5.99,5.8,5.91,6.01,6.12,6.22,5.99,5.76,5.53,5.3,5.32,5.34,5.35,5.37,5.13,4.9,4.66,4.42,4.08,3.74,3.4,3.06,2.86,2.66,2.46,2.26,2.25,2.23,2.22,2.21,2.14,2.08,2.02,1.95,1.97,1.99,2.02,2.04,2.0,1.97,1.93,1.9,1.96,2.03,2.09,2.15,2.22,2.28,2.34,2.41,2.62,2.83,3.05,3.26,3.08,2.91,2.73,2.56,2.5,2.44,2.39,2.33,2.42,2.5,2.59,2.67,2.68,2.7,2.71,2.72,2.73,2.74,2.75,2.76,2.51,2.27,2.02,1.78,2.3,2.83,3.36,3.89,4.01,4.14,4.27,4.4,4.2,4.01,3.82,3.63,3.6,3.58,3.56,3.53,3.63,3.72,3.81,3.9,3.72,3.53,3.34,3.15,3.1,3.06,3.01,2.97,2.87,2.77,2.67,2.57,2.47,2.36,2.25,2.15,2.25,2.36,2.46,2.57,2.98,3.4,3.81,4.23,4.37,4.51,4.66,4.8,4.32,3.84,3.37,2.89,3.06,3.24,3.41,3.58,3.72,3.86,4.0,4.14,3.83,3.52,3.2,2.89,2.97,3.05,3.13,3.21,3.53,3.85,4.17,4.49,,
2017-11-25T00:00:00+00:00,2.87,3.21,3.56,3.38,3.2,3.03,2.85,2.86,2.86,2.87,2.88,3.25,3.62,4.0,4.37,4.61,4.85,5.09,5.33,5.31,5.29,5.28,5.26,5.25,5.24,5.23,5.22,5.14,5.06,4.97,4.89,4.96,5.03,5.1,5.17,5.3,5.43,5.56,5.69,5.58,5.47,5.36,5.25,4.98,4.72,4.45,4.19,4.49,4.8,5.1,5.41,5.2,5.0,4.79,4.59,5.41,6.24,7.06,7.89,6.7,5.5,4.31,3.12,3.2,3.27,3.35,3.43,3.47,3.51,3.55,3.6,3.54,3.48,3.42,3.36,3.33,3.3,3.27,3.24,3.34,3.43,3.53,3.62,3.61,3.61,3.6,3.59,3.62,3.65,3.67,3.7,3.67,3.63,3.6,3.57,3.61,3.66,3.71,3.76,3.85,3.93,4.02,4.1,4.12,4.14,4.16,4.18,4.05,3.91,3.78,3.65,3.69,3.72,3.76,3.8,3.73,3.67,3.6,3.54,3.64,3.74,3.84,3.94,3.86,3.78,3.7,3.62,3.75,3.88,4.01,4.14,4.3,4.45,4.61,4.77,4.73,4.69,4.65,4.61,4.55,4.49,4.43,4.37,4.42,4.47,4.52,4.57,4.71,4.85,5.0,5.14,4.83,4.52,4.21,3.89,3.77,3.65,3.52,3.4,3.22,3.05,2.88,2.7,,
2017-11-26T00:00:00+00:00,3.52,3.12,2.72,2.77,2.81,2.86,2.9,2.92,2.94,2.96,2.99,3.26,3.53,3.8,4.07,4.11,4.15,4.19,4.24,4.17,4.11,4.05,3.98,4.03,4.08,4.13,4.18,4.25,4.33,4.41,4.48,4.41,4.34,4.27,4.2,4.29,4.38,4.46,4.55,4.38,4.2,4.03,3.86,3.99,4.12,4.25,4.38,4.4,4.42,4.44,4.46,4.41,4.36,4.31,4.26,4.48,4.7,4.92,5.14,4.79,4.45,4.1,3.76,3.58,3.41,3.24,3.06,3.1,3.13,3.16,3.19,3.18,3.17,3.15,3.14,3.29,3.44,3.58,3.73,3.68,3.62,3.57,3.52,3.44,3.37,3.3,3.23,3.3,3.37,3.44,3.51,3.44,3.37,3.3,3.23,3.27,3.31,3.35,3.4,3.49,3.58,3.67,3.76,3.76,3.77,3.77,3.78,3.85,3.93,4.0,4.07,4.08,4.09,4.1,4.11,4.09,4.06,4.03,4.01,4.05,4.1,4.15,4.19,4.36,4.52,4.69,4.86,4.86,4.87,4.88,4.89,5.1,5.31,5.52,5.73,6.06,6.39,6.71,7.04,7.05,7.07,7.08,7.09,7.06,7.03,7.0,6.97,6.96,6.95,6.94,6.93,7.01,7.08,7.15,7.23,7.31,7.39,7.47,7.55,7.55,7.55,7.56,7.56,,
2017-11-27T00:00:00+00:00,2.82,2.97,3.11,3.14,3.16,3.18,3.2,3.36,3.52,3.67,3.83,3.99,4.15,4.3,4.46,4.61,4.77,4.92,5.07,5.06,5.06,5.05,5.04,5.19,5.34,5.49,5.63,5.83,6.03,6.23,6.43,6.52,6.61,6.7,6.79,6.74,6.7,6.65,6.61,6.83,7.04,7.26,7.48,7.5,7.52,7.54,7.56,7.54,7.53,7.51,7.5,7.45,7.39,7.34,7.28,7.47,7.67,7.86,8.05,8.06,8.07,8.08,8.09,8.06,8.02,7.99,7.96,7.98,7.99,8.01,8.02,7.86,7.69,7.52,7.36,7.42,7.48,7.53,7.59,7.48,7.36,7.25,7.14,7.11,7.08,7.05,7.03,6.9,6.77,6.64,6.51,6.36,6.21,6.07,5.92,5.69,5.47,5.24,5.01,4.77,4.53,4.3,4.06,4.1,4.15,4.2,4.24,4.16,4.08,3.99,3.91,3.51,3.1,2.7,2.3,2.5,2.71,2.92,3.12,3.12,3.12,3.12,3.12,3.04,2.95,2.87,2.78,2.78,2.78,2.77,2.77,2.85,2.92,3.0,3.07,3.19,3.31,3.43,3.56,3.48,3.39,3.31,3.23,3.35,3.47,3.59,3.71,3.82,3.93,4.04,4.16,4.37,4.58,4.79,5.0,4.69,4.37,4.06,3.74,3.61,3.49,3.36,3.24,,
2017-11-28T00:00:00+00:00,5.52,5.42,5.32,4.86,4.39,3.92,3.46,3.28,3.11,2.93,2.76,2.71,2.67,2.62,2.57,2.78,2.98,3.18,3.38,3.48,3.58,3.68,3.78,3.53,3.28,3.04,2.79,2.72,2.65,2.59,2.52,2.51,2.5,2.5,2.49,2.56,2.63,2.69,2.76,2.89,3.03,3.16,3.29,3.39,3.48,3.57,3.67,4.02,4.38,4.73,5.08,4.51,3.93,3.35,2.77,3.16,3.55,3.94,4.32,4.21,4.09,3.97,3.86,3.82,3.77,3.73,3.69,3.64,3.6,3.55,3.5,3.18,2.85,2.53,2.2,2.09,1.98,1.87,1.76,1.89,2.03,2.16,2.29,2.22,2.15,2.07,2.0,2.06,2.11,2.16,2.22,2.29,2.36,2.42,2.49,2.43,2.37,2.31,2.25,2.47,2.69,2.92,3.14,3.13,3.13,3.13,3.12,3.02,2.92,2.82,2.72,2.81,2.89,2.98,3.07,2.99,2.91,2.84,2.76,2.76,2.76,2.77,2.77,2.79,2.82,2.84,2.86,2.87,2.87,2.87,2.87,2.89,2.91,2.93,2.95,3.18,3.41,3.64,3.87,3.69,3.5,3.31,3.13,3.16,3.2,3.23,3.27,3.2,3.13,3.07,3.0,3.11,3.22,3.34,3.45,3.33,3.21,3.09,2.97,2.95,2.92,2.9,2.87,,
2017-11-29T00:00:00+00:00,2.38,2.45,2.53,2.5,2.47,2.44,2.41,2.41,2.41,2.4,2.4,2.43,2.46,2.49,2.52,2.59,2.67,2.74,2.82,2.69,2.55,2.42,2.29,2.44,2.59,2.74,2.9,2.96,3.02,3.08,3.14,3.03,2.91,2.79,2.68,2.85,3.02,3.19,3.37,3.35,3.34,3.32,3.31,3.15,3.0,2.85,2.69,2.72,2.75,2.78,2.81,2.83,2.85,2.87,2.89,2.9,2.91,2.92,2.93,2.72,2.51,2.29,2.08,2.29,2.49,2.7,2.91,3.05,3.2,3.34,3.48,3.54,3.6,3.65,3.71,3.63,3.55,3.47,3.39,3.49,3.58,3.67,3.77,3.77,3.78,3.78,3.79,3.68,3.57,3.46,3.35,3.37,3.39,3.41,3.43,3.27,3.12,2.97,2.82,2.95,3.08,3.21,3.34,3.42,3.5,3.57,3.65,3.59,3.52,3.46,3.39,3.38,3.37,3.37,3.36,3.23,3.1,2.97,2.84,2.79,2.74,2.69,2.64,2.7,2.76,2.82,2.88,3.09,3.3,3.51,3.72,3.89,4.05,4.22,4.38,4.43,4.47,4.51,4.56,4.55,4.54,4.53,4.52,4.51,4.5,4.49,4.48,4.37,4.26,4.15,4.04,3.42,2.8,2.18,1.56,1.94,2.32,2.71,3.09,2.9,2.7,2.51,2.32,,
2017-11-30T00:00:00+00:00,4.0,4.17,4.34,4.19,4.03,3.88,3.73,3.7,3.68,3.65,3.62,3.5,3.37,3.25,3.13,3.23,3.33,3.43,3.54,3.58,3.62,3.67,3.71,3.65,3.59,3.52,3.46,3.57,3.69,3.81,3.93,3.82,3.72,3.61,3.51,3.54,3.57,3.61,3.64,3.66,3.68,3.7,3.72,3.73,3.75,3.76,3.78,3.99,4.2,4.41,4.63,4.31,3.99,3.68,3.36,3.4,3.43,3.47,3.51,3.76,4.02,4.28,4.54,4.23,3.93,3.62,3.32,3.32,3.32,3.32,3.32,3.53,3.74,3.95,4.16,4.01,3.86,3.71,3.56,3.41,3.26,3.11,2.95,2.82,2.68,2.54,2.41,2.63,2.86,3.08,3.31,3.3,3.28,3.27,3.25,3.38,3.5,3.63,3.75,3.72,3.69,3.66,3.63,3.56,3.49,3.42,3.36,3.32,3.29,3.26,3.22,3.12,3.01,2.9,2.79,3.01,3.22,3.43,3.65,3.61,3.57,3.53,3.49,3.3,3.12,2.93,2.74,2.56,2.38,2.2,2.02,2.39,2.76,3.14,3.51,3.43,3.34,3.26,3.18,3.52,3.87,4.22,4.56,4.5,4.44,4.38,4.32,4.3,4.29,4.27,4.25,4.26,4.26,4.26,4.27,4.21,4.14,4.08,4.02,4.05,4.08,4.11,4.14,,
2017-12-01T00:00:00+00:00,3.41,3.63,3.86,3.95,4.04,4.13,4.22,3.98,3.74,3.5,3.26,3.29,3.32,3.35,3.38,3.39,3.41,3.42,3.43,3.2,2.97,2.75,2.52,2.37,2.22,2.08,1.93,2.21,2.48,2.76,3.04,3.0,2.96,2.92,2.89,3.03,3.17,3.31,3.46,3.51,3.56,3.61,3.66,3.46,3.25,3.05,2.84,2.94,3.03,3.12,3.22,3.38,3.55,3.71,3.88,3.72,3.57,3.42,3.26,3.35,3.44,3.53,3.62,3.72,3.81,3.91,4.0,3.73,3.46,3.18,2.91,2.74,2.57,2.4,2.23,2.71,3.19,3.67,4.16,3.97,3.78,3.59,3.4,3.4,3.39,3.38,3.37,3.25,3.12,3.0,2.87,2.99,3.1,3.21,3.33,3.01,2.69,2.38,2.06,2.37,2.68,2.99,3.29,3.48,3.66,3.84,4.02,3.86,3.7,3.54,3.38,3.28,3.18,3.08,2.98,2.96,2.94,2.92,2.89,2.89,2.88,2.87,2.87,2.8,2.73,2.66,2.59,2.57,2.55,2.53,2.51,2.52,2.52,2.53,2.53,2.5,2.46,2.43,2.39,2.37,2.35,2.32,2.3,2.34,2.38,2.42,2.46,2.44,2.42,2.4,2.38,2.47,2.56,2.65,2.74,2.75,2.75,2.75,2.76,2.78,2.8,2.81,2.83,,
2017-12-02T00:00:00+00:00,1.96,2.25,2.54,2.57,2.59,2.62,2.64,2.8,2.95,3.11,3.26,3.19,3.12,3.04,2.97,2.89,2.82,2.74,2.66,2.61,2.57,2.52,2.47,2.36,2.25,2.14,2.04,1.98,1.92,1.86,1.8,1.85,1.9,1.95,2.01,2.13,2.26,2.39,2.52,2.47,2.42,2.36,2.31,2.43,2.54,2.66,2.77,2.68,2.58,2.49,2.4,2.37,2.34,2.31,2.28,2.19,2.11,2.02,1.94,1.92,1.9,1.88,1.87,1.92,1.98,2.03,2.09,2.0,1.91,1.82,1.72,1.54,1.36,1.18,1.0,0.98,0.96,0.94,0.92,1.13,1.33,1.53,1.74,1.72,1.7,1.68,1.66,1.68,1.7,1.73,1.75,1.79,1.83,1.87,1.91,1.88,1.85,1.82,1.79,1.93,2.07,2.21,2.34,2.43,2.51,2.59,2.67,2.63,2.59,2.55,2.5,2.46,2.42,2.39,2.35,2.34,2.33,2.32,2.32,2.24,2.16,2.08,2.0,2.08,2.15,2.22,2.29,2.37,2.45,2.53,2.6,2.76,2.91,3.07,3.22,3.28,3.35,3.41,3.47,3.17,2.87,2.56,2.26,2.24,2.21,2.19,2.17,2.14,2.12,2.1,2.07,1.93,1.8,1.66,1.52,1.53,1.54,1.54,1.55,1.54,1.53,1.52,1.51,,
2017-12-03T00:00:00+00:00,0.75,0.76,0.77,0.81,0.84,0.88,0.92,1.08,1.24,1.4,1.56,1.54,1.52,1.5,1.49,1.68,1.87,2.07,2.26,2.34,2.41,2.49,2.56,2.62,2.69,2.75,2.81,2.87,2.93,2.98,3.04,2.96,2.88,2.8,2.72,2.76,2.79,2.83,2.86,2.91,2.96,3.01,3.06,3.18,3.3,3.43,3.55,3.37,3.19,3.02,2.84,2.71,2.58,2.45,2.32,2.35,2.37,2.4,2.42,2.38,2.33,2.29,2.25,2.13,2.0,1.88,1.75,1.64,1.53,1.41,1.3,1.38,1.47,1.56,1.64,1.51,1.37,1.24,1.11,1.41,1.71,2.02,2.32,2.32,2.32,2.32,2.32,2.29,2.26,2.23,2.2,2.07,1.93,1.8,1.67,1.65,1.63,1.61,1.59,1.72,1.86,2.0,2.14,2.04,1.94,1.84,1.73,1.96,2.2,2.43,2.66,2.54,2.42,2.3,2.18,2.17,2.16,2.15,2.14,2.02,1.91,1.79,1.68,1.56,1.44,1.32,1.2,1.11,1.03,0.94,0.85,0.92,0.99,1.06,1.12,1.34,1.56,1.78,2.0,2.07,2.13,2.19,2.25,2.21,2.16,2.11,2.07,2.06,2.04,2.03,2.02,2.17,2.32,2.47,2.62,2.36,2.1,1.84,1.59,1.52,1.46,1.4,1.33,,
2017-12-04T00:00:00+00:00,0.89,0.79,0.69,0.92,1.15,1.38,1.61,1.73,1.84,1.95,2.06,2.06,2.06,2.06,2.05,2.21,2.37,2.53,2.69,2.72,2.75,2.78,2.81,2.6,2.38,2.17,1.95,2.0,2.05,2.1,2.15,2.11,2.08,2.04,2.01,1.97,1.94,1.9,1.86,1.73,1.59,1.46,1.32,1.44,1.56,1.69,1.81,1.93,2.05,2.17,2.29,2.28,2.26,2.25,2.23,2.24,2.25,2.26,2.26,2.24,2.22,2.19,2.17,1.86,1.54,1.23,0.91,1.05,1.18,1.32,1.46,1.62,1.79,1.96,2.13,1.94,1.76,1.58,1.39,1.4,1.42,1.43,1.44,1.46,1.48,1.49,1.51,1.63,1.74,1.86,1.97,1.7,1.42,1.14,0.87,0.78,0.7,0.62,0.54,0.53,0.51,0.5,0.48,0.69,0.89,1.1,1.3,1.19,1.07,0.96,0.85,1.05,1.26,1.46,1.67,1.71,1.75,1.79,1.84,1.68,1.52,1.36,1.21,1.36,1.51,1.65,1.8,1.96,2.12,2.27,2.43,2.51,2.59,2.66,2.74,2.67,2.6,2.53,2.45,2.56,2.66,2.76,2.87,2.83,2.79,2.75,2.71,2.74,2.77,2.8,2.83,2.84,2.86,2.87,2.89,2.87,2.86,2.84,2.83,2.8,2.78,2.76,2.74,,
2017-12-05T00:00:00+00:00,1.0,1.03,1.05,1.09,1.13,1.17,1.21,1.17,1.13,1.09,1.05,1.17,1.29,1.41,1.53,1.66,1.79,1.92,2.05,1.88,1.71,1.53,1.36,1.51,1.67,1.83,1.98,1.69,1.4,1.1,0.81,0.76,0.71,0.66,0.61,0.77,0.92,1.08,1.24,1.26,1.29,1.32,1.35,1.11,0.87,0.63,0.4,0.55,0.7,0.85,1.0,1.08,1.16,1.23,1.31,1.41,1.5,1.6,1.7,1.82,1.93,2.05,2.17,2.19,2.22,2.24,2.27,2.18,2.08,1.99,1.9,1.99,2.08,2.18,2.27,2.28,2.29,2.3,2.31,2.28,2.25,2.23,2.2,2.31,2.42,2.52,2.63,2.64,2.66,2.67,2.68,2.63,2.57,2.51,2.46,2.49,2.52,2.56,2.59,2.57,2.54,2.52,2.49,2.49,2.48,2.48,2.47,2.53,2.58,2.64,2.69,2.69,2.69,2.69,2.69,2.69,2.69,2.69,2.69,2.62,2.55,2.48,2.41,2.46,2.51,2.56,2.61,2.6,2.58,2.57,2.55,2.58,2.61,2.64,2.67,2.68,2.7,2.71,2.73,2.72,2.7,2.69,2.67,2.75,2.83,2.9,2.98,2.98,2.99,3.0,3.0,2.94,2.88,2.82,2.76,2.86,2.95,3.04,3.13,3.15,3.16,3.18,3.19,,
2017-12-06T00:00:00+00:00,0.74,0.97,1.19,1.31,1.43,1.54,1.66,1.72,1.77,1.83,1.89,1.94,1.99,2.03,2.08,2.1,2.13,2.15,2.17,2.28,2.4,2.51,2.62,2.56,2.5,2.44,2.38,2.43,2.48,2.53,2.58,2.56,2.53,2.5,2.48,2.48,2.48,2.48,2.48,2.48,2.47,2.46,2.46,2.39,2.33,2.27,2.2,2.14,2.09,2.03,1.97,1.91,1.84,1.77,1.71,1.83,1.95,2.07,2.18,2.17,2.15,2.14,2.12,2.12,2.12,2.13,2.13,2.04,1.96,1.87,1.79,1.8,1.81,1.83,1.84,1.89,1.95,2.01,2.07,2.02,1.98,1.93,1.89,2.13,2.36,2.6,2.84,3.0,3.16,3.32,3.48,3.48,3.47,3.47,3.47,3.53,3.59,3.64,3.7,3.75,3.8,3.85,3.9,3.85,3.8,3.74,3.69,3.89,4.1,4.3,4.5,4.32,4.14,3.96,3.78,3.95,4.11,4.27,4.44,4.37,4.31,4.25,4.18,4.38,4.58,4.78,4.98,5.08,5.18,5.28,5.37,5.6,5.83,6.06,6.29,6.35,6.42,6.49,6.56,6.74,6.91,7.09,7.26,7.19,7.13,7.06,6.99,7.08,7.17,7.27,7.36,7.37,7.37,7.38,7.39,7.37,7.36,7.35,7.33,7.21,7.08,6.95,6.82,,
2017-12-07T00:00:00+00:00
2017-12-08T00:00:00+00:00,3.28,3.09,2.91,2.85,2.79,2.73,2.67,3.06,3.45,3.83,4.22,4.1,3.98,3.87,3.75,3.9,4.06,4.21,4.37,4.21,4.06,3.9,3.74,4.12,4.5,4.88,5.27,5.05,4.83,4.62,4.4,4.62,4.84,5.06,5.27,5.27,5.27,5.26,5.26,5.58,5.9,6.22,6.54,6.81,7.07,7.34,7.6,7.53,7.46,7.38,7.31,6.99,6.68,6.36,6.05,5.9,5.75,5.6,5.44,4.94,4.44,3.94,3.44,3.61,3.78,3.95,4.12,4.24,4.36,4.47,4.59,4.67,4.75,4.83,4.92,4.76,4.61,4.45,4.3,4.53,4.77,5.0,5.23,5.09,4.95,4.82,4.68,4.55,4.42,4.3,4.17,4.24,4.31,4.37,4.44,4.31,4.17,4.04,3.91,4.1,4.29,4.48,4.68,4.43,4.18,3.93,3.68,3.84,3.99,4.15,4.31,4.19,4.07,3.95,3.82,3.77,3.71,3.66,3.6,3.71,3.82,3.93,4.04,3.96,3.89,3.81,3.74,3.74,3.75,3.75,3.75,3.68,3.61,3.54,3.47,3.61,3.75,3.88,4.02,4.09,4.17,4.24,4.31,4.33,4.34,4.36,4.37,4.21,4.05,3.89,3.73,3.62,3.52,3.41,3.31,3.41,3.5,3.6,3.7,3.7,3.71,3.71,3.72,,
2017-12-09T00:00:00+00:00,3.44,3.48,3.51,3.63,3.75,3.87,3.99,3.99,3.99,3.98,3.98,3.93,3.87,3.82,3.77,3.9,4.02,4.15,4.27,4.21,4.16,4.1,4.05,4.14,4.23,4.32,4.41,4.15,3.9,3.65,3.39,3.34,3.28,3.23,3.17,3.26,3.35,3.44,3.52,3.64,3.76,3.87,3.99,3.87,3.76,3.64,3.53,3.57,3.61,3.65,3.68,3.85,4.01,4.18,4.34,4.18,4.02,3.86,3.7,3.52,3.34,3.16,2.98,3.17,3.36,3.55,3.74,3.69,3.65,3.6,3.55,3.42,3.3,3.17,3.04,3.23,3.41,3.6,3.79,3.8,3.81,3.83,3.84,3.87,3.9,3.92,3.95,3.96,3.97,3.98,3.99,4.08,4.17,4.26,4.36,4.2,4.04,3.88,3.72,3.9,4.07,4.24,4.41,4.46,4.5,4.54,4.58,4.69,4.79,4.89,4.99,5.21,5.44,5.66,5.88,5.88,5.88,5.88,5.88,5.87,5.86,5.85,5.84,6.04,6.24,6.44,6.64,6.58,6.53,6.47,6.41,6.5,6.6,6.69,6.78,7.36,7.94,8.53,9.11,9.09,9.08,9.07,9.05,8.84,8.62,8.4,8.18,8.14,8.09,8.04,7.99,7.95,7.91,7.87,7.83,7.7,7.57,7.43,7.3,6.71,6.12,5.54,4.95,,
2017-12-10T00:00:00+00:00,4.75,4.76,4.77,4.88,4.99,5.1,5.21,5.25,5.28,5.32,5.35,5.59,5.83,6.07,6.31,6.42,6.54,6.66,6.78,6.49,6.21,5.93,5.64,5.98,6.31,6.65,6.99,7.05,7.11,7.18,7.24,7.57,7.9,8.23,8.56,9.39,10.22,11.05,11.88,11.37,10.86,10.36,9.85,9.98,10.11,10.24,10.37,10.08,9.79,9.51,9.22,8.96,8.71,8.45,8.19,7.99,7.79,7.59,7.39,6.77,6.14,5.51,4.88,5.11,5.33,5.56,5.79,5.79,5.8,5.8,5.81,5.6,5.39,5.18,4.97,4.68,4.39,4.09,3.8,3.57,3.34,3.11,2.88,2.76,2.63,2.51,2.39,2.46,2.54,2.62,2.69,2.41,2.12,1.84,1.55,1.75,1.94,2.14,2.34,2.49,2.64,2.8,2.95,2.94,2.92,2.91,2.9,2.92,2.94,2.96,2.98,3.2,3.41,3.62,3.84,3.98,4.13,4.27,4.42,4.0,3.58,3.17,2.75,2.77,2.79,2.81,2.83,3.2,3.57,3.94,4.31,4.66,5.0,5.35,5.7,5.6,5.5,5.4,5.3,5.43,5.55,5.68,5.81,6.07,6.33,6.59,6.85,6.87,6.89,6.91,6.93,6.66,6.39,6.11,5.84,5.97,6.1,6.23,6.36,6.07,5.78,5.49,5.2,,
2017-12-11T00:00:00+00:00,2.69,3.05,3.4,3.56,3.72,3.88,4.04,4.28,4.52,4.77,5.01,5.05,5.09,5.13,5.17,5.1,5.02,4.94,4.87,4.73,4.59,4.46,4.32,4.83,5.35,5.86,6.37,6.88,7.39,7.9,8.41,8.48,8.55,8.62,8.69,9.3,9.92,10.54,11.15,10.97,10.8,10.62,10.44,10.42,10.41,10.4,10.38,10.01,9.63,9.25,8.87,8.13,7.38,6.64,5.9,6.08,6.26,6.44,6.63,7.08,7.53,7.98,8.43,8.16,7.88,7.61,7.33,7.21,7.08,6.96,6.84,7.08,7.33,7.58,7.82,7.4,6.97,6.55,6.12,5.91,5.7,5.49,5.28,5.17,5.07,4.96,4.85,4.95,5.04,5.14,5.23,4.77,4.31,3.85,3.39,3.35,3.31,3.27,3.23,3.34,3.44,3.55,3.65,3.6,3.56,3.51,3.46,3.48,3.5,3.53,3.55,3.29,3.04,2.78,2.52,2.49,2.46,2.42,2.39,2.41,2.43,2.46,2.48,2.6,2.72,2.84,2.96,2.85,2.74,2.62,2.51,2.48,2.46,2.43,2.41,2.36,2.32,2.28,2.24,2.48,2.72,2.96,3.2,3.24,3.27,3.31,3.35,3.26,3.17,3.08,2.99,2.94,2.89,2.84,2.8,2.79,2.78,2.77,2.77,2.68,2.59,2.51,2.42,,
2017-12-12T00:00:00+00:00,4.09,3.85,3.61,3.63,3.65,3.67,3.69,3.63,3.56,3.5,3.43,3.35,3.26,3.18,3.1,3.05,3.01,2.97,2.92,3.01,3.1,3.2,3.29,3.18,3.07,2.97,2.86,2.78,2.7,2.63,2.55,2.57,2.58,2.6,2.62,2.74,2.86,2.98,3.1,3.1,3.1,3.1,3.11,3.12,3.13,3.14,3.16,3.11,3.05,3.0,2.95,2.93,2.92,2.9,2.89,2.83,2.76,2.7,2.64,2.51,2.38,2.24,2.11,2.22,2.32,2.43,2.53,2.53,2.52,2.51,2.5,2.75,3.0,3.24,3.49,3.68,3.87,4.06,4.25,4.15,4.06,3.96,3.86,3.95,4.04,4.12,4.21,4.31,4.4,4.49,4.59,4.51,4.43,4.35,4.27,4.38,4.49,4.6,4.7,4.82,4.94,5.06,5.18,5.36,5.55,5.74,5.92,5.92,5.93,5.93,5.93,6.16,6.4,6.64,6.88,6.81,6.75,6.69,6.62,6.59,6.55,6.52,6.48,6.3,6.12,5.95,5.77,5.54,5.32,5.1,4.88,4.84,4.81,4.78,4.75,4.78,4.81,4.83,4.86,5.17,5.48,5.79,6.1,6.01,5.93,5.84,5.76,5.68,5.6,5.52,5.44,5.73,6.01,6.29,6.57,6.51,6.46,6.4,6.34,6.35,6.37,6.38,6.4,,
2017-12-13T00:00:00+00:00,4.32,4.46,4.6,4.82,5.05,5.27,5.5,5.56,5.62,5.68,5.75,5.98,6.22,6.45,6.69,6.93,7.17,7.42,7.66,7.55,7.43,7.32,7.2,7.28,7.35,7.42,7.49,7.34,7.2,7.05,6.9,6.84,6.77,6.71,6.64,6.39,6.14,5.88,5.63,5.59,5.55,5.5,5.46,5.56,5.66,5.76,5.86,6.15,6.43,6.72,7.01,7.02,7.02,7.02,7.03,7.1,7.17,7.24,7.3,6.97,6.64,6.3,5.97,5.35,4.73,4.12,3.5,3.88,4.27,4.65,5.03,5.67,6.32,6.96,7.6,7.75,7.91,8.07,8.22,7.79,7.37,6.94,6.51,7.07,7.64,8.2,8.76,8.96,9.15,9.34,9.54,9.52,9.51,9.49,9.48,9.12,8.76,8.4,8.03,7.57,7.1,6.64,6.17,6.01,5.84,5.68,5.52,5.63,5.75,5.86,5.98,6.06,6.15,6.23,6.32,6.45,6.58,6.72,6.85,6.84,6.83,6.83,6.82,6.91,6.99,7.07,7.16,7.46,7.77,8.07,8.38,8.49,8.59,8.7,8.81,8.74,8.68,8.61,8.55,8.57,8.58,8.6,8.61,8.26,7.91,7.56,7.21,7.24,7.28,7.32,7.35,7.11,6.87,6.62,6.38,6.07,5.77,5.46,5.15,5.5,5.84,6.18,6.53,,
2017-12-14T00:00:00+00:00,8.98,8.49,7.99,7.86,7.72,7.59,7.46,7.16,6.87,6.57,6.28,6.12,5.95,5.79,5.63,5.77,5.9,6.04,6.18,6.41,6.65,6.89,7.12,7.29,7.45,7.61,7.77,7.78,7.79,7.8,7.81,8.29,8.76,9.24,9.71,9.15,8.59,8.02,7.46,7.16,6.86,6.55,6.25,6.23,6.21,6.19,6.17,6.3,6.43,6.57,6.7,5.85,5.0,4.15,3.29,3.56,3.83,4.1,4.37,4.56,4.74,4.92,5.1,5.34,5.58,5.82,6.06,6.02,5.98,5.93,5.89,6.08,6.27,6.46,6.66,6.59,6.52,6.45,6.38,6.21,6.03,5.86,5.69,5.79,5.9,6.0,6.1,5.85,5.6,5.35,5.09,5.5,5.91,6.32,6.72,6.8,6.88,6.96,7.04,6.87,6.7,6.52,6.35,6.37,6.4,6.42,6.45,6.26,6.07,5.89,5.7,5.63,5.56,5.48,5.41,5.14,4.87,4.6,4.33,4.08,3.83,3.58,3.34,3.21,3.09,2.97,2.85,2.57,2.3,2.03,1.75,1.6,1.44,1.28,1.13,1.34,1.56,1.78,2.0,2.43,2.85,3.28,3.71,3.79,3.88,3.97,4.06,4.19,4.31,4.44,4.56,4.64,4.71,4.78,4.85,4.96,5.07,5.18,5.29,5.02,4.75,4.48,4.21,,
2017-12-15T00:00:00+00:00,6.81,6.91,7.0,6.76,6.52,6.28,6.04,5.94,5.84,5.73,5.63,5.61,5.59,5.57,5.55,5.61,5.67,5.73,5.79,5.66,5.52,5.39,5.26,5.41,5.55,5.69,5.84,5.67,5.51,5.35,5.19,5.43,5.67,5.92,6.16,5.99,5.81,5.64,5.47,5.49,5.51,5.52,5.54,5.44,5.34,5.24,5.14,5.01,4.89,4.76,4.64,4.55,4.46,4.37,4.28,4.59,4.9,5.21,5.52,5.45,5.38,5.31,5.25,5.6,5.95,6.31,6.66,6.01,5.36,4.71,4.06,4.47,4.87,5.28,5.68,5.37,5.06,4.75,4.44,4.77,5.1,5.42,5.75,5.62,5.49,5.36,5.23,5.38,5.53,5.68,5.83,5.73,5.62,5.52,5.41,5.37,5.32,5.28,5.24,5.17,5.11,5.04,4.98,5.08,5.19,5.29,5.4,5.37,5.35,5.33,5.3,5.33,5.37,5.4,5.43,5.21,5.0,4.78,4.57,4.64,4.71,4.79,4.86,4.73,4.6,4.46,4.33,4.35,4.36,4.38,4.39,4.31,4.23,4.16,4.08,4.1,4.13,4.16,4.19,4.08,3.96,3.85,3.74,3.7,3.67,3.63,3.6,3.88,4.16,4.43,4.71,4.43,4.14,3.85,3.57,3.49,3.42,3.35,3.27,3.16,3.04,2.92,2.8,,
2017-12-16T00:00:00+00:00,4.81,4.91,5.02,4.91,4.79,4.68,4.56,4.72,4.88,5.04,5.19,5.2,5.2,5.2,5.2,5.2,5.2,5.2,5.2,5.12,5.03,4.95,4.86,4.81,4.76,4.7,4.65,4.52,4.39,4.26,4.14,3.87,3.61,3.35,3.09,3.4,3.71,4.02,4.33,4.31,4.28,4.26,4.23,4.13,4.02,3.91,3.81,3.86,3.91,3.96,4.01,4.03,4.06,4.09,4.11,3.99,3.88,3.76,3.65,3.48,3.3,3.13,2.96,2.95,2.94,2.93,2.92,2.98,3.04,3.09,3.15,2.94,2.74,2.53,2.32,2.31,2.3,2.28,2.27,2.35,2.42,2.5,2.57,2.45,2.33,2.21,2.09,2.09,2.1,2.1,2.11,2.29,2.47,2.65,2.83,2.83,2.82,2.82,2.81,2.79,2.77,2.74,2.72,2.68,2.64,2.6,2.56,2.63,2.69,2.75,2.82,2.78,2.75,2.71,2.68,2.65,2.63,2.6,2.57,2.37,2.17,1.97,1.77,1.61,1.46,1.3,1.14,1.05,0.97,0.88,0.79,0.89,1.0,1.1,1.2,1.18,1.16,1.14,1.12,1.17,1.23,1.28,1.34,1.36,1.39,1.41,1.44,1.56,1.69,1.82,1.94,1.99,2.03,2.07,2.12,2.15,2.19,2.22,2.25,2.33,2.41,2.48,2.56,,
2017-12-17T00:00:00+00:00,3.31,3.27,3.22,3.3,3.38,3.46,3.53,3.56,3.58,3.61,3.64,3.58,3.52,3.46,3.41,3.39,3.38,3.36,3.34,3.21,3.08,2.95,2.82,2.61,2.39,2.17,1.95,1.57,1.19,0.81,0.43,0.48,0.53,0.58,0.63,0.77,0.91,1.06,1.2,1.28,1.35,1.43,1.5,1.44,1.38,1.32,1.25,1.32,1.39,1.45,1.52,1.58,1.64,1.7,1.76,1.79,1.81,1.84,1.87,1.88,1.89,1.9,1.91,2.19,2.47,2.75,3.03,3.05,3.08,3.1,3.12,3.28,3.43,3.59,3.74,3.73,3.73,3.72,3.71,3.88,4.05,4.22,4.39,4.43,4.48,4.52,4.56,4.5,4.43,4.37,4.31,4.56,4.82,5.07,5.32,5.34,5.36,5.39,5.41,5.26,5.11,4.96,4.81,4.78,4.74,4.71,4.67,4.37,4.07,3.78,3.48,3.4,3.33,3.25,3.17,3.44,3.7,3.96,4.23,4.47,4.72,4.96,5.2,5.07,4.93,4.79,4.65,4.42,4.18,3.95,3.72,3.72,3.72,3.73,3.73,3.63,3.54,3.44,3.34,3.28,3.21,3.15,3.08,3.04,3.0,2.95,2.91,3.05,3.18,3.32,3.45,3.57,3.69,3.8,3.92,4.06,4.2,4.34,4.48,4.14,3.8,3.45,3.11,,
2017-12-18T00:00:00+00:00,4.74,4.66,4.59,4.63,4.67,4.71,4.75,4.63,4.51,4.38,4.26,4.32,4.37,4.42,4.48,4.12,3.77,3.41,3.06,3.27,3.47,3.68,3.89,4.2,4.51,4.82,5.13,4.91,4.68,4.46,4.23,4.49,4.75,5.0,5.26,5.09,4.92,4.74,4.57,4.48,4.38,4.29,4.19,4.32,4.45,4.58,4.71,4.62,4.53,4.44,4.35,4.33,4.31,4.29,4.27,4.3,4.33,4.36,4.38,4.09,3.8,3.51,3.22,3.08,2.94,2.81,2.67,2.75,2.83,2.91,2.99,3.08,3.17,3.26,3.35,3.35,3.35,3.35,3.35,3.28,3.21,3.15,3.08,3.1,3.12,3.14,3.16,3.1,3.05,2.99,2.94,2.85,2.76,2.67,2.58,2.61,2.65,2.69,2.73,2.76,2.8,2.84,2.88,2.87,2.86,2.86,2.85,2.81,2.77,2.73,2.69,2.52,2.35,2.18,2.01,1.93,1.84,1.76,1.68,1.76,1.85,1.93,2.02,2.01,2.01,2.0,2.0,1.98,1.97,1.95,1.94,1.86,1.78,1.7,1.62,1.64,1.66,1.68,1.69,1.76,1.83,1.9,1.97,1.98,1.99,2.0,2.02,1.84,1.66,1.48,1.3,1.3,1.31,1.31,1.32,1.48,1.64,1.81,1.97,2.01,2.05,2.08,2.12,,
2017-12-19T00:00:00+00:00,2.87,2.98,3.09,3.14,3.2,3.25,3.3,3.23,3.15,3.08,3.01,3.04,3.07,3.11,3.14,3.0,2.86,2.71,2.57,2.42,2.27,2.12,1.97,2.02,2.07,2.12,2.16,2.02,1.88,1.74,1.59,1.46,1.33,1.19,1.06,0.96,0.87,0.77,0.67,0.66,0.65,0.63,0.62,0.7,0.79,0.87,0.95,1.08,1.2,1.32,1.44,1.65,1.86,2.07,2.28,2.19,2.11,2.02,1.94,1.87,1.8,1.72,1.65,1.67,1.69,1.7,1.72,1.79,1.86,1.92,1.99,1.98,1.97,1.96,1.95,1.86,1.77,1.67,1.58,1.69,1.79,1.9,2.01,2.08,2.15,2.22,2.29,2.32,2.35,2.39,2.42,2.56,2.7,2.83,2.97,2.92,2.87,2.83,2.78,2.72,2.67,2.62,2.56,2.59,2.61,2.64,2.67,2.63,2.59,2.56,2.52,2.53,2.53,2.54,2.55,2.57,2.59,2.61,2.63,2.61,2.59,2.57,2.56,2.58,2.61,2.63,2.66,2.73,2.8,2.87,2.94,2.83,2.73,2.62,2.52,2.53,2.55,2.56,2.58,2.35,2.13,1.9,1.68,1.63,1.59,1.55,1.51,1.49,1.48,1.46,1.45,1.54,1.63,1.73,1.82,1.91,2.01,2.1,2.2,2.08,1.97,1.86,1.75,,
2017-12-20T00:00:00+00:00,1.89,1.9,1.91,1.96,2.01,2.06,2.11,2.25,2.4,2.54,2.69,2.57,2.44,2.32,2.2,2.12,2.05,1.97,1.89,1.78,1.67,1.56,1.44,1.54,1.63,1.72,1.81,1.81,1.8,1.8,1.8,1.77,1.75,1.73,1.71,1.75,1.8,1.84,1.88,2.07,2.25,2.44,2.62,2.52,2.42,2.32,2.21,2.31,2.41,2.51,2.61,2.7,2.78,2.87,2.96,2.7,2.44,2.19,1.93,1.96,1.99,2.02,2.05,1.91,1.78,1.65,1.52,1.58,1.64,1.7,1.76,1.71,1.65,1.6,1.54,1.63,1.73,1.82,1.91,1.92,1.93,1.94,1.95,1.8,1.65,1.5,1.35,1.31,1.26,1.22,1.17,1.24,1.31,1.37,1.44,1.43,1.42,1.41,1.41,1.52,1.62,1.73,1.84,1.89,1.94,2.0,2.05,1.91,1.77,1.64,1.5,1.62,1.74,1.86,1.98,1.93,1.87,1.82,1.77,1.84,1.91,1.98,2.05,2.04,2.04,2.04,2.04,2.1,2.17,2.24,2.31,2.25,2.19,2.14,2.08,2.17,2.26,2.35,2.44,2.49,2.54,2.6,2.65,2.54,2.44,2.33,2.23,2.3,2.37,2.43,2.5,2.48,2.46,2.44,2.42,2.45,2.48,2.51,2.54,2.67,2.8,2.93,3.06,,
2017-12-21T00:00:00+00:00,1.88,1.88,1.88,1.98,2.09,2.19,2.3,2.52,2.75,2.98,3.21,2.91,2.61,2.32,2.02,1.86,1.7,1.55,1.39,1.44,1.49,1.53,1.58,1.65,1.72,1.79,1.86,1.89,1.93,1.96,1.99,2.0,2.01,2.03,2.04,2.13,2.23,2.33,2.42,2.52,2.62,2.72,2.82,2.71,2.6,2.49,2.38,2.38,2.38,2.38,2.38,2.44,2.49,2.55,2.61,2.6,2.59,2.58,2.57,2.78,2.99,3.2,3.41,3.47,3.53,3.59,3.65,3.64,3.62,3.61,3.59,3.58,3.56,3.55,3.54,3.41,3.28,3.16,3.03,2.78,2.52,2.27,2.02,2.3,2.58,2.86,3.14,3.0,2.87,2.74,2.61,2.42,2.23,2.05,1.86,2.14,2.43,2.71,2.99,2.95,2.9,2.86,2.81,2.84,2.88,2.91,2.95,3.0,3.05,3.1,3.15,3.22,3.29,3.36,3.42,3.22,3.01,2.8,2.6,2.59,2.58,2.58,2.57,2.69,2.81,2.93,3.05,2.89,2.72,2.55,2.39,2.3,2.21,2.12,2.03,2.03,2.04,2.05,2.06,2.11,2.17,2.22,2.28,2.27,2.26,2.25,2.25,2.2,2.16,2.12,2.07,2.07,2.07,2.06,2.06,1.95,1.83,1.71,1.6,1.28,0.96,0.63,0.31,,
2017-12-22T00:00:00+00:00,3.25,3.38,3.52,3.22,2.92,2.63,2.33,2.27,2.21,2.14,2.08,2.17,2.27,2.36,2.46,2.42,2.38,2.34,2.3,2.46,2.61,2.77,2.92,2.91,2.9,2.89,2.89,2.89,2.89,2.89,2.89,2.69,2.49,2.29,2.09,2.17,2.24,2.32,2.39,2.38,2.36,2.34,2.33,2.33,2.34,2.34,2.34,2.29,2.24,2.19,2.14,2.19,2.23,2.28,2.33,2.2,2.08,1.95,1.83,1.94,2.05,2.16,2.27,2.22,2.18,2.13,2.08,1.97,1.85,1.73,1.61,1.58,1.55,1.52,1.48,1.29,1.09,0.9,0.7,0.78,0.86,0.94,1.03,1.13,1.23,1.33,1.43,1.48,1.53,1.59,1.64,1.69,1.75,1.8,1.85,1.75,1.65,1.55,1.45,1.41,1.37,1.33,1.29,1.48,1.67,1.85,2.04,2.0,1.95,1.91,1.86,1.81,1.75,1.69,1.64,1.57,1.5,1.43,1.36,1.55,1.74,1.93,2.12,1.91,1.7,1.5,1.29,1.47,1.65,1.83,2.01,2.11,2.2,2.29,2.38,2.37,2.36,2.35,2.33,2.4,2.46,2.53,2.59,2.59,2.59,2.59,2.59,2.6,2.6,2.61,2.61,2.65,2.69,2.73,2.77,2.85,2.93,3.01,3.09,3.19,3.28,3.37,3.46,,
2017-12-23T00:00:00+00:00,1.41,1.4,1.39,1.43,1.47,1.52,1.56,1.68,1.8,1.93,2.05,2.06,2.07,2.08,2.09,2.1,2.11,2.12,2.14,2.13,2.13,2.13,2.13,2.1,2.07,2.05,2.02,2.1,2.18,2.26,2.34,2.39,2.43,2.48,2.52,2.24,1.96,1.68,1.4,1.56,1.71,1.86,2.02,2.21,2.4,2.6,2.79,2.85,2.91,2.97,3.03,2.94,2.86,2.77,2.68,2.68,2.69,2.69,2.69,2.7,2.71,2.72,2.73,2.75,2.77,2.8,2.82,2.74,2.67,2.59,2.51,2.59,2.67,2.76,2.84,2.87,2.9,2.93,2.96,3.05,3.13,3.21,3.29,3.21,3.14,3.06,2.98,2.97,2.97,2.96,2.95,2.98,3.01,3.04,3.07,2.99,2.91,2.83,2.75,2.83,2.9,2.98,3.05,3.05,3.05,3.05,3.05,3.11,3.16,3.21,3.26,3.28,3.29,3.3,3.31,3.27,3.22,3.18,3.14,3.06,2.98,2.9,2.82,2.99,3.17,3.34,3.52,3.4,3.29,3.17,3.05,3.21,3.37,3.52,3.68,3.53,3.38,3.23,3.08,3.07,3.06,3.05,3.04,2.96,2.88,2.79,2.71,2.78,2.84,2.9,2.97,3.08,3.2,3.31,3.43,3.34,3.24,3.15,3.06,3.24,3.43,3.62,3.8,,
2017-12-24T00:00:00+00:00,2.87,2.76,2.64,2.76,2.87,2.98,3.1,2.96,2.83,2.7,2.56,2.62,2.68,2.73,2.79,2.82,2.85,2.88,2.9,2.84,2.77,2.7,2.63,2.61,2.58,2.56,2.53,2.52,2.5,2.49,2.47,2.62,2.77,2.91,3.06,3.18,3.3,3.42,3.54,3.52,3.5,3.48,3.46,3.42,3.38,3.34,3.29,3.28,3.27,3.26,3.25,3.21,3.17,3.13,3.09,3.15,3.21,3.27,3.33,3.29,3.25,3.21,3.17,3.24,3.3,3.37,3.44,3.56,3.68,3.8,3.93,3.86,3.8,3.74,3.67,3.72,3.78,3.83,3.88,3.85,3.83,3.8,3.77,3.78,3.78,3.79,3.79,3.77,3.74,3.72,3.69,3.74,3.79,3.84,3.89,3.81,3.73,3.65,3.57,3.54,3.5,3.47,3.44,3.37,3.3,3.24,3.17,3.19,3.21,3.23,3.25,3.32,3.39,3.46,3.53,3.5,3.47,3.45,3.42,3.24,3.05,2.87,2.69,2.88,3.07,3.26,3.45,3.44,3.43,3.42,3.41,3.44,3.46,3.49,3.52,3.52,3.53,3.54,3.54,3.56,3.57,3.58,3.59,3.59,3.6,3.6,3.61,3.55,3.49,3.43,3.37,3.46,3.56,3.66,3.75,3.67,3.6,3.52,3.44,3.52,3.6,3.68,3.76,,
2017-12-25T00:00:00+00:00,3.34,3.28,3.21,3.39,3.57,3.75,3.92,3.92,3.91,3.9,3.89,3.91,3.93,3.95,3.98,3.99,4.0,4.01,4.02,4.0,3.97,3.95,3.92,3.92,3.92,3.91,3.91,3.94,3.97,4.0,4.03,3.94,3.85,3.76,3.67,3.79,3.91,4.03,4.15,4.13,4.11,4.09,4.07,3.96,3.85,3.74,3.63,3.65,3.67,3.69,3.7,3.81,3.92,4.03,4.14,4.17,4.21,4.25,4.28,4.2,4.11,4.02,3.94,4.01,4.09,4.17,4.25,4.28,4.31,4.34,4.37,4.47,4.56,4.66,4.76,4.85,4.93,5.01,5.1,5.18,5.26,5.35,5.43,5.47,5.51,5.55,5.59,5.81,6.03,6.25,6.47,6.61,6.75,6.9,7.04,6.97,6.91,6.84,6.77,6.66,6.55,6.44,6.32,6.04,5.76,5.47,5.19,4.82,4.46,4.1,3.73,3.44,3.14,2.84,2.54,2.94,3.34,3.73,4.13,4.19,4.25,4.32,4.38,4.37,4.36,4.34,4.33,4.18,4.03,3.87,3.72,3.86,3.99,4.13,4.26,4.34,4.42,4.5,4.58,4.61,4.63,4.65,4.68,4.72,4.77,4.81,4.86,4.88,4.9,4.92,4.94,5.01,5.07,5.14,5.2,5.24,5.27,5.31,5.34,5.32,5.29,5.27,5.24,,
2017-12-26T00:00:00+00:00,5.23,5.32,5.4,5.26,5.12,4.98,4.84,5.05,5.27,5.48,5.69,5.48,5.26,5.04,4.83,4.44,4.06,3.67,3.29,3.95,4.62,5.29,5.95,6.04,6.12,6.2,6.28,6.35,6.42,6.49,6.56,6.24,5.93,5.62,5.31,5.29,5.27,5.25,5.23,5.34,5.45,5.56,5.67,5.75,5.84,5.92,6.01,6.03,6.06,6.08,6.1,6.07,6.03,6.0,5.97,5.96,5.96,5.96,5.95,6.1,6.24,6.38,6.53,6.65,6.77,6.89,7.01,7.15,7.29,7.44,7.58,7.59,7.61,7.62,7.64,7.65,7.66,7.67,7.68,7.8,7.92,8.04,8.16,8.14,8.12,8.09,8.07,8.11,8.15,8.19,8.22,8.05,7.88,7.71,7.54,7.32,7.1,6.87,6.65,6.53,6.4,6.28,6.15,6.44,6.72,7.0,7.29,7.1,6.91,6.72,6.54,6.49,6.44,6.39,6.34,6.09,5.83,5.58,5.32,5.33,5.33,5.34,5.35,5.59,5.84,6.08,6.33,6.27,6.21,6.16,6.1,7.13,8.15,9.17,10.2,9.7,9.2,8.7,8.2,8.01,7.81,7.62,7.43,7.4,7.37,7.35,7.32,7.67,8.02,8.37,8.72,8.29,7.86,7.43,7.01,6.95,6.9,6.85,6.8,7.15,7.5,7.84,8.19,,
2017-12-27T00:00:00+00:00,7.54,7.78,8.02,7.76,7.5,7.24,6.98,6.85,6.72,6.59,6.46,6.19,5.91,5.64,5.36,5.51,5.65,5.8,5.94,5.86,5.77,5.68,5.59,5.59,5.6,5.6,5.6,5.91,6.22,6.53,6.84,6.87,6.9,6.92,6.95,7.03,7.11,7.2,7.28,8.1,8.92,9.73,10.55,10.6,10.65,10.69,10.74,10.54,10.34,10.14,9.94,9.8,9.67,9.53,9.39,9.24,9.08,8.93,8.77,8.48,8.2,7.91,7.62,7.57,7.51,7.46,7.41,7.11,6.82,6.53,6.23,6.23,6.23,6.23,6.23,6.36,6.48,6.6,6.73,6.46,6.18,5.91,5.64,5.52,5.4,5.28,5.15,5.02,4.89,4.76,4.63,4.67,4.7,4.74,4.78,4.84,4.91,4.98,5.04,4.89,4.73,4.57,4.41,4.35,4.29,4.23,4.17,4.35,4.53,4.71,4.88,4.85,4.81,4.77,4.73,4.65,4.57,4.48,4.4,4.34,4.27,4.21,4.15,4.05,3.96,3.86,3.77,3.79,3.81,3.83,3.85,3.78,3.71,3.64,3.57,3.58,3.59,3.59,3.6,3.63,3.66,3.7,3.73,3.73,3.74,3.74,3.74,3.59,3.43,3.28,3.12,3.0,2.88,2.76,2.64,2.72,2.79,2.87,2.95,2.88,2.81,2.74,2.67,,
2017-12-28T00:00:00+00:00,4.98,4.69,4.4,4.49,4.58,4.67,4.77,4.79,4.82,4.85,4.88,4.83,4.78,4.73,4.68,4.51,4.34,4.17,4.0,3.86,3.72,3.58,3.44,3.43,3.42,3.4,3.39,3.2,3.01,2.82,2.63,2.66,2.69,2.71,2.74,2.81,2.88,2.94,3.01,3.07,3.12,3.18,3.23,3.26,3.28,3.3,3.32,3.3,3.27,3.25,3.22,3.21,3.2,3.19,3.17,3.14,3.11,3.08,3.04,2.97,2.9,2.83,2.76,2.81,2.87,2.92,2.97,2.91,2.85,2.79,2.74,2.69,2.64,2.59,2.54,2.44,2.34,2.23,2.13,2.25,2.36,2.47,2.59,2.59,2.6,2.61,2.62,2.55,2.47,2.4,2.32,2.33,2.33,2.34,2.34,2.35,2.36,2.37,2.38,2.49,2.6,2.71,2.82,2.64,2.47,2.3,2.12,2.11,2.1,2.09,2.08,2.43,2.78,3.12,3.47,3.35,3.22,3.09,2.96,3.02,3.07,3.12,3.18,3.25,3.33,3.4,3.48,3.35,3.22,3.09,2.96,3.03,3.09,3.15,3.22,3.42,3.62,3.83,4.03,3.89,3.75,3.61,3.47,3.64,3.81,3.98,4.15,4.68,5.2,5.73,6.25,6.28,6.3,6.33,6.36,6.32,6.28,6.25,6.21,6.37,6.53,6.69,6.85,,
2017-12-29T00:00:00+00:00,2.24,2.18,2.12,2.25,2.38,2.51,2.64,2.81,2.98,3.16,3.33,3.3,3.27,3.24,3.22,3.42,3.62,3.82,4.03,4.17,4.32,4.46,4.61,4.7,4.79,4.88,4.97,5.07,5.18,5.28,5.38,5.53,5.69,5.84,5.99,5.91,5.83,5.75,5.66,5.76,5.85,5.94,6.04,6.2,6.36,6.52,6.68,6.74,6.79,6.85,6.9,6.62,6.33,6.04,5.75,6.38,7.02,7.65,8.28,7.87,7.46,7.04,6.63,6.7,6.76,6.83,6.9,6.92,6.95,6.97,7.0,6.93,6.85,6.78,6.7,6.43,6.16,5.88,5.61,5.36,5.11,4.86,4.61,4.4,4.18,3.97,3.76,3.71,3.66,3.61,3.56,3.6,3.63,3.67,3.71,4.07,4.43,4.8,5.16,5.26,5.35,5.45,5.54,5.62,5.71,5.79,5.87,6.3,6.73,7.16,7.59,7.53,7.48,7.42,7.37,7.31,7.25,7.19,7.13,7.28,7.43,7.58,7.72,7.66,7.59,7.53,7.46,7.58,7.7,7.82,7.93,7.84,7.75,7.65,7.56,7.56,7.55,7.55,7.54,7.46,7.38,7.31,7.23,7.16,7.09,7.02,6.96,6.81,6.67,6.53,6.38,6.35,6.31,6.28,6.24,6.25,6.26,6.26,6.27,6.36,6.45,6.53,6.62,,
2017-12-30T00:00:00+00:00,4.38,4.54,4.7,4.81,4.92,5.03,5.13,5.48,5.83,6.17,6.52,6.7,6.87,7.05,7.22,6.92,6.62,6.32,6.02,6.19,6.35,6.51,6.68,6.87,7.07,7.27,7.46,7.42,7.37,7.32,7.28,7.09,6.91,6.73,6.55,6.32,6.09,5.87,5.64,5.75,5.85,5.96,6.07,6.44,6.82,7.2,7.58,7.73,7.88,8.03,8.18,7.94,7.71,7.47,7.24,7.2,7.16,7.13,7.09,7.14,7.18,7.23,7.27,7.13,6.99,6.85,6.71,6.85,7.0,7.15,7.3,7.2,7.1,7.0,6.91,7.14,7.37,7.6,7.83,8.07,8.31,8.55,8.79,8.42,8.06,7.69,7.33,7.71,8.1,8.48,8.86,8.79,8.71,8.63,8.55,8.5,8.45,8.4,8.35,8.16,7.97,7.77,7.58,7.96,8.35,8.73,9.12,8.77,8.41,8.06,7.71,8.01,8.31,8.61,8.91,8.92,8.94,8.96,8.98,9.1,9.22,9.34,9.46,9.37,9.27,9.18,9.09,9.01,8.94,8.86,8.78,8.67,8.56,8.45,8.33,8.46,8.59,8.72,8.85,8.81,8.78,8.75,8.72,8.77,8.82,8.87,8.92,8.68,8.45,8.22,7.98,7.75,7.51,7.28,7.04,7.42,7.79,8.17,8.55,7.86,7.18,6.49,5.8,,
2017-12-31T00:00:00+00:00,7.71,7.86,8.01,7.76,7.5,7.25,6.99,7.22,7.45,7.69,7.92,7.95,7.99,8.02,8.05,8.15,8.25,8.34,8.44,8.73,9.02,9.32,9.61,9.46,9.32,9.18,9.03,9.03,9.03,9.02,9.02,9.0,8.99,8.97,8.95,8.93,8.9,8.87,8.85,8.83,8.81,8.8,8.78,8.88,8.98,9.07,9.17,9.42,9.67,9.92,10.16,9.57,8.97,8.38,7.78,7.71,7.64,7.57,7.5,7.95,8.41,8.87,9.32,9.06,8.79,8.53,8.27,8.22,8.18,8.13,8.08,7.87,7.66,7.45,7.25,7.32,7.4,7.48,7.56,7.68,7.8,7.92,8.04,8.24,8.45,8.66,8.86,8.38,7.89,7.41,6.92,6.97,7.01,7.05,7.1,7.03,6.97,6.91,6.85,6.92,6.99,7.06,7.13,7.03,6.93,6.83,6.73,6.81,6.89,6.97,7.05,6.97,6.9,6.83,6.75,6.66,6.57,6.47,6.38,6.61,6.83,7.06,7.29,7.39,7.49,7.6,7.7,7.81,7.93,8.04,8.16,8.23,8.3,8.37,8.43,8.34,8.25,8.15,8.06,8.19,8.32,8.45,8.58,8.71,8.85,8.98,9.11,8.71,8.31,7.91,7.51,7.62,7.72,7.82,7.93,7.84,7.75,7.66,7.57,7.39,7.2,7.02,6.84,,
2018-01-01T00:00:00+00:00,8.21,8.19,8.17,8.03,7.9,7.77,7.64,7.4,7.16,6.92,6.69,6.72,6.75,6.78,6.81,6.78,6.74,6.71,6.68,6.68,6.69,6.7,6.7,6.67,6.64,6.61,6.57,6.72,6.87,7.01,7.16,7.08,7.0,6.92,6.83,7.0,7.17,7.34,7.5,7.81,8.12,8.43,8.74,8.86,8.99,9.11,9.23,9.33,9.44,9.54,9.64,9.47,9.3,9.13,8.96,9.34,9.72,10.1,10.48,10.53,10.57,10.61,10.65,10.57,10.48,10.4,10.31,9.83,9.36,8.88,8.41,8.21,8.01,7.81,7.61,7.96,8.31,8.65,9.0,9.13,9.26,9.39,9.52,9.14,8.76,8.39,8.01,8.01,8.01,8.01,8.01,7.99,7.96,7.94,7.91,7.4,6.89,6.38,5.87,5.77,5.67,5.58,5.48,5.41,5.35,5.28,5.22,4.82,4.41,4.01,3.61,3.62,3.64,3.65,3.67,3.79,3.91,4.03,4.15,3.94,3.72,3.51,3.29,3.33,3.37,3.4,3.44,3.43,3.42,3.4,3.39,3.48,3.57,3.66,3.75,4.05,4.36,4.66,4.97,4.92,4.88,4.84,4.8,4.99,5.19,5.38,5.57,5.46,5.34,5.23,5.11,5.1,5.08,5.07,5.06,5.0,4.95,4.9,4.84,4.52,4.2,3.88,3.55,,
2018-01-02T00:00:00+00:00,5.9,5.85,5.79,5.75,5.71,5.66,5.62,5.51,5.4,5.29,5.18,5.0,4.82,4.63,4.45,4.36,4.26,4.17,4.08,4.0,3.92,3.84,3.76,3.78,3.81,3.84,3.87,3.85,3.84,3.82,3.81,3.77,3.72,3.68,3.64,3.77,3.9,4.03,4.15,4.3,4.45,4.6,4.75,4.71,4.68,4.65,4.62,4.79,4.97,5.14,5.32,5.41,5.51,5.6,5.7,5.74,5.78,5.82,5.87,5.89,5.91,5.94,5.96,5.84,5.72,5.61,5.49,5.24,5.0,4.75,4.5,4.49,4.47,4.45,4.43,4.63,4.84,5.04,5.24,5.53,5.83,6.12,6.41,6.93,7.45,7.97,8.49,8.36,8.24,8.11,7.98,8.28,8.59,8.89,9.2,9.38,9.55,9.73,9.91,9.96,10.02,10.07,10.13,10.33,10.53,10.73,10.93,10.87,10.8,10.74,10.67,10.61,10.55,10.48,10.42,10.74,11.06,11.38,11.7,11.32,10.93,10.54,10.16,10.19,10.22,10.25,10.28,9.86,9.44,9.02,8.61,8.54,8.48,8.42,8.36,8.87,9.39,9.91,10.43,9.48,8.52,7.57,6.61,7.25,7.88,8.51,9.15,9.02,8.88,8.75,8.62,8.28,7.93,7.59,7.25,7.18,7.11,7.03,6.96,6.73,6.5,6.27,6.03,,
2018-01-03T00:00:00+00:00,10.08,9.93,9.77,9.79,9.81,9.83,9.85,9.94,10.04,10.13,10.23,10.02,9.81,9.6,9.39,10.06,10.73,11.4,12.07,12.0,11.92,11.85,11.77,11.44,11.1,10.76,10.42,10.57,10.71,10.86,11.0,10.27,9.54,8.81,8.09,8.36,8.63,8.91,9.18,9.48,9.78,10.08,10.37,10.4,10.43,10.46,10.49,10.15,9.82,9.49,9.15,8.8,8.44,8.08,7.72,7.72,7.71,7.7,7.69,7.46,7.24,7.01,6.78,6.72,6.65,6.58,6.51,6.57,6.64,6.7,6.76,7.09,7.41,7.74,8.06,7.64,7.21,6.79,6.36,6.23,6.1,5.97,5.83,5.8,5.76,5.72,5.69,5.55,5.41,5.27,5.13,5.22,5.3,5.38,5.47,5.38,5.3,5.21,5.13,5.22,5.32,5.41,5.5,5.71,5.91,6.11,6.31,6.68,7.06,7.44,7.81,8.06,8.3,8.54,8.79,8.88,8.97,9.06,9.15,9.32,9.5,9.68,9.86,9.98,10.1,10.22,10.34,10.19,10.05,9.9,9.75,9.62,9.48,9.35,9.21,9.36,9.51,9.65,9.8,9.22,8.65,8.08,7.51,7.65,7.79,7.93,8.07,7.67,7.26,6.86,6.45,6.69,6.94,7.18,7.42,7.36,7.3,7.24,7.18,7.06,6.93,6.8,6.67,,
2018-01-04T00:00:00+00:00,3.63,4.33,5.04,4.74,4.45,4.16,3.87,3.78,3.7,3.61,3.52,3.45,3.38,3.32,3.25,3.54,3.83,4.12,4.41,4.85,5.3,5.75,6.2,6.96,7.73,8.5,9.26,9.2,9.13,9.07,9.01,9.08,9.16,9.24,9.32,9.2,9.09,8.97,8.85,8.7,8.55,8.41,8.26,8.4,8.54,8.68,8.83,8.81,8.79,8.77,8.76,8.68,8.6,8.52,8.44,8.38,8.32,8.26,8.21,8.04,7.88,7.71,7.55,7.39,7.24,7.09,6.94,7.0,7.07,7.13,7.2,6.74,6.27,5.81,5.35,5.21,5.07,4.93,4.79,5.22,5.65,6.07,6.5,6.33,6.15,5.97,5.8,5.95,6.11,6.26,6.42,6.61,6.79,6.98,7.17,7.19,7.21,7.23,7.26,7.11,6.97,6.82,6.68,6.89,7.09,7.3,7.5,6.99,6.47,5.95,5.44,5.21,4.98,4.76,4.53,4.53,4.54,4.54,4.54,4.44,4.33,4.23,4.13,3.98,3.84,3.7,3.56,3.71,3.85,4.0,4.14,4.18,4.22,4.25,4.29,4.13,3.98,3.82,3.66,3.65,3.63,3.62,3.61,3.45,3.29,3.13,2.97,2.89,2.81,2.74,2.66,2.5,2.35,2.2,2.04,2.17,2.3,2.43,2.57,2.58,2.58,2.59,2.6,,
2018-01-05T00:00:00+00:00,7.35,7.4,7.46,7.47,7.48,7.49,7.51,7.27,7.03,6.79,6.55,6.23,5.91,5.59,5.27,4.85,4.42,4.0,3.57,3.68,3.8,3.91,4.03,4.26,4.49,4.71,4.94,5.07,5.2,5.33,5.46,5.75,6.05,6.35,6.65,6.55,6.46,6.36,6.26,6.13,6.0,5.87,5.74,5.62,5.5,5.38,5.26,5.38,5.5,5.62,5.74,5.54,5.34,5.14,4.95,4.84,4.73,4.62,4.51,4.31,4.11,3.9,3.7,3.62,3.54,3.46,3.38,3.26,3.14,3.02,2.9,3.04,3.18,3.32,3.47,3.54,3.61,3.68,3.75,3.71,3.67,3.64,3.6,3.67,3.73,3.8,3.87,3.59,3.31,3.03,2.75,2.9,3.04,3.18,3.32,3.16,2.99,2.82,2.65,2.61,2.56,2.52,2.48,2.41,2.34,2.27,2.2,2.26,2.32,2.38,2.45,2.22,2.0,1.78,1.56,1.52,1.47,1.43,1.39,1.34,1.29,1.23,1.18,0.92,0.66,0.39,0.13,0.28,0.42,0.56,0.7,0.83,0.95,1.08,1.2,1.26,1.32,1.38,1.44,1.68,1.92,2.16,2.4,2.46,2.52,2.58,2.64,2.75,2.85,2.96,3.06,3.13,3.2,3.27,3.34,3.38,3.43,3.48,3.53,3.62,3.71,3.8,3.89,,
2018-01-06T00:00:00+00:00,3.41,3.62,3.83,3.6,3.36,3.12,2.88,2.78,2.68,2.58,2.48,2.53,2.57,2.62,2.66,2.61,2.56,2.5,2.45,2.1,1.75,1.39,1.04,1.09,1.13,1.18,1.22,1.03,0.85,0.66,0.47,0.72,0.98,1.24,1.5,1.5,1.49,1.49,1.49,1.59,1.69,1.79,1.88,1.86,1.83,1.8,1.78,1.91,2.05,2.19,2.33,2.54,2.75,2.97,3.18,3.19,3.21,3.22,3.24,3.24,3.24,3.24,3.24,3.4,3.56,3.73,3.89,4.22,4.54,4.87,5.2,5.29,5.39,5.48,5.58,5.49,5.4,5.32,5.23,5.38,5.54,5.69,5.84,5.5,5.17,4.83,4.49,4.83,5.17,5.51,5.86,5.98,6.11,6.24,6.37,6.31,6.24,6.18,6.12,6.27,6.43,6.58,6.73,6.66,6.59,6.51,6.44,6.44,6.44,6.44,6.44,6.59,6.73,6.88,7.03,7.03,7.03,7.03,7.02,6.99,6.96,6.93,6.9,6.71,6.52,6.33,6.14,6.31,6.47,6.63,6.79,6.66,6.52,6.39,6.25,6.16,6.06,5.97,5.88,5.98,6.08,6.19,6.29,6.21,6.13,6.05,5.97,6.16,6.35,6.54,6.72,6.6,6.47,6.34,6.21,6.24,6.26,6.29,6.31,6.22,6.12,6.03,5.93,,
2018-01-07T00:00:00+00:00,5.54,5.6,5.66,5.36,5.07,4.77,4.47,4.5,4.52,4.55,4.57,4.79,5.01,5.22,5.44,5.79,6.14,6.49,6.84,6.76,6.69,6.62,6.55,6.58,6.6,6.63,6.66,6.65,6.65,6.64,6.64,6.66,6.69,6.71,6.74,6.74,6.74,6.74,6.74,6.74,6.74,6.74,6.74,6.77,6.79,6.82,6.85,6.82,6.79,6.76,6.73,6.72,6.72,6.71,6.7,6.65,6.59,6.54,6.49,6.43,6.38,6.32,6.26,6.38,6.5,6.63,6.75,6.8,6.85,6.9,6.96,6.76,6.57,6.38,6.18,6.18,6.18,6.18,6.18,6.1,6.02,5.94,5.86,5.59,5.32,5.04,4.77,4.88,5.0,5.12,5.23,5.23,5.23,5.23,5.22,5.03,4.83,4.64,4.44,4.35,4.26,4.17,4.08,4.14,4.2,4.27,4.33,4.31,4.3,4.28,4.26,4.09,3.92,3.74,3.57,3.64,3.72,3.8,3.88,3.95,4.03,4.1,4.18,4.27,4.36,4.45,4.54,4.58,4.62,4.67,4.71,4.57,4.43,4.28,4.14,4.02,3.9,3.77,3.65,3.33,3.01,2.68,2.36,2.47,2.57,2.68,2.78,2.86,2.94,3.02,3.1,3.08,3.06,3.04,3.01,2.98,2.95,2.92,2.89,2.96,3.03,3.1,3.17,,
2018-01-08T00:00:00+00:00,4.91,4.86,4.81,4.98,5.15,5.32,5.49,5.23,4.97,4.71,4.45,4.55,4.64,4.74,4.83,4.71,4.59,4.47,4.35,4.42,4.5,4.58,4.65,4.63,4.61,4.58,4.56,4.58,4.61,4.63,4.65,4.51,4.37,4.23,4.09,4.07,4.04,4.01,3.98,4.01,4.04,4.07,4.1,4.09,4.08,4.07,4.07,4.05,4.03,4.01,3.99,4.08,4.17,4.26,4.34,4.32,4.29,4.27,4.24,4.11,3.98,3.84,3.71,3.74,3.76,3.78,3.81,3.72,3.63,3.54,3.45,3.28,3.1,2.92,2.74,2.78,2.81,2.84,2.87,2.78,2.69,2.6,2.51,2.56,2.6,2.65,2.7,2.82,2.95,3.08,3.21,3.06,2.92,2.77,2.62,2.48,2.34,2.2,2.06,2.01,1.95,1.9,1.85,1.71,1.57,1.44,1.3,1.17,1.03,0.89,0.76,0.98,1.21,1.43,1.66,1.62,1.59,1.56,1.53,1.25,0.98,0.71,0.44,0.45,0.46,0.47,0.48,0.79,1.1,1.4,1.71,1.65,1.59,1.53,1.47,1.68,1.88,2.09,2.29,2.28,2.27,2.25,2.24,2.41,2.57,2.74,2.9,2.78,2.66,2.54,2.42,2.42,2.42,2.42,2.42,2.63,2.84,3.04,3.25,3.38,3.51,3.64,3.77,,
2018-01-09T00:00:00+00:00,2.78,2.65,2.52,2.43,2.34,2.25,2.16,2.01,1.85,1.7,1.55,2.41,3.27,4.12,4.98,4.42,3.85,3.28,2.71,2.08,1.44,0.81,0.18,0.67,1.17,1.66,2.15,2.12,2.09,2.05,2.02,2.07,2.11,2.16,2.21,2.46,2.72,2.98,3.24,3.11,2.98,2.85,2.72,2.87,3.03,3.18,3.34,3.27,3.2,3.13,3.06,3.08,3.1,3.12,3.13,3.21,3.28,3.36,3.43,3.55,3.67,3.79,3.91,3.89,3.87,3.85,3.83,3.76,3.68,3.61,3.53,3.62,3.7,3.79,3.87,4.02,4.17,4.31,4.46,4.58,4.7,4.82,4.93,4.96,4.99,5.02,5.05,5.06,5.07,5.08,5.09,5.08,5.07,5.05,5.04,4.89,4.73,4.58,4.43,4.5,4.57,4.64,4.72,4.77,4.82,4.87,4.92,4.81,4.69,4.58,4.46,4.45,4.45,4.44,4.44,4.18,3.92,3.67,3.41,3.33,3.26,3.19,3.11,3.15,3.18,3.22,3.25,3.21,3.16,3.12,3.08,3.12,3.17,3.22,3.27,3.37,3.48,3.59,3.69,3.56,3.42,3.29,3.15,3.11,3.08,3.04,3.0,3.03,3.05,3.08,3.1,3.12,3.15,3.17,3.19,3.36,3.54,3.71,3.89,3.81,3.73,3.64,3.56,,
2018-01-10T00:00:00+00:00
2018-01-11T00:00:00+00:00
2018-01-12T00:00:00+00:00
2018-01-13T00:00:00+00:00
2018-01-14T00:00:00+00:00
2018-01-15T00:00:00+00:00
2018-01-16T00:00:00+00:00
2018-01-24T00:00:00+00:00,5.57,5.58,5.59,5.46,5.32,5.19,5.05,5.21,5.37,5.53,5.69,5.63,5.57,5.51,5.45,5.41,5.36,5.32,5.28,5.38,5.47,5.57,5.67,5.63,5.59,5.54,5.5,5.66,5.83,5.99,6.15,6.27,6.4,6.52,6.64,6.88,7.12,7.36,7.6,7.6,7.6,7.6,7.6,7.66,7.72,7.79,7.85,7.71,7.57,7.43,7.29,7.4,7.51,7.62,7.74,7.83,7.92,8.01,8.1,8.09,8.09,8.08,8.08,7.83,7.58,7.33,7.09,7.23,7.37,7.52,7.66,7.55,7.44,7.32,7.21,7.3,7.39,7.47,7.56,7.46,7.35,7.24,7.14,7.15,7.17,7.19,7.21,7.26,7.31,7.35,7.4,7.34,7.28,7.23,7.17,6.95,6.73,6.51,6.29,6.0,5.72,5.43,5.15,5.03,4.91,4.79,4.68,4.47,4.26,4.05,3.84,3.82,3.81,3.8,3.78,3.68,3.57,3.46,3.35,3.42,3.48,3.54,3.61,3.55,3.5,3.45,3.39,3.45,3.5,3.56,3.62,3.37,3.13,2.89,2.65,2.98,3.31,3.64,3.97,3.85,3.72,3.59,3.47,3.52,3.58,3.64,3.7,3.87,4.04,4.21,4.38,4.29,4.21,4.12,4.03,3.89,3.75,3.61,3.46,3.35,3.24,3.13,3.01,,
2018-01-26T00:00:00+00:00,2.92,3.15,3.38,3.48,3.58,3.67,3.77,3.83,3.88,3.94,4.0,4.05,4.09,4.14,4.19,3.94,3.7,3.45,3.21,3.02,2.84,2.65,2.46,2.62,2.77,2.93,3.09,3.39,3.69,3.99,4.29,3.9,3.51,3.12,2.73,2.45,2.16,1.88,1.6,1.76,1.91,2.07,2.23,2.1,1.97,1.84,1.72,1.61,1.51,1.4,1.3,1.2,1.11,1.01,0.91,0.97,1.03,1.09,1.15,1.31,1.48,1.65,1.82,1.72,1.63,1.54,1.45,1.31,1.18,1.04,0.91,0.98,1.06,1.14,1.22,1.31,1.41,1.51,1.61,1.93,2.24,2.55,2.86,3.11,3.36,3.61,3.86,3.57,3.28,2.99,2.7,2.56,2.42,2.28,2.14,2.15,2.15,2.16,2.16,1.88,1.59,1.3,1.02,1.17,1.33,1.48,1.64,1.62,1.6,1.57,1.55,1.59,1.63,1.66,1.7,1.8,1.89,1.99,2.09,2.11,2.12,2.14,2.16,2.41,2.65,2.9,3.15,3.29,3.44,3.58,3.73,3.94,4.15,4.36,4.57,4.73,4.9,5.07,5.24,5.3,5.36,5.42,5.48,5.5,5.53,5.56,5.59,5.7,5.81,5.93,6.04,6.0,5.96,5.92,5.87,5.83,5.79,5.76,5.72,5.71,5.71,5.71,5.7,,
2018-01-27T00:00:00+00:00,1.65,1.66,1.67,2.03,2.4,2.76,3.12,2.79,2.46,2.13,1.79,1.75,1.71,1.66,1.62,1.51,1.39,1.28,1.17,1.27,1.37,1.47,1.58,1.5,1.43,1.36,1.29,1.37,1.45,1.53,1.62,1.65,1.68,1.71,1.74,1.86,1.98,2.1,2.22,2.29,2.37,2.44,2.52,2.63,2.74,2.85,2.96,3.06,3.16,3.26,3.36,3.45,3.54,3.63,3.72,3.79,3.86,3.93,4.0,4.05,4.11,4.16,4.22,4.27,4.33,4.39,4.44,4.48,4.51,4.54,4.58,4.53,4.47,4.42,4.37,4.41,4.45,4.49,4.53,4.45,4.37,4.29,4.21,4.23,4.24,4.25,4.26,4.44,4.62,4.8,4.98,4.88,4.78,4.67,4.57,4.52,4.46,4.41,4.35,4.35,4.34,4.34,4.33,4.32,4.31,4.31,4.3,4.22,4.15,4.07,3.99,4.01,4.04,4.06,4.08,4.13,4.18,4.22,4.27,4.2,4.14,4.07,4.01,4.03,4.05,4.07,4.09,4.2,4.31,4.43,4.54,4.48,4.43,4.37,4.31,4.19,4.07,3.94,3.82,3.68,3.54,3.39,3.25,3.28,3.32,3.35,3.38,3.34,3.3,3.26,3.21,3.21,3.22,3.22,3.22,3.21,3.21,3.2,3.19,3.2,3.21,3.22,3.22,,
2018-01-28T00:00:00+00:00,5.04,5.13,5.21,5.22,5.23,5.24,5.25,5.11,4.96,4.82,4.67,4.54,4.4,4.27,4.14,4.12,4.1,4.08,4.06,4.05,4.05,4.05,4.04,3.98,3.91,3.84,3.78,3.83,3.89,3.94,4.0,3.97,3.94,3.91,3.88,3.81,3.75,3.69,3.62,3.63,3.64,3.65,3.66,3.66,3.67,3.68,3.68,3.66,3.63,3.6,3.58,3.48,3.37,3.27,3.17,3.15,3.13,3.11,3.08,3.06,3.04,3.02,3.0,3.0,3.0,3.0,3.0,2.89,2.78,2.67,2.55,2.59,2.63,2.66,2.7,2.69,2.68,2.67,2.66,2.74,2.82,2.91,2.99,2.97,2.94,2.92,2.89,2.93,2.96,3.0,3.03,2.94,2.85,2.76,2.68,2.79,2.9,3.01,3.12,3.02,2.92,2.81,2.71,2.76,2.8,2.85,2.9,2.86,2.83,2.8,2.76,2.77,2.79,2.8,2.81,2.93,3.06,3.18,3.3,3.12,2.95,2.77,2.59,2.67,2.75,2.83,2.91,3.02,3.13,3.23,3.34,3.47,3.59,3.72,3.84,4.09,4.34,4.59,4.85,4.76,4.68,4.6,4.52,4.36,4.2,4.04,3.88,3.82,3.75,3.69,3.62,3.45,3.28,3.11,2.94,3.11,3.29,3.46,3.63,3.65,3.67,3.69,3.71,,
2018-01-29T00:00:00+00:00
2018-01-30T00:00:00+00:00
2018-01-31T00:00:00+00:00,4.79,4.76,4.74,5.03,5.33,5.62,5.91,5.87,5.82,5.77,5.72,5.93,6.14,6.35,6.56,6.43,6.3,6.17,6.04,6.15,6.26,6.37,6.48,6.47,6.46,6.46,6.45,6.56,6.68,6.8,6.92,7.01,7.1,7.2,7.29,7.38,7.46,7.54,7.63,7.84,8.05,8.26,8.47,8.33,8.18,8.04,7.9,7.85,7.81,7.77,7.73,7.25,6.77,6.28,5.8,6.12,6.43,6.74,7.06,6.78,6.51,6.24,5.97,5.86,5.74,5.63,5.52,5.13,4.74,4.35,3.96,4.04,4.12,4.2,4.28,4.45,4.61,4.78,4.94,4.93,4.92,4.91,4.9,4.89,4.88,4.87,4.86,4.77,4.68,4.59,4.5,4.79,5.08,5.36,5.65,5.51,5.37,5.23,5.08,5.23,5.38,5.53,5.68,5.64,5.61,5.57,5.53,5.64,5.74,5.85,5.95,5.95,5.95,5.95,5.95,5.75,5.56,5.36,5.16,5.24,5.32,5.4,5.48,5.3,5.13,4.95,4.77,4.75,4.74,4.72,4.71,4.47,4.24,4.01,3.77,3.78,3.79,3.8,3.81,3.83,3.85,3.87,3.89,3.7,3.5,3.31,3.11,3.32,3.53,3.74,3.94,3.52,3.09,2.67,2.24,2.49,2.75,3.0,3.26,2.89,2.52,2.15,1.78,,
2018-02-01T00:00:00+00:00,3.66,3.64,3.62,3.69,3.77,3.84,3.92,3.88,3.84,3.8,3.76,3.7,3.65,3.6,3.55,3.9,4.26,4.61,4.96,4.91,4.85,4.8,4.75,4.77,4.79,4.82,4.84,4.98,5.13,5.27,5.41,5.31,5.21,5.11,5.01,5.0,4.99,4.99,4.98,5.11,5.24,5.37,5.5,5.38,5.25,5.13,5.01,4.93,4.84,4.76,4.67,4.47,4.26,4.06,3.86,3.63,3.4,3.17,2.95,3.1,3.25,3.4,3.55,3.52,3.49,3.46,3.43,3.32,3.21,3.11,3.0,2.86,2.72,2.58,2.44,2.54,2.63,2.73,2.83,2.75,2.68,2.61,2.54,2.61,2.69,2.76,2.84,2.72,2.61,2.49,2.38,2.41,2.44,2.48,2.51,2.58,2.65,2.72,2.8,2.76,2.73,2.69,2.66,2.73,2.81,2.89,2.97,3.04,3.11,3.18,3.25,3.29,3.33,3.37,3.41,3.46,3.51,3.57,3.62,3.47,3.32,3.17,3.02,3.12,3.23,3.33,3.44,3.62,3.79,3.97,4.15,4.17,4.2,4.22,4.24,4.27,4.3,4.33,4.36,4.38,4.41,4.43,4.45,4.16,3.86,3.56,3.26,3.37,3.48,3.6,3.71,3.65,3.58,3.52,3.46,3.41,3.35,3.3,3.25,3.34,3.44,3.53,3.63,,
2018-02-02T00:00:00+00:00,3.23,3.25,3.26,3.25,3.23,3.21,3.19,3.21,3.22,3.23,3.24,3.21,3.17,3.13,3.09,3.04,2.99,2.95,2.9,2.87,2.83,2.8,2.77,2.85,2.92,3.0,3.08,3.13,3.17,3.22,3.27,3.55,3.83,4.11,4.39,4.4,4.41,4.42,4.43,4.41,4.39,4.37,4.35,4.34,4.34,4.34,4.33,4.4,4.47,4.54,4.61,4.48,4.34,4.21,4.08,4.01,3.94,3.87,3.8,4.02,4.25,4.47,4.69,4.71,4.72,4.73,4.75,4.58,4.42,4.26,4.09,3.86,3.64,3.41,3.18,3.13,3.07,3.02,2.96,2.9,2.84,2.78,2.72,2.76,2.81,2.86,2.91,2.92,2.92,2.93,2.94,2.94,2.94,2.94,2.94,2.88,2.81,2.75,2.68,2.62,2.55,2.48,2.42,2.4,2.38,2.36,2.35,2.07,1.79,1.52,1.24,1.43,1.62,1.81,2.0,1.93,1.85,1.78,1.71,1.72,1.73,1.75,1.76,1.79,1.81,1.84,1.87,1.96,2.05,2.14,2.23,2.33,2.44,2.55,2.65,2.69,2.73,2.76,2.8,2.92,3.04,3.17,3.29,3.26,3.23,3.2,3.17,3.16,3.15,3.14,3.13,2.95,2.76,2.58,2.39,2.48,2.58,2.67,2.76,2.66,2.56,2.46,2.36,,
2018-02-03T00:00:00+00:00,2.87,2.91,2.94,2.78,2.63,2.47,2.31,2.16,2.02,1.87,1.72,1.74,1.77,1.79,1.81,1.89,1.98,2.06,2.14,2.09,2.05,2.0,1.95,1.93,1.91,1.89,1.88,1.86,1.85,1.84,1.83,1.78,1.72,1.67,1.61,1.94,2.27,2.59,2.92,3.13,3.35,3.56,3.78,3.74,3.71,3.68,3.65,3.49,3.32,3.15,2.98,3.04,3.11,3.17,3.23,3.15,3.07,2.99,2.91,2.81,2.71,2.61,2.51,2.3,2.1,1.9,1.7,1.55,1.4,1.25,1.1,1.1,1.1,1.1,1.1,1.1,1.1,1.11,1.11,1.13,1.14,1.16,1.18,1.15,1.11,1.08,1.05,1.11,1.18,1.25,1.32,1.6,1.89,2.17,2.46,2.4,2.34,2.29,2.23,2.51,2.79,3.07,3.34,3.37,3.39,3.42,3.44,3.39,3.33,3.27,3.21,3.04,2.86,2.68,2.5,2.71,2.92,3.13,3.34,3.38,3.42,3.47,3.51,3.74,3.97,4.21,4.44,4.43,4.42,4.4,4.39,4.41,4.43,4.45,4.46,4.53,4.6,4.67,4.74,4.82,4.91,4.99,5.07,5.02,4.97,4.91,4.86,4.8,4.74,4.68,4.62,4.73,4.84,4.94,5.05,5.02,4.99,4.96,4.93,4.96,4.99,5.02,5.05,,
2018-02-04T00:00:00+00:00,1.71,1.74,1.77,1.91,2.04,2.18,2.31,2.75,3.19,3.63,4.07,3.92,3.76,3.61,3.46,3.39,3.33,3.26,3.19,3.58,3.96,4.35,4.73,4.69,4.64,4.6,4.56,4.59,4.62,4.65,4.68,4.79,4.9,5.01,5.12,4.83,4.53,4.23,3.94,4.14,4.35,4.55,4.76,4.74,4.72,4.7,4.68,4.73,4.78,4.82,4.87,4.94,5.01,5.08,5.16,5.13,5.11,5.08,5.06,5.18,5.29,5.41,5.53,5.41,5.29,5.17,5.05,4.91,4.77,4.62,4.48,4.62,4.76,4.89,5.03,5.04,5.04,5.04,5.05,4.75,4.45,4.16,3.86,4.04,4.21,4.39,4.57,4.52,4.48,4.44,4.4,4.4,4.41,4.41,4.41,4.31,4.21,4.1,4.0,3.92,3.84,3.77,3.69,3.74,3.8,3.85,3.91,3.98,4.04,4.11,4.18,4.18,4.19,4.19,4.19,4.16,4.13,4.1,4.07,4.07,4.07,4.07,4.07,4.05,4.02,4.0,3.97,3.85,3.73,3.61,3.48,3.56,3.63,3.7,3.77,3.73,3.69,3.65,3.61,3.58,3.56,3.53,3.51,3.33,3.16,2.98,2.8,2.71,2.63,2.54,2.45,2.48,2.51,2.54,2.57,2.41,2.25,2.1,1.94,2.05,2.15,2.26,2.36,,
2018-02-05T00:00:00+00:00,3.91,3.93,3.94,3.96,3.99,4.01,4.03,4.01,3.99,3.98,3.96,3.9,3.84,3.78,3.72,3.73,3.73,3.74,3.74,3.82,3.89,3.96,4.04,4.05,4.06,4.08,4.09,4.01,3.93,3.85,3.77,3.83,3.9,3.97,4.03,3.99,3.94,3.9,3.86,3.83,3.81,3.79,3.77,3.75,3.73,3.71,3.69,3.75,3.82,3.88,3.94,3.82,3.71,3.6,3.48,3.53,3.57,3.61,3.66,3.58,3.5,3.43,3.35,3.39,3.44,3.48,3.52,3.65,3.78,3.91,4.04,3.99,3.93,3.88,3.82,3.68,3.53,3.39,3.25,3.29,3.33,3.38,3.42,3.39,3.37,3.34,3.31,3.23,3.15,3.08,3.0,3.0,3.0,3.0,3.0,3.09,3.18,3.26,3.35,3.34,3.33,3.32,3.31,3.32,3.33,3.33,3.34,3.36,3.38,3.39,3.41,3.4,3.39,3.38,3.37,3.39,3.42,3.44,3.46,3.46,3.47,3.47,3.48,3.47,3.47,3.47,3.47,3.41,3.36,3.31,3.25,3.4,3.54,3.68,3.82,3.79,3.76,3.72,3.69,3.71,3.73,3.76,3.78,3.74,3.71,3.67,3.64,3.44,3.25,3.05,2.86,2.92,2.97,3.03,3.09,3.24,3.4,3.56,3.72,4.01,4.31,4.61,4.9,,
2018-02-06T00:00:00+00:00,3.07,3.11,3.14,3.13,3.11,3.09,3.07,3.18,3.29,3.39,3.5,3.57,3.65,3.72,3.79,3.75,3.71,3.67,3.62,3.51,3.39,3.27,3.15,3.15,3.16,3.16,3.17,3.09,3.01,2.93,2.85,3.0,3.15,3.3,3.46,3.44,3.43,3.41,3.39,3.33,3.28,3.22,3.16,3.15,3.15,3.15,3.14,3.16,3.17,3.19,3.2,3.14,3.08,3.02,2.96,3.08,3.19,3.31,3.43,3.3,3.17,3.03,2.9,3.0,3.11,3.21,3.31,3.56,3.82,4.08,4.33,4.31,4.3,4.28,4.26,4.27,4.27,4.28,4.28,4.18,4.07,3.97,3.86,3.73,3.59,3.46,3.32,3.47,3.61,3.76,3.91,3.9,3.89,3.88,3.87,3.97,4.07,4.17,4.26,4.28,4.3,4.31,4.33,4.34,4.35,4.37,4.38,4.39,4.4,4.41,4.41,4.32,4.22,4.12,4.03,3.97,3.91,3.85,3.79,3.77,3.76,3.74,3.72,3.69,3.66,3.63,3.6,3.64,3.68,3.73,3.77,3.62,3.47,3.32,3.17,3.18,3.19,3.21,3.22,3.22,3.22,3.22,3.22,3.23,3.24,3.25,3.26,3.07,2.87,2.67,2.48,2.59,2.71,2.83,2.94,2.93,2.93,2.92,2.91,2.8,2.69,2.58,2.47,,
2018-02-07T00:00:00+00:00,3.67,4.08,4.49,4.43,4.38,4.33,4.28,4.15,4.02,3.9,3.77,3.8,3.83,3.86,3.89,3.91,3.92,3.94,3.96,3.91,3.86,3.81,3.76,3.84,3.93,4.01,4.1,4.08,4.05,4.03,4.0,4.08,4.17,4.25,4.34,4.32,4.3,4.28,4.26,4.31,4.37,4.42,4.48,4.38,4.27,4.17,4.07,3.92,3.77,3.62,3.47,3.45,3.44,3.43,3.41,3.42,3.42,3.42,3.42,3.57,3.71,3.86,4.0,3.8,3.59,3.39,3.19,3.1,3.01,2.93,2.84,2.81,2.77,2.74,2.7,2.74,2.78,2.82,2.86,2.83,2.81,2.79,2.77,2.87,2.97,3.07,3.16,3.03,2.9,2.77,2.64,2.61,2.59,2.56,2.53,2.59,2.66,2.73,2.79,2.72,2.66,2.59,2.52,2.31,2.11,1.91,1.7,1.67,1.65,1.62,1.59,1.81,2.02,2.24,2.45,2.34,2.23,2.13,2.02,1.88,1.74,1.6,1.46,1.39,1.32,1.24,1.17,1.03,0.88,0.74,0.59,0.54,0.48,0.43,0.38,0.5,0.61,0.73,0.85,0.88,0.91,0.94,0.97,0.99,1.01,1.03,1.05,1.05,1.06,1.06,1.06,1.15,1.24,1.34,1.43,1.63,1.83,2.03,2.23,2.24,2.26,2.28,2.3,,
2018-02-08T00:00:00+00:00,2.32,2.28,2.24,2.19,2.14,2.09,2.05,2.11,2.18,2.24,2.3,2.24,2.17,2.1,2.03,1.84,1.66,1.47,1.28,1.28,1.27,1.27,1.26,1.24,1.21,1.19,1.16,1.18,1.2,1.21,1.23,1.21,1.19,1.17,1.15,1.22,1.29,1.37,1.44,1.47,1.49,1.52,1.55,1.55,1.56,1.56,1.57,1.65,1.73,1.81,1.89,1.84,1.8,1.75,1.71,1.51,1.32,1.12,0.93,0.96,1.0,1.04,1.07,1.26,1.44,1.62,1.8,1.82,1.83,1.85,1.86,2.03,2.19,2.35,2.52,2.47,2.43,2.38,2.34,2.43,2.53,2.63,2.73,2.7,2.67,2.65,2.62,2.59,2.55,2.51,2.48,2.51,2.53,2.56,2.59,2.55,2.52,2.48,2.44,2.44,2.43,2.42,2.42,2.46,2.51,2.56,2.6,2.61,2.63,2.64,2.65,2.65,2.65,2.65,2.65,2.76,2.88,2.99,3.1,3.18,3.27,3.35,3.43,3.45,3.46,3.48,3.5,3.56,3.63,3.69,3.75,3.68,3.61,3.53,3.46,3.6,3.73,3.87,4.01,4.02,4.04,4.05,4.06,3.84,3.61,3.39,3.17,3.01,2.86,2.7,2.55,2.47,2.39,2.31,2.23,2.74,3.26,3.77,4.28,4.19,4.11,4.02,3.94,,
2018-02-09T00:00:00+00:00,2.83,2.94,3.05,2.89,2.72,2.56,2.39,2.25,2.11,1.97,1.83,1.94,2.05,2.16,2.27,2.27,2.27,2.28,2.28,2.52,2.76,3.0,3.24,3.34,3.44,3.54,3.64,3.61,3.58,3.55,3.52,3.61,3.7,3.79,3.88,3.8,3.72,3.64,3.56,3.71,3.85,4.0,4.14,4.19,4.23,4.27,4.32,3.98,3.64,3.31,2.97,3.01,3.05,3.08,3.12,3.08,3.04,2.99,2.95,2.92,2.89,2.87,2.84,3.06,3.28,3.5,3.72,3.69,3.65,3.62,3.59,3.71,3.83,3.95,4.07,4.02,3.97,3.92,3.87,3.89,3.9,3.91,3.92,3.94,3.96,3.98,4.01,3.75,3.49,3.24,2.98,2.94,2.9,2.86,2.82,2.74,2.65,2.57,2.49,2.4,2.3,2.21,2.11,2.11,2.1,2.1,2.09,2.17,2.25,2.32,2.4,2.41,2.43,2.44,2.45,2.52,2.6,2.67,2.74,2.71,2.67,2.63,2.6,2.59,2.59,2.58,2.58,2.59,2.59,2.6,2.61,2.54,2.46,2.39,2.32,2.36,2.39,2.43,2.46,2.6,2.73,2.87,3.01,3.13,3.26,3.38,3.51,3.61,3.71,3.81,3.91,3.9,3.89,3.89,3.88,3.89,3.9,3.92,3.93,4.08,4.23,4.38,4.53,,
2018-02-10T00:00:00+00:00,3.17,3.4,3.63,3.5,3.37,3.24,3.1,3.37,3.64,3.91,4.18,3.99,3.79,3.59,3.4,3.32,3.25,3.17,3.1,3.03,2.96,2.89,2.82,2.89,2.96,3.04,3.11,3.02,2.92,2.83,2.74,2.69,2.64,2.59,2.54,2.46,2.38,2.3,2.22,2.2,2.19,2.18,2.17,2.38,2.6,2.81,3.02,3.15,3.27,3.4,3.52,3.49,3.45,3.42,3.39,3.42,3.44,3.47,3.49,3.54,3.59,3.64,3.68,3.83,3.98,4.12,4.27,4.51,4.75,4.99,5.23,5.22,5.22,5.22,5.21,5.4,5.58,5.77,5.95,6.1,6.25,6.39,6.54,6.56,6.58,6.6,6.62,6.8,6.97,7.15,7.33,7.21,7.1,6.98,6.87,6.81,6.76,6.71,6.65,6.62,6.6,6.57,6.54,6.48,6.42,6.37,6.31,6.23,6.15,6.07,5.99,5.77,5.56,5.34,5.12,4.99,4.86,4.73,4.6,4.54,4.47,4.4,4.34,4.42,4.51,4.59,4.68,4.84,5.0,5.16,5.31,5.32,5.33,5.33,5.34,5.4,5.45,5.51,5.56,6.63,7.69,8.76,9.82,8.19,6.56,4.93,3.3,3.98,4.66,5.34,6.02,6.18,6.33,6.49,6.65,5.96,5.28,4.6,3.91,3.85,3.79,3.72,3.66,,
2018-02-11T00:00:00+00:00,6.43,6.51,6.58,6.49,6.39,6.29,6.19,6.14,6.09,6.05,6.0,5.84,5.68,5.53,5.37,5.31,5.24,5.18,5.11,4.75,4.39,4.04,3.68,3.46,3.24,3.02,2.8,3.5,4.19,4.89,5.58,5.61,5.65,5.68,5.71,5.43,5.16,4.88,4.6,4.63,4.67,4.71,4.75,4.66,4.57,4.48,4.39,5.02,5.66,6.29,6.93,6.4,5.87,5.34,4.81,4.74,4.67,4.6,4.54,4.59,4.64,4.7,4.75,4.68,4.6,4.53,4.45,4.3,4.15,3.99,3.84,4.11,4.38,4.65,4.92,4.73,4.55,4.36,4.17,4.01,3.85,3.7,3.54,3.65,3.76,3.88,3.99,3.88,3.77,3.66,3.55,3.32,3.1,2.87,2.65,2.78,2.92,3.05,3.18,3.11,3.04,2.96,2.89,3.23,3.58,3.92,4.26,4.25,4.24,4.23,4.22,3.95,3.69,3.43,3.16,3.24,3.31,3.38,3.46,3.46,3.46,3.45,3.45,3.49,3.53,3.56,3.6,3.57,3.54,3.51,3.48,3.48,3.48,3.47,3.47,3.48,3.48,3.49,3.49,3.45,3.41,3.37,3.33,3.32,3.31,3.29,3.28,3.3,3.31,3.33,3.35,3.29,3.23,3.16,3.1,3.03,2.97,2.9,2.83,2.83,2.84,2.84,2.84,,
2018-02-12T00:00:00+00:00,4.6,4.67,4.75,4.64,4.53,4.42,4.31,4.27,4.23,4.19,4.15,3.93,3.71,3.49,3.27,3.25,3.24,3.23,3.22,3.14,3.06,2.99,2.91,2.93,2.95,2.97,2.99,3.1,3.2,3.31,3.41,3.28,3.15,3.02,2.89,2.82,2.76,2.69,2.63,2.54,2.45,2.36,2.27,2.27,2.27,2.27,2.28,2.37,2.46,2.55,2.64,2.86,3.07,3.28,3.49,3.47,3.44,3.42,3.4,3.31,3.23,3.15,3.07,3.16,3.25,3.34,3.43,3.53,3.63,3.73,3.82,3.58,3.33,3.08,2.83,2.73,2.64,2.54,2.45,2.59,2.73,2.87,3.01,3.14,3.27,3.4,3.53,3.48,3.43,3.39,3.34,3.32,3.31,3.29,3.27,3.41,3.54,3.68,3.81,3.87,3.92,3.97,4.02,4.1,4.18,4.26,4.34,4.47,4.6,4.72,4.85,4.92,4.99,5.06,5.13,5.25,5.37,5.49,5.61,5.65,5.69,5.72,5.76,5.82,5.89,5.95,6.01,6.07,6.14,6.2,6.26,6.19,6.11,6.03,5.95,5.85,5.75,5.65,5.55,5.72,5.9,6.07,6.25,5.97,5.7,5.42,5.15,5.06,4.97,4.89,4.8,4.74,4.68,4.61,4.55,4.37,4.19,4.01,3.83,3.51,3.2,2.89,2.57,,
2018-02-13T00:00:00+00:00,3.05,3.29,3.54,3.55,3.55,3.56,3.57,3.63,3.69,3.75,3.82,3.77,3.73,3.69,3.65,3.84,4.03,4.22,4.41,4.52,4.63,4.74,4.85,4.87,4.89,4.91,4.93,4.95,4.97,4.98,5.0,4.96,4.93,4.89,4.85,4.98,5.1,5.22,5.34,5.2,5.06,4.92,4.78,4.66,4.53,4.41,4.28,4.38,4.47,4.57,4.66,4.74,4.81,4.89,4.97,4.73,4.49,4.25,4.02,3.83,3.64,3.45,3.26,3.14,3.02,2.9,2.78,2.75,2.72,2.69,2.67,2.55,2.42,2.3,2.18,2.12,2.06,2.0,1.94,1.99,2.04,2.09,2.14,2.15,2.16,2.17,2.18,2.06,1.93,1.81,1.68,1.81,1.95,2.08,2.21,2.19,2.17,2.14,2.12,2.2,2.29,2.38,2.46,2.31,2.15,2.0,1.85,1.74,1.62,1.51,1.4,1.51,1.61,1.72,1.82,1.87,1.91,1.96,2.01,2.15,2.3,2.44,2.59,2.59,2.59,2.6,2.6,2.71,2.81,2.92,3.02,3.15,3.28,3.41,3.53,3.54,3.55,3.55,3.56,3.62,3.69,3.76,3.82,3.93,4.04,4.15,4.26,4.22,4.17,4.13,4.09,4.15,4.2,4.26,4.31,4.33,4.35,4.37,4.39,4.54,4.69,4.85,5.0,,
2018-02-14T00:00:00+00:00,2.7,2.93,3.16,3.08,3.0,2.92,2.84,2.79,2.74,2.68,2.63,2.39,2.14,1.9,1.65,1.74,1.84,1.93,2.02,2.08,2.15,2.21,2.27,2.38,2.48,2.59,2.69,2.79,2.89,2.99,3.09,3.05,3.01,2.98,2.94,3.09,3.24,3.39,3.54,3.61,3.69,3.76,3.84,3.98,4.13,4.28,4.42,4.5,4.58,4.67,4.75,4.62,4.5,4.37,4.25,4.38,4.52,4.66,4.8,4.93,5.07,5.21,5.35,5.35,5.36,5.37,5.38,5.39,5.4,5.41,5.42,5.53,5.64,5.75,5.86,5.67,5.48,5.29,5.09,4.96,4.82,4.68,4.55,4.34,4.13,3.93,3.72,3.71,3.71,3.7,3.69,3.7,3.71,3.71,3.72,3.74,3.76,3.78,3.8,3.84,3.87,3.91,3.94,3.87,3.8,3.73,3.66,3.73,3.81,3.89,3.97,3.94,3.91,3.89,3.86,3.86,3.87,3.87,3.88,3.83,3.78,3.74,3.69,3.58,3.47,3.36,3.26,3.26,3.26,3.26,3.26,3.21,3.17,3.12,3.08,2.96,2.85,2.74,2.62,2.74,2.85,2.96,3.07,2.95,2.82,2.7,2.57,2.57,2.58,2.58,2.59,2.63,2.67,2.71,2.75,2.77,2.78,2.8,2.81,2.67,2.53,2.39,2.24,,
2018-02-15T00:00:00+00:00,3.53,3.56,3.59,3.61,3.62,3.64,3.65,3.68,3.71,3.74,3.77,3.75,3.73,3.72,3.7,3.6,3.5,3.4,3.3,3.38,3.46,3.54,3.62,3.59,3.56,3.53,3.49,3.46,3.42,3.38,3.34,3.29,3.25,3.2,3.15,3.06,2.97,2.89,2.8,2.85,2.9,2.94,2.99,3.01,3.03,3.05,3.07,3.1,3.13,3.17,3.2,3.21,3.23,3.24,3.26,3.04,2.81,2.59,2.36,2.45,2.54,2.63,2.72,2.6,2.48,2.36,2.24,2.26,2.28,2.3,2.31,2.26,2.21,2.16,2.11,1.98,1.84,1.7,1.56,1.72,1.88,2.03,2.19,2.08,1.97,1.86,1.75,1.83,1.91,1.99,2.07,1.94,1.81,1.68,1.54,1.48,1.41,1.34,1.27,1.55,1.82,2.1,2.37,2.33,2.3,2.26,2.22,2.22,2.23,2.24,2.25,2.11,1.98,1.85,1.71,1.68,1.64,1.6,1.57,1.55,1.53,1.5,1.48,1.42,1.35,1.29,1.22,1.19,1.17,1.14,1.11,0.89,0.67,0.44,0.22,0.52,0.82,1.12,1.42,1.35,1.29,1.23,1.17,1.06,0.96,0.85,0.75,1.01,1.27,1.53,1.79,1.8,1.8,1.8,1.8,1.9,1.99,2.08,2.17,2.17,2.17,2.17,2.17,,
2018-02-16T00:00:00+00:00,2.36,2.12,1.88,1.87,1.87,1.86,1.85,1.78,1.7,1.63,1.56,1.53,1.51,1.48,1.46,1.51,1.57,1.62,1.67,1.99,2.31,2.63,2.95,2.75,2.55,2.35,2.15,2.0,1.85,1.69,1.54,1.26,0.98,0.7,0.42,0.48,0.54,0.6,0.66,1.04,1.42,1.8,2.18,2.28,2.39,2.49,2.6,2.49,2.39,2.29,2.18,2.32,2.46,2.6,2.74,2.75,2.75,2.76,2.77,2.81,2.85,2.88,2.92,2.95,2.99,3.02,3.06,3.09,3.13,3.16,3.19,3.15,3.1,3.05,3.0,2.97,2.94,2.91,2.88,2.93,2.97,3.02,3.07,3.09,3.12,3.15,3.17,3.4,3.62,3.85,4.07,3.85,3.62,3.4,3.18,3.07,2.96,2.85,2.74,2.95,3.16,3.38,3.59,3.93,4.27,4.6,4.94,5.15,5.36,5.57,5.78,5.67,5.56,5.44,5.33,5.33,5.32,5.31,5.31,5.07,4.84,4.6,4.37,4.57,4.77,4.97,5.17,5.04,4.92,4.79,4.67,4.82,4.98,5.13,5.29,4.99,4.7,4.4,4.11,4.15,4.19,4.24,4.28,4.25,4.22,4.18,4.15,3.94,3.74,3.53,3.33,3.17,3.02,2.86,2.7,2.53,2.35,2.18,2.0,1.87,1.74,1.6,1.47,,
2018-02-17T00:00:00+00:00,2.57,2.44,2.3,2.25,2.2,2.16,2.11,2.26,2.41,2.56,2.71,2.79,2.88,2.96,3.04,2.9,2.77,2.63,2.49,2.53,2.57,2.61,2.65,2.47,2.3,2.12,1.94,1.88,1.81,1.75,1.68,1.97,2.26,2.55,2.83,2.76,2.68,2.6,2.53,2.49,2.45,2.41,2.38,2.53,2.69,2.84,3.0,2.98,2.96,2.95,2.93,3.03,3.13,3.23,3.32,3.27,3.21,3.16,3.1,2.9,2.7,2.5,2.3,2.12,1.94,1.76,1.58,1.47,1.37,1.27,1.16,1.17,1.18,1.19,1.2,1.16,1.11,1.06,1.01,1.13,1.25,1.38,1.5,1.54,1.58,1.63,1.67,1.61,1.56,1.5,1.44,1.49,1.54,1.59,1.64,1.58,1.53,1.48,1.43,1.33,1.23,1.14,1.04,0.88,0.73,0.57,0.41,0.45,0.49,0.53,0.57,0.56,0.54,0.53,0.52,0.41,0.31,0.21,0.1,0.13,0.16,0.18,0.21,0.36,0.5,0.65,0.79,0.81,0.83,0.85,0.87,0.96,1.05,1.14,1.23,1.3,1.37,1.43,1.5,1.58,1.65,1.72,1.8,1.85,1.91,1.97,2.03,2.03,2.02,2.01,2.0,1.98,1.95,1.92,1.9,1.93,1.95,1.98,2.01,1.96,1.9,1.84,1.79,,
2018-02-18T00:00:00+00:00,1.3,0.93,0.56,0.5,0.44,0.38,0.31,0.62,0.92,1.23,1.53,1.49,1.45,1.41,1.37,1.49,1.62,1.74,1.87,1.8,1.73,1.66,1.6,1.34,1.08,0.82,0.56,0.72,0.89,1.05,1.21,1.34,1.48,1.61,1.74,1.77,1.8,1.84,1.87,1.76,1.66,1.55,1.44,1.52,1.61,1.69,1.77,1.83,1.89,1.95,2.02,2.06,2.11,2.15,2.2,2.12,2.03,1.95,1.87,1.94,2.0,2.07,2.13,2.14,2.14,2.14,2.14,2.04,1.94,1.84,1.74,1.68,1.63,1.57,1.51,1.64,1.76,1.88,2.0,2.01,2.02,2.03,2.04,1.83,1.62,1.41,1.2,1.32,1.44,1.57,1.69,1.58,1.46,1.35,1.24,1.27,1.3,1.33,1.36,1.13,0.9,0.67,0.44,0.5,0.55,0.6,0.66,0.77,0.88,0.99,1.1,1.02,0.93,0.84,0.75,0.79,0.84,0.88,0.92,0.99,1.06,1.13,1.2,1.2,1.21,1.22,1.22,1.27,1.32,1.37,1.42,1.44,1.46,1.47,1.49,1.47,1.44,1.42,1.4,1.41,1.42,1.43,1.44,1.31,1.18,1.05,0.91,0.94,0.97,1.0,1.03,1.17,1.31,1.46,1.6,1.51,1.42,1.33,1.23,1.18,1.13,1.08,1.03,,
2018-02-19T00:00:00+00:00,1.71,1.45,1.19,1.2,1.2,1.21,1.22,1.41,1.61,1.8,1.99,1.55,1.11,0.67,0.23,0.26,0.3,0.34,0.38,0.55,0.71,0.87,1.04,0.97,0.9,0.84,0.77,0.77,0.77,0.77,0.78,0.85,0.93,1.0,1.08,1.1,1.12,1.14,1.16,1.29,1.42,1.56,1.69,1.63,1.58,1.52,1.47,1.54,1.6,1.67,1.74,1.82,1.9,1.98,2.06,2.1,2.15,2.19,2.23,2.19,2.14,2.1,2.05,1.96,1.86,1.77,1.67,1.52,1.38,1.23,1.08,0.92,0.75,0.59,0.42,0.56,0.7,0.83,0.97,0.83,0.68,0.53,0.39,0.47,0.55,0.63,0.71,0.66,0.61,0.56,0.51,0.62,0.73,0.84,0.95,1.1,1.24,1.38,1.52,1.5,1.48,1.46,1.43,1.39,1.35,1.31,1.27,1.3,1.34,1.38,1.42,1.48,1.54,1.59,1.65,1.63,1.62,1.6,1.58,1.82,2.05,2.28,2.52,2.35,2.19,2.02,1.85,1.84,1.83,1.81,1.8,1.72,1.64,1.57,1.49,1.39,1.29,1.18,1.08,1.19,1.3,1.41,1.52,1.8,2.08,2.36,2.65,2.71,2.77,2.83,2.89,2.89,2.89,2.9,2.9,3.0,3.1,3.2,3.3,3.49,3.67,3.86,4.05,,
2018-02-20T00:00:00+00:00,1.89,1.94,1.99,1.9,1.81,1.73,1.64,1.71,1.77,1.83,1.9,2.06,2.21,2.37,2.53,2.44,2.36,2.27,2.18,2.22,2.25,2.29,2.32,2.36,2.4,2.44,2.47,2.32,2.17,2.02,1.87,1.72,1.56,1.41,1.26,1.41,1.56,1.71,1.86,1.93,1.99,2.06,2.12,2.25,2.38,2.51,2.64,2.65,2.67,2.68,2.69,2.74,2.78,2.82,2.87,2.76,2.65,2.54,2.44,2.38,2.33,2.28,2.22,2.29,2.36,2.43,2.5,2.69,2.88,3.07,3.26,3.24,3.21,3.18,3.16,3.26,3.36,3.47,3.57,3.59,3.61,3.62,3.64,3.66,3.68,3.7,3.72,3.89,4.06,4.23,4.4,4.36,4.33,4.29,4.25,4.37,4.48,4.6,4.71,4.62,4.53,4.44,4.34,4.37,4.4,4.42,4.45,4.47,4.48,4.5,4.51,4.46,4.41,4.36,4.31,4.28,4.24,4.21,4.17,4.23,4.28,4.34,4.39,4.41,4.43,4.44,4.46,4.48,4.5,4.52,4.54,4.53,4.52,4.51,4.5,4.52,4.54,4.56,4.57,4.58,4.58,4.58,4.58,4.61,4.65,4.68,4.71,4.73,4.74,4.75,4.76,4.82,4.88,4.94,4.99,4.96,4.92,4.88,4.85,4.83,4.81,4.79,4.77,,
2018-02-21T00:00:00+00:00,3.87,3.8,3.73,3.8,3.87,3.93,4.0,4.04,4.09,4.13,4.17,4.18,4.2,4.21,4.22,4.31,4.4,4.49,4.59,4.42,4.26,4.09,3.93,4.09,4.25,4.42,4.58,4.59,4.61,4.63,4.64,4.64,4.64,4.63,4.63,4.5,4.37,4.24,4.1,4.04,3.97,3.91,3.84,3.93,4.02,4.11,4.2,4.31,4.43,4.55,4.66,4.64,4.62,4.59,4.57,4.58,4.58,4.59,4.6,4.56,4.53,4.49,4.45,4.48,4.51,4.55,4.58,4.67,4.77,4.87,4.97,4.99,5.02,5.04,5.07,5.07,5.07,5.08,5.08,5.02,4.97,4.91,4.86,4.78,4.7,4.63,4.55,4.49,4.43,4.37,4.31,4.27,4.24,4.21,4.17,4.18,4.19,4.2,4.2,4.2,4.2,4.2,4.2,4.3,4.4,4.51,4.61,4.54,4.47,4.41,4.34,4.29,4.24,4.19,4.13,4.17,4.21,4.24,4.28,4.23,4.19,4.14,4.1,4.15,4.19,4.24,4.29,4.38,4.47,4.56,4.65,4.69,4.72,4.76,4.79,4.82,4.85,4.87,4.9,4.96,5.03,5.1,5.16,5.19,5.22,5.25,5.28,5.29,5.29,5.3,5.31,5.33,5.35,5.37,5.39,5.38,5.38,5.37,5.37,5.38,5.39,5.4,5.41,,
2018-02-22T00:00:00+00:00,4.15,4.16,4.17,4.22,4.28,4.34,4.4,4.22,4.05,3.88,3.71,3.7,3.69,3.68,3.68,3.71,3.75,3.78,3.82,3.82,3.82,3.82,3.82,3.91,4.0,4.09,4.18,4.25,4.32,4.38,4.45,4.38,4.31,4.24,4.16,4.17,4.17,4.18,4.18,4.27,4.36,4.45,4.53,4.65,4.76,4.88,4.99,5.05,5.1,5.16,5.21,5.25,5.29,5.33,5.38,5.39,5.4,5.41,5.43,5.38,5.34,5.29,5.24,5.25,5.25,5.25,5.25,5.22,5.2,5.17,5.14,5.16,5.18,5.2,5.22,5.18,5.14,5.09,5.05,5.02,4.99,4.96,4.93,4.92,4.91,4.9,4.89,4.84,4.79,4.74,4.69,4.64,4.59,4.54,4.49,4.48,4.47,4.46,4.45,4.5,4.55,4.6,4.65,4.7,4.75,4.8,4.85,4.9,4.94,4.99,5.03,5.03,5.03,5.04,5.04,5.05,5.07,5.08,5.09,5.12,5.15,5.17,5.2,5.16,5.12,5.08,5.04,5.03,5.02,5.02,5.01,5.01,5.02,5.02,5.03,5.03,5.03,5.04,5.04,5.09,5.13,5.17,5.21,5.24,5.28,5.31,5.34,5.38,5.42,5.46,5.5,5.49,5.47,5.46,5.45,5.38,5.32,5.26,5.2,5.13,5.07,5.0,4.93,,
2018-02-23T00:00:00+00:00,4.78,4.82,4.85,4.87,4.88,4.9,4.91,4.8,4.69,4.58,4.47,4.53,4.59,4.65,4.71,4.74,4.76,4.79,4.82,4.8,4.78,4.76,4.74,4.77,4.81,4.85,4.89,4.89,4.9,4.9,4.9,4.88,4.86,4.83,4.81,4.85,4.89,4.92,4.96,4.92,4.88,4.84,4.8,4.87,4.95,5.02,5.09,5.15,5.21,5.27,5.33,5.36,5.39,5.42,5.45,5.42,5.39,5.36,5.34,5.27,5.21,5.15,5.09,4.98,4.88,4.78,4.67,4.65,4.62,4.59,4.57,4.57,4.58,4.59,4.6,4.53,4.46,4.39,4.32,4.33,4.35,4.36,4.38,4.33,4.28,4.23,4.18,4.15,4.13,4.1,4.08,4.11,4.14,4.17,4.2,4.2,4.2,4.2,4.2,4.24,4.28,4.31,4.35,4.36,4.37,4.37,4.38,4.45,4.52,4.59,4.65,4.64,4.63,4.61,4.6,4.59,4.59,4.59,4.58,4.67,4.76,4.85,4.94,4.97,5.0,5.03,5.06,5.05,5.05,5.04,5.04,5.08,5.12,5.16,5.2,5.2,5.21,5.21,5.21,5.29,5.37,5.44,5.52,5.65,5.79,5.92,6.06,6.08,6.11,6.13,6.16,6.21,6.26,6.3,6.35,6.42,6.49,6.56,6.62,6.35,6.07,5.79,5.52,,
2018-02-24T00:00:00+00:00,4.27,4.16,4.05,3.96,3.87,3.78,3.69,3.81,3.94,4.07,4.19,4.14,4.09,4.03,3.98,4.01,4.04,4.07,4.1,4.17,4.24,4.31,4.38,4.38,4.38,4.39,4.39,4.52,4.65,4.78,4.91,4.81,4.71,4.61,4.5,4.48,4.46,4.44,4.42,4.48,4.53,4.59,4.65,4.8,4.96,5.11,5.27,5.31,5.34,5.38,5.42,5.41,5.39,5.38,5.36,5.29,5.22,5.15,5.08,5.16,5.25,5.34,5.42,5.33,5.23,5.13,5.03,5.01,4.99,4.96,4.94,5.05,5.15,5.26,5.37,5.23,5.1,4.96,4.82,4.77,4.72,4.67,4.62,4.62,4.62,4.62,4.62,4.55,4.48,4.4,4.33,4.45,4.58,4.7,4.82,4.91,5.0,5.1,5.19,5.16,5.13,5.1,5.06,5.08,5.1,5.11,5.13,5.11,5.1,5.09,5.07,5.12,5.17,5.21,5.26,5.27,5.28,5.29,5.3,5.36,5.42,5.49,5.55,5.63,5.71,5.79,5.87,5.86,5.86,5.85,5.85,5.84,5.84,5.83,5.83,5.85,5.87,5.88,5.9,5.91,5.91,5.91,5.92,5.9,5.89,5.88,5.86,5.89,5.93,5.96,5.99,6.01,6.03,6.06,6.08,6.03,5.99,5.95,5.91,5.9,5.89,5.88,5.87,,
2018-02-25T00:00:00+00:00,4.84,4.79,4.73,4.72,4.7,4.69,4.68,4.8,4.91,5.03,5.15,5.11,5.07,5.03,4.99,5.03,5.07,5.12,5.16,5.23,5.3,5.36,5.43,5.51,5.6,5.68,5.77,5.76,5.75,5.74,5.73,5.78,5.82,5.86,5.91,5.88,5.86,5.84,5.82,5.8,5.78,5.76,5.74,5.76,5.78,5.79,5.81,5.83,5.86,5.88,5.9,5.99,6.08,6.17,6.26,6.27,6.28,6.28,6.29,6.22,6.15,6.09,6.02,6.0,5.98,5.97,5.95,5.74,5.53,5.31,5.1,5.08,5.05,5.03,5.01,4.84,4.68,4.52,4.35,4.44,4.52,4.61,4.69,4.74,4.79,4.84,4.89,4.93,4.96,5.0,5.04,5.02,5.01,5.0,4.98,5.01,5.04,5.07,5.1,5.15,5.21,5.26,5.32,5.3,5.28,5.26,5.24,5.19,5.14,5.1,5.05,5.03,5.0,4.97,4.95,5.03,5.12,5.2,5.28,5.36,5.44,5.52,5.6,5.57,5.54,5.51,5.49,5.51,5.53,5.56,5.58,5.64,5.7,5.76,5.82,5.94,6.07,6.19,6.32,6.37,6.42,6.47,6.53,6.56,6.58,6.61,6.64,6.7,6.76,6.82,6.88,6.77,6.66,6.55,6.43,6.28,6.12,5.96,5.81,5.79,5.78,5.77,5.76,,
2018-02-26T00:00:00+00:00,4.73,4.88,5.04,5.02,5.01,5.0,4.98,5.03,5.08,5.12,5.17,5.16,5.15,5.14,5.13,5.14,5.15,5.15,5.16,5.14,5.13,5.11,5.09,5.17,5.24,5.32,5.39,5.47,5.54,5.62,5.7,5.8,5.91,6.01,6.12,6.17,6.22,6.27,6.31,6.46,6.61,6.75,6.9,6.82,6.74,6.67,6.59,6.51,6.43,6.35,6.27,6.21,6.15,6.09,6.03,6.06,6.09,6.12,6.15,6.18,6.2,6.23,6.25,6.2,6.15,6.1,6.05,6.01,5.97,5.93,5.89,5.9,5.91,5.91,5.92,5.91,5.9,5.89,5.88,5.82,5.75,5.68,5.61,5.57,5.54,5.51,5.47,5.44,5.41,5.38,5.35,5.27,5.19,5.11,5.03,4.96,4.9,4.83,4.76,4.63,4.5,4.36,4.23,4.2,4.17,4.14,4.11,4.23,4.34,4.46,4.58,4.48,4.39,4.29,4.2,4.14,4.08,4.03,3.97,4.08,4.19,4.3,4.41,4.46,4.52,4.57,4.63,4.63,4.62,4.62,4.62,4.49,4.36,4.24,4.11,4.14,4.18,4.21,4.25,4.32,4.39,4.46,4.53,4.57,4.6,4.64,4.67,4.64,4.6,4.57,4.53,4.46,4.39,4.31,4.24,4.27,4.3,4.33,4.37,4.11,3.85,3.59,3.33,,
2018-02-27T00:00:00+00:00,5.38,5.27,5.15,5.02,4.89,4.76,4.62,4.75,4.88,5.0,5.13,4.9,4.66,4.43,4.2,4.1,4.01,3.91,3.82,3.81,3.8,3.79,3.78,3.72,3.66,3.6,3.54,3.68,3.83,3.97,4.11,3.99,3.87,3.75,3.63,3.6,3.56,3.53,3.49,3.48,3.46,3.44,3.43,3.47,3.51,3.55,3.59,3.86,4.14,4.42,4.7,4.61,4.52,4.44,4.35,4.3,4.25,4.2,4.15,4.23,4.32,4.41,4.49,4.34,4.19,4.04,3.89,3.86,3.82,3.78,3.75,3.52,3.3,3.08,2.85,2.84,2.83,2.82,2.81,3.02,3.24,3.45,3.66,3.55,3.44,3.34,3.23,3.25,3.27,3.29,3.31,3.4,3.48,3.56,3.65,3.63,3.61,3.6,3.58,3.6,3.62,3.63,3.65,3.67,3.68,3.7,3.71,3.71,3.7,3.69,3.68,3.75,3.81,3.87,3.93,3.92,3.92,3.91,3.9,4.03,4.16,4.29,4.42,4.45,4.48,4.51,4.55,4.63,4.71,4.8,4.88,4.98,5.07,5.16,5.25,5.43,5.6,5.77,5.94,5.99,6.04,6.09,6.14,6.27,6.4,6.53,6.67,6.71,6.75,6.79,6.83,6.81,6.8,6.79,6.77,6.72,6.68,6.63,6.58,6.55,6.51,6.47,6.44,,
2018-02-28T00:00:00+00:00,2.87,2.92,2.97,2.95,2.94,2.92,2.91,2.98,3.05,3.13,3.2,3.29,3.38,3.47,3.57,3.47,3.38,3.29,3.2,3.26,3.32,3.39,3.45,3.6,3.75,3.89,4.04,4.09,4.13,4.17,4.22,4.29,4.36,4.43,4.5,4.59,4.68,4.77,4.86,5.05,5.23,5.41,5.6,5.64,5.67,5.71,5.75,5.85,5.96,6.06,6.16,6.27,6.38,6.48,6.59,6.55,6.51,6.48,6.44,6.41,6.38,6.35,6.33,6.32,6.3,6.29,6.28,6.32,6.37,6.41,6.45,6.43,6.41,6.39,6.37,6.29,6.2,6.11,6.02,6.04,6.06,6.08,6.1,6.06,6.02,5.98,5.94,6.06,6.18,6.31,6.43,6.47,6.5,6.54,6.57,6.31,6.04,5.77,5.5,5.62,5.74,5.86,5.98,5.94,5.9,5.87,5.83,5.83,5.83,5.83,5.83,5.82,5.82,5.81,5.81,5.79,5.77,5.75,5.73,5.76,5.8,5.83,5.86,5.79,5.71,5.64,5.56,5.52,5.49,5.45,5.41,5.48,5.54,5.61,5.68,5.72,5.76,5.8,5.84,5.76,5.67,5.59,5.51,5.55,5.59,5.64,5.68,5.67,5.66,5.66,5.65,5.66,5.68,5.69,5.7,5.71,5.71,5.72,5.73,5.76,5.79,5.83,5.86,,
2018-03-01T00:00:00+00:00,5.3,5.25,5.21,5.22,5.23,5.25,5.26,5.19,5.13,5.06,4.99,5.0,5.01,5.01,5.02,4.96,4.9,4.84,4.78,4.87,4.96,5.05,5.14,5.2,5.25,5.3,5.36,5.38,5.39,5.41,5.43,5.49,5.55,5.6,5.66,5.55,5.43,5.31,5.19,5.23,5.26,5.3,5.34,5.39,5.43,5.48,5.53,5.52,5.51,5.5,5.49,5.55,5.6,5.66,5.72,5.69,5.65,5.61,5.57,5.64,5.71,5.78,5.85,5.87,5.89,5.91,5.93,5.99,6.04,6.09,6.14,6.2,6.26,6.32,6.38,6.3,6.22,6.13,6.05,6.01,5.98,5.94,5.9,5.89,5.87,5.85,5.83,5.76,5.69,5.62,5.54,5.52,5.5,5.48,5.46,5.37,5.28,5.18,5.09,4.99,4.88,4.78,4.68,4.69,4.7,4.7,4.71,4.66,4.6,4.55,4.5,4.43,4.36,4.29,4.22,4.17,4.11,4.05,3.99,3.83,3.66,3.49,3.33,3.17,3.01,2.86,2.7,2.55,2.4,2.25,2.1,2.84,3.58,4.32,5.07,5.29,5.51,5.73,5.94,5.59,5.24,4.89,4.54,4.76,4.99,5.21,5.44,5.4,5.36,5.32,5.28,5.26,5.24,5.21,5.19,4.94,4.68,4.43,4.17,3.77,3.36,2.95,2.54,,
2018-03-02T00:00:00+00:00,5.88,5.77,5.67,5.63,5.58,5.54,5.5,5.35,5.2,5.06,4.91,4.9,4.88,4.87,4.85,4.79,4.73,4.67,4.61,4.39,4.17,3.95,3.73,3.58,3.44,3.3,3.16,2.95,2.73,2.52,2.31,2.18,2.05,1.92,1.79,2.76,3.73,4.7,5.67,5.87,6.08,6.28,6.48,6.27,6.05,5.84,5.62,5.76,5.91,6.05,6.2,6.12,6.04,5.97,5.89,5.6,5.31,5.02,4.73,4.47,4.2,3.93,3.67,3.16,2.65,2.14,1.63,1.53,1.43,1.33,1.23,1.47,1.7,1.94,2.17,2.11,2.05,1.99,1.93,2.05,2.18,2.31,2.44,2.4,2.35,2.31,2.27,2.31,2.35,2.39,2.43,2.45,2.46,2.47,2.48,2.58,2.69,2.79,2.89,3.0,3.11,3.21,3.32,3.31,3.29,3.28,3.26,3.21,3.16,3.1,3.05,2.92,2.79,2.65,2.52,2.66,2.79,2.92,3.06,3.13,3.2,3.26,3.33,3.14,2.95,2.76,2.57,2.44,2.31,2.18,2.04,2.18,2.31,2.44,2.57,2.8,3.02,3.24,3.47,3.43,3.4,3.36,3.32,3.85,4.38,4.91,5.44,5.37,5.29,5.22,5.14,5.11,5.08,5.06,5.03,4.67,4.32,3.96,3.6,3.31,3.02,2.73,2.44,,
2018-03-03T00:00:00+00:00,2.18,2.24,2.3,2.5,2.7,2.9,3.09,3.04,3.0,2.95,2.9,2.96,3.02,3.08,3.14,3.21,3.28,3.35,3.42,3.29,3.16,3.03,2.9,3.05,3.2,3.35,3.5,3.42,3.34,3.25,3.17,3.04,2.91,2.78,2.65,2.59,2.52,2.45,2.38,2.44,2.5,2.56,2.62,2.58,2.55,2.52,2.48,3.13,3.77,4.42,5.06,4.85,4.64,4.43,4.22,4.45,4.69,4.92,5.16,4.89,4.62,4.35,4.08,4.06,4.04,4.02,4.0,4.08,4.16,4.24,4.32,4.22,4.12,4.02,3.92,3.61,3.3,3.0,2.69,2.94,3.18,3.43,3.67,3.57,3.46,3.36,3.25,3.38,3.51,3.64,3.77,3.61,3.45,3.29,3.12,2.9,2.69,2.47,2.25,2.43,2.61,2.79,2.97,2.72,2.46,2.2,1.95,1.8,1.66,1.52,1.38,1.53,1.68,1.84,1.99,2.05,2.11,2.17,2.23,2.22,2.21,2.19,2.18,2.23,2.28,2.34,2.39,2.34,2.29,2.24,2.2,1.87,1.55,1.22,0.9,1.12,1.33,1.55,1.77,2.05,2.33,2.6,2.88,2.61,2.33,2.06,1.79,2.75,3.7,4.66,5.62,5.36,5.09,4.82,4.56,3.85,3.15,2.44,1.74,1.97,2.2,2.43,2.65,,
2018-03-04T00:00:00+00:00,2.04,1.81,1.57,1.88,2.19,2.5,2.81,2.84,2.86,2.89,2.92,2.74,2.56,2.38,2.21,2.19,2.18,2.16,2.15,1.99,1.82,1.66,1.49,1.36,1.23,1.1,0.97,0.95,0.93,0.91,0.89,1.27,1.64,2.02,2.4,2.29,2.18,2.07,1.96,1.73,1.5,1.27,1.04,1.02,1.01,0.99,0.97,1.37,1.78,2.19,2.59,2.61,2.64,2.66,2.68,2.73,2.78,2.83,2.88,3.18,3.48,3.78,4.08,4.04,4.01,3.97,3.94,3.81,3.68,3.56,3.43,3.38,3.33,3.28,3.23,3.28,3.33,3.38,3.43,3.46,3.49,3.53,3.56,3.25,2.95,2.64,2.33,2.39,2.44,2.49,2.54,2.54,2.54,2.54,2.54,2.35,2.15,1.96,1.77,1.79,1.81,1.83,1.85,1.71,1.56,1.42,1.28,1.35,1.41,1.48,1.55,1.61,1.66,1.71,1.77,1.78,1.79,1.8,1.82,1.63,1.44,1.25,1.06,1.36,1.66,1.96,2.26,2.32,2.38,2.44,2.5,2.66,2.83,3.0,3.16,3.26,3.36,3.46,3.57,3.61,3.65,3.7,3.74,3.73,3.72,3.71,3.7,3.6,3.5,3.4,3.3,3.43,3.56,3.7,3.83,3.72,3.61,3.5,3.4,3.22,3.04,2.86,2.68,,
2018-03-05T00:00:00+00:00,2.6,2.67,2.74,2.63,2.51,2.39,2.28,2.07,1.86,1.66,1.45,1.39,1.32,1.26,1.19,1.08,0.97,0.85,0.74,1.11,1.47,1.84,2.2,2.01,1.82,1.63,1.44,1.42,1.41,1.39,1.38,1.77,2.16,2.55,2.93,2.84,2.74,2.64,2.54,2.72,2.89,3.07,3.24,3.27,3.3,3.32,3.35,3.34,3.32,3.31,3.29,3.22,3.16,3.09,3.02,2.96,2.9,2.83,2.77,2.87,2.97,3.07,3.17,3.12,3.07,3.02,2.96,3.0,3.03,3.07,3.1,3.26,3.41,3.57,3.72,3.62,3.52,3.42,3.32,3.38,3.44,3.49,3.55,3.58,3.61,3.63,3.66,3.62,3.57,3.52,3.48,3.49,3.51,3.52,3.53,3.36,3.19,3.01,2.84,2.8,2.77,2.74,2.7,2.59,2.48,2.37,2.26,2.1,1.95,1.79,1.64,1.77,1.9,2.03,2.16,2.24,2.32,2.4,2.48,2.26,2.05,1.83,1.61,1.71,1.82,1.92,2.03,2.11,2.18,2.26,2.34,2.47,2.61,2.74,2.87,2.85,2.83,2.8,2.78,2.79,2.81,2.82,2.84,2.89,2.93,2.98,3.03,3.03,3.03,3.03,3.03,3.19,3.35,3.51,3.67,3.91,4.14,4.37,4.61,4.44,4.28,4.12,3.95,,
2018-03-06T00:00:00+00:00,3.83,3.71,3.59,3.28,2.98,2.68,2.38,2.52,2.67,2.82,2.96,2.99,3.02,3.06,3.09,3.11,3.14,3.17,3.19,3.24,3.29,3.33,3.38,3.19,3.0,2.8,2.61,2.7,2.79,2.88,2.97,2.69,2.41,2.13,1.85,2.14,2.43,2.72,3.01,3.05,3.09,3.12,3.16,3.27,3.39,3.5,3.62,3.71,3.8,3.89,3.98,3.75,3.53,3.3,3.08,3.06,3.05,3.04,3.03,2.97,2.91,2.85,2.79,3.05,3.31,3.58,3.84,3.82,3.8,3.78,3.76,3.64,3.53,3.42,3.3,3.47,3.63,3.79,3.95,4.13,4.31,4.5,4.68,4.56,4.45,4.33,4.21,3.88,3.55,3.22,2.89,3.06,3.23,3.4,3.57,3.42,3.27,3.11,2.96,2.62,2.28,1.94,1.59,1.65,1.7,1.75,1.8,2.13,2.46,2.79,3.12,3.17,3.21,3.25,3.3,3.31,3.32,3.33,3.34,3.87,4.41,4.95,5.49,5.4,5.32,5.23,5.15,5.19,5.23,5.28,5.32,5.09,4.85,4.62,4.39,4.71,5.04,5.36,5.69,5.65,5.61,5.58,5.54,5.76,5.97,6.19,6.4,6.16,5.93,5.69,5.45,5.07,4.69,4.31,3.93,3.06,2.19,1.32,0.45,0.77,1.08,1.4,1.71,,
2018-03-07T00:00:00+00:00,2.41,2.22,2.03,2.24,2.46,2.67,2.88,3.13,3.37,3.62,3.86,4.18,4.51,4.83,5.15,5.41,5.67,5.92,6.18,5.84,5.5,5.16,4.82,4.8,4.78,4.76,4.74,5.02,5.29,5.56,5.84,5.64,5.45,5.26,5.06,5.08,5.1,5.11,5.13,5.13,5.14,5.14,5.14,5.21,5.27,5.34,5.41,5.3,5.19,5.09,4.98,5.27,5.55,5.84,6.12,6.28,6.43,6.59,6.74,5.83,4.91,4.0,3.08,2.97,2.85,2.74,2.62,2.87,3.12,3.37,3.62,3.58,3.53,3.49,3.45,3.35,3.26,3.16,3.07,3.02,2.98,2.93,2.89,3.04,3.2,3.35,3.5,3.66,3.81,3.97,4.12,4.18,4.23,4.29,4.34,4.35,4.35,4.36,4.36,4.39,4.41,4.43,4.46,4.46,4.45,4.45,4.45,4.42,4.39,4.35,4.32,4.44,4.56,4.68,4.81,4.77,4.73,4.7,4.66,4.87,5.09,5.3,5.51,5.68,5.84,6.01,6.18,6.33,6.48,6.63,6.78,6.82,6.86,6.89,6.93,6.98,7.02,7.07,7.11,7.11,7.11,7.11,7.11,6.97,6.83,6.69,6.56,5.87,5.18,4.5,3.81,3.56,3.32,3.07,2.82,2.79,2.77,2.75,2.72,2.47,2.22,1.97,1.72,,
2018-03-08T00:00:00+00:00,3.6,3.71,3.82,3.87,3.92,3.97,4.02,4.13,4.24,4.34,4.45,4.56,4.68,4.79,4.91,5.02,5.14,5.26,5.38,5.45,5.51,5.58,5.65,5.76,5.86,5.97,6.08,6.11,6.14,6.18,6.21,6.38,6.55,6.72,6.89,6.86,6.83,6.8,6.77,6.96,7.15,7.34,7.53,7.58,7.62,7.67,7.71,7.36,7.0,6.65,6.3,5.74,5.18,4.62,4.07,4.01,3.96,3.9,3.85,3.86,3.88,3.9,3.91,3.69,3.46,3.24,3.01,2.99,2.97,2.94,2.92,2.74,2.56,2.38,2.2,2.21,2.22,2.23,2.24,2.17,2.1,2.03,1.96,1.95,1.95,1.95,1.94,1.89,1.84,1.79,1.74,1.68,1.62,1.56,1.51,1.38,1.26,1.14,1.02,1.12,1.22,1.33,1.43,1.52,1.62,1.71,1.81,1.89,1.98,2.06,2.14,2.15,2.15,2.16,2.16,2.12,2.09,2.05,2.02,2.02,2.01,2.01,2.01,2.21,2.41,2.6,2.8,2.94,3.08,3.23,3.37,3.33,3.29,3.26,3.22,3.22,3.23,3.23,3.23,3.25,3.27,3.3,3.32,3.62,3.93,4.23,4.54,4.32,4.11,3.9,3.69,3.79,3.88,3.98,4.08,3.92,3.76,3.6,3.44,3.42,3.39,3.37,3.35,,
2018-03-09T00:00:00+00:00,1.13,1.45,1.76,1.9,2.04,2.18,2.32,2.17,2.02,1.87,1.72,1.7,1.67,1.64,1.62,1.72,1.83,1.93,2.04,1.74,1.45,1.15,0.86,1.12,1.38,1.64,1.9,2.29,2.68,3.07,3.46,3.67,3.88,4.09,4.3,4.22,4.14,4.06,3.98,4.12,4.27,4.42,4.56,4.53,4.51,4.48,4.45,4.27,4.08,3.9,3.71,3.7,3.69,3.68,3.67,3.52,3.38,3.23,3.09,2.99,2.88,2.78,2.68,2.79,2.89,3.0,3.1,3.31,3.52,3.73,3.94,4.01,4.08,4.15,4.23,4.09,3.96,3.83,3.7,3.99,4.28,4.56,4.85,4.97,5.1,5.22,5.34,5.17,5.0,4.83,4.66,4.64,4.62,4.6,4.57,4.4,4.23,4.06,3.89,3.84,3.78,3.73,3.67,3.59,3.51,3.43,3.35,3.26,3.18,3.1,3.01,3.05,3.09,3.13,3.17,3.14,3.11,3.08,3.05,3.11,3.17,3.23,3.29,3.34,3.4,3.46,3.51,3.55,3.59,3.62,3.66,3.58,3.49,3.41,3.33,3.4,3.47,3.55,3.62,3.65,3.68,3.71,3.73,3.44,3.15,2.86,2.57,2.47,2.37,2.27,2.18,2.75,3.32,3.89,4.46,4.38,4.3,4.22,4.14,4.13,4.11,4.1,4.09,,
2018-03-10T00:00:00+00:00,3.71,3.43,3.15,3.31,3.47,3.63,3.79,3.85,3.92,3.99,4.05,4.03,4.0,3.97,3.94,3.98,4.01,4.04,4.08,4.05,4.03,4.01,3.98,4.0,4.02,4.04,4.06,4.06,4.06,4.06,4.06,4.12,4.19,4.25,4.31,4.29,4.26,4.23,4.2,4.31,4.42,4.53,4.64,4.66,4.67,4.69,4.71,4.81,4.91,5.01,5.11,4.92,4.72,4.53,4.33,4.35,4.37,4.38,4.4,4.4,4.39,4.39,4.39,4.15,3.9,3.66,3.42,3.01,2.6,2.19,1.78,2.09,2.41,2.72,3.03,2.82,2.61,2.4,2.19,2.03,1.87,1.72,1.56,1.29,1.03,0.76,0.5,0.7,0.9,1.1,1.31,1.45,1.6,1.75,1.89,2.02,2.14,2.26,2.38,2.46,2.54,2.62,2.69,2.79,2.88,2.97,3.06,2.83,2.59,2.36,2.12,2.4,2.68,2.96,3.23,3.14,3.05,2.96,2.87,2.81,2.75,2.7,2.64,2.52,2.41,2.3,2.19,2.18,2.17,2.16,2.15,2.31,2.47,2.64,2.8,2.89,2.99,3.08,3.17,3.51,3.85,4.18,4.52,4.71,4.9,5.09,5.29,5.34,5.4,5.45,5.51,5.3,5.08,4.87,4.65,4.55,4.45,4.35,4.24,4.07,3.9,3.73,3.56,,
2018-03-11T00:00:00+00:00,2.87,3.03,3.19,3.61,4.03,4.46,4.88,4.24,3.59,2.94,2.3,2.48,2.67,2.85,3.04,2.8,2.56,2.32,2.08,2.14,2.2,2.27,2.33,2.57,2.81,3.04,3.28,3.27,3.25,3.24,3.23,3.25,3.27,3.29,3.31,3.41,3.52,3.62,3.73,3.88,4.03,4.18,4.33,4.55,4.77,4.99,5.21,5.09,4.96,4.84,4.72,5.01,5.3,5.59,5.89,5.42,4.95,4.49,4.02,3.76,3.5,3.24,2.98,3.08,3.18,3.29,3.39,3.45,3.52,3.59,3.66,3.61,3.56,3.51,3.46,3.62,3.79,3.95,4.11,4.1,4.08,4.07,4.06,4.06,4.06,4.06,4.06,4.38,4.71,5.04,5.37,5.56,5.75,5.94,6.13,6.31,6.5,6.68,6.86,6.95,7.04,7.13,7.22,7.25,7.28,7.31,7.35,7.42,7.5,7.57,7.65,7.4,7.16,6.91,6.66,6.55,6.43,6.31,6.2,6.53,6.87,7.2,7.53,7.23,6.92,6.61,6.31,6.45,6.59,6.74,6.88,7.31,7.75,8.18,8.61,8.56,8.5,8.44,8.39,8.48,8.57,8.66,8.75,8.44,8.13,7.82,7.51,7.32,7.13,6.94,6.75,7.0,7.26,7.51,7.76,7.46,7.16,6.85,6.55,6.71,6.87,7.03,7.19,,
2018-03-12T00:00:00+00:00,5.56,5.75,5.94,6.09,6.23,6.37,6.52,6.74,6.96,7.18,7.4,7.06,6.73,6.39,6.06,6.25,6.45,6.64,6.83,6.96,7.09,7.21,7.34,7.12,6.91,6.69,6.47,6.55,6.63,6.71,6.79,6.95,7.11,7.27,7.42,7.44,7.45,7.46,7.47,7.64,7.82,8.0,8.18,7.86,7.54,7.23,6.91,6.45,5.99,5.53,5.07,5.38,5.7,6.01,6.33,5.98,5.63,5.28,4.94,5.25,5.56,5.87,6.19,6.2,6.21,6.22,6.23,6.29,6.36,6.42,6.48,6.35,6.22,6.08,5.95,5.78,5.62,5.45,5.29,5.32,5.35,5.38,5.41,5.48,5.55,5.62,5.69,5.75,5.8,5.85,5.9,5.88,5.86,5.84,5.82,5.78,5.73,5.69,5.64,5.89,6.14,6.39,6.63,6.3,5.97,5.63,5.3,5.55,5.8,6.06,6.31,5.81,5.32,4.82,4.32,4.66,4.99,5.33,5.66,5.39,5.11,4.84,4.56,4.51,4.47,4.42,4.38,4.28,4.18,4.08,3.98,4.14,4.29,4.45,4.6,4.65,4.69,4.73,4.77,4.96,5.16,5.35,5.54,5.24,4.93,4.63,4.32,4.19,4.05,3.91,3.78,3.99,4.2,4.41,4.62,4.03,3.43,2.84,2.25,2.22,2.19,2.16,2.14,,
2018-03-13T00:00:00+00:00,6.5,6.45,6.41,6.14,5.88,5.61,5.35,5.55,5.76,5.97,6.18,6.23,6.28,6.33,6.38,6.2,6.01,5.83,5.65,5.78,5.9,6.03,6.16,5.87,5.59,5.3,5.02,4.85,4.68,4.51,4.34,4.37,4.4,4.42,4.45,4.48,4.51,4.55,4.58,4.37,4.17,3.97,3.77,3.59,3.41,3.23,3.05,3.02,2.99,2.96,2.93,3.08,3.24,3.39,3.54,3.41,3.28,3.14,3.01,2.87,2.73,2.6,2.46,2.44,2.41,2.39,2.36,2.25,2.13,2.01,1.9,1.79,1.69,1.59,1.48,1.4,1.32,1.23,1.15,1.14,1.12,1.11,1.1,0.93,0.76,0.6,0.43,0.59,0.74,0.89,1.04,0.91,0.78,0.65,0.52,0.67,0.81,0.96,1.11,0.97,0.84,0.7,0.56,0.63,0.69,0.76,0.82,0.94,1.07,1.19,1.31,1.43,1.55,1.66,1.78,1.79,1.8,1.81,1.82,1.95,2.08,2.22,2.35,2.45,2.55,2.65,2.75,2.86,2.97,3.08,3.19,3.37,3.55,3.73,3.91,4.08,4.26,4.43,4.61,4.74,4.88,5.01,5.15,5.19,5.22,5.26,5.29,5.35,5.4,5.45,5.51,5.58,5.65,5.72,5.79,5.62,5.44,5.27,5.09,5.07,5.04,5.01,4.99,,
2018-03-14T00:00:00+00:00
2018-03-15T00:00:00+00:00
2018-03-16T00:00:00+00:00,4.63,4.59,4.55,4.58,4.61,4.63,4.66,4.46,4.25,4.05,3.85,3.91,3.98,4.04,4.11,3.97,3.83,3.69,3.55,3.48,3.41,3.34,3.26,3.26,3.25,3.24,3.24,3.13,3.02,2.91,2.8,2.87,2.94,3.01,3.07,3.03,2.99,2.94,2.9,2.94,2.99,3.04,3.09,2.95,2.81,2.67,2.54,2.38,2.21,2.05,1.89,1.83,1.78,1.73,1.67,2.38,3.09,3.8,4.51,3.67,2.84,2.0,1.16,1.4,1.63,1.86,2.1,1.8,1.5,1.2,0.9,0.84,0.78,0.72,0.66,0.68,0.69,0.7,0.71,0.64,0.58,0.51,0.44,0.53,0.62,0.71,0.8,1.06,1.33,1.59,1.85,1.86,1.87,1.88,1.89,1.8,1.71,1.62,1.53,1.62,1.72,1.81,1.9,1.83,1.76,1.69,1.62,1.63,1.65,1.66,1.68,1.66,1.63,1.61,1.59,1.64,1.7,1.76,1.81,1.59,1.36,1.13,0.9,1.12,1.35,1.57,1.79,1.86,1.93,2.0,2.07,2.11,2.16,2.2,2.25,2.41,2.57,2.73,2.89,3.02,3.15,3.28,3.41,3.34,3.28,3.22,3.15,3.22,3.28,3.35,3.41,3.35,3.28,3.22,3.15,3.25,3.35,3.46,3.56,3.47,3.39,3.31,3.23,,
2018-03-17T00:00:00+00:00,1.97,1.9,1.83,1.65,1.48,1.3,1.13,1.21,1.3,1.39,1.47,1.6,1.72,1.85,1.97,1.93,1.9,1.86,1.82,1.84,1.86,1.89,1.91,1.89,1.87,1.85,1.83,2.12,2.41,2.7,2.98,3.17,3.35,3.54,3.72,3.56,3.41,3.25,3.1,3.08,3.06,3.04,3.01,2.97,2.93,2.88,2.84,3.0,3.15,3.31,3.47,3.62,3.76,3.91,4.05,3.92,3.79,3.67,3.54,3.52,3.51,3.49,3.48,3.39,3.3,3.22,3.13,3.27,3.41,3.55,3.69,3.65,3.6,3.56,3.52,3.51,3.51,3.5,3.49,3.48,3.47,3.46,3.45,3.38,3.32,3.26,3.2,3.21,3.23,3.24,3.25,3.38,3.5,3.63,3.75,3.9,4.04,4.18,4.33,4.27,4.21,4.14,4.08,4.06,4.03,4.01,3.98,4.02,4.06,4.1,4.14,4.18,4.22,4.25,4.29,4.11,3.94,3.76,3.59,3.62,3.66,3.7,3.74,3.73,3.72,3.71,3.7,3.69,3.67,3.66,3.64,3.61,3.57,3.53,3.5,3.55,3.6,3.65,3.7,3.68,3.66,3.64,3.62,3.66,3.7,3.73,3.77,3.74,3.71,3.68,3.65,3.64,3.63,3.62,3.61,3.6,3.59,3.57,3.56,3.46,3.36,3.27,3.17,,
2018-03-18T00:00:00+00:00,3.82,3.54,3.27,3.16,3.05,2.95,2.84,2.88,2.92,2.97,3.01,3.06,3.11,3.17,3.22,3.32,3.43,3.53,3.63,3.58,3.53,3.48,3.43,3.38,3.33,3.28,3.23,3.52,3.81,4.1,4.39,4.31,4.23,4.15,4.07,3.93,3.78,3.64,3.49,3.49,3.49,3.49,3.49,3.16,2.84,2.52,2.2,2.35,2.51,2.66,2.81,2.76,2.71,2.66,2.61,2.4,2.2,2.0,1.8,1.94,2.09,2.23,2.37,2.27,2.17,2.06,1.96,1.97,1.99,2.0,2.02,1.91,1.81,1.7,1.6,1.71,1.81,1.92,2.03,2.08,2.13,2.18,2.23,2.22,2.21,2.21,2.2,2.06,1.93,1.8,1.66,1.69,1.71,1.73,1.76,1.81,1.87,1.93,1.98,2.09,2.2,2.31,2.42,2.34,2.26,2.18,2.1,2.1,2.1,2.1,2.11,2.12,2.14,2.16,2.17,2.18,2.18,2.19,2.19,2.29,2.38,2.48,2.57,2.56,2.54,2.53,2.51,2.49,2.47,2.45,2.43,2.55,2.66,2.78,2.9,2.97,3.03,3.1,3.17,3.23,3.28,3.34,3.4,3.48,3.56,3.64,3.72,3.78,3.84,3.91,3.97,3.9,3.83,3.76,3.69,3.71,3.73,3.75,3.77,3.65,3.53,3.42,3.3,,
2018-03-19T00:00:00+00:00,1.44,1.42,1.4,1.3,1.2,1.09,0.99,1.14,1.29,1.44,1.59,1.63,1.68,1.72,1.76,1.96,2.17,2.37,2.57,2.61,2.65,2.69,2.73,2.78,2.82,2.87,2.91,2.8,2.68,2.56,2.45,2.36,2.26,2.17,2.08,2.52,2.96,3.4,3.84,3.84,3.85,3.86,3.87,3.82,3.78,3.73,3.69,3.71,3.74,3.77,3.8,3.88,3.97,4.06,4.15,4.1,4.05,4.0,3.95,4.05,4.14,4.24,4.34,4.12,3.91,3.69,3.47,3.59,3.71,3.83,3.95,4.2,4.45,4.7,4.95,5.06,5.16,5.27,5.37,5.3,5.23,5.16,5.09,5.04,4.99,4.94,4.9,4.99,5.08,5.18,5.27,5.25,5.22,5.19,5.17,5.04,4.91,4.78,4.64,4.63,4.61,4.59,4.57,4.6,4.63,4.67,4.7,4.77,4.85,4.93,5.0,4.94,4.88,4.82,4.76,4.85,4.95,5.04,5.14,5.04,4.94,4.85,4.75,4.62,4.48,4.34,4.21,4.22,4.23,4.23,4.24,4.41,4.58,4.74,4.91,4.9,4.9,4.89,4.88,4.87,4.86,4.84,4.83,5.04,5.25,5.47,5.68,5.81,5.95,6.09,6.23,6.28,6.33,6.39,6.44,6.39,6.35,6.3,6.26,6.21,6.16,6.11,6.06,,
2018-03-20T00:00:00+00:00,4.2,4.36,4.52,4.7,4.87,5.04,5.22,5.24,5.26,5.28,5.3,5.25,5.2,5.15,5.1,5.14,5.19,5.24,5.29,5.24,5.18,5.12,5.07,4.97,4.86,4.76,4.66,4.57,4.49,4.4,4.31,4.26,4.21,4.16,4.1,4.33,4.55,4.77,4.99,5.02,5.05,5.08,5.11,4.95,4.79,4.63,4.46,4.59,4.72,4.85,4.97,5.12,5.27,5.42,5.58,5.63,5.69,5.75,5.81,5.78,5.75,5.73,5.7,5.69,5.68,5.66,5.65,5.46,5.27,5.07,4.88,4.86,4.84,4.83,4.81,4.76,4.72,4.67,4.63,4.57,4.51,4.46,4.4,4.33,4.26,4.19,4.12,4.03,3.93,3.84,3.74,3.73,3.72,3.71,3.7,3.57,3.45,3.32,3.19,3.27,3.35,3.42,3.5,3.64,3.78,3.92,4.06,4.13,4.21,4.28,4.36,4.12,3.88,3.65,3.41,3.17,2.92,2.68,2.43,2.5,2.56,2.62,2.69,2.68,2.67,2.66,2.66,2.79,2.93,3.06,3.2,3.18,3.16,3.14,3.12,3.21,3.3,3.39,3.47,3.58,3.68,3.79,3.89,3.91,3.94,3.96,3.99,3.99,3.99,4.0,4.0,3.8,3.59,3.38,3.17,3.32,3.46,3.6,3.75,3.15,2.55,1.95,1.35,,
2018-03-21T00:00:00+00:00,3.79,3.8,3.8,3.84,3.87,3.91,3.95,3.93,3.91,3.89,3.87,3.84,3.81,3.78,3.75,3.79,3.83,3.87,3.91,3.9,3.89,3.88,3.87,3.65,3.43,3.21,2.99,3.02,3.05,3.08,3.11,3.2,3.3,3.39,3.48,3.52,3.56,3.6,3.64,3.58,3.53,3.47,3.41,3.47,3.53,3.58,3.64,3.93,4.22,4.51,4.8,4.65,4.5,4.35,4.2,4.12,4.03,3.95,3.86,3.51,3.16,2.81,2.45,2.38,2.32,2.25,2.18,2.02,1.85,1.69,1.53,1.68,1.82,1.97,2.11,1.98,1.85,1.72,1.58,1.74,1.89,2.05,2.2,2.05,1.9,1.75,1.6,1.58,1.57,1.56,1.55,1.63,1.72,1.8,1.89,2.01,2.12,2.24,2.36,2.35,2.35,2.34,2.33,2.36,2.38,2.41,2.44,2.39,2.35,2.31,2.27,2.38,2.5,2.61,2.73,2.69,2.65,2.61,2.57,2.53,2.49,2.44,2.4,2.51,2.62,2.74,2.85,3.05,3.25,3.45,3.65,3.86,4.06,4.26,4.47,4.45,4.44,4.43,4.41,4.3,4.19,4.08,3.97,3.89,3.81,3.73,3.65,3.78,3.91,4.04,4.17,4.13,4.09,4.06,4.02,3.61,3.21,2.8,2.39,2.31,2.23,2.15,2.07,,
2018-03-22T00:00:00+00:00,2.26,2.29,2.31,2.32,2.33,2.34,2.35,2.42,2.49,2.56,2.62,2.68,2.74,2.81,2.87,2.89,2.9,2.92,2.94,2.92,2.9,2.88,2.86,2.82,2.78,2.74,2.7,2.72,2.74,2.76,2.77,2.94,3.11,3.27,3.44,3.73,4.03,4.32,4.61,4.6,4.58,4.57,4.55,4.49,4.42,4.36,4.29,4.32,4.35,4.38,4.41,4.49,4.57,4.65,4.72,4.68,4.63,4.58,4.53,4.43,4.33,4.24,4.14,4.04,3.95,3.85,3.76,3.66,3.56,3.47,3.37,3.22,3.07,2.92,2.77,2.54,2.31,2.07,1.84,1.66,1.49,1.31,1.14,1.29,1.45,1.61,1.76,1.72,1.68,1.64,1.6,1.69,1.78,1.86,1.95,1.92,1.89,1.86,1.83,1.88,1.93,1.98,2.02,2.31,2.6,2.88,3.17,3.12,3.08,3.03,2.99,2.9,2.81,2.72,2.62,2.73,2.83,2.93,3.03,3.17,3.31,3.45,3.6,3.77,3.94,4.11,4.28,4.32,4.36,4.4,4.45,4.42,4.39,4.36,4.33,4.42,4.51,4.6,4.69,4.59,4.48,4.37,4.27,4.19,4.11,4.02,3.94,3.89,3.83,3.77,3.71,3.6,3.49,3.38,3.27,3.21,3.16,3.1,3.04,2.99,2.94,2.88,2.83,,
2018-03-23T00:00:00+00:00,1.55,1.73,1.91,1.93,1.95,1.98,2.0,2.21,2.42,2.63,2.84,2.8,2.77,2.74,2.71,2.78,2.85,2.93,3.0,3.16,3.33,3.49,3.66,3.72,3.78,3.84,3.9,4.01,4.12,4.23,4.34,4.37,4.4,4.43,4.46,4.47,4.49,4.5,4.51,4.46,4.41,4.36,4.31,4.33,4.35,4.37,4.39,4.48,4.57,4.66,4.75,4.63,4.52,4.4,4.28,4.14,4.0,3.86,3.72,3.61,3.49,3.38,3.27,3.14,3.02,2.9,2.77,2.8,2.82,2.85,2.87,2.91,2.95,2.99,3.03,3.02,3.01,3.0,2.99,2.92,2.84,2.76,2.68,2.71,2.73,2.76,2.79,2.72,2.66,2.59,2.53,2.49,2.45,2.42,2.38,2.37,2.35,2.34,2.33,2.27,2.21,2.15,2.08,2.09,2.09,2.1,2.1,2.17,2.23,2.3,2.36,2.38,2.4,2.42,2.44,2.39,2.35,2.3,2.26,2.26,2.25,2.25,2.25,2.26,2.27,2.28,2.29,2.37,2.45,2.53,2.61,2.72,2.82,2.92,3.02,3.14,3.26,3.37,3.49,3.43,3.37,3.3,3.24,3.19,3.13,3.07,3.01,3.02,3.02,3.02,3.03,3.02,3.0,2.99,2.98,2.95,2.93,2.91,2.88,2.82,2.75,2.69,2.62,,
2018-03-24T00:00:00+00:00,2.78,2.89,3.01,2.87,2.72,2.57,2.43,2.52,2.62,2.72,2.81,2.85,2.9,2.94,2.98,3.03,3.07,3.12,3.16,3.04,2.92,2.81,2.69,2.59,2.5,2.41,2.32,2.28,2.24,2.2,2.16,2.1,2.05,1.99,1.93,1.91,1.89,1.87,1.84,1.9,1.95,2.01,2.06,2.19,2.32,2.45,2.58,2.69,2.79,2.89,3.0,3.01,3.02,3.03,3.04,2.99,2.94,2.89,2.84,2.79,2.74,2.69,2.64,2.62,2.6,2.59,2.57,2.39,2.2,2.02,1.84,1.67,1.51,1.34,1.18,1.24,1.3,1.36,1.42,1.31,1.2,1.09,0.98,1.11,1.24,1.37,1.49,1.65,1.8,1.96,2.11,2.01,1.9,1.8,1.69,1.57,1.44,1.32,1.19,1.26,1.33,1.4,1.47,1.44,1.4,1.37,1.33,1.32,1.31,1.3,1.29,1.26,1.22,1.18,1.14,1.27,1.39,1.52,1.64,1.56,1.49,1.41,1.33,1.42,1.52,1.62,1.71,1.9,2.09,2.27,2.46,2.55,2.63,2.72,2.8,2.66,2.52,2.38,2.24,2.17,2.1,2.03,1.97,2.19,2.42,2.65,2.88,3.1,3.31,3.53,3.75,3.44,3.13,2.82,2.51,2.63,2.75,2.87,3.0,3.11,3.22,3.33,3.45,,
2018-03-25T00:00:00+00:00,1.44,1.46,1.48,1.43,1.38,1.34,1.29,1.33,1.38,1.42,1.46,1.63,1.79,1.96,2.13,2.1,2.07,2.04,2.01,1.97,1.93,1.89,1.85,1.82,1.79,1.75,1.72,1.62,1.51,1.41,1.3,1.39,1.47,1.55,1.63,1.53,1.42,1.31,1.2,1.2,1.21,1.21,1.22,1.52,1.82,2.12,2.42,2.28,2.14,2.0,1.86,2.18,2.5,2.82,3.14,2.99,2.84,2.68,2.53,2.72,2.9,3.08,3.27,3.28,3.3,3.31,3.33,3.36,3.38,3.41,3.44,3.32,3.19,3.06,2.94,2.94,2.95,2.96,2.97,2.87,2.77,2.67,2.57,2.64,2.71,2.77,2.84,2.75,2.65,2.56,2.47,2.53,2.6,2.67,2.74,2.7,2.67,2.63,2.6,2.62,2.63,2.65,2.67,2.64,2.62,2.59,2.56,2.6,2.64,2.68,2.71,2.71,2.7,2.7,2.7,2.7,2.7,2.7,2.7,2.58,2.46,2.34,2.22,2.22,2.22,2.22,2.22,2.5,2.77,3.05,3.32,3.4,3.48,3.57,3.65,3.57,3.49,3.4,3.32,3.17,3.02,2.87,2.72,2.79,2.86,2.93,3.0,3.1,3.2,3.3,3.4,3.37,3.35,3.32,3.29,3.1,2.91,2.71,2.52,2.42,2.32,2.22,2.12,,
2018-03-26T00:00:00+00:00,2.43,2.38,2.32,2.36,2.4,2.44,2.47,2.41,2.35,2.29,2.23,2.41,2.58,2.76,2.93,2.89,2.85,2.82,2.78,2.71,2.64,2.57,2.51,2.5,2.5,2.49,2.49,2.46,2.42,2.39,2.36,2.36,2.37,2.37,2.38,2.48,2.58,2.68,2.78,2.75,2.71,2.68,2.64,2.58,2.52,2.46,2.39,2.48,2.56,2.65,2.73,2.82,2.9,2.99,3.07,3.04,3.0,2.96,2.93,3.1,3.27,3.45,3.62,3.52,3.42,3.33,3.23,2.78,2.34,1.89,1.45,1.14,0.84,0.54,0.23,0.53,0.83,1.13,1.43,1.47,1.51,1.56,1.6,1.57,1.54,1.51,1.48,1.41,1.34,1.27,1.2,1.47,1.73,2.0,2.26,2.4,2.53,2.66,2.8,2.78,2.75,2.73,2.71,2.89,3.06,3.23,3.41,3.85,4.28,4.72,5.16,5.27,5.38,5.5,5.61,5.67,5.72,5.77,5.82,5.99,6.16,6.33,6.5,6.42,6.34,6.27,6.19,6.1,6.01,5.92,5.83,5.6,5.37,5.14,4.91,5.06,5.22,5.37,5.53,5.63,5.73,5.83,5.94,6.32,6.71,7.1,7.48,7.19,6.91,6.62,6.33,6.97,7.61,8.25,8.89,8.35,7.81,7.27,6.73,6.26,5.79,5.32,4.85,,
2018-03-27T00:00:00+00:00,0.86,0.93,1.01,1.06,1.1,1.15,1.2,1.55,1.9,2.25,2.59,2.57,2.54,2.51,2.48,2.63,2.77,2.92,3.07,3.37,3.67,3.98,4.28,4.38,4.48,4.57,4.67,4.57,4.46,4.36,4.25,4.22,4.19,4.16,4.13,4.08,4.02,3.97,3.91,3.92,3.94,3.95,3.96,3.74,3.52,3.3,3.07,3.07,3.06,3.05,3.04,3.37,3.7,4.02,4.35,4.37,4.39,4.41,4.44,4.31,4.18,4.05,3.92,4.14,4.36,4.58,4.79,4.7,4.61,4.52,4.43,4.87,5.31,5.75,6.19,5.92,5.65,5.39,5.12,5.16,5.21,5.25,5.29,5.07,4.85,4.63,4.41,4.24,4.07,3.9,3.73,3.61,3.49,3.37,3.26,3.14,3.02,2.9,2.79,3.01,3.24,3.46,3.68,3.59,3.49,3.39,3.3,3.61,3.92,4.23,4.54,4.72,4.9,5.09,5.27,5.38,5.49,5.6,5.71,5.86,6.01,6.16,6.31,6.36,6.42,6.47,6.52,6.56,6.6,6.64,6.68,6.87,7.07,7.26,7.45,7.6,7.75,7.9,8.05,7.75,7.44,7.14,6.83,6.88,6.92,6.97,7.01,7.07,7.13,7.19,7.26,7.08,6.91,6.74,6.57,6.3,6.04,5.77,5.51,5.29,5.07,4.85,4.63,,
2018-03-28T00:00:00+00:00,3.83,3.76,3.7,3.42,3.15,2.87,2.6,2.52,2.45,2.37,2.29,2.2,2.1,2.01,1.91,2.03,2.14,2.26,2.37,2.68,2.99,3.31,3.62,3.8,3.97,4.15,4.33,4.72,5.11,5.5,5.89,5.98,6.07,6.15,6.24,6.5,6.75,7.01,7.26,7.14,7.02,6.9,6.78,6.97,7.16,7.35,7.54,7.96,8.38,8.81,9.23,8.86,8.5,8.14,7.78,7.79,7.79,7.8,7.81,7.78,7.75,7.71,7.68,7.26,6.84,6.42,6.0,5.7,5.41,5.11,4.81,4.57,4.33,4.1,3.86,3.59,3.32,3.05,2.79,2.89,2.99,3.09,3.19,3.26,3.34,3.42,3.5,3.4,3.29,3.19,3.08,3.13,3.18,3.22,3.27,3.29,3.32,3.35,3.37,3.27,3.17,3.06,2.96,2.88,2.79,2.7,2.62,2.58,2.54,2.5,2.47,2.43,2.39,2.36,2.32,2.41,2.51,2.6,2.69,2.81,2.94,3.06,3.18,3.52,3.87,4.21,4.56,4.73,4.89,5.06,5.23,5.18,5.14,5.09,5.04,5.12,5.2,5.28,5.36,5.45,5.54,5.62,5.71,5.71,5.71,5.71,5.71,5.62,5.53,5.45,5.36,4.75,4.13,3.52,2.91,3.16,3.41,3.67,3.92,4.12,4.32,4.52,4.72,,
2018-03-29T00:00:00+00:00,2.67,2.52,2.37,2.42,2.48,2.53,2.59,2.43,2.27,2.11,1.95,1.91,1.86,1.82,1.78,1.9,2.02,2.13,2.25,2.22,2.2,2.17,2.14,2.26,2.39,2.51,2.64,2.82,3.0,3.19,3.37,3.73,4.08,4.44,4.8,4.94,5.09,5.23,5.38,5.29,5.2,5.12,5.03,4.99,4.94,4.89,4.85,5.01,5.17,5.33,5.49,5.43,5.38,5.33,5.27,5.45,5.63,5.81,5.99,5.98,5.97,5.96,5.95,5.77,5.59,5.41,5.23,4.82,4.42,4.02,3.62,3.69,3.76,3.83,3.9,3.78,3.65,3.53,3.4,3.21,3.02,2.83,2.63,2.61,2.58,2.55,2.53,2.54,2.55,2.57,2.58,2.54,2.51,2.47,2.43,2.39,2.36,2.32,2.28,2.43,2.59,2.74,2.89,2.57,2.26,1.94,1.63,1.85,2.07,2.3,2.52,2.66,2.8,2.93,3.07,2.94,2.81,2.68,2.56,2.76,2.97,3.18,3.39,3.27,3.15,3.03,2.91,3.02,3.13,3.25,3.36,3.72,4.07,4.43,4.78,4.71,4.63,4.56,4.48,4.73,4.98,5.23,5.48,5.67,5.87,6.06,6.25,6.32,6.39,6.46,6.53,6.42,6.32,6.21,6.11,5.79,5.48,5.17,4.86,4.34,3.81,3.29,2.76,,
2018-03-30T00:00:00+00:00,2.49,2.44,2.39,2.21,2.02,1.83,1.64,1.46,1.29,1.11,0.93,0.76,0.58,0.41,0.23,0.9,1.57,2.24,2.9,2.82,2.74,2.66,2.58,2.56,2.54,2.52,2.51,2.65,2.8,2.94,3.09,3.12,3.15,3.18,3.21,3.55,3.89,4.23,4.56,4.52,4.47,4.42,4.37,4.54,4.7,4.87,5.03,5.31,5.59,5.86,6.14,6.05,5.97,5.88,5.8,5.97,6.14,6.3,6.47,6.34,6.21,6.08,5.95,5.63,5.31,4.99,4.67,4.06,3.44,2.83,2.22,2.49,2.76,3.03,3.3,3.16,3.03,2.89,2.76,2.66,2.56,2.46,2.37,2.37,2.37,2.38,2.38,2.42,2.46,2.5,2.54,2.51,2.48,2.45,2.42,2.54,2.65,2.76,2.88,2.71,2.55,2.39,2.22,2.1,1.98,1.85,1.73,1.69,1.64,1.6,1.56,1.46,1.36,1.26,1.17,1.13,1.09,1.05,1.02,1.18,1.35,1.52,1.69,1.72,1.76,1.8,1.83,1.87,1.9,1.94,1.97,2.19,2.41,2.62,2.84,2.89,2.94,2.99,3.04,3.0,2.95,2.9,2.86,2.98,3.1,3.22,3.34,3.17,3.01,2.84,2.68,2.74,2.81,2.87,2.94,3.08,3.22,3.36,3.51,3.61,3.71,3.81,3.92,,
2018-03-31T00:00:00+00:00,2.85,2.8,2.76,2.72,2.69,2.66,2.62,2.38,2.13,1.88,1.64,1.58,1.52,1.46,1.4,1.41,1.42,1.43,1.44,1.5,1.56,1.62,1.68,2.0,2.33,2.65,2.98,2.9,2.82,2.75,2.67,2.64,2.61,2.59,2.56,2.9,3.24,3.58,3.92,3.89,3.86,3.83,3.8,3.82,3.83,3.85,3.86,3.8,3.73,3.66,3.59,3.75,3.9,4.06,4.21,4.3,4.38,4.46,4.54,4.08,3.61,3.15,2.69,3.44,4.19,4.94,5.69,5.46,5.23,5.0,4.77,4.7,4.64,4.57,4.5,4.37,4.24,4.11,3.98,4.03,4.08,4.12,4.17,4.26,4.35,4.44,4.53,4.59,4.65,4.71,4.76,4.69,4.62,4.55,4.48,4.42,4.35,4.28,4.21,4.34,4.46,4.58,4.71,4.79,4.88,4.97,5.06,5.01,4.96,4.91,4.86,4.85,4.83,4.81,4.79,4.71,4.63,4.55,4.46,4.36,4.25,4.15,4.04,4.19,4.33,4.48,4.62,4.38,4.14,3.91,3.67,3.65,3.63,3.61,3.59,3.75,3.91,4.08,4.24,4.04,3.85,3.65,3.45,3.37,3.29,3.21,3.13,3.47,3.8,4.13,4.46,4.11,3.76,3.42,3.07,2.96,2.85,2.74,2.63,2.29,1.95,1.61,1.27,,
2018-04-01T00:00:00+00:00,3.82,3.93,4.05,4.1,4.14,4.19,4.24,4.03,3.82,3.61,3.41,3.37,3.33,3.29,3.25,3.43,3.6,3.77,3.94,3.88,3.82,3.76,3.7,3.7,3.7,3.7,3.71,3.62,3.54,3.46,3.37,3.36,3.34,3.32,3.31,3.46,3.61,3.76,3.91,3.82,3.73,3.64,3.55,3.59,3.63,3.67,3.71,3.86,4.01,4.16,4.31,4.02,3.73,3.44,3.15,3.14,3.12,3.11,3.09,3.07,3.05,3.03,3.01,2.92,2.82,2.72,2.62,2.4,2.17,1.95,1.73,1.75,1.78,1.81,1.83,1.91,1.99,2.08,2.16,2.25,2.34,2.43,2.52,2.53,2.53,2.54,2.54,2.53,2.52,2.51,2.5,2.44,2.38,2.33,2.27,2.32,2.38,2.43,2.48,2.35,2.22,2.09,1.97,2.02,2.08,2.13,2.19,2.23,2.26,2.29,2.33,2.4,2.47,2.54,2.62,2.66,2.69,2.73,2.77,2.86,2.95,3.04,3.13,3.21,3.29,3.37,3.46,3.55,3.65,3.74,3.84,3.93,4.02,4.11,4.2,4.36,4.53,4.69,4.86,4.86,4.87,4.88,4.88,4.78,4.67,4.56,4.46,4.4,4.35,4.3,4.24,4.22,4.2,4.18,4.15,4.01,3.87,3.73,3.59,3.55,3.51,3.47,3.42,,
2018-04-02T00:00:00+00:00,1.82,1.57,1.31,1.62,1.94,2.26,2.57,2.69,2.81,2.94,3.06,3.08,3.1,3.12,3.14,3.1,3.06,3.02,2.99,2.85,2.71,2.57,2.43,2.62,2.81,3.0,3.2,3.36,3.52,3.68,3.84,3.79,3.75,3.71,3.67,3.79,3.92,4.04,4.16,4.09,4.03,3.96,3.9,3.81,3.71,3.62,3.53,3.86,4.19,4.52,4.85,4.72,4.59,4.46,4.33,4.32,4.3,4.29,4.28,4.02,3.75,3.48,3.22,3.18,3.15,3.12,3.09,3.13,3.18,3.22,3.27,3.38,3.5,3.61,3.73,3.66,3.6,3.54,3.47,3.53,3.59,3.65,3.71,3.73,3.75,3.78,3.8,3.94,4.09,4.23,4.37,4.34,4.31,4.28,4.25,4.35,4.45,4.55,4.65,4.56,4.47,4.38,4.28,4.11,3.93,3.75,3.57,3.6,3.62,3.64,3.66,3.52,3.38,3.24,3.1,3.38,3.65,3.93,4.21,4.24,4.28,4.32,4.35,4.4,4.45,4.5,4.54,4.6,4.66,4.72,4.77,4.57,4.37,4.17,3.96,4.05,4.14,4.23,4.31,4.48,4.65,4.83,5.0,5.17,5.35,5.52,5.7,5.54,5.38,5.22,5.07,4.68,4.29,3.9,3.51,3.29,3.06,2.83,2.6,2.74,2.88,3.02,3.15,,
2018-04-03T00:00:00+00:00,4.66,4.61,4.55,4.48,4.41,4.34,4.27,4.19,4.12,4.04,3.97,3.83,3.69,3.55,3.41,3.61,3.81,4.02,4.22,4.43,4.63,4.84,5.05,4.99,4.92,4.85,4.79,4.78,4.78,4.77,4.77,4.86,4.95,5.05,5.14,4.94,4.75,4.56,4.36,4.05,3.73,3.42,3.11,3.42,3.73,4.04,4.35,4.44,4.54,4.64,4.74,4.77,4.81,4.84,4.88,4.22,3.57,2.92,2.26,2.59,2.92,3.25,3.58,3.68,3.77,3.87,3.97,3.98,3.98,3.98,3.98,3.98,3.97,3.97,3.96,3.95,3.94,3.93,3.92,3.76,3.6,3.44,3.28,3.28,3.28,3.28,3.28,3.31,3.34,3.37,3.4,3.46,3.51,3.57,3.62,3.38,3.15,2.91,2.68,2.95,3.22,3.5,3.77,3.91,4.04,4.18,4.32,4.49,4.67,4.85,5.02,4.99,4.95,4.92,4.88,4.91,4.94,4.97,5.01,5.48,5.94,6.41,6.88,6.85,6.81,6.77,6.73,6.89,7.04,7.2,7.36,7.41,7.46,7.51,7.56,7.57,7.58,7.6,7.61,7.51,7.41,7.31,7.21,7.34,7.48,7.61,7.74,7.53,7.33,7.12,6.91,7.01,7.11,7.21,7.31,7.02,6.72,6.43,6.14,6.05,5.95,5.86,5.76,,
2018-04-04T00:00:00+00:00,3.92,4.45,4.99,4.57,4.16,3.74,3.33,3.38,3.43,3.48,3.53,3.73,3.93,4.13,4.33,4.55,4.77,4.99,5.21,4.95,4.7,4.45,4.2,4.48,4.76,5.04,5.31,5.3,5.29,5.27,5.26,5.42,5.58,5.74,5.9,6.06,6.21,6.37,6.52,6.42,6.31,6.21,6.1,6.51,6.92,7.33,7.73,7.49,7.26,7.02,6.78,6.75,6.72,6.7,6.67,6.49,6.31,6.12,5.94,6.14,6.34,6.54,6.74,6.75,6.76,6.77,6.78,6.64,6.49,6.35,6.21,6.37,6.54,6.71,6.87,6.59,6.32,6.04,5.76,5.63,5.49,5.36,5.23,5.26,5.28,5.31,5.33,5.25,5.16,5.08,4.99,4.8,4.6,4.4,4.2,4.07,3.95,3.83,3.71,3.92,4.14,4.35,4.57,4.8,5.03,5.26,5.49,5.32,5.15,4.98,4.81,4.87,4.93,5.0,5.06,5.16,5.25,5.35,5.44,5.44,5.43,5.42,5.42,5.28,5.15,5.01,4.87,4.81,4.75,4.68,4.62,4.56,4.49,4.43,4.36,4.24,4.12,4.0,3.87,3.81,3.74,3.67,3.6,3.48,3.35,3.22,3.1,2.98,2.85,2.73,2.61,2.47,2.32,2.18,2.04,1.85,1.66,1.48,1.29,1.06,0.82,0.58,0.35,,
2018-04-05T00:00:00+00:00,4.24,4.29,4.34,4.72,5.09,5.46,5.83,5.46,5.09,4.72,4.34,4.47,4.6,4.73,4.86,4.68,4.51,4.33,4.16,4.02,3.87,3.73,3.59,3.85,4.12,4.38,4.64,4.52,4.39,4.26,4.13,4.17,4.22,4.27,4.32,4.1,3.88,3.66,3.44,3.31,3.19,3.06,2.94,3.1,3.26,3.43,3.59,3.3,3.0,2.71,2.42,2.37,2.32,2.27,2.22,2.06,1.9,1.74,1.58,1.52,1.46,1.4,1.34,1.26,1.19,1.12,1.04,1.13,1.21,1.3,1.38,1.4,1.41,1.42,1.43,1.57,1.71,1.86,2.0,1.99,1.98,1.96,1.95,2.1,2.25,2.4,2.54,2.63,2.71,2.79,2.87,2.88,2.9,2.91,2.92,2.95,2.97,2.99,3.02,2.99,2.97,2.94,2.92,3.0,3.08,3.16,3.23,3.22,3.21,3.2,3.18,3.22,3.26,3.3,3.34,3.31,3.28,3.25,3.22,3.26,3.29,3.33,3.37,3.47,3.56,3.66,3.75,3.8,3.85,3.9,3.95,4.03,4.11,4.19,4.27,4.24,4.22,4.2,4.17,4.19,4.2,4.22,4.24,4.28,4.32,4.36,4.41,4.4,4.4,4.4,4.39,4.34,4.3,4.25,4.2,4.17,4.14,4.11,4.08,3.96,3.84,3.72,3.6,,
2018-04-06T00:00:00+00:00,3.05,3.19,3.34,3.34,3.34,3.34,3.35,3.4,3.46,3.52,3.58,3.6,3.62,3.64,3.66,3.54,3.41,3.29,3.17,3.21,3.26,3.3,3.35,3.4,3.45,3.5,3.55,3.59,3.63,3.67,3.7,3.79,3.87,3.96,4.04,4.16,4.28,4.41,4.53,4.58,4.64,4.69,4.75,4.77,4.8,4.82,4.85,4.8,4.75,4.71,4.66,4.63,4.59,4.56,4.53,4.45,4.37,4.29,4.21,4.17,4.13,4.09,4.04,4.03,4.02,4.01,4.0,3.9,3.81,3.72,3.63,3.56,3.49,3.42,3.34,3.18,3.01,2.85,2.68,2.74,2.8,2.85,2.91,2.81,2.71,2.61,2.51,2.53,2.55,2.56,2.58,2.57,2.55,2.54,2.52,2.52,2.52,2.52,2.52,2.52,2.51,2.5,2.49,2.45,2.41,2.37,2.33,2.04,1.74,1.45,1.15,1.36,1.56,1.77,1.97,1.92,1.88,1.83,1.79,1.7,1.62,1.53,1.45,1.45,1.45,1.45,1.45,1.74,2.02,2.31,2.6,2.52,2.45,2.37,2.3,2.39,2.48,2.57,2.66,2.44,2.21,1.98,1.76,1.73,1.71,1.68,1.66,1.83,2.01,2.19,2.36,2.27,2.18,2.09,2.0,2.32,2.64,2.96,3.28,3.12,2.96,2.8,2.64,,
2018-04-07T00:00:00+00:00,2.78,2.68,2.57,2.75,2.93,3.11,3.29,3.11,2.94,2.77,2.59,2.81,3.04,3.26,3.48,3.26,3.04,2.82,2.6,2.59,2.57,2.56,2.55,2.58,2.61,2.64,2.68,2.99,3.3,3.61,3.93,3.85,3.77,3.69,3.61,3.73,3.86,3.98,4.11,3.88,3.66,3.44,3.22,3.15,3.09,3.02,2.96,3.19,3.41,3.64,3.86,3.61,3.36,3.11,2.86,2.55,2.24,1.93,1.62,1.41,1.19,0.97,0.75,0.87,0.98,1.1,1.21,1.25,1.29,1.32,1.36,1.54,1.72,1.9,2.08,2.17,2.26,2.35,2.45,2.4,2.36,2.32,2.28,2.45,2.61,2.78,2.95,2.91,2.86,2.81,2.77,2.76,2.76,2.75,2.75,2.6,2.45,2.3,2.15,2.02,1.89,1.76,1.63,1.61,1.59,1.56,1.54,1.62,1.7,1.79,1.87,1.78,1.7,1.61,1.53,1.45,1.38,1.31,1.23,1.14,1.05,0.95,0.86,0.99,1.12,1.25,1.37,1.52,1.67,1.82,1.97,1.88,1.8,1.72,1.64,1.89,2.15,2.4,2.65,2.7,2.74,2.79,2.83,2.8,2.77,2.73,2.7,2.52,2.35,2.17,1.99,2.49,2.98,3.48,3.97,3.44,2.9,2.37,1.83,1.71,1.6,1.48,1.36,,
2018-04-08T00:00:00+00:00,1.9,2.12,2.33,2.42,2.51,2.61,2.7,3.0,3.3,3.6,3.9,3.71,3.51,3.32,3.13,2.79,2.46,2.12,1.79,1.64,1.5,1.36,1.22,1.23,1.23,1.24,1.24,1.35,1.45,1.56,1.67,1.8,1.94,2.08,2.21,2.78,3.34,3.9,4.47,4.53,4.59,4.65,4.71,4.61,4.52,4.42,4.33,4.05,3.76,3.48,3.2,3.43,3.67,3.9,4.14,3.72,3.31,2.89,2.48,2.77,3.06,3.35,3.64,3.21,2.79,2.36,1.94,1.92,1.91,1.89,1.87,1.7,1.54,1.37,1.2,1.39,1.58,1.77,1.96,1.8,1.63,1.46,1.3,1.19,1.09,0.99,0.89,1.06,1.22,1.39,1.56,1.4,1.24,1.07,0.91,1.01,1.11,1.21,1.31,1.52,1.74,1.95,2.16,2.11,2.06,2.01,1.96,2.15,2.34,2.53,2.72,2.8,2.89,2.97,3.05,2.86,2.66,2.47,2.27,2.51,2.74,2.98,3.21,2.69,2.16,1.63,1.1,1.41,1.71,2.01,2.32,2.46,2.6,2.74,2.89,2.79,2.69,2.6,2.5,2.28,2.05,1.83,1.6,2.31,3.01,3.71,4.41,3.79,3.17,2.55,1.93,2.04,2.16,2.28,2.39,2.09,1.78,1.48,1.17,1.57,1.96,2.35,2.75,,
2018-04-09T00:00:00+00:00,1.73,2.03,2.32,2.19,2.06,1.92,1.79,2.47,3.15,3.83,4.51,4.48,4.45,4.41,4.38,4.07,3.75,3.44,3.12,3.08,3.03,2.98,2.93,2.95,2.97,2.99,3.01,2.95,2.9,2.84,2.79,2.71,2.64,2.57,2.49,2.46,2.43,2.4,2.37,2.28,2.2,2.11,2.03,2.16,2.28,2.41,2.54,2.74,2.94,3.13,3.33,3.23,3.13,3.03,2.93,2.78,2.63,2.47,2.32,2.23,2.13,2.04,1.94,2.07,2.2,2.33,2.47,2.48,2.48,2.49,2.5,2.47,2.43,2.4,2.36,2.48,2.59,2.71,2.82,2.73,2.63,2.54,2.44,2.44,2.44,2.43,2.43,2.38,2.33,2.29,2.24,2.18,2.11,2.05,1.99,2.06,2.13,2.2,2.27,2.13,1.99,1.85,1.71,1.91,2.12,2.32,2.53,2.4,2.27,2.15,2.02,2.09,2.16,2.22,2.29,2.54,2.79,3.04,3.29,3.81,4.34,4.87,5.4,5.37,5.34,5.31,5.28,5.45,5.61,5.78,5.94,6.03,6.12,6.2,6.29,5.91,5.53,5.15,4.77,4.54,4.32,4.1,3.87,3.8,3.74,3.67,3.6,3.81,4.02,4.23,4.44,4.45,4.46,4.46,4.47,4.15,3.83,3.52,3.2,3.2,3.21,3.22,3.23,,
2018-04-10T00:00:00+00:00
2018-04-11T00:00:00+00:00,2.52,2.43,2.34,2.35,2.37,2.38,2.39,2.43,2.48,2.52,2.56,2.53,2.5,2.48,2.45,2.37,2.3,2.23,2.15,2.08,2.01,1.94,1.86,2.02,2.18,2.34,2.49,2.18,1.87,1.56,1.24,1.52,1.79,2.07,2.35,2.4,2.46,2.52,2.57,2.5,2.43,2.36,2.29,2.34,2.39,2.45,2.5,2.46,2.42,2.37,2.33,2.24,2.16,2.07,1.99,2.19,2.4,2.6,2.81,2.97,3.14,3.31,3.47,3.62,3.76,3.91,4.05,3.9,3.75,3.59,3.44,3.42,3.4,3.38,3.36,3.27,3.18,3.09,3.0,2.93,2.87,2.8,2.74,2.67,2.6,2.53,2.46,2.56,2.66,2.76,2.86,2.8,2.74,2.68,2.62,2.59,2.55,2.52,2.48,2.42,2.35,2.28,2.22,2.3,2.38,2.46,2.55,2.6,2.66,2.72,2.77,2.72,2.66,2.6,2.55,2.45,2.35,2.25,2.15,2.16,2.16,2.17,2.18,2.18,2.17,2.17,2.17,2.41,2.65,2.9,3.14,2.84,2.54,2.23,1.93,1.69,1.46,1.22,0.99,1.37,1.76,2.14,2.53,2.71,2.89,3.06,3.24,2.95,2.66,2.37,2.07,2.12,2.17,2.21,2.26,2.4,2.54,2.68,2.81,2.74,2.66,2.59,2.51,,
2018-04-12T00:00:00+00:00,3.14,3.2,3.26,3.13,2.99,2.86,2.72,2.73,2.74,2.75,2.75,2.85,2.94,3.04,3.13,3.03,2.93,2.83,2.74,2.67,2.61,2.54,2.48,2.4,2.31,2.23,2.14,2.25,2.35,2.46,2.57,2.24,1.91,1.57,1.24,1.45,1.66,1.86,2.07,1.99,1.91,1.83,1.74,2.08,2.41,2.74,3.07,2.94,2.81,2.68,2.56,2.07,1.58,1.09,0.6,1.32,2.03,2.74,3.46,3.32,3.18,3.05,2.91,2.57,2.23,1.89,1.55,1.77,1.98,2.19,2.4,2.6,2.8,3.0,3.2,3.21,3.23,3.24,3.26,3.2,3.13,3.07,3.01,3.13,3.24,3.36,3.48,3.51,3.54,3.57,3.6,3.5,3.4,3.3,3.2,3.25,3.3,3.35,3.4,3.44,3.49,3.53,3.57,3.51,3.44,3.38,3.31,3.19,3.06,2.94,2.82,2.56,2.31,2.06,1.81,1.7,1.59,1.49,1.38,1.37,1.36,1.35,1.35,1.37,1.4,1.42,1.44,1.63,1.82,2.01,2.19,2.21,2.23,2.25,2.27,2.5,2.72,2.94,3.16,2.84,2.52,2.2,1.88,1.75,1.62,1.49,1.36,1.95,2.55,3.14,3.73,3.25,2.78,2.3,1.82,1.88,1.93,1.99,2.05,1.94,1.84,1.73,1.63,,
2018-04-13T00:00:00+00:00,1.49,1.67,1.86,1.54,1.23,0.91,0.59,0.73,0.87,1.01,1.14,1.38,1.61,1.85,2.08,1.95,1.82,1.69,1.56,1.49,1.43,1.36,1.29,1.35,1.4,1.46,1.51,1.54,1.56,1.59,1.61,1.73,1.84,1.95,2.07,2.14,2.21,2.29,2.36,2.54,2.72,2.9,3.07,3.51,3.95,4.38,4.82,4.42,4.02,3.62,3.23,3.14,3.06,2.97,2.89,2.88,2.87,2.86,2.86,2.71,2.56,2.42,2.27,2.22,2.16,2.11,2.05,1.91,1.78,1.64,1.5,1.59,1.68,1.77,1.86,1.57,1.27,0.98,0.69,0.66,0.63,0.61,0.58,0.64,0.69,0.75,0.8,0.92,1.04,1.16,1.28,1.18,1.09,0.99,0.89,0.77,0.64,0.52,0.39,0.58,0.76,0.94,1.12,1.12,1.12,1.11,1.11,1.05,0.99,0.93,0.87,0.84,0.8,0.76,0.73,0.8,0.87,0.94,1.01,0.96,0.9,0.84,0.79,0.93,1.07,1.22,1.36,1.65,1.94,2.23,2.51,2.57,2.63,2.69,2.75,2.95,3.15,3.35,3.56,3.39,3.23,3.06,2.89,2.84,2.78,2.72,2.67,2.92,3.17,3.43,3.68,3.83,3.97,4.12,4.26,4.27,4.28,4.28,4.29,4.25,4.22,4.18,4.14,,
2018-04-14T00:00:00+00:00,0.68,0.71,0.74,0.83,0.93,1.03,1.13,1.33,1.53,1.73,1.93,1.93,1.94,1.94,1.94,1.73,1.52,1.31,1.1,1.21,1.33,1.44,1.56,1.39,1.21,1.04,0.86,0.76,0.66,0.55,0.45,0.88,1.31,1.74,2.18,2.41,2.64,2.88,3.11,2.97,2.84,2.7,2.56,2.65,2.75,2.84,2.93,3.07,3.21,3.35,3.49,3.29,3.08,2.87,2.66,2.95,3.23,3.52,3.81,3.76,3.71,3.67,3.62,3.51,3.4,3.3,3.19,3.07,2.96,2.85,2.74,2.85,2.95,3.06,3.17,3.2,3.24,3.27,3.31,3.27,3.23,3.2,3.16,3.08,3.01,2.93,2.85,2.9,2.96,3.01,3.06,3.02,2.97,2.93,2.88,2.83,2.78,2.72,2.67,2.61,2.54,2.48,2.41,2.45,2.5,2.54,2.58,2.58,2.59,2.59,2.6,2.39,2.19,1.98,1.77,1.84,1.91,1.98,2.04,2.22,2.39,2.57,2.74,2.82,2.9,2.97,3.05,3.26,3.47,3.68,3.88,4.02,4.16,4.3,4.44,4.42,4.41,4.39,4.38,4.36,4.35,4.33,4.31,4.22,4.14,4.05,3.96,4.12,4.29,4.46,4.63,4.69,4.75,4.81,4.87,5.11,5.35,5.58,5.82,5.68,5.54,5.4,5.26,,
2018-04-15T00:00:00+00:00,2.88,2.77,2.66,2.53,2.39,2.26,2.13,2.19,2.25,2.31,2.37,2.26,2.16,2.05,1.95,2.03,2.12,2.21,2.29,2.34,2.38,2.43,2.47,2.23,1.98,1.73,1.49,1.8,2.1,2.41,2.72,2.85,2.98,3.1,3.23,3.29,3.34,3.39,3.44,3.54,3.63,3.73,3.82,3.8,3.77,3.74,3.72,3.57,3.43,3.29,3.14,3.54,3.94,4.34,4.75,4.77,4.8,4.82,4.85,4.68,4.51,4.34,4.17,4.12,4.07,4.03,3.98,3.89,3.8,3.71,3.61,3.61,3.61,3.61,3.61,3.56,3.51,3.46,3.41,3.31,3.21,3.11,3.01,2.84,2.68,2.51,2.34,2.39,2.44,2.49,2.55,2.57,2.6,2.62,2.65,2.66,2.68,2.69,2.7,2.72,2.75,2.77,2.79,2.71,2.63,2.56,2.48,2.42,2.37,2.32,2.27,2.12,1.98,1.83,1.68,1.71,1.73,1.76,1.78,1.87,1.95,2.04,2.13,2.04,1.96,1.88,1.8,1.73,1.66,1.59,1.52,1.61,1.71,1.8,1.9,1.82,1.75,1.67,1.6,1.76,1.92,2.08,2.24,2.23,2.22,2.2,2.19,2.27,2.36,2.44,2.52,2.51,2.5,2.49,2.47,2.42,2.37,2.31,2.26,2.38,2.5,2.62,2.74,,
2018-04-16T00:00:00+00:00,2.01,1.96,1.9,2.02,2.14,2.26,2.37,2.43,2.49,2.55,2.61,2.59,2.58,2.56,2.54,2.49,2.44,2.39,2.34,2.26,2.19,2.11,2.04,1.95,1.87,1.78,1.7,1.7,1.7,1.7,1.71,1.6,1.5,1.4,1.29,1.61,1.93,2.24,2.56,2.66,2.77,2.87,2.98,3.01,3.05,3.09,3.12,3.15,3.18,3.22,3.25,3.2,3.16,3.11,3.07,3.06,3.06,3.06,3.05,3.09,3.12,3.16,3.19,3.18,3.17,3.15,3.14,2.93,2.72,2.52,2.31,2.15,1.99,1.83,1.66,1.63,1.59,1.56,1.52,1.48,1.44,1.39,1.35,1.37,1.39,1.41,1.43,1.36,1.3,1.23,1.17,1.15,1.14,1.13,1.11,1.06,1.01,0.96,0.91,0.98,1.05,1.12,1.19,1.16,1.14,1.11,1.08,1.09,1.09,1.09,1.09,1.23,1.37,1.51,1.65,1.67,1.7,1.72,1.75,1.85,1.95,2.04,2.14,2.38,2.63,2.87,3.11,3.25,3.4,3.54,3.69,3.66,3.63,3.59,3.56,3.51,3.46,3.4,3.35,3.28,3.21,3.14,3.07,2.99,2.92,2.84,2.77,2.74,2.71,2.68,2.65,2.58,2.52,2.46,2.4,2.33,2.25,2.18,2.11,2.07,2.03,2.0,1.96,,
2018-04-17T00:00:00+00:00,0.72,0.89,1.06,1.16,1.25,1.35,1.44,1.45,1.46,1.47,1.48,1.3,1.11,0.93,0.75,0.75,0.75,0.75,0.74,0.89,1.03,1.18,1.32,1.46,1.6,1.74,1.88,2.12,2.36,2.59,2.83,2.97,3.11,3.24,3.38,3.41,3.44,3.47,3.5,3.43,3.35,3.28,3.21,3.16,3.11,3.06,3.01,3.01,3.0,3.0,2.99,2.89,2.79,2.69,2.59,2.5,2.42,2.33,2.25,2.17,2.08,2.0,1.92,1.94,1.97,2.0,2.02,1.9,1.78,1.66,1.53,1.38,1.23,1.07,0.92,0.84,0.77,0.69,0.62,0.56,0.5,0.44,0.38,0.36,0.35,0.33,0.32,0.45,0.58,0.71,0.83,0.9,0.97,1.04,1.11,1.14,1.18,1.21,1.25,1.32,1.39,1.45,1.52,1.59,1.66,1.73,1.8,1.8,1.79,1.79,1.79,1.71,1.63,1.55,1.47,1.46,1.45,1.43,1.42,1.55,1.68,1.8,1.93,2.09,2.25,2.41,2.57,2.73,2.88,3.04,3.2,3.39,3.59,3.78,3.98,4.06,4.14,4.22,4.3,4.38,4.46,4.53,4.61,4.47,4.32,4.17,4.03,4.08,4.14,4.19,4.25,4.33,4.42,4.5,4.58,4.68,4.79,4.89,4.99,4.89,4.79,4.69,4.6,,
2018-04-18T00:00:00+00:00,0.41,0.39,0.37,0.64,0.9,1.17,1.43,1.4,1.36,1.33,1.29,1.35,1.41,1.47,1.53,1.5,1.47,1.43,1.4,1.43,1.45,1.47,1.5,1.55,1.61,1.66,1.72,1.82,1.93,2.04,2.14,2.28,2.42,2.56,2.7,2.82,2.95,3.07,3.2,3.3,3.4,3.5,3.61,3.77,3.93,4.09,4.25,4.36,4.48,4.59,4.7,4.68,4.66,4.64,4.63,4.58,4.54,4.5,4.45,4.49,4.53,4.57,4.61,4.51,4.4,4.3,4.19,4.06,3.93,3.8,3.67,3.48,3.28,3.09,2.89,2.99,3.08,3.17,3.26,3.21,3.16,3.11,3.06,2.93,2.8,2.67,2.55,2.5,2.45,2.41,2.36,2.3,2.24,2.18,2.12,2.09,2.06,2.02,1.99,1.95,1.92,1.88,1.85,1.82,1.79,1.76,1.72,1.68,1.63,1.58,1.53,1.54,1.54,1.54,1.55,1.44,1.34,1.24,1.13,1.16,1.18,1.2,1.23,1.31,1.39,1.47,1.55,1.59,1.63,1.68,1.72,1.77,1.82,1.87,1.93,2.1,2.27,2.45,2.62,2.69,2.77,2.84,2.91,2.86,2.81,2.76,2.71,2.65,2.59,2.54,2.48,2.42,2.36,2.31,2.25,2.22,2.18,2.15,2.12,2.04,1.96,1.88,1.81,,
2018-04-19T00:00:00+00:00,2.32,2.26,2.2,2.2,2.21,2.21,2.22,2.04,1.86,1.68,1.51,1.52,1.53,1.55,1.56,1.45,1.34,1.23,1.11,1.03,0.94,0.85,0.77,0.86,0.96,1.05,1.15,1.44,1.73,2.03,2.32,2.51,2.7,2.89,3.08,3.14,3.19,3.24,3.29,3.31,3.33,3.35,3.37,3.25,3.12,3.0,2.87,2.81,2.75,2.69,2.62,2.56,2.5,2.43,2.37,2.34,2.3,2.27,2.24,2.28,2.33,2.37,2.42,2.41,2.41,2.41,2.41,2.19,1.96,1.74,1.51,1.41,1.31,1.2,1.1,1.07,1.04,1.01,0.98,0.85,0.72,0.59,0.46,0.51,0.56,0.61,0.66,0.64,0.62,0.59,0.57,0.48,0.4,0.31,0.22,0.22,0.21,0.2,0.2,0.19,0.19,0.18,0.18,0.23,0.29,0.35,0.4,0.41,0.41,0.42,0.43,0.49,0.55,0.61,0.67,0.7,0.72,0.75,0.78,0.76,0.73,0.71,0.68,0.68,0.68,0.69,0.69,0.62,0.55,0.48,0.42,0.49,0.57,0.65,0.73,0.91,1.09,1.27,1.45,1.4,1.35,1.3,1.25,1.3,1.34,1.39,1.43,1.54,1.65,1.76,1.87,1.87,1.87,1.87,1.87,1.96,2.05,2.14,2.22,1.74,1.25,0.76,0.27,,
2018-04-20T00:00:00+00:00,0.59,0.67,0.74,0.89,1.04,1.19,1.34,1.04,0.73,0.43,0.13,0.44,0.75,1.06,1.37,1.24,1.12,0.99,0.86,0.79,0.71,0.64,0.56,0.67,0.79,0.9,1.01,1.08,1.15,1.21,1.28,1.24,1.2,1.16,1.11,1.17,1.24,1.3,1.36,1.43,1.49,1.56,1.62,1.82,2.02,2.22,2.42,2.51,2.6,2.7,2.79,2.82,2.85,2.88,2.91,2.92,2.94,2.95,2.97,2.82,2.67,2.52,2.37,2.27,2.17,2.07,1.97,1.96,1.94,1.93,1.91,1.99,2.08,2.16,2.24,2.47,2.71,2.94,3.18,3.07,2.96,2.85,2.75,2.68,2.62,2.56,2.5,2.5,2.5,2.5,2.5,2.52,2.54,2.56,2.58,2.6,2.61,2.63,2.65,2.62,2.6,2.57,2.55,2.49,2.43,2.37,2.31,2.41,2.51,2.61,2.71,2.6,2.49,2.39,2.28,2.24,2.19,2.14,2.09,2.11,2.12,2.14,2.15,2.2,2.24,2.28,2.33,2.41,2.5,2.59,2.67,2.67,2.66,2.65,2.64,2.61,2.57,2.53,2.49,2.41,2.33,2.24,2.16,2.15,2.13,2.12,2.11,2.15,2.2,2.25,2.3,2.4,2.5,2.61,2.71,2.69,2.67,2.65,2.64,2.74,2.84,2.94,3.04,,
2018-04-21T00:00:00+00:00,1.77,1.81,1.86,1.83,1.8,1.78,1.75,1.69,1.63,1.56,1.5,1.43,1.37,1.3,1.23,1.21,1.18,1.15,1.12,1.19,1.25,1.31,1.37,1.49,1.61,1.73,1.85,1.97,2.09,2.21,2.33,2.42,2.51,2.6,2.68,2.73,2.77,2.82,2.86,2.85,2.83,2.81,2.8,2.72,2.65,2.57,2.5,2.4,2.3,2.2,2.1,2.04,1.99,1.93,1.88,1.9,1.92,1.95,1.97,1.99,2.0,2.02,2.04,2.35,2.66,2.98,3.29,3.01,2.73,2.45,2.17,2.01,1.86,1.71,1.56,1.46,1.36,1.26,1.16,1.2,1.23,1.27,1.31,1.72,2.12,2.52,2.92,2.65,2.38,2.11,1.84,2.29,2.75,3.2,3.65,3.06,2.46,1.87,1.27,1.39,1.52,1.64,1.76,1.47,1.17,0.88,0.58,0.56,0.53,0.51,0.49,0.66,0.83,1.0,1.18,1.28,1.39,1.5,1.61,1.69,1.77,1.85,1.93,2.24,2.54,2.85,3.15,3.35,3.55,3.75,3.95,4.02,4.09,4.16,4.23,4.6,4.96,5.33,5.7,5.6,5.5,5.4,5.29,5.21,5.13,5.04,4.96,4.93,4.91,4.88,4.85,4.66,4.46,4.26,4.06,3.96,3.87,3.77,3.67,3.53,3.38,3.23,3.09,,
2018-04-22T00:00:00+00:00
2018-04-23T00:00:00+00:00
2018-04-24T00:00:00+00:00
2018-04-25T00:00:00+00:00
2018-04-26T00:00:00+00:00,3.86,3.63,3.4,3.68,3.96,4.25,4.53,4.31,4.09,3.87,3.65,3.54,3.43,3.32,3.22,3.15,3.09,3.02,2.96,3.01,3.06,3.12,3.17,3.26,3.35,3.44,3.52,3.58,3.64,3.7,3.76,3.66,3.57,3.47,3.38,3.42,3.47,3.51,3.56,3.97,4.38,4.79,5.2,4.84,4.49,4.14,3.78,3.72,3.65,3.58,3.51,3.28,3.04,2.81,2.58,2.43,2.28,2.14,1.99,2.08,2.18,2.28,2.37,2.3,2.23,2.16,2.1,1.91,1.72,1.54,1.35,1.22,1.09,0.96,0.82,0.85,0.87,0.9,0.92,0.97,1.02,1.06,1.11,1.11,1.11,1.11,1.11,1.17,1.22,1.27,1.32,1.36,1.39,1.42,1.45,1.46,1.48,1.49,1.51,1.54,1.58,1.61,1.65,1.74,1.82,1.91,2.0,1.98,1.96,1.94,1.92,1.88,1.83,1.79,1.74,1.76,1.78,1.79,1.81,2.0,2.19,2.38,2.57,2.55,2.53,2.51,2.49,2.86,3.23,3.6,3.97,4.13,4.28,4.43,4.59,4.6,4.6,4.61,4.62,4.61,4.61,4.6,4.59,4.9,5.2,5.5,5.8,5.85,5.9,5.95,6.0,6.02,6.04,6.06,6.08,6.18,6.27,6.36,6.46,6.27,6.09,5.9,5.71,,
2018-04-27T00:00:00+00:00,1.15,1.21,1.27,1.34,1.41,1.47,1.54,1.53,1.53,1.53,1.52,1.57,1.62,1.67,1.71,1.81,1.9,2.0,2.09,2.16,2.22,2.29,2.35,2.47,2.58,2.69,2.81,2.97,3.13,3.29,3.45,3.68,3.91,4.14,4.37,4.4,4.42,4.45,4.47,4.72,4.97,5.23,5.48,5.58,5.68,5.78,5.88,5.96,6.04,6.12,6.2,6.5,6.8,7.1,7.4,7.06,6.73,6.4,6.06,5.54,5.03,4.51,3.99,4.44,4.9,5.35,5.8,5.88,5.96,6.04,6.12,6.46,6.81,7.15,7.5,6.81,6.12,5.43,4.74,5.14,5.54,5.94,6.34,6.23,6.12,6.01,5.9,5.83,5.75,5.68,5.61,5.64,5.66,5.69,5.72,5.64,5.55,5.47,5.38,4.94,4.49,4.04,3.59,3.84,4.1,4.35,4.6,4.42,4.23,4.04,3.86,3.86,3.86,3.87,3.87,3.81,3.74,3.68,3.61,3.75,3.89,4.03,4.18,4.06,3.94,3.83,3.71,3.84,3.97,4.1,4.22,4.23,4.24,4.24,4.25,4.21,4.18,4.14,4.11,3.93,3.75,3.57,3.39,3.35,3.31,3.27,3.23,3.16,3.1,3.03,2.97,2.87,2.77,2.68,2.58,2.46,2.35,2.23,2.11,1.81,1.51,1.21,0.91,,
2018-04-28T00:00:00+00:00,5.66,5.78,5.91,5.75,5.58,5.42,5.25,5.1,4.94,4.78,4.62,4.39,4.16,3.93,3.7,3.71,3.73,3.74,3.76,3.59,3.41,3.24,3.06,3.33,3.6,3.87,4.14,3.94,3.73,3.52,3.32,3.48,3.65,3.81,3.97,3.97,3.97,3.97,3.97,3.96,3.95,3.94,3.94,3.79,3.63,3.48,3.33,3.21,3.09,2.97,2.85,2.97,3.1,3.22,3.34,3.22,3.1,2.98,2.86,2.77,2.67,2.57,2.48,2.59,2.7,2.82,2.93,2.83,2.73,2.63,2.54,2.47,2.41,2.35,2.29,1.93,1.58,1.22,0.87,0.9,0.94,0.97,1.0,1.06,1.13,1.19,1.25,1.28,1.3,1.33,1.35,1.4,1.45,1.5,1.55,1.79,2.02,2.25,2.48,2.41,2.34,2.26,2.19,1.96,1.74,1.51,1.29,1.5,1.71,1.93,2.14,2.41,2.67,2.94,3.21,3.21,3.22,3.22,3.23,3.3,3.36,3.43,3.49,3.4,3.31,3.22,3.13,3.07,3.02,2.96,2.91,3.06,3.21,3.37,3.52,3.35,3.19,3.02,2.86,2.59,2.33,2.06,1.79,1.82,1.84,1.86,1.89,2.02,2.15,2.29,2.42,2.72,3.01,3.3,3.6,3.51,3.42,3.33,3.23,3.06,2.89,2.72,2.55,,
2018-04-29T00:00:00+00:00,1.14,1.42,1.7,1.62,1.53,1.45,1.36,1.59,1.83,2.06,2.3,2.52,2.75,2.98,3.2,3.19,3.19,3.18,3.18,3.26,3.34,3.42,3.5,3.56,3.61,3.67,3.73,3.76,3.79,3.82,3.85,3.74,3.63,3.52,3.41,3.5,3.59,3.68,3.77,3.85,3.92,4.0,4.07,3.84,3.62,3.39,3.16,3.39,3.62,3.85,4.08,3.9,3.72,3.55,3.37,3.46,3.55,3.64,3.73,3.58,3.44,3.3,3.16,3.05,2.94,2.83,2.72,2.91,3.09,3.28,3.47,3.31,3.15,2.99,2.83,3.01,3.19,3.37,3.55,3.52,3.5,3.47,3.44,3.49,3.54,3.58,3.63,3.59,3.55,3.51,3.47,3.49,3.5,3.52,3.54,3.64,3.73,3.83,3.93,4.11,4.3,4.49,4.67,4.73,4.8,4.86,4.92,4.95,4.99,5.02,5.06,4.98,4.9,4.82,4.74,4.71,4.68,4.65,4.61,4.46,4.3,4.14,3.98,4.01,4.05,4.08,4.11,4.14,4.17,4.2,4.23,4.31,4.39,4.48,4.56,4.62,4.68,4.74,4.8,4.9,5.0,5.1,5.21,5.48,5.75,6.02,6.29,6.28,6.27,6.26,6.25,6.05,5.84,5.63,5.43,5.37,5.32,5.26,5.2,5.03,4.85,4.67,4.49,,
2018-04-30T00:00:00+00:00,4.63,4.6,4.57,4.38,4.2,4.01,3.82,3.95,4.08,4.22,4.35,4.34,4.34,4.33,4.33,4.55,4.78,5.01,5.23,5.82,6.41,6.99,7.58,7.37,7.17,6.96,6.76,6.83,6.91,6.99,7.06,7.24,7.41,7.59,7.76,7.94,8.12,8.29,8.47,8.66,8.86,9.05,9.25,8.93,8.62,8.31,7.99,7.84,7.69,7.53,7.38,7.13,6.89,6.64,6.4,6.27,6.14,6.01,5.87,5.81,5.75,5.69,5.63,5.2,4.78,4.35,3.92,3.82,3.71,3.61,3.51,3.22,2.93,2.63,2.34,2.48,2.62,2.76,2.9,2.88,2.87,2.86,2.84,2.79,2.75,2.7,2.65,2.62,2.59,2.56,2.53,2.59,2.65,2.71,2.77,2.73,2.7,2.66,2.63,2.55,2.48,2.4,2.32,2.33,2.33,2.33,2.33,2.25,2.18,2.1,2.02,1.82,1.61,1.4,1.19,1.24,1.3,1.35,1.41,1.77,2.13,2.49,2.85,2.77,2.69,2.61,2.54,2.52,2.51,2.5,2.48,2.54,2.61,2.67,2.73,2.67,2.61,2.55,2.49,2.51,2.54,2.56,2.58,2.57,2.55,2.54,2.52,2.52,2.51,2.5,2.49,2.47,2.44,2.42,2.4,2.34,2.28,2.23,2.17,2.21,2.24,2.27,2.3,,
2018-05-01T00:00:00+00:00,2.95,3.03,3.1,3.17,3.23,3.3,3.36,3.44,3.52,3.6,3.67,3.66,3.65,3.63,3.62,3.58,3.54,3.5,3.46,3.49,3.52,3.55,3.58,3.42,3.26,3.1,2.94,3.06,3.19,3.32,3.44,3.35,3.27,3.18,3.09,3.22,3.34,3.47,3.6,3.68,3.76,3.84,3.92,3.75,3.57,3.4,3.22,3.29,3.35,3.41,3.47,3.47,3.46,3.46,3.46,3.28,3.11,2.94,2.77,2.77,2.78,2.79,2.8,2.8,2.8,2.8,2.8,2.59,2.37,2.16,1.94,1.86,1.79,1.71,1.63,1.69,1.74,1.8,1.86,1.96,2.07,2.17,2.28,2.22,2.17,2.11,2.06,1.99,1.92,1.85,1.78,1.75,1.72,1.69,1.66,1.78,1.9,2.02,2.15,2.09,2.04,1.98,1.93,1.88,1.83,1.78,1.72,1.6,1.48,1.36,1.24,1.32,1.41,1.49,1.57,1.82,2.07,2.31,2.56,2.82,3.08,3.34,3.6,3.89,4.17,4.46,4.74,4.87,4.99,5.12,5.24,5.21,5.18,5.15,5.12,5.18,5.24,5.31,5.37,5.4,5.42,5.45,5.47,5.37,5.26,5.15,5.04,4.98,4.91,4.85,4.79,4.7,4.6,4.51,4.41,4.27,4.13,3.99,3.86,3.69,3.52,3.35,3.19,,
2018-05-02T00:00:00+00:00,1.22,1.63,2.04,2.19,2.35,2.5,2.66,2.59,2.51,2.44,2.37,2.41,2.45,2.49,2.53,2.37,2.21,2.05,1.89,2.06,2.24,2.41,2.59,2.76,2.93,3.11,3.28,3.87,4.46,5.04,5.63,5.59,5.56,5.52,5.48,5.55,5.62,5.69,5.76,5.82,5.87,5.93,5.98,5.94,5.91,5.87,5.83,5.78,5.74,5.69,5.65,5.51,5.38,5.25,5.12,5.1,5.08,5.06,5.04,4.91,4.77,4.64,4.51,4.51,4.52,4.52,4.52,4.15,3.78,3.41,3.04,3.19,3.33,3.48,3.63,3.41,3.2,2.99,2.77,2.78,2.79,2.8,2.8,2.76,2.72,2.68,2.64,2.5,2.37,2.23,2.09,2.23,2.38,2.52,2.67,2.76,2.86,2.95,3.05,3.02,3.0,2.98,2.95,2.97,2.98,2.99,3.0,3.02,3.05,3.07,3.1,2.95,2.8,2.64,2.49,2.38,2.27,2.16,2.05,2.19,2.33,2.47,2.61,2.63,2.66,2.68,2.71,2.73,2.76,2.79,2.82,2.94,3.07,3.19,3.32,3.32,3.32,3.32,3.33,3.28,3.23,3.19,3.14,3.45,3.75,4.06,4.37,4.42,4.47,4.52,4.57,4.54,4.5,4.47,4.44,4.27,4.09,3.92,3.74,3.65,3.56,3.47,3.38,,
2018-05-03T00:00:00+00:00,3.24,3.18,3.11,3.24,3.37,3.51,3.64,3.4,3.16,2.92,2.68,2.61,2.54,2.47,2.4,2.37,2.35,2.32,2.29,2.41,2.52,2.64,2.75,2.79,2.82,2.85,2.89,3.13,3.37,3.61,3.86,3.74,3.63,3.51,3.39,3.47,3.55,3.63,3.71,3.77,3.84,3.91,3.98,4.05,4.12,4.19,4.26,4.36,4.46,4.56,4.67,4.66,4.66,4.65,4.65,4.57,4.49,4.41,4.34,4.32,4.31,4.29,4.28,4.07,3.86,3.65,3.44,3.41,3.38,3.35,3.32,3.31,3.3,3.29,3.28,3.44,3.6,3.76,3.92,3.9,3.88,3.86,3.84,3.81,3.79,3.76,3.73,3.59,3.45,3.3,3.16,3.04,2.91,2.79,2.67,2.61,2.55,2.49,2.44,2.51,2.58,2.65,2.71,2.77,2.83,2.89,2.94,2.91,2.88,2.85,2.82,2.78,2.75,2.71,2.68,2.64,2.6,2.57,2.53,2.68,2.83,2.98,3.13,3.34,3.55,3.77,3.98,4.21,4.43,4.66,4.89,4.79,4.69,4.59,4.5,4.49,4.49,4.48,4.48,4.46,4.44,4.43,4.41,4.4,4.39,4.37,4.36,4.42,4.48,4.54,4.6,4.64,4.68,4.71,4.75,4.8,4.84,4.89,4.94,4.85,4.76,4.67,4.58,,
2018-05-04T00:00:00+00:00,2.26,1.96,1.66,1.89,2.12,2.34,2.57,2.61,2.65,2.69,2.73,2.68,2.63,2.58,2.53,2.41,2.3,2.18,2.07,2.18,2.29,2.4,2.51,2.68,2.86,3.03,3.21,3.54,3.88,4.21,4.54,4.6,4.65,4.71,4.76,4.7,4.63,4.56,4.5,4.45,4.4,4.35,4.3,4.28,4.26,4.25,4.23,4.24,4.25,4.27,4.28,4.29,4.3,4.31,4.32,4.31,4.3,4.28,4.27,4.31,4.34,4.37,4.4,4.37,4.34,4.3,4.27,4.39,4.51,4.62,4.74,4.63,4.51,4.39,4.27,4.26,4.25,4.24,4.24,4.26,4.28,4.31,4.33,4.29,4.26,4.22,4.18,4.12,4.06,4.0,3.94,3.9,3.85,3.8,3.75,3.76,3.77,3.77,3.78,3.82,3.87,3.92,3.96,3.89,3.82,3.75,3.68,3.6,3.53,3.45,3.37,3.35,3.32,3.3,3.28,3.24,3.21,3.17,3.14,3.16,3.19,3.22,3.25,3.24,3.23,3.23,3.22,3.31,3.39,3.48,3.57,3.62,3.67,3.72,3.76,3.83,3.9,3.96,4.03,4.06,4.09,4.12,4.14,4.17,4.2,4.22,4.25,4.23,4.22,4.21,4.19,4.15,4.11,4.07,4.03,4.07,4.1,4.14,4.17,4.1,4.03,3.96,3.88,,
2018-05-05T00:00:00+00:00,3.58,3.58,3.59,3.53,3.47,3.41,3.35,3.25,3.14,3.03,2.92,2.92,2.92,2.92,2.91,2.84,2.77,2.69,2.62,2.6,2.59,2.57,2.55,2.6,2.64,2.69,2.73,2.89,3.05,3.22,3.38,3.44,3.5,3.55,3.61,3.72,3.82,3.92,4.02,4.04,4.06,4.08,4.1,4.05,4.0,3.94,3.89,3.88,3.88,3.87,3.87,3.95,4.03,4.12,4.2,4.19,4.17,4.16,4.15,4.16,4.16,4.17,4.18,4.12,4.06,4.0,3.94,3.86,3.78,3.7,3.62,3.62,3.63,3.63,3.63,3.7,3.77,3.84,3.9,3.85,3.79,3.74,3.68,3.6,3.53,3.45,3.38,3.21,3.05,2.88,2.72,2.75,2.78,2.8,2.83,2.76,2.68,2.61,2.53,2.63,2.73,2.83,2.93,2.91,2.9,2.89,2.88,2.78,2.68,2.59,2.49,2.49,2.5,2.5,2.51,2.5,2.5,2.5,2.49,2.53,2.57,2.61,2.64,2.66,2.68,2.7,2.71,2.72,2.73,2.74,2.75,2.79,2.83,2.86,2.9,3.02,3.14,3.26,3.39,3.4,3.41,3.42,3.42,3.55,3.67,3.8,3.92,3.83,3.74,3.65,3.56,3.58,3.59,3.61,3.63,3.61,3.59,3.57,3.55,3.62,3.69,3.77,3.84,,
2018-05-06T00:00:00+00:00,2.71,2.77,2.84,2.8,2.77,2.74,2.7,2.55,2.4,2.25,2.11,2.12,2.13,2.14,2.15,2.19,2.23,2.28,2.32,2.37,2.43,2.48,2.54,2.55,2.57,2.58,2.59,2.6,2.61,2.61,2.62,2.66,2.69,2.72,2.76,2.92,3.07,3.23,3.39,3.46,3.54,3.62,3.7,3.69,3.68,3.68,3.67,3.53,3.39,3.24,3.1,3.11,3.11,3.12,3.12,3.24,3.35,3.46,3.58,3.62,3.67,3.71,3.76,3.69,3.62,3.56,3.49,3.54,3.59,3.64,3.7,3.62,3.55,3.48,3.41,3.28,3.15,3.03,2.9,2.84,2.78,2.72,2.67,2.55,2.43,2.31,2.2,2.07,1.95,1.83,1.71,1.75,1.79,1.83,1.87,1.9,1.92,1.95,1.97,1.97,1.98,1.98,1.99,2.05,2.12,2.18,2.25,2.27,2.29,2.31,2.33,2.16,1.99,1.82,1.65,1.66,1.66,1.66,1.67,1.7,1.73,1.77,1.8,1.81,1.82,1.83,1.84,2.11,2.39,2.66,2.93,3.02,3.11,3.2,3.29,3.17,3.05,2.92,2.8,2.74,2.67,2.61,2.54,2.57,2.61,2.64,2.67,2.75,2.82,2.9,2.97,3.03,3.1,3.16,3.22,3.33,3.43,3.54,3.64,3.6,3.55,3.51,3.46,,
2018-05-07T00:00:00+00:00,1.59,1.56,1.54,1.59,1.64,1.7,1.75,1.93,2.1,2.28,2.46,2.42,2.38,2.34,2.3,2.17,2.03,1.9,1.76,1.96,2.15,2.35,2.55,2.47,2.39,2.32,2.24,2.23,2.21,2.2,2.19,2.4,2.61,2.83,3.04,3.2,3.36,3.52,3.68,3.68,3.67,3.67,3.66,3.67,3.67,3.68,3.68,3.7,3.71,3.73,3.74,3.77,3.79,3.82,3.84,3.89,3.94,3.99,4.05,3.98,3.92,3.86,3.79,3.73,3.67,3.62,3.56,3.54,3.53,3.52,3.51,3.27,3.02,2.78,2.54,2.33,2.11,1.9,1.69,1.78,1.86,1.95,2.04,1.94,1.85,1.75,1.66,1.58,1.5,1.43,1.35,1.38,1.4,1.43,1.46,1.57,1.67,1.78,1.89,1.83,1.77,1.7,1.64,1.61,1.59,1.56,1.53,1.48,1.44,1.39,1.35,1.29,1.22,1.16,1.1,1.08,1.06,1.04,1.03,1.07,1.11,1.15,1.2,1.32,1.44,1.55,1.67,1.79,1.9,2.02,2.13,2.17,2.2,2.23,2.26,2.3,2.33,2.37,2.41,2.48,2.54,2.61,2.68,2.84,3.01,3.17,3.33,3.27,3.21,3.15,3.09,3.2,3.31,3.42,3.53,3.47,3.41,3.35,3.29,3.1,2.92,2.73,2.54,,
2018-05-08T00:00:00+00:00,1.56,1.58,1.59,1.59,1.59,1.58,1.58,1.65,1.72,1.79,1.86,1.85,1.85,1.84,1.84,1.72,1.6,1.48,1.36,1.35,1.34,1.33,1.32,1.32,1.33,1.33,1.33,1.28,1.23,1.18,1.12,1.36,1.59,1.83,2.06,2.04,2.02,2.01,1.99,1.99,1.99,2.0,2.0,2.11,2.22,2.34,2.45,2.67,2.89,3.11,3.33,3.41,3.48,3.56,3.64,3.65,3.67,3.68,3.69,3.69,3.69,3.69,3.69,3.65,3.6,3.56,3.51,3.61,3.71,3.81,3.9,4.18,4.46,4.73,5.01,4.92,4.83,4.74,4.66,4.56,4.47,4.38,4.28,4.33,4.39,4.44,4.49,4.47,4.45,4.42,4.4,4.24,4.07,3.91,3.74,3.45,3.16,2.86,2.57,2.61,2.65,2.69,2.73,2.95,3.17,3.39,3.61,3.65,3.7,3.75,3.8,3.56,3.32,3.07,2.83,2.89,2.94,2.99,3.04,3.09,3.14,3.19,3.24,3.26,3.27,3.28,3.29,3.23,3.18,3.12,3.06,3.17,3.28,3.39,3.5,3.35,3.2,3.05,2.9,2.95,3.0,3.05,3.1,3.04,2.99,2.93,2.88,2.87,2.86,2.85,2.84,2.69,2.54,2.4,2.25,2.4,2.55,2.7,2.86,2.79,2.73,2.66,2.6,,
2018-05-09T00:00:00+00:00,3.44,3.69,3.94,3.75,3.55,3.36,3.16,3.15,3.13,3.12,3.1,3.02,2.93,2.85,2.77,2.87,2.97,3.08,3.18,3.3,3.42,3.54,3.66,3.74,3.83,3.92,4.0,3.76,3.51,3.27,3.02,3.08,3.14,3.2,3.26,3.09,2.92,2.75,2.59,2.71,2.84,2.96,3.09,3.11,3.14,3.16,3.19,3.19,3.19,3.19,3.19,3.17,3.15,3.13,3.11,3.13,3.14,3.15,3.16,3.0,2.85,2.69,2.53,2.71,2.9,3.08,3.26,3.17,3.07,2.98,2.89,3.0,3.1,3.21,3.31,3.39,3.47,3.55,3.63,3.53,3.43,3.33,3.23,3.33,3.44,3.54,3.64,3.55,3.47,3.38,3.29,3.33,3.36,3.39,3.42,3.7,3.97,4.25,4.52,4.37,4.21,4.06,3.91,3.76,3.61,3.47,3.32,3.32,3.32,3.32,3.32,3.4,3.48,3.56,3.64,4.04,4.44,4.84,5.24,5.23,5.21,5.2,5.18,5.12,5.05,4.99,4.93,4.86,4.79,4.73,4.66,4.66,4.66,4.65,4.65,4.61,4.57,4.53,4.49,4.47,4.45,4.43,4.41,4.39,4.38,4.36,4.35,4.29,4.23,4.18,4.12,4.09,4.06,4.02,3.99,3.9,3.81,3.72,3.63,3.51,3.4,3.29,3.18,,
2018-05-10T00:00:00+00:00,1.58,1.39,1.19,0.97,0.75,0.53,0.31,0.72,1.14,1.56,1.98,2.06,2.13,2.21,2.28,2.39,2.49,2.6,2.71,2.72,2.73,2.75,2.76,3.17,3.57,3.98,4.38,4.67,4.96,5.25,5.53,5.51,5.48,5.45,5.43,5.35,5.28,5.2,5.12,4.98,4.83,4.68,4.54,4.59,4.65,4.7,4.76,4.75,4.74,4.73,4.72,4.68,4.64,4.61,4.57,4.49,4.41,4.33,4.25,4.11,3.97,3.83,3.69,3.57,3.44,3.31,3.18,3.06,2.93,2.8,2.67,2.68,2.7,2.71,2.73,2.59,2.45,2.32,2.18,2.1,2.02,1.94,1.86,1.76,1.67,1.57,1.48,1.57,1.65,1.74,1.83,1.88,1.93,1.98,2.03,1.93,1.82,1.72,1.62,1.73,1.85,1.97,2.09,2.09,2.1,2.11,2.11,2.11,2.12,2.12,2.12,2.12,2.12,2.13,2.13,2.15,2.16,2.17,2.18,2.32,2.47,2.61,2.75,2.74,2.74,2.74,2.73,2.82,2.91,3.0,3.09,3.19,3.29,3.4,3.5,3.41,3.32,3.23,3.14,3.17,3.2,3.24,3.27,3.32,3.37,3.42,3.47,3.46,3.45,3.44,3.43,3.29,3.15,3.02,2.88,2.89,2.91,2.92,2.94,2.82,2.7,2.58,2.46,,
2018-05-11T00:00:00+00:00,1.5,1.55,1.59,1.74,1.89,2.04,2.18,2.22,2.25,2.28,2.31,2.17,2.04,1.9,1.77,1.8,1.83,1.86,1.89,1.89,1.9,1.9,1.9,2.02,2.14,2.26,2.38,2.57,2.76,2.95,3.14,3.26,3.37,3.48,3.6,3.52,3.44,3.36,3.28,3.28,3.28,3.27,3.27,3.23,3.2,3.16,3.13,3.16,3.2,3.23,3.27,3.21,3.15,3.09,3.03,2.94,2.86,2.78,2.69,2.7,2.7,2.7,2.71,2.88,3.06,3.23,3.41,3.11,2.82,2.53,2.24,1.84,1.45,1.05,0.65,0.86,1.07,1.28,1.49,1.56,1.63,1.7,1.77,1.79,1.82,1.85,1.87,2.05,2.23,2.41,2.59,2.57,2.54,2.52,2.5,2.55,2.6,2.64,2.69,2.66,2.63,2.6,2.56,2.31,2.05,1.8,1.54,1.52,1.5,1.47,1.45,1.47,1.5,1.52,1.55,1.69,1.84,1.98,2.13,2.06,1.98,1.91,1.84,1.71,1.59,1.46,1.33,1.4,1.47,1.53,1.6,1.6,1.6,1.6,1.6,1.44,1.28,1.12,0.96,1.43,1.91,2.38,2.85,2.86,2.88,2.89,2.9,3.35,3.79,4.24,4.69,5.1,5.51,5.92,6.33,5.7,5.06,4.43,3.79,3.78,3.77,3.75,3.74,,
2018-05-12T00:00:00+00:00,1.83,1.68,1.54,1.34,1.14,0.94,0.74,0.95,1.17,1.38,1.59,1.67,1.75,1.82,1.9,1.85,1.8,1.75,1.7,1.88,2.06,2.24,2.42,2.23,2.04,1.85,1.66,1.68,1.71,1.73,1.75,1.56,1.37,1.18,0.99,0.95,0.91,0.88,0.84,1.55,2.26,2.97,3.69,3.22,2.75,2.28,1.81,1.8,1.8,1.8,1.8,1.78,1.75,1.73,1.71,1.98,2.25,2.52,2.78,3.32,3.85,4.38,4.91,5.06,5.2,5.35,5.49,5.4,5.31,5.22,5.13,5.36,5.59,5.83,6.06,5.98,5.9,5.82,5.74,4.79,3.85,2.91,1.96,2.25,2.54,2.84,3.13,3.33,3.54,3.74,3.95,3.8,3.65,3.5,3.35,3.37,3.39,3.41,3.43,3.41,3.38,3.36,3.34,3.22,3.11,2.99,2.87,3.03,3.19,3.34,3.5,3.48,3.45,3.43,3.41,3.38,3.35,3.32,3.29,3.34,3.38,3.42,3.46,3.52,3.57,3.62,3.68,3.57,3.45,3.34,3.23,3.19,3.15,3.11,3.07,3.17,3.27,3.37,3.47,3.58,3.69,3.8,3.91,3.79,3.66,3.53,3.4,3.29,3.18,3.06,2.95,3.17,3.39,3.61,3.83,3.82,3.81,3.8,3.79,3.78,3.77,3.76,3.75,,
2018-05-13T00:00:00+00:00,3.21,2.92,2.62,2.65,2.67,2.69,2.71,2.75,2.78,2.81,2.84,2.81,2.78,2.75,2.71,2.77,2.83,2.88,2.94,2.95,2.96,2.97,2.98,2.73,2.47,2.22,1.96,1.89,1.82,1.75,1.67,1.62,1.57,1.52,1.47,1.63,1.78,1.94,2.1,2.28,2.47,2.65,2.83,2.9,2.97,3.03,3.1,3.13,3.17,3.2,3.23,3.27,3.31,3.35,3.39,3.44,3.5,3.55,3.6,3.73,3.86,3.99,4.12,4.09,4.07,4.04,4.02,3.85,3.69,3.52,3.35,3.32,3.28,3.24,3.2,3.1,2.99,2.89,2.78,2.93,3.08,3.23,3.38,3.51,3.64,3.77,3.9,3.9,3.89,3.88,3.88,3.93,3.98,4.03,4.09,4.08,4.07,4.06,4.05,4.05,4.05,4.06,4.06,4.03,4.01,3.98,3.95,3.98,4.01,4.04,4.07,4.2,4.32,4.44,4.56,4.73,4.9,5.07,5.24,5.39,5.54,5.69,5.84,5.76,5.69,5.61,5.54,5.55,5.56,5.58,5.59,5.57,5.54,5.51,5.49,5.43,5.38,5.32,5.27,5.28,5.29,5.31,5.32,5.53,5.73,5.94,6.15,6.14,6.12,6.11,6.1,6.02,5.94,5.86,5.78,5.76,5.73,5.71,5.68,5.71,5.73,5.76,5.79,,
2018-05-14T00:00:00+00:00,4.72,4.57,4.41,4.51,4.62,4.72,4.82,4.72,4.62,4.53,4.43,4.45,4.47,4.49,4.52,4.53,4.55,4.56,4.57,4.78,5.0,5.21,5.42,5.38,5.34,5.31,5.27,5.33,5.39,5.45,5.51,5.3,5.1,4.9,4.7,4.98,5.25,5.53,5.81,5.69,5.58,5.46,5.35,5.06,4.77,4.48,4.2,4.08,3.96,3.85,3.73,3.74,3.75,3.77,3.78,3.87,3.97,4.07,4.16,4.11,4.06,4.01,3.96,4.04,4.12,4.2,4.29,4.27,4.26,4.24,4.23,4.38,4.54,4.69,4.85,4.9,4.96,5.01,5.06,4.98,4.91,4.83,4.75,4.5,4.24,3.99,3.73,3.82,3.92,4.01,4.1,4.0,3.89,3.79,3.69,3.62,3.56,3.5,3.43,3.64,3.85,4.05,4.26,4.36,4.46,4.56,4.65,4.37,4.09,3.8,3.52,3.43,3.35,3.26,3.18,3.27,3.37,3.47,3.57,3.62,3.67,3.72,3.77,3.75,3.73,3.7,3.68,3.59,3.5,3.41,3.32,3.35,3.37,3.4,3.42,3.48,3.54,3.6,3.65,3.62,3.59,3.56,3.53,3.59,3.65,3.71,3.76,3.86,3.96,4.06,4.15,4.14,4.12,4.1,4.08,4.03,3.98,3.94,3.89,4.08,4.27,4.46,4.66,,
2018-05-15T00:00:00+00:00,4.22,4.67,5.11,4.9,4.68,4.46,4.25,4.07,3.9,3.72,3.55,3.6,3.65,3.7,3.75,3.78,3.81,3.83,3.86,3.76,3.65,3.55,3.45,3.48,3.51,3.54,3.58,3.71,3.84,3.98,4.11,4.04,3.97,3.9,3.83,3.87,3.92,3.96,4.01,3.93,3.86,3.78,3.71,3.75,3.79,3.83,3.87,3.97,4.07,4.17,4.28,4.16,4.05,3.94,3.83,3.86,3.89,3.93,3.96,4.03,4.11,4.18,4.26,4.19,4.12,4.05,3.98,3.98,3.98,3.98,3.98,3.87,3.76,3.65,3.54,3.17,2.81,2.44,2.07,2.26,2.44,2.62,2.81,2.93,3.05,3.18,3.3,3.07,2.83,2.6,2.37,2.44,2.51,2.59,2.66,2.68,2.7,2.72,2.74,2.66,2.58,2.5,2.42,2.5,2.58,2.67,2.75,2.77,2.8,2.82,2.85,2.88,2.91,2.94,2.97,2.91,2.84,2.78,2.72,2.85,2.98,3.11,3.24,3.2,3.16,3.12,3.08,3.1,3.12,3.14,3.16,3.15,3.15,3.14,3.14,3.24,3.35,3.45,3.55,3.6,3.65,3.7,3.75,3.76,3.78,3.8,3.81,3.72,3.64,3.55,3.46,3.54,3.63,3.71,3.79,3.76,3.72,3.68,3.65,4.07,4.49,4.91,5.33,,
2018-05-16T00:00:00+00:00,3.37,3.45,3.54,3.32,3.1,2.88,2.67,2.61,2.56,2.51,2.45,2.5,2.55,2.6,2.65,2.58,2.52,2.45,2.39,2.43,2.47,2.52,2.56,2.81,3.06,3.31,3.56,3.48,3.4,3.32,3.24,3.27,3.3,3.34,3.37,3.35,3.33,3.32,3.3,3.53,3.75,3.98,4.21,4.3,4.39,4.48,4.57,4.71,4.84,4.98,5.12,5.14,5.17,5.19,5.21,5.23,5.24,5.26,5.27,5.5,5.72,5.94,6.16,6.14,6.12,6.1,6.07,5.82,5.56,5.3,5.04,4.92,4.8,4.68,4.56,4.61,4.67,4.72,4.77,4.73,4.69,4.65,4.61,4.55,4.48,4.41,4.34,4.29,4.24,4.19,4.14,4.19,4.24,4.29,4.34,4.42,4.49,4.56,4.63,4.53,4.43,4.34,4.24,4.23,4.22,4.21,4.2,4.11,4.02,3.93,3.83,3.93,4.03,4.13,4.23,4.23,4.24,4.24,4.24,4.2,4.16,4.13,4.09,4.04,4.0,3.96,3.91,3.85,3.8,3.74,3.68,3.68,3.68,3.69,3.69,3.75,3.81,3.87,3.93,3.97,4.02,4.07,4.11,4.17,4.22,4.28,4.33,4.38,4.43,4.47,4.52,4.47,4.42,4.36,4.31,4.28,4.26,4.23,4.21,4.23,4.26,4.28,4.3,,
2018-05-17T00:00:00+00:00,4.3,4.25,4.21,4.09,3.97,3.85,3.73,3.8,3.88,3.96,4.04,4.08,4.11,4.15,4.19,4.11,4.03,3.95,3.87,3.83,3.79,3.75,3.71,3.68,3.64,3.6,3.57,3.6,3.63,3.66,3.69,3.72,3.75,3.77,3.8,3.84,3.88,3.93,3.97,3.88,3.8,3.72,3.63,3.58,3.53,3.48,3.42,3.48,3.53,3.59,3.65,3.72,3.8,3.88,3.96,4.0,4.04,4.08,4.12,4.09,4.07,4.05,4.02,3.9,3.79,3.67,3.55,3.54,3.53,3.52,3.51,3.61,3.72,3.83,3.93,3.94,3.95,3.96,3.96,3.93,3.9,3.87,3.83,3.8,3.77,3.74,3.7,3.62,3.54,3.46,3.38,3.39,3.4,3.41,3.42,3.39,3.36,3.32,3.29,3.28,3.26,3.25,3.23,3.21,3.19,3.17,3.15,3.12,3.09,3.06,3.02,3.09,3.15,3.21,3.28,3.2,3.12,3.04,2.97,2.88,2.78,2.69,2.6,2.56,2.52,2.47,2.43,2.38,2.33,2.28,2.24,2.27,2.3,2.33,2.36,2.43,2.49,2.56,2.63,2.65,2.68,2.7,2.73,2.86,2.99,3.12,3.25,3.32,3.4,3.47,3.55,3.49,3.43,3.38,3.32,3.28,3.25,3.21,3.17,3.17,3.18,3.18,3.18,,
2018-05-18T00:00:00+00:00,3.46,3.36,3.26,3.2,3.13,3.07,3.01,3.02,3.03,3.04,3.05,2.99,2.93,2.88,2.82,2.74,2.66,2.58,2.5,2.58,2.66,2.74,2.82,2.83,2.84,2.85,2.86,2.88,2.9,2.92,2.94,2.98,3.01,3.04,3.08,3.06,3.04,3.02,3.0,3.01,3.02,3.03,3.04,3.03,3.01,2.99,2.97,3.01,3.04,3.08,3.11,3.16,3.22,3.27,3.33,3.35,3.38,3.4,3.42,3.39,3.36,3.33,3.3,3.28,3.26,3.24,3.23,3.25,3.27,3.3,3.32,3.28,3.25,3.21,3.17,3.1,3.03,2.96,2.89,3.14,3.4,3.65,3.9,3.84,3.77,3.71,3.65,3.55,3.46,3.36,3.27,3.24,3.21,3.17,3.14,3.07,3.0,2.93,2.86,2.86,2.86,2.86,2.86,2.89,2.92,2.94,2.97,2.87,2.76,2.66,2.55,2.49,2.42,2.36,2.29,2.31,2.32,2.33,2.34,2.39,2.44,2.5,2.55,2.6,2.65,2.71,2.76,2.79,2.82,2.85,2.88,2.82,2.75,2.68,2.61,2.66,2.71,2.76,2.81,2.82,2.83,2.84,2.85,2.91,2.97,3.03,3.09,3.09,3.09,3.09,3.09,3.15,3.2,3.26,3.31,3.34,3.37,3.4,3.43,3.48,3.52,3.56,3.61,,
2018-05-19T00:00:00+00:00,2.96,2.91,2.85,2.82,2.78,2.75,2.72,2.69,2.67,2.64,2.61,2.59,2.58,2.56,2.54,2.4,2.26,2.12,1.98,2.02,2.06,2.11,2.15,2.22,2.29,2.35,2.42,2.58,2.74,2.9,3.06,3.04,3.01,2.98,2.95,3.04,3.13,3.22,3.3,3.39,3.48,3.57,3.65,3.67,3.7,3.72,3.74,3.78,3.81,3.84,3.87,3.87,3.87,3.88,3.88,3.83,3.78,3.73,3.69,3.63,3.58,3.53,3.48,3.46,3.43,3.4,3.37,3.41,3.44,3.47,3.51,3.59,3.67,3.75,3.83,3.77,3.71,3.65,3.59,3.49,3.39,3.29,3.19,3.1,3.0,2.9,2.81,2.77,2.74,2.71,2.67,2.68,2.68,2.69,2.69,2.68,2.68,2.67,2.67,2.57,2.48,2.38,2.29,2.19,2.1,2.01,1.91,1.96,2.01,2.06,2.11,2.01,1.91,1.81,1.72,1.74,1.76,1.78,1.8,1.9,2.01,2.11,2.21,2.29,2.37,2.45,2.54,2.47,2.41,2.34,2.28,2.29,2.3,2.3,2.31,2.43,2.55,2.67,2.79,2.76,2.73,2.71,2.68,2.64,2.61,2.57,2.53,2.71,2.89,3.06,3.24,3.33,3.43,3.52,3.61,3.63,3.66,3.68,3.7,3.76,3.82,3.88,3.94,,
2018-05-20T00:00:00+00:00,2.22,2.16,2.09,2.11,2.13,2.15,2.18,2.24,2.3,2.36,2.42,2.44,2.46,2.48,2.5,2.41,2.32,2.24,2.15,2.12,2.09,2.06,2.04,2.09,2.15,2.21,2.27,2.36,2.45,2.53,2.62,2.64,2.66,2.67,2.69,2.73,2.77,2.81,2.85,2.92,2.98,3.05,3.11,3.07,3.03,3.0,2.96,2.81,2.66,2.52,2.37,2.5,2.63,2.75,2.88,2.97,3.06,3.15,3.24,3.2,3.17,3.13,3.1,3.14,3.19,3.23,3.28,3.51,3.74,3.97,4.2,4.0,3.8,3.59,3.39,3.01,2.63,2.25,1.87,1.82,1.78,1.73,1.68,1.73,1.78,1.83,1.88,2.16,2.43,2.71,2.99,2.82,2.65,2.48,2.31,2.18,2.06,1.93,1.81,1.55,1.29,1.03,0.77,0.89,1.02,1.14,1.27,1.5,1.73,1.96,2.19,2.11,2.04,1.96,1.88,1.7,1.52,1.35,1.17,1.13,1.09,1.05,1.02,0.95,0.89,0.82,0.76,0.77,0.77,0.78,0.78,0.76,0.74,0.72,0.7,0.67,0.64,0.61,0.58,0.66,0.74,0.82,0.89,0.96,1.04,1.11,1.18,1.44,1.7,1.96,2.22,2.11,2.01,1.9,1.79,1.7,1.6,1.5,1.4,1.53,1.65,1.78,1.9,,
2018-05-21T00:00:00+00:00,1.55,1.48,1.4,1.53,1.65,1.78,1.9,1.94,1.97,2.01,2.04,2.0,1.96,1.92,1.87,1.55,1.23,0.91,0.58,0.79,0.99,1.19,1.39,1.34,1.29,1.24,1.19,1.21,1.24,1.26,1.28,1.38,1.49,1.59,1.69,1.69,1.69,1.69,1.69,1.37,1.05,0.73,0.41,0.4,0.38,0.37,0.35,0.72,1.09,1.46,1.83,1.93,2.02,2.12,2.21,1.95,1.68,1.41,1.14,1.52,1.89,2.27,2.64,2.4,2.15,1.9,1.65,1.57,1.49,1.41,1.33,1.4,1.46,1.52,1.58,1.44,1.29,1.15,1.0,1.21,1.42,1.63,1.84,1.7,1.55,1.4,1.26,1.21,1.16,1.11,1.06,1.23,1.39,1.56,1.73,1.75,1.76,1.78,1.8,1.8,1.8,1.8,1.8,1.97,2.13,2.29,2.45,2.28,2.11,1.95,1.78,1.75,1.72,1.69,1.65,1.66,1.66,1.66,1.67,1.68,1.7,1.71,1.73,1.73,1.73,1.72,1.72,1.7,1.69,1.67,1.66,1.51,1.36,1.21,1.05,1.75,2.45,3.14,3.84,3.93,4.01,4.1,4.18,3.85,3.51,3.17,2.84,2.94,3.05,3.16,3.27,3.23,3.19,3.15,3.12,3.1,3.09,3.08,3.06,3.65,4.23,4.82,5.41,,
2018-05-22T00:00:00+00:00,2.2,2.09,1.98,2.1,2.23,2.35,2.47,2.27,2.06,1.85,1.64,1.55,1.45,1.36,1.26,1.32,1.37,1.43,1.48,1.72,1.95,2.19,2.43,2.24,2.06,1.87,1.68,1.68,1.68,1.68,1.68,1.59,1.51,1.43,1.35,1.31,1.26,1.22,1.17,1.12,1.07,1.03,0.98,1.84,2.71,3.57,4.44,4.1,3.77,3.43,3.1,3.22,3.33,3.44,3.56,3.39,3.22,3.06,2.89,2.58,2.27,1.96,1.64,1.9,2.15,2.4,2.65,2.26,1.87,1.48,1.08,1.09,1.1,1.11,1.11,1.14,1.16,1.19,1.21,1.32,1.44,1.55,1.67,1.75,1.82,1.9,1.98,2.15,2.32,2.49,2.66,2.69,2.72,2.75,2.78,2.73,2.68,2.63,2.58,2.57,2.55,2.54,2.52,2.36,2.19,2.03,1.86,1.97,2.08,2.19,2.29,2.23,2.17,2.11,2.05,1.97,1.89,1.81,1.73,1.88,2.04,2.2,2.36,2.4,2.44,2.48,2.52,2.51,2.51,2.51,2.51,2.41,2.32,2.23,2.14,2.1,2.05,2.01,1.96,2.11,2.26,2.41,2.56,2.67,2.78,2.89,3.0,2.82,2.64,2.45,2.27,2.0,1.72,1.45,1.18,1.47,1.76,2.05,2.34,2.37,2.39,2.42,2.45,,
2018-05-23T00:00:00+00:00,3.14,3.33,3.53,3.43,3.33,3.22,3.12,2.96,2.79,2.62,2.45,2.32,2.19,2.06,1.93,1.85,1.76,1.67,1.59,1.84,2.09,2.35,2.6,2.48,2.36,2.24,2.12,2.26,2.41,2.56,2.71,2.64,2.57,2.5,2.43,2.45,2.47,2.48,2.5,2.46,2.42,2.38,2.34,2.27,2.21,2.15,2.08,2.24,2.4,2.56,2.72,2.76,2.8,2.83,2.87,2.89,2.91,2.93,2.95,3.12,3.29,3.45,3.62,3.73,3.84,3.95,4.06,4.01,3.95,3.9,3.84,3.6,3.36,3.12,2.87,2.88,2.88,2.88,2.88,2.83,2.77,2.72,2.67,2.28,1.9,1.52,1.13,1.17,1.22,1.26,1.3,1.24,1.18,1.13,1.07,1.14,1.21,1.28,1.35,1.47,1.59,1.7,1.82,1.77,1.72,1.66,1.61,1.47,1.32,1.18,1.04,0.91,0.78,0.64,0.51,0.69,0.87,1.05,1.22,1.13,1.04,0.96,0.87,0.82,0.78,0.74,0.7,0.58,0.45,0.33,0.21,0.33,0.45,0.56,0.68,0.81,0.95,1.08,1.21,1.33,1.46,1.58,1.7,1.98,2.26,2.54,2.82,2.67,2.52,2.37,2.23,2.35,2.48,2.61,2.73,2.43,2.12,1.81,1.5,1.68,1.86,2.05,2.23,,
2018-05-24T00:00:00+00:00,1.79,1.98,2.16,2.11,2.06,2.02,1.97,1.73,1.5,1.27,1.03,1.0,0.97,0.93,0.9,1.02,1.14,1.27,1.39,1.29,1.2,1.11,1.01,0.94,0.88,0.81,0.74,0.7,0.66,0.63,0.59,0.64,0.69,0.74,0.78,0.72,0.66,0.6,0.54,0.78,1.02,1.27,1.51,1.61,1.71,1.8,1.9,2.25,2.6,2.96,3.31,2.99,2.67,2.34,2.02,2.06,2.1,2.14,2.18,2.13,2.09,2.05,2.0,1.92,1.83,1.74,1.66,1.6,1.55,1.49,1.44,1.81,2.19,2.57,2.95,2.68,2.41,2.14,1.88,1.87,1.85,1.84,1.83,1.7,1.56,1.43,1.3,1.26,1.22,1.18,1.14,1.13,1.12,1.11,1.1,1.11,1.13,1.14,1.15,1.38,1.6,1.83,2.06,2.0,1.95,1.89,1.83,1.74,1.64,1.54,1.44,1.44,1.44,1.44,1.45,1.49,1.53,1.57,1.62,1.7,1.78,1.86,1.94,1.86,1.79,1.71,1.64,1.71,1.79,1.87,1.94,1.9,1.86,1.82,1.78,1.88,1.99,2.1,2.2,2.16,2.12,2.08,2.04,2.11,2.18,2.26,2.33,2.48,2.63,2.79,2.94,4.14,5.35,6.55,7.75,6.53,5.31,4.08,2.86,2.78,2.69,2.61,2.52,,
2018-05-25T00:00:00+00:00,1.3,1.4,1.5,1.73,1.97,2.2,2.44,2.15,1.86,1.57,1.28,1.38,1.49,1.6,1.7,1.76,1.83,1.89,1.95,1.86,1.77,1.68,1.59,1.58,1.57,1.56,1.56,1.71,1.86,2.02,2.17,2.07,1.97,1.87,1.77,1.62,1.48,1.33,1.19,1.38,1.58,1.77,1.97,2.2,2.44,2.68,2.92,3.06,3.21,3.35,3.5,3.09,2.68,2.27,1.85,1.84,1.83,1.82,1.81,2.16,2.52,2.88,3.24,3.19,3.14,3.09,3.04,3.11,3.18,3.24,3.31,3.25,3.19,3.14,3.08,3.14,3.2,3.26,3.32,3.9,4.49,5.07,5.65,4.72,3.79,2.86,1.93,1.99,2.05,2.11,2.17,2.37,2.57,2.77,2.98,2.8,2.63,2.46,2.28,2.15,2.02,1.89,1.76,1.87,1.99,2.11,2.23,2.34,2.45,2.56,2.67,2.77,2.88,2.98,3.09,3.15,3.21,3.26,3.32,3.36,3.4,3.44,3.47,3.55,3.63,3.71,3.78,3.88,3.97,4.06,4.16,4.15,4.15,4.15,4.14,4.42,4.69,4.96,5.24,4.91,4.58,4.25,3.93,4.2,4.47,4.75,5.02,4.97,4.92,4.87,4.82,5.01,5.2,5.39,5.58,5.52,5.46,5.41,5.35,5.09,4.83,4.57,4.31,,
2018-05-26T00:00:00+00:00,2.73,2.61,2.49,2.49,2.49,2.49,2.48,2.6,2.71,2.83,2.95,2.98,3.01,3.05,3.08,3.03,2.98,2.93,2.88,2.83,2.78,2.72,2.67,2.69,2.7,2.72,2.73,2.87,3.0,3.14,3.27,3.1,2.93,2.76,2.58,2.94,3.3,3.66,4.02,4.13,4.24,4.35,4.46,4.31,4.15,4.0,3.85,4.04,4.24,4.44,4.64,4.94,5.24,5.54,5.84,5.64,5.43,5.22,5.01,4.98,4.94,4.9,4.87,4.6,4.33,4.07,3.8,3.66,3.51,3.37,3.22,2.58,1.93,1.29,0.65,0.98,1.31,1.64,1.97,2.38,2.79,3.2,3.61,3.21,2.82,2.43,2.04,1.89,1.74,1.6,1.45,1.86,2.27,2.68,3.1,2.92,2.74,2.56,2.38,2.08,1.79,1.49,1.19,1.28,1.36,1.45,1.54,1.81,2.09,2.37,2.65,2.4,2.15,1.91,1.66,1.79,1.91,2.04,2.16,2.09,2.01,1.93,1.85,1.97,2.09,2.22,2.34,2.62,2.9,3.18,3.46,3.4,3.34,3.27,3.21,3.17,3.13,3.1,3.06,3.17,3.27,3.38,3.49,3.46,3.44,3.41,3.39,3.19,3.0,2.8,2.6,2.5,2.4,2.3,2.2,2.54,2.88,3.22,3.56,3.19,2.82,2.45,2.08,,
2018-05-27T00:00:00+00:00,1.94,1.8,1.66,2.37,3.09,3.81,4.53,3.67,2.81,1.96,1.1,1.14,1.19,1.23,1.28,1.06,0.85,0.63,0.41,0.42,0.42,0.42,0.43,0.44,0.45,0.45,0.46,0.58,0.7,0.81,0.93,1.07,1.21,1.34,1.48,1.34,1.19,1.05,0.9,1.14,1.38,1.62,1.87,1.68,1.49,1.31,1.12,1.35,1.58,1.81,2.03,1.83,1.63,1.43,1.23,1.33,1.42,1.51,1.61,1.28,0.95,0.62,0.29,0.54,0.78,1.02,1.26,1.42,1.58,1.74,1.9,1.82,1.75,1.67,1.6,1.46,1.33,1.2,1.07,0.96,0.84,0.73,0.61,1.15,1.69,2.23,2.77,2.61,2.44,2.28,2.12,1.67,1.23,0.78,0.34,0.45,0.57,0.68,0.79,0.84,0.88,0.92,0.96,1.03,1.09,1.15,1.21,1.01,0.8,0.6,0.4,0.7,1.0,1.3,1.6,1.54,1.49,1.44,1.39,1.23,1.07,0.92,0.76,0.68,0.61,0.53,0.45,0.76,1.06,1.36,1.66,1.8,1.95,2.09,2.23,2.45,2.66,2.87,3.08,3.11,3.14,3.17,3.2,3.16,3.13,3.1,3.07,3.17,3.27,3.37,3.47,3.56,3.64,3.73,3.81,3.85,3.89,3.93,3.97,3.9,3.83,3.76,3.69,,
2018-05-28T00:00:00+00:00,1.07,0.9,0.73,0.77,0.81,0.85,0.89,0.83,0.76,0.7,0.64,0.72,0.81,0.9,0.99,0.99,0.99,0.99,1.0,0.92,0.85,0.78,0.71,0.95,1.19,1.44,1.68,1.94,2.2,2.45,2.71,2.7,2.68,2.66,2.65,2.87,3.09,3.32,3.54,3.7,3.87,4.03,4.19,4.0,3.81,3.62,3.43,3.44,3.46,3.48,3.49,3.48,3.46,3.44,3.42,3.64,3.85,4.06,4.27,4.41,4.55,4.69,4.83,5.01,5.2,5.38,5.56,4.96,4.35,3.75,3.14,2.97,2.8,2.63,2.46,2.48,2.5,2.52,2.54,2.66,2.77,2.89,3.0,2.92,2.84,2.76,2.67,2.48,2.28,2.08,1.88,1.76,1.64,1.52,1.39,1.67,1.95,2.23,2.51,2.4,2.28,2.17,2.06,2.18,2.31,2.43,2.56,2.55,2.55,2.55,2.54,2.59,2.64,2.69,2.73,2.66,2.59,2.52,2.45,2.47,2.5,2.53,2.55,2.48,2.41,2.35,2.28,2.16,2.05,1.94,1.82,1.87,1.91,1.95,1.99,2.03,2.06,2.09,2.13,2.22,2.32,2.41,2.51,2.52,2.53,2.54,2.55,2.48,2.42,2.35,2.28,2.18,2.08,1.98,1.88,2.86,3.84,4.82,5.8,4.9,3.99,3.09,2.19,,
2018-05-29T00:00:00+00:00,1.16,1.19,1.21,1.07,0.93,0.79,0.65,0.71,0.77,0.83,0.89,1.07,1.25,1.42,1.6,1.52,1.44,1.36,1.28,1.42,1.55,1.69,1.82,1.72,1.62,1.51,1.41,1.67,1.93,2.19,2.45,2.3,2.15,2.0,1.85,2.08,2.32,2.55,2.79,2.75,2.72,2.68,2.65,2.72,2.78,2.85,2.92,2.76,2.6,2.44,2.28,2.33,2.37,2.41,2.46,2.71,2.97,3.22,3.47,3.19,2.9,2.61,2.32,2.21,2.1,1.99,1.88,2.62,3.36,4.1,4.84,3.76,2.68,1.59,0.51,0.43,0.34,0.26,0.17,0.32,0.48,0.63,0.78,0.9,1.03,1.16,1.28,1.27,1.25,1.23,1.21,1.4,1.6,1.79,1.98,2.16,2.34,2.52,2.7,2.68,2.65,2.63,2.61,2.63,2.65,2.68,2.7,2.64,2.59,2.53,2.47,2.33,2.19,2.04,1.9,2.05,2.21,2.36,2.52,2.53,2.55,2.56,2.57,2.68,2.78,2.89,2.99,3.08,3.17,3.25,3.34,3.33,3.31,3.3,3.28,3.25,3.22,3.19,3.16,3.12,3.08,3.05,3.01,2.95,2.89,2.83,2.76,2.62,2.48,2.33,2.19,2.14,2.09,2.04,1.99,1.89,1.8,1.7,1.6,1.53,1.46,1.4,1.33,,
2018-05-30T00:00:00+00:00,1.3,1.49,1.67,1.77,1.86,1.95,2.05,1.95,1.85,1.75,1.65,1.87,2.08,2.3,2.51,2.28,2.05,1.83,1.6,1.67,1.74,1.81,1.88,1.87,1.87,1.87,1.87,2.05,2.23,2.42,2.6,2.56,2.52,2.49,2.45,2.56,2.67,2.78,2.89,2.96,3.03,3.1,3.17,3.07,2.97,2.87,2.76,2.58,2.4,2.22,2.04,1.92,1.8,1.68,1.56,1.48,1.39,1.31,1.23,1.07,0.92,0.77,0.62,0.54,0.46,0.39,0.31,0.93,1.55,2.18,2.8,2.63,2.46,2.29,2.12,2.41,2.69,2.98,3.27,2.59,1.91,1.23,0.55,1.09,1.63,2.17,2.71,2.57,2.43,2.29,2.15,2.16,2.17,2.18,2.19,2.19,2.19,2.18,2.18,2.15,2.11,2.07,2.04,2.1,2.17,2.23,2.3,2.19,2.07,1.96,1.85,1.78,1.72,1.65,1.59,1.66,1.73,1.81,1.88,2.02,2.17,2.31,2.45,2.45,2.45,2.45,2.45,2.55,2.65,2.74,2.84,2.62,2.4,2.18,1.97,2.3,2.63,2.97,3.3,3.6,3.9,4.21,4.51,4.36,4.22,4.08,3.93,3.82,3.71,3.61,3.5,3.59,3.68,3.77,3.87,3.8,3.73,3.66,3.59,3.55,3.51,3.47,3.44,,
2018-05-31T00:00:00+00:00,1.37,1.27,1.17,0.99,0.81,0.63,0.45,0.52,0.6,0.68,0.75,0.86,0.97,1.08,1.19,1.36,1.53,1.7,1.88,1.81,1.75,1.68,1.62,1.55,1.48,1.4,1.33,1.56,1.79,2.02,2.25,2.31,2.37,2.43,2.49,2.59,2.69,2.79,2.89,2.85,2.81,2.77,2.73,2.79,2.84,2.9,2.95,2.91,2.88,2.84,2.8,3.25,3.71,4.16,4.61,4.34,4.06,3.79,3.51,3.33,3.14,2.95,2.77,2.88,3.0,3.12,3.24,3.08,2.92,2.76,2.6,2.55,2.49,2.43,2.38,2.43,2.48,2.54,2.59,2.47,2.35,2.23,2.11,2.12,2.14,2.16,2.17,2.17,2.17,2.17,2.16,2.27,2.38,2.48,2.59,2.67,2.76,2.84,2.92,2.98,3.05,3.12,3.18,3.1,3.02,2.94,2.86,2.78,2.71,2.63,2.55,2.46,2.37,2.28,2.19,2.2,2.2,2.2,2.21,2.06,1.92,1.78,1.64,1.72,1.8,1.88,1.96,1.77,1.58,1.39,1.2,1.7,2.21,2.72,3.23,3.35,3.47,3.59,3.71,3.67,3.63,3.59,3.55,3.59,3.63,3.67,3.71,3.67,3.63,3.59,3.56,3.52,3.49,3.46,3.43,3.4,3.37,3.33,3.3,3.25,3.2,3.16,3.11,,
2018-06-01T00:00:00+00:00,3.22,3.09,2.95,2.78,2.6,2.43,2.25,2.17,2.09,2.01,1.92,2.15,2.38,2.61,2.84,2.91,2.98,3.05,3.12,3.15,3.18,3.21,3.24,3.09,2.94,2.79,2.64,2.59,2.54,2.5,2.45,2.47,2.5,2.52,2.54,2.52,2.49,2.47,2.44,2.47,2.49,2.52,2.55,2.96,3.38,3.8,4.22,4.05,3.88,3.71,3.54,3.51,3.49,3.47,3.45,3.11,2.77,2.43,2.1,2.13,2.17,2.21,2.25,2.06,1.87,1.67,1.48,1.59,1.69,1.79,1.9,1.79,1.68,1.57,1.46,1.41,1.35,1.3,1.25,1.34,1.44,1.54,1.63,1.7,1.77,1.83,1.9,1.99,2.08,2.17,2.26,2.21,2.15,2.1,2.04,1.9,1.75,1.6,1.45,1.46,1.47,1.48,1.49,1.39,1.29,1.19,1.09,1.19,1.29,1.39,1.49,1.64,1.79,1.95,2.1,2.07,2.03,1.99,1.96,1.83,1.7,1.57,1.44,1.41,1.37,1.33,1.29,1.49,1.68,1.88,2.08,2.18,2.28,2.39,2.49,2.46,2.42,2.39,2.35,2.39,2.42,2.45,2.48,2.43,2.37,2.32,2.26,2.22,2.18,2.14,2.1,2.1,2.09,2.09,2.09,2.45,2.82,3.18,3.55,3.56,3.58,3.6,3.61,,
2018-06-02T00:00:00+00:00,1.03,0.89,0.75,0.89,1.03,1.18,1.32,1.35,1.37,1.4,1.43,1.43,1.43,1.43,1.43,1.47,1.51,1.56,1.6,1.68,1.77,1.85,1.94,1.97,2.0,2.03,2.06,2.12,2.18,2.24,2.29,2.26,2.22,2.19,2.15,2.09,2.02,1.96,1.89,2.0,2.1,2.2,2.3,2.18,2.06,1.94,1.82,1.88,1.94,2.0,2.06,2.02,1.98,1.93,1.89,1.83,1.78,1.72,1.67,1.7,1.73,1.76,1.79,1.83,1.87,1.91,1.95,2.02,2.09,2.16,2.22,2.16,2.1,2.03,1.97,2.12,2.26,2.41,2.56,2.43,2.31,2.19,2.06,2.1,2.14,2.18,2.22,2.32,2.42,2.53,2.63,2.58,2.52,2.47,2.42,2.49,2.57,2.64,2.72,2.63,2.55,2.46,2.38,2.42,2.47,2.52,2.56,2.52,2.48,2.44,2.4,2.3,2.21,2.11,2.02,2.03,2.05,2.06,2.08,2.07,2.06,2.05,2.04,2.14,2.25,2.35,2.45,2.72,2.98,3.25,3.51,3.46,3.41,3.36,3.31,3.28,3.25,3.22,3.19,3.2,3.21,3.23,3.24,3.38,3.51,3.65,3.79,3.8,3.81,3.81,3.82,3.98,4.13,4.29,4.44,4.37,4.3,4.23,4.16,4.2,4.24,4.28,4.32,,
2018-06-03T00:00:00+00:00,2.52,2.48,2.45,2.39,2.34,2.28,2.22,2.15,2.09,2.02,1.95,2.08,2.21,2.33,2.46,2.34,2.22,2.11,1.99,2.12,2.25,2.38,2.51,2.67,2.84,3.0,3.17,3.14,3.11,3.08,3.05,3.07,3.08,3.1,3.12,3.12,3.11,3.1,3.09,2.97,2.85,2.73,2.61,2.57,2.53,2.49,2.44,2.55,2.65,2.76,2.86,2.95,3.03,3.12,3.2,3.43,3.67,3.9,4.13,4.09,4.04,4.0,3.95,3.89,3.83,3.77,3.7,3.61,3.52,3.43,3.34,3.37,3.39,3.42,3.44,3.38,3.32,3.26,3.2,3.27,3.33,3.4,3.46,3.48,3.5,3.52,3.54,3.5,3.45,3.41,3.37,3.37,3.37,3.37,3.37,3.29,3.21,3.12,3.04,2.68,2.32,1.96,1.6,1.78,1.96,2.14,2.32,2.3,2.27,2.24,2.21,2.19,2.17,2.14,2.12,2.24,2.37,2.49,2.61,2.56,2.51,2.45,2.4,2.26,2.11,1.97,1.83,2.02,2.22,2.42,2.62,2.64,2.66,2.69,2.71,2.68,2.65,2.62,2.59,2.26,1.92,1.59,1.25,1.28,1.3,1.33,1.35,1.63,1.91,2.18,2.46,2.48,2.49,2.51,2.52,2.66,2.79,2.92,3.05,3.04,3.02,3.0,2.99,,
2018-06-04T00:00:00+00:00,1.7,1.52,1.34,1.61,1.88,2.15,2.42,2.45,2.47,2.49,2.52,2.34,2.16,1.98,1.79,1.82,1.84,1.86,1.89,1.89,1.89,1.9,1.9,1.95,2.0,2.05,2.1,2.06,2.03,1.99,1.95,1.98,2.01,2.03,2.06,2.05,2.05,2.04,2.04,2.25,2.45,2.66,2.87,2.81,2.75,2.69,2.63,2.67,2.72,2.76,2.8,3.02,3.25,3.47,3.69,3.71,3.73,3.75,3.77,4.03,4.28,4.53,4.78,4.59,4.4,4.21,4.02,4.01,4.0,3.98,3.97,3.88,3.79,3.7,3.62,3.49,3.37,3.25,3.13,3.08,3.03,2.98,2.93,2.75,2.57,2.38,2.2,2.0,1.81,1.61,1.42,1.8,2.18,2.56,2.94,2.8,2.67,2.53,2.39,2.53,2.66,2.8,2.93,2.94,2.94,2.95,2.95,2.7,2.45,2.2,1.95,2.11,2.27,2.42,2.58,2.69,2.8,2.9,3.01,2.97,2.93,2.89,2.85,2.71,2.56,2.42,2.28,2.43,2.58,2.73,2.88,2.88,2.88,2.89,2.89,2.92,2.94,2.97,2.99,3.01,3.03,3.05,3.06,2.9,2.74,2.58,2.42,2.41,2.41,2.4,2.39,2.59,2.79,2.99,3.2,3.23,3.27,3.31,3.35,3.48,3.6,3.73,3.86,,
2018-06-05T00:00:00+00:00
2018-06-06T00:00:00+00:00,3.47,3.58,3.7,3.66,3.63,3.6,3.57,3.53,3.48,3.43,3.39,3.32,3.25,3.18,3.11,3.06,3.02,2.97,2.93,2.9,2.87,2.84,2.81,2.83,2.84,2.86,2.88,2.65,2.42,2.19,1.96,1.93,1.91,1.88,1.85,1.72,1.58,1.44,1.31,1.26,1.21,1.16,1.11,1.1,1.08,1.06,1.04,1.03,1.01,0.99,0.97,0.95,0.93,0.9,0.88,0.97,1.06,1.14,1.23,1.56,1.9,2.23,2.56,2.62,2.67,2.73,2.78,2.35,1.92,1.49,1.06,1.03,1.0,0.97,0.94,0.87,0.8,0.72,0.65,0.97,1.28,1.59,1.91,1.89,1.88,1.87,1.86,1.71,1.55,1.4,1.24,1.47,1.71,1.94,2.17,2.17,2.16,2.15,2.14,2.06,1.98,1.9,1.81,1.87,1.93,1.99,2.05,1.92,1.79,1.66,1.53,1.63,1.72,1.82,1.91,1.95,1.99,2.03,2.07,2.25,2.43,2.61,2.79,2.64,2.5,2.36,2.22,2.37,2.52,2.67,2.81,2.87,2.93,2.98,3.04,2.97,2.89,2.82,2.75,2.78,2.81,2.85,2.88,2.95,3.02,3.1,3.17,3.19,3.21,3.23,3.24,3.05,2.86,2.67,2.48,2.41,2.34,2.27,2.2,2.29,2.38,2.47,2.56,,
2018-06-07T00:00:00+00:00
2018-06-08T00:00:00+00:00,1.16,1.03,0.89,0.97,1.05,1.13,1.21,1.39,1.58,1.77,1.96,1.79,1.63,1.46,1.29,1.4,1.52,1.63,1.75,1.76,1.77,1.78,1.78,1.68,1.57,1.47,1.36,1.46,1.55,1.65,1.74,1.74,1.73,1.72,1.71,1.81,1.91,2.02,2.12,2.11,2.1,2.1,2.09,2.14,2.19,2.23,2.28,2.38,2.47,2.56,2.66,2.79,2.92,3.05,3.18,3.09,3.0,2.91,2.82,2.88,2.95,3.02,3.08,3.04,3.0,2.96,2.92,2.95,2.97,3.0,3.03,2.96,2.9,2.84,2.77,2.85,2.93,3.0,3.08,2.93,2.78,2.63,2.48,2.46,2.43,2.41,2.38,2.42,2.47,2.51,2.55,2.54,2.53,2.52,2.5,2.36,2.21,2.07,1.92,1.95,1.99,2.02,2.05,2.13,2.22,2.3,2.39,2.3,2.2,2.11,2.02,2.02,2.01,2.0,2.0,1.97,1.95,1.93,1.91,1.92,1.94,1.95,1.97,1.99,2.01,2.03,2.05,2.04,2.02,2.01,1.99,1.9,1.81,1.72,1.63,1.49,1.34,1.2,1.05,1.3,1.55,1.8,2.05,2.2,2.36,2.52,2.68,2.15,1.62,1.1,0.57,1.2,1.83,2.46,3.09,3.18,3.27,3.36,3.45,3.39,3.34,3.28,3.22,,
2018-06-09T00:00:00+00:00,2.4,2.29,2.18,2.24,2.3,2.35,2.41,2.48,2.56,2.63,2.7,2.72,2.73,2.74,2.76,2.84,2.93,3.01,3.1,2.93,2.77,2.61,2.45,2.41,2.37,2.33,2.29,2.28,2.28,2.27,2.27,2.23,2.2,2.16,2.13,2.01,1.9,1.78,1.67,1.65,1.64,1.63,1.62,1.44,1.26,1.08,0.9,0.88,0.86,0.85,0.83,0.95,1.07,1.19,1.31,1.54,1.78,2.02,2.25,2.54,2.83,3.12,3.4,3.27,3.13,2.99,2.85,3.38,3.9,4.42,4.95,4.23,3.52,2.81,2.09,1.82,1.55,1.28,1.01,1.23,1.46,1.68,1.91,1.64,1.36,1.09,0.81,1.03,1.24,1.46,1.67,1.59,1.51,1.43,1.34,1.32,1.31,1.29,1.27,1.4,1.54,1.67,1.8,1.69,1.58,1.47,1.36,1.37,1.38,1.39,1.4,1.33,1.26,1.19,1.12,1.33,1.53,1.74,1.95,1.81,1.67,1.53,1.39,1.3,1.22,1.13,1.04,0.98,0.93,0.87,0.81,1.39,1.96,2.54,3.11,2.66,2.21,1.76,1.32,1.61,1.9,2.2,2.49,2.46,2.43,2.4,2.38,2.53,2.68,2.83,2.98,3.37,3.75,4.13,4.51,4.56,4.6,4.65,4.69,4.01,3.33,2.65,1.97,,
2018-06-10T00:00:00+00:00,0.97,1.06,1.14,1.11,1.09,1.06,1.03,1.36,1.7,2.04,2.37,2.4,2.42,2.45,2.47,2.31,2.16,2.0,1.85,2.0,2.15,2.3,2.45,2.26,2.07,1.87,1.68,1.46,1.24,1.02,0.81,0.83,0.85,0.87,0.89,0.92,0.95,0.98,1.01,1.09,1.17,1.25,1.34,1.58,1.83,2.07,2.32,2.24,2.16,2.09,2.01,2.18,2.35,2.51,2.68,2.88,3.08,3.28,3.48,3.06,2.64,2.22,1.81,1.54,1.28,1.01,0.75,0.81,0.86,0.92,0.98,0.86,0.74,0.63,0.51,0.96,1.4,1.85,2.29,2.72,3.14,3.57,3.99,3.36,2.73,2.1,1.47,1.69,1.92,2.14,2.37,2.57,2.76,2.96,3.15,2.98,2.8,2.62,2.44,2.48,2.52,2.56,2.61,2.44,2.28,2.11,1.95,1.93,1.91,1.89,1.87,2.2,2.54,2.87,3.2,2.98,2.76,2.54,2.32,2.33,2.34,2.35,2.36,2.43,2.5,2.57,2.64,2.61,2.59,2.57,2.54,2.91,3.28,3.65,4.02,4.04,4.06,4.09,4.11,3.89,3.68,3.47,3.25,2.78,2.31,1.84,1.37,1.22,1.06,0.91,0.75,1.15,1.54,1.93,2.33,1.99,1.65,1.31,0.97,1.07,1.17,1.27,1.37,,
2018-06-11T00:00:00+00:00,2.28,2.55,2.82,2.79,2.77,2.74,2.72,2.77,2.83,2.89,2.94,2.9,2.86,2.82,2.78,2.71,2.64,2.56,2.49,2.54,2.59,2.64,2.7,2.61,2.53,2.45,2.36,2.59,2.83,3.06,3.29,3.4,3.5,3.61,3.72,3.66,3.6,3.54,3.49,3.4,3.31,3.22,3.13,2.88,2.62,2.37,2.11,2.03,1.94,1.85,1.76,1.76,1.75,1.75,1.75,1.43,1.11,0.79,0.47,1.34,2.21,3.08,3.95,3.74,3.53,3.32,3.11,3.12,3.14,3.15,3.17,3.34,3.51,3.67,3.84,3.61,3.38,3.15,2.92,2.88,2.85,2.81,2.78,2.73,2.67,2.62,2.56,2.58,2.61,2.63,2.66,2.62,2.59,2.56,2.52,2.83,3.13,3.43,3.74,3.72,3.7,3.68,3.66,3.67,3.68,3.68,3.69,3.52,3.35,3.18,3.01,2.64,2.28,1.92,1.56,2.01,2.47,2.93,3.38,3.29,3.2,3.1,3.01,3.14,3.27,3.41,3.54,3.56,3.58,3.6,3.62,3.57,3.53,3.48,3.43,3.45,3.47,3.48,3.5,3.64,3.78,3.91,4.05,4.07,4.09,4.11,4.13,4.21,4.3,4.38,4.46,4.56,4.65,4.74,4.83,4.67,4.51,4.35,4.2,4.2,4.2,4.2,4.2,,
2018-06-12T00:00:00+00:00,2.81,2.92,3.02,2.69,2.36,2.03,1.7,1.6,1.49,1.39,1.29,1.37,1.45,1.54,1.62,1.72,1.82,1.93,2.03,2.1,2.18,2.25,2.32,2.53,2.75,2.96,3.18,3.55,3.92,4.3,4.67,4.61,4.55,4.49,4.43,4.33,4.23,4.13,4.02,4.08,4.14,4.2,4.25,4.41,4.57,4.73,4.89,4.72,4.54,4.37,4.2,4.24,4.28,4.32,4.36,4.01,3.67,3.33,2.99,2.39,1.8,1.2,0.6,1.49,2.38,3.26,4.15,4.17,4.2,4.22,4.24,4.34,4.44,4.54,4.64,4.58,4.52,4.46,4.41,4.31,4.22,4.12,4.03,3.95,3.86,3.78,3.7,3.62,3.54,3.47,3.39,3.35,3.32,3.29,3.25,3.23,3.21,3.19,3.17,3.15,3.13,3.12,3.1,3.2,3.29,3.39,3.49,3.51,3.53,3.56,3.58,3.59,3.59,3.6,3.61,3.57,3.53,3.49,3.45,3.42,3.4,3.37,3.34,3.33,3.32,3.31,3.3,3.22,3.14,3.06,2.98,3.07,3.15,3.23,3.31,3.28,3.24,3.2,3.17,3.11,3.05,2.99,2.93,2.96,3.0,3.03,3.06,3.09,3.13,3.17,3.21,3.18,3.15,3.11,3.08,3.07,3.05,3.04,3.02,2.94,2.87,2.79,2.72,,
2018-06-13T00:00:00+00:00,3.17,3.07,2.98,3.05,3.13,3.2,3.28,3.23,3.18,3.13,3.08,3.06,3.03,3.0,2.98,3.0,3.02,3.04,3.06,3.11,3.15,3.19,3.23,3.33,3.44,3.54,3.64,3.66,3.68,3.69,3.71,3.62,3.53,3.44,3.35,3.75,4.14,4.54,4.93,4.49,4.06,3.62,3.18,3.08,2.98,2.87,2.77,2.82,2.87,2.92,2.97,2.88,2.8,2.71,2.63,2.59,2.55,2.51,2.47,2.41,2.35,2.29,2.23,2.16,2.1,2.04,1.97,1.93,1.89,1.84,1.8,1.74,1.69,1.63,1.58,1.41,1.24,1.07,0.9,1.06,1.22,1.38,1.54,1.51,1.48,1.45,1.42,1.5,1.58,1.66,1.74,1.85,1.97,2.09,2.21,2.23,2.26,2.28,2.3,2.26,2.22,2.18,2.15,2.19,2.24,2.29,2.34,2.18,2.02,1.86,1.7,1.73,1.76,1.79,1.82,2.05,2.28,2.5,2.73,2.9,3.06,3.23,3.39,3.52,3.64,3.76,3.88,3.96,4.03,4.1,4.18,4.23,4.27,4.32,4.37,4.38,4.39,4.4,4.41,4.5,4.59,4.67,4.76,4.66,4.57,4.48,4.38,4.33,4.28,4.23,4.17,4.09,4.0,3.92,3.83,3.86,3.89,3.92,3.95,3.8,3.66,3.51,3.37,,
2018-06-14T00:00:00+00:00,1.26,1.32,1.38,1.39,1.4,1.4,1.41,1.38,1.35,1.32,1.3,1.48,1.66,1.84,2.02,2.22,2.41,2.61,2.8,2.9,2.99,3.08,3.18,3.32,3.46,3.61,3.75,3.8,3.85,3.9,3.96,3.94,3.93,3.91,3.9,3.92,3.94,3.97,3.99,4.12,4.24,4.37,4.5,4.51,4.53,4.55,4.57,4.5,4.42,4.35,4.27,4.24,4.21,4.18,4.15,4.13,4.11,4.08,4.06,4.03,4.0,3.97,3.94,3.76,3.59,3.41,3.23,3.14,3.04,2.94,2.84,2.74,2.64,2.54,2.44,2.46,2.48,2.5,2.52,2.46,2.41,2.36,2.3,2.38,2.47,2.55,2.63,2.32,2.01,1.69,1.38,1.2,1.03,0.85,0.68,0.68,0.68,0.69,0.69,0.78,0.87,0.96,1.05,1.25,1.46,1.66,1.87,1.95,2.03,2.11,2.19,2.04,1.89,1.74,1.59,1.57,1.54,1.51,1.48,1.51,1.54,1.56,1.59,1.5,1.4,1.31,1.22,1.29,1.36,1.43,1.5,1.68,1.87,2.05,2.24,2.31,2.37,2.44,2.5,2.47,2.43,2.4,2.36,2.49,2.62,2.76,2.89,2.86,2.83,2.8,2.77,2.79,2.81,2.83,2.85,2.67,2.49,2.31,2.13,2.09,2.05,2.01,1.97,,
2018-06-15T00:00:00+00:00,1.0,1.09,1.19,1.23,1.28,1.33,1.37,1.42,1.47,1.51,1.56,1.89,2.22,2.55,2.88,2.55,2.23,1.91,1.59,1.65,1.71,1.77,1.83,1.59,1.36,1.13,0.9,0.93,0.95,0.98,1.01,1.17,1.33,1.49,1.65,1.76,1.87,1.98,2.09,2.11,2.12,2.14,2.15,2.13,2.12,2.1,2.08,2.13,2.17,2.21,2.26,2.26,2.27,2.27,2.28,2.54,2.79,3.05,3.3,3.21,3.12,3.02,2.93,2.95,2.97,2.98,3.0,2.92,2.83,2.74,2.65,2.51,2.36,2.22,2.07,2.2,2.32,2.44,2.57,2.68,2.79,2.91,3.02,3.0,2.97,2.94,2.92,2.82,2.72,2.61,2.51,2.43,2.35,2.26,2.18,2.29,2.4,2.52,2.63,2.49,2.36,2.22,2.08,2.14,2.2,2.26,2.32,2.14,1.95,1.77,1.58,1.43,1.27,1.12,0.96,0.92,0.88,0.83,0.79,0.72,0.65,0.57,0.5,0.61,0.71,0.81,0.91,1.15,1.39,1.63,1.87,1.9,1.94,1.97,2.0,2.11,2.22,2.33,2.44,2.43,2.42,2.41,2.4,2.56,2.72,2.88,3.04,2.77,2.5,2.23,1.96,2.36,2.76,3.16,3.56,3.52,3.48,3.44,3.4,3.22,3.05,2.87,2.69,,
2018-06-16T00:00:00+00:00,1.91,1.74,1.57,1.52,1.47,1.43,1.38,1.62,1.87,2.12,2.37,2.33,2.29,2.25,2.2,2.06,1.92,1.77,1.63,1.71,1.78,1.86,1.94,1.69,1.45,1.2,0.95,1.27,1.58,1.89,2.2,2.26,2.32,2.38,2.43,2.52,2.62,2.71,2.8,2.74,2.69,2.63,2.57,2.66,2.74,2.83,2.92,2.98,3.04,3.1,3.16,3.2,3.24,3.28,3.32,3.09,2.86,2.62,2.39,2.54,2.7,2.85,3.01,3.01,3.02,3.02,3.03,2.87,2.71,2.55,2.39,2.51,2.63,2.75,2.86,2.78,2.7,2.62,2.54,2.41,2.28,2.15,2.02,2.16,2.31,2.45,2.59,2.63,2.68,2.72,2.76,2.67,2.59,2.5,2.42,2.35,2.28,2.21,2.14,2.25,2.35,2.46,2.56,2.49,2.42,2.35,2.28,2.29,2.29,2.29,2.29,2.35,2.4,2.46,2.51,2.6,2.69,2.78,2.87,2.91,2.95,2.99,3.03,3.07,3.11,3.15,3.2,3.24,3.29,3.33,3.38,3.4,3.42,3.45,3.47,3.52,3.57,3.62,3.66,3.78,3.89,4.0,4.11,3.97,3.83,3.7,3.56,3.56,3.56,3.55,3.55,3.45,3.35,3.25,3.15,3.25,3.35,3.45,3.55,3.35,3.14,2.94,2.73,,
2018-06-17T00:00:00+00:00,2.65,2.94,3.22,3.15,3.09,3.03,2.96,2.8,2.64,2.48,2.32,2.39,2.46,2.53,2.6,2.51,2.42,2.33,2.24,2.38,2.52,2.66,2.8,2.8,2.8,2.81,2.81,2.89,2.97,3.04,3.12,3.35,3.57,3.79,4.02,4.01,4.0,3.99,3.98,3.92,3.87,3.81,3.75,3.67,3.59,3.51,3.43,3.53,3.63,3.74,3.84,3.81,3.78,3.75,3.72,3.69,3.66,3.63,3.6,3.59,3.58,3.58,3.57,3.41,3.26,3.1,2.95,2.94,2.92,2.91,2.9,2.74,2.59,2.43,2.27,2.21,2.14,2.08,2.01,1.99,1.97,1.96,1.94,2.09,2.24,2.39,2.54,2.5,2.46,2.42,2.39,2.51,2.63,2.75,2.87,2.81,2.75,2.69,2.63,2.61,2.59,2.57,2.55,2.5,2.45,2.41,2.36,2.34,2.31,2.29,2.26,2.34,2.41,2.48,2.56,2.63,2.7,2.76,2.83,2.73,2.63,2.53,2.43,2.41,2.38,2.35,2.33,2.09,1.85,1.61,1.37,1.51,1.65,1.79,1.93,2.34,2.75,3.16,3.57,3.26,2.95,2.64,2.33,2.39,2.45,2.51,2.57,2.83,3.09,3.35,3.61,3.39,3.18,2.97,2.75,2.94,3.13,3.32,3.5,3.3,3.1,2.89,2.69,,
2018-06-18T00:00:00+00:00,2.56,2.64,2.72,2.66,2.6,2.54,2.48,2.6,2.72,2.84,2.96,3.16,3.36,3.57,3.77,3.54,3.32,3.1,2.87,2.98,3.09,3.19,3.3,3.37,3.43,3.5,3.57,3.52,3.47,3.43,3.38,3.37,3.35,3.34,3.33,3.4,3.47,3.55,3.62,3.88,4.14,4.4,4.66,4.32,3.99,3.66,3.32,3.26,3.2,3.13,3.07,3.31,3.55,3.79,4.03,3.83,3.62,3.42,3.21,3.11,3.01,2.91,2.81,2.84,2.87,2.9,2.93,2.91,2.88,2.86,2.83,2.68,2.52,2.37,2.22,2.23,2.25,2.27,2.28,2.23,2.18,2.13,2.08,2.01,1.94,1.87,1.8,1.9,2.0,2.09,2.19,2.21,2.22,2.23,2.25,2.32,2.39,2.47,2.54,2.56,2.57,2.59,2.61,2.57,2.53,2.49,2.44,2.24,2.04,1.84,1.63,1.61,1.59,1.57,1.55,1.51,1.47,1.43,1.39,1.22,1.06,0.89,0.73,0.92,1.11,1.3,1.49,1.6,1.72,1.83,1.94,1.93,1.92,1.91,1.89,1.94,1.98,2.02,2.07,2.12,2.18,2.24,2.29,2.29,2.3,2.3,2.3,2.36,2.42,2.49,2.55,2.61,2.68,2.74,2.81,2.8,2.79,2.79,2.78,2.77,2.76,2.74,2.73,,
2018-06-19T00:00:00+00:00,1.24,1.32,1.41,1.51,1.6,1.69,1.79,1.8,1.81,1.82,1.84,1.73,1.62,1.51,1.4,1.43,1.45,1.47,1.5,1.49,1.49,1.48,1.48,1.43,1.39,1.35,1.31,1.28,1.26,1.23,1.2,1.12,1.04,0.96,0.88,1.07,1.27,1.46,1.65,1.73,1.81,1.89,1.97,2.29,2.6,2.92,3.24,2.99,2.74,2.49,2.24,2.18,2.12,2.06,2.0,2.02,2.03,2.05,2.07,2.07,2.08,2.08,2.09,2.15,2.22,2.28,2.35,2.43,2.52,2.6,2.68,2.56,2.44,2.31,2.19,2.3,2.4,2.51,2.61,2.43,2.24,2.05,1.87,2.23,2.6,2.96,3.33,3.19,3.05,2.9,2.76,2.73,2.71,2.68,2.66,2.65,2.64,2.63,2.62,2.61,2.6,2.59,2.57,2.56,2.54,2.52,2.5,2.36,2.21,2.07,1.93,1.89,1.85,1.81,1.77,1.81,1.86,1.91,1.95,1.87,1.78,1.7,1.61,1.61,1.6,1.6,1.6,1.53,1.46,1.4,1.33,1.16,0.99,0.82,0.65,0.64,0.64,0.63,0.63,0.83,1.04,1.24,1.45,1.49,1.53,1.58,1.62,1.78,1.95,2.11,2.28,2.48,2.69,2.9,3.1,3.01,2.91,2.81,2.71,2.71,2.7,2.69,2.68,,
2018-06-20T00:00:00+00:00,1.59,1.54,1.49,1.56,1.62,1.69,1.75,1.78,1.8,1.83,1.85,1.88,1.92,1.95,1.98,1.89,1.81,1.72,1.63,1.53,1.43,1.32,1.22,1.17,1.13,1.08,1.03,0.96,0.89,0.81,0.74,0.89,1.03,1.18,1.33,1.39,1.45,1.51,1.57,1.7,1.83,1.96,2.08,2.05,2.02,1.99,1.96,1.91,1.86,1.81,1.77,1.91,2.05,2.19,2.33,2.25,2.18,2.1,2.03,2.17,2.3,2.44,2.57,2.5,2.44,2.37,2.3,2.34,2.38,2.43,2.47,2.24,2.01,1.78,1.55,1.56,1.57,1.58,1.58,1.53,1.47,1.41,1.35,1.78,2.21,2.64,3.08,2.93,2.79,2.64,2.5,2.17,1.84,1.51,1.18,1.48,1.79,2.09,2.4,2.88,3.37,3.86,4.35,4.21,4.06,3.91,3.76,3.76,3.77,3.77,3.78,3.61,3.44,3.26,3.09,3.11,3.13,3.15,3.17,3.29,3.41,3.53,3.65,3.81,3.96,4.12,4.28,4.32,4.37,4.41,4.46,4.45,4.43,4.42,4.41,4.35,4.3,4.24,4.18,4.3,4.43,4.55,4.67,4.69,4.7,4.72,4.74,4.76,4.79,4.81,4.84,4.78,4.73,4.67,4.62,4.74,4.85,4.97,5.09,5.11,5.14,5.16,5.18,,
2018-06-21T00:00:00+00:00,1.95,1.49,1.04,1.38,1.73,2.07,2.42,2.59,2.77,2.95,3.12,3.33,3.54,3.75,3.96,3.89,3.82,3.75,3.68,3.43,3.19,2.94,2.7,2.92,3.15,3.38,3.61,3.72,3.82,3.93,4.04,4.13,4.22,4.3,4.39,4.48,4.57,4.66,4.76,4.74,4.71,4.69,4.67,4.69,4.71,4.72,4.74,4.69,4.63,4.58,4.53,4.53,4.53,4.53,4.53,4.53,4.54,4.55,4.55,4.54,4.52,4.51,4.49,4.45,4.41,4.37,4.33,4.42,4.51,4.61,4.7,4.75,4.79,4.83,4.88,4.86,4.84,4.82,4.8,4.67,4.54,4.41,4.28,4.18,4.09,4.0,3.91,3.9,3.89,3.88,3.87,3.71,3.54,3.38,3.22,3.22,3.21,3.2,3.2,2.98,2.76,2.55,2.33,2.28,2.22,2.17,2.11,2.15,2.19,2.23,2.26,2.21,2.17,2.12,2.07,2.13,2.18,2.24,2.3,2.76,3.21,3.67,4.13,4.17,4.22,4.26,4.31,4.35,4.38,4.42,4.45,4.37,4.29,4.21,4.12,4.14,4.16,4.17,4.19,4.19,4.2,4.2,4.21,4.25,4.3,4.35,4.4,4.33,4.25,4.18,4.11,4.14,4.18,4.21,4.24,4.23,4.22,4.22,4.21,4.21,4.21,4.22,4.22,,
2018-06-22T00:00:00+00:00,3.13,2.82,2.52,2.28,2.05,1.82,1.59,1.63,1.68,1.72,1.76,1.86,1.96,2.06,2.16,2.14,2.11,2.09,2.07,2.2,2.34,2.48,2.62,2.45,2.28,2.11,1.94,2.34,2.74,3.14,3.54,3.67,3.81,3.94,4.08,4.15,4.22,4.29,4.35,4.38,4.41,4.44,4.47,4.49,4.51,4.53,4.55,4.52,4.48,4.45,4.41,4.34,4.28,4.21,4.14,4.15,4.16,4.17,4.18,4.24,4.29,4.35,4.4,4.34,4.27,4.2,4.13,4.1,4.07,4.05,4.02,4.09,4.15,4.22,4.28,4.29,4.3,4.3,4.31,4.13,3.94,3.75,3.57,3.53,3.5,3.46,3.42,3.33,3.23,3.13,3.03,2.89,2.74,2.59,2.44,2.43,2.41,2.4,2.38,2.48,2.57,2.67,2.77,2.76,2.76,2.75,2.75,2.68,2.61,2.55,2.48,2.52,2.57,2.62,2.66,2.58,2.5,2.42,2.34,2.31,2.27,2.23,2.2,2.3,2.4,2.51,2.61,2.83,3.05,3.27,3.49,3.62,3.76,3.89,4.02,3.99,3.96,3.93,3.9,3.78,3.65,3.53,3.41,3.42,3.43,3.44,3.44,3.55,3.66,3.77,3.87,3.8,3.73,3.66,3.59,3.43,3.26,3.1,2.94,2.91,2.89,2.86,2.84,,
2018-06-23T00:00:00+00:00,3.25,3.22,3.19,3.09,2.99,2.88,2.78,2.75,2.71,2.68,2.65,2.51,2.38,2.25,2.12,2.07,2.02,1.97,1.92,2.05,2.19,2.32,2.45,2.5,2.55,2.6,2.64,2.75,2.86,2.97,3.08,3.29,3.49,3.7,3.91,3.96,4.01,4.07,4.12,3.99,3.87,3.74,3.61,3.59,3.57,3.55,3.53,3.58,3.63,3.68,3.73,3.72,3.7,3.69,3.67,3.75,3.83,3.91,3.99,3.85,3.71,3.58,3.44,3.36,3.28,3.2,3.13,3.09,3.06,3.03,3.0,2.84,2.69,2.54,2.38,2.25,2.11,1.98,1.84,1.82,1.79,1.77,1.75,1.8,1.85,1.91,1.96,2.02,2.09,2.15,2.22,2.16,2.1,2.04,1.98,1.9,1.81,1.72,1.63,1.66,1.68,1.7,1.72,1.74,1.75,1.76,1.78,1.82,1.86,1.9,1.95,1.88,1.81,1.75,1.68,1.6,1.52,1.44,1.36,1.36,1.36,1.36,1.36,1.44,1.52,1.61,1.69,1.97,2.25,2.54,2.82,2.92,3.02,3.13,3.23,3.32,3.42,3.51,3.61,3.73,3.85,3.97,4.09,4.12,4.15,4.18,4.21,4.19,4.18,4.16,4.15,4.13,4.12,4.11,4.09,4.03,3.98,3.92,3.86,3.78,3.69,3.6,3.51,,
2018-06-24T00:00:00+00:00,1.71,1.56,1.41,1.52,1.63,1.74,1.85,1.96,2.08,2.19,2.31,2.17,2.04,1.91,1.78,1.76,1.74,1.73,1.71,1.68,1.66,1.63,1.6,1.69,1.77,1.85,1.93,2.02,2.1,2.18,2.27,2.37,2.48,2.58,2.69,2.83,2.97,3.11,3.25,3.35,3.45,3.55,3.64,3.64,3.64,3.64,3.64,3.67,3.71,3.74,3.77,3.81,3.84,3.87,3.91,3.89,3.88,3.86,3.85,3.81,3.77,3.74,3.7,3.58,3.46,3.34,3.21,3.26,3.3,3.34,3.39,3.39,3.38,3.38,3.38,3.41,3.43,3.45,3.48,3.5,3.53,3.55,3.58,3.68,3.77,3.87,3.97,3.92,3.86,3.8,3.75,3.65,3.55,3.44,3.34,3.38,3.41,3.45,3.48,3.4,3.33,3.25,3.18,3.19,3.2,3.21,3.22,3.18,3.14,3.1,3.06,3.02,2.98,2.94,2.91,2.91,2.91,2.91,2.91,3.0,3.09,3.18,3.27,3.32,3.37,3.42,3.47,3.47,3.47,3.47,3.47,3.5,3.52,3.55,3.57,3.62,3.66,3.7,3.74,3.86,3.97,4.08,4.19,4.17,4.15,4.13,4.1,4.12,4.13,4.15,4.16,4.19,4.22,4.25,4.28,4.3,4.32,4.34,4.36,4.38,4.41,4.43,4.46,,
2018-06-25T00:00:00+00:00,3.24,3.17,3.1,3.02,2.93,2.84,2.76,2.76,2.77,2.77,2.77,2.85,2.93,3.0,3.08,3.08,3.07,3.07,3.07,3.06,3.06,3.06,3.05,3.08,3.1,3.13,3.15,3.17,3.18,3.19,3.2,3.22,3.24,3.26,3.29,3.29,3.29,3.29,3.29,3.4,3.51,3.62,3.73,3.79,3.85,3.91,3.97,4.01,4.04,4.08,4.11,4.15,4.19,4.22,4.26,4.26,4.27,4.27,4.28,4.26,4.25,4.23,4.21,4.31,4.4,4.5,4.6,4.53,4.46,4.39,4.32,4.3,4.29,4.27,4.25,4.21,4.17,4.13,4.09,4.01,3.94,3.87,3.79,3.79,3.78,3.78,3.77,3.78,3.78,3.78,3.79,3.75,3.72,3.69,3.65,3.59,3.53,3.47,3.41,3.35,3.29,3.23,3.18,3.13,3.08,3.03,2.98,2.85,2.73,2.61,2.48,2.31,2.15,1.98,1.81,1.83,1.86,1.88,1.9,1.97,2.04,2.1,2.17,2.29,2.41,2.53,2.65,2.75,2.85,2.95,3.05,3.15,3.26,3.36,3.47,3.54,3.6,3.67,3.74,3.77,3.81,3.84,3.87,3.9,3.93,3.95,3.98,4.0,4.02,4.05,4.07,4.06,4.05,4.04,4.03,4.08,4.13,4.17,4.22,4.17,4.12,4.07,4.02,,
2018-06-26T00:00:00+00:00,2.49,2.55,2.62,2.66,2.71,2.75,2.8,2.71,2.62,2.53,2.45,2.34,2.24,2.13,2.03,1.97,1.9,1.84,1.77,1.75,1.74,1.72,1.7,1.77,1.85,1.92,1.99,2.09,2.18,2.28,2.38,2.41,2.45,2.49,2.53,2.57,2.61,2.64,2.68,2.71,2.74,2.77,2.8,2.89,2.99,3.09,3.19,3.23,3.28,3.32,3.37,3.39,3.4,3.42,3.44,3.43,3.43,3.43,3.42,3.49,3.57,3.64,3.71,3.77,3.84,3.9,3.97,3.91,3.85,3.8,3.74,3.73,3.72,3.7,3.69,3.71,3.73,3.74,3.76,3.77,3.77,3.77,3.78,3.76,3.74,3.72,3.7,3.66,3.61,3.56,3.51,3.48,3.44,3.41,3.37,3.34,3.3,3.27,3.23,3.22,3.2,3.18,3.17,3.14,3.11,3.09,3.06,3.01,2.96,2.9,2.85,2.79,2.72,2.66,2.6,2.61,2.62,2.62,2.63,2.64,2.65,2.66,2.67,2.7,2.74,2.77,2.81,3.01,3.21,3.41,3.62,3.72,3.82,3.92,4.02,4.09,4.16,4.23,4.3,4.29,4.27,4.26,4.25,4.25,4.25,4.25,4.25,4.25,4.24,4.24,4.24,4.29,4.34,4.4,4.45,4.51,4.56,4.61,4.66,4.57,4.47,4.37,4.28,,
2018-06-27T00:00:00+00:00,3.48,3.61,3.73,3.6,3.46,3.33,3.19,3.16,3.13,3.11,3.08,3.06,3.04,3.02,3.0,2.98,2.96,2.94,2.92,2.91,2.91,2.91,2.9,2.84,2.78,2.71,2.65,2.57,2.5,2.42,2.35,2.42,2.5,2.58,2.66,2.72,2.79,2.86,2.93,3.01,3.08,3.16,3.24,3.38,3.51,3.65,3.79,3.82,3.85,3.88,3.91,3.92,3.93,3.93,3.94,4.02,4.1,4.18,4.25,4.24,4.23,4.22,4.21,4.18,4.15,4.12,4.09,4.16,4.23,4.3,4.37,4.52,4.67,4.81,4.96,4.86,4.76,4.66,4.56,4.52,4.47,4.43,4.38,4.29,4.19,4.1,4.0,3.89,3.78,3.67,3.56,3.55,3.54,3.54,3.53,3.54,3.56,3.57,3.58,3.66,3.74,3.81,3.89,3.88,3.87,3.86,3.85,3.79,3.73,3.67,3.61,3.57,3.53,3.48,3.44,3.38,3.32,3.26,3.19,3.28,3.36,3.44,3.52,3.54,3.57,3.59,3.62,3.93,4.24,4.55,4.86,4.8,4.75,4.7,4.64,4.94,5.23,5.53,5.83,5.85,5.88,5.91,5.93,5.95,5.97,6.0,6.02,6.02,6.02,6.02,6.02,5.98,5.93,5.89,5.84,5.75,5.65,5.55,5.46,5.46,5.47,5.47,5.48,,
2018-06-28T00:00:00+00:00,3.16,3.17,3.18,3.22,3.26,3.3,3.34,3.2,3.05,2.91,2.77,2.75,2.73,2.71,2.69,2.73,2.76,2.8,2.84,2.95,3.06,3.17,3.28,3.17,3.06,2.95,2.84,3.07,3.3,3.52,3.75,4.1,4.44,4.78,5.13,5.3,5.48,5.65,5.83,5.76,5.68,5.61,5.54,5.5,5.46,5.43,5.39,5.38,5.37,5.36,5.35,5.36,5.36,5.37,5.38,5.41,5.44,5.47,5.5,5.47,5.44,5.4,5.37,5.25,5.13,5.01,4.88,4.75,4.61,4.48,4.34,4.15,3.95,3.76,3.56,3.84,4.11,4.38,4.65,4.54,4.43,4.32,4.21,4.13,4.05,3.97,3.88,3.79,3.7,3.61,3.52,3.59,3.65,3.72,3.78,3.84,3.9,3.96,4.02,3.97,3.92,3.87,3.82,3.83,3.84,3.86,3.87,3.74,3.61,3.48,3.35,3.34,3.33,3.32,3.3,3.37,3.44,3.51,3.58,3.51,3.44,3.36,3.29,3.35,3.4,3.46,3.51,3.78,4.04,4.31,4.57,4.8,5.04,5.27,5.5,5.44,5.38,5.31,5.25,5.25,5.25,5.25,5.26,5.21,5.15,5.1,5.05,5.05,5.04,5.03,5.03,5.02,5.02,5.02,5.01,4.99,4.96,4.93,4.91,4.69,4.47,4.25,4.03,,
2018-06-29T00:00:00+00:00,4.02,4.0,3.97,3.9,3.84,3.77,3.7,3.6,3.5,3.4,3.3,3.27,3.25,3.23,3.2,3.18,3.15,3.13,3.1,3.06,3.02,2.97,2.93,2.97,3.01,3.06,3.1,3.21,3.31,3.42,3.53,3.83,4.12,4.41,4.71,4.83,4.95,5.06,5.18,5.1,5.02,4.94,4.86,4.73,4.61,4.49,4.36,4.33,4.3,4.27,4.24,4.21,4.18,4.15,4.12,4.04,3.95,3.87,3.78,3.8,3.82,3.84,3.85,3.89,3.93,3.97,4.0,4.11,4.22,4.33,4.43,4.51,4.58,4.66,4.74,4.75,4.76,4.78,4.79,4.86,4.94,5.01,5.08,5.01,4.93,4.86,4.79,4.7,4.61,4.52,4.43,4.34,4.26,4.17,4.08,4.01,3.94,3.86,3.79,3.68,3.57,3.47,3.36,3.39,3.42,3.45,3.48,3.44,3.39,3.35,3.3,3.25,3.2,3.15,3.09,3.04,2.99,2.93,2.88,2.89,2.89,2.9,2.9,2.84,2.77,2.71,2.64,2.67,2.69,2.72,2.75,2.98,3.22,3.46,3.7,3.7,3.7,3.7,3.7,3.71,3.71,3.72,3.72,3.76,3.8,3.84,3.88,3.85,3.83,3.8,3.78,3.77,3.75,3.74,3.72,3.8,3.89,3.97,4.05,4.05,4.05,4.06,4.06,,
2018-06-30T00:00:00+00:00,3.84,3.66,3.48,3.51,3.55,3.59,3.63,3.61,3.6,3.58,3.57,3.48,3.4,3.32,3.24,3.18,3.13,3.08,3.03,2.99,2.95,2.92,2.88,2.77,2.66,2.55,2.44,2.41,2.37,2.33,2.3,2.27,2.23,2.2,2.17,2.27,2.36,2.45,2.54,2.51,2.47,2.43,2.39,2.54,2.69,2.84,2.99,3.0,3.0,3.01,3.01,2.98,2.95,2.91,2.88,2.93,2.99,3.05,3.1,3.13,3.15,3.18,3.2,3.21,3.22,3.24,3.25,3.3,3.34,3.39,3.44,3.37,3.29,3.22,3.14,3.05,2.95,2.85,2.76,2.41,2.07,1.72,1.38,1.16,0.94,0.72,0.5,0.96,1.43,1.9,2.36,2.35,2.33,2.31,2.3,2.39,2.48,2.57,2.66,2.78,2.9,3.01,3.13,3.1,3.07,3.05,3.02,3.03,3.04,3.05,3.06,2.91,2.76,2.61,2.46,2.55,2.63,2.71,2.79,2.7,2.6,2.51,2.42,2.43,2.45,2.46,2.47,2.42,2.37,2.32,2.27,2.34,2.4,2.47,2.53,2.41,2.29,2.16,2.04,1.96,1.87,1.79,1.71,2.37,3.04,3.71,4.38,4.24,4.1,3.97,3.83,3.73,3.64,3.55,3.45,3.03,2.61,2.19,1.77,2.07,2.37,2.66,2.96,,
2018-07-01T00:00:00+00:00,2.17,1.92,1.68,1.93,2.19,2.44,2.7,2.79,2.88,2.97,3.06,3.03,2.99,2.96,2.93,2.95,2.98,3.0,3.03,3.0,2.97,2.95,2.92,2.86,2.8,2.74,2.68,2.71,2.74,2.77,2.81,2.94,3.06,3.19,3.32,3.42,3.51,3.6,3.69,3.61,3.52,3.44,3.36,3.19,3.02,2.85,2.69,2.87,3.06,3.24,3.43,3.32,3.2,3.09,2.98,2.83,2.67,2.52,2.36,2.42,2.47,2.52,2.57,2.69,2.81,2.93,3.04,3.1,3.15,3.2,3.25,2.97,2.68,2.39,2.11,2.1,2.1,2.1,2.1,2.37,2.64,2.91,3.18,3.41,3.63,3.86,4.08,4.16,4.24,4.32,4.39,4.12,3.84,3.56,3.29,3.03,2.78,2.53,2.28,2.6,2.92,3.24,3.56,3.32,3.08,2.84,2.6,2.83,3.06,3.29,3.52,2.86,2.21,1.55,0.89,1.11,1.32,1.53,1.74,1.6,1.46,1.31,1.17,1.27,1.36,1.46,1.55,1.61,1.66,1.72,1.77,1.75,1.73,1.71,1.69,1.71,1.74,1.76,1.78,1.74,1.7,1.66,1.62,1.45,1.28,1.1,0.93,1.12,1.31,1.5,1.69,1.96,2.24,2.51,2.78,2.53,2.29,2.04,1.79,1.95,2.11,2.27,2.43,,
2018-07-02T00:00:00+00:00,2.32,2.15,1.99,2.54,3.1,3.65,4.21,4.1,3.99,3.88,3.77,3.59,3.41,3.23,3.05,3.04,3.04,3.03,3.03,2.67,2.31,1.95,1.59,1.21,0.83,0.46,0.08,0.36,0.64,0.92,1.2,1.58,1.96,2.34,2.72,2.46,2.2,1.93,1.67,1.75,1.84,1.93,2.02,2.12,2.22,2.32,2.42,2.3,2.19,2.07,1.95,1.98,2.01,2.04,2.07,1.78,1.49,1.2,0.91,0.98,1.04,1.11,1.18,1.46,1.73,2.01,2.28,2.31,2.34,2.37,2.4,2.28,2.15,2.03,1.9,2.05,2.2,2.34,2.49,2.54,2.59,2.63,2.68,2.69,2.71,2.72,2.73,2.76,2.79,2.82,2.85,2.88,2.91,2.94,2.98,2.91,2.85,2.79,2.72,2.58,2.43,2.29,2.14,2.13,2.11,2.1,2.08,2.1,2.11,2.13,2.14,2.18,2.21,2.24,2.28,2.4,2.53,2.66,2.79,2.85,2.91,2.97,3.03,3.1,3.18,3.25,3.33,3.15,2.97,2.79,2.62,2.6,2.58,2.57,2.55,2.88,3.2,3.52,3.85,3.67,3.49,3.32,3.14,3.11,3.08,3.05,3.03,3.01,2.99,2.97,2.95,2.83,2.7,2.58,2.46,2.6,2.75,2.9,3.05,2.93,2.81,2.7,2.58,,
2018-07-03T00:00:00+00:00,1.97,1.82,1.67,1.52,1.37,1.22,1.07,1.24,1.4,1.57,1.74,1.91,2.09,2.27,2.45,2.23,2.01,1.8,1.58,1.73,1.88,2.03,2.17,2.33,2.48,2.64,2.79,2.78,2.78,2.77,2.76,2.66,2.56,2.46,2.37,2.27,2.17,2.07,1.97,2.02,2.07,2.13,2.18,2.26,2.33,2.41,2.49,2.5,2.52,2.53,2.55,2.49,2.44,2.38,2.33,2.23,2.13,2.03,1.94,1.88,1.83,1.77,1.72,1.77,1.83,1.88,1.94,2.0,2.07,2.13,2.2,2.01,1.83,1.64,1.45,1.72,1.99,2.25,2.52,2.6,2.67,2.75,2.83,2.44,2.06,1.68,1.3,1.4,1.51,1.62,1.73,1.6,1.46,1.33,1.19,1.27,1.35,1.43,1.51,1.62,1.72,1.83,1.93,1.89,1.84,1.79,1.75,1.65,1.55,1.46,1.36,1.48,1.6,1.72,1.84,1.82,1.79,1.77,1.75,1.83,1.91,1.99,2.07,2.14,2.2,2.26,2.32,2.43,2.54,2.65,2.76,2.67,2.58,2.49,2.4,2.64,2.87,3.1,3.34,3.19,3.04,2.9,2.75,2.43,2.1,1.78,1.46,1.55,1.64,1.73,1.83,1.94,2.05,2.16,2.28,2.0,1.73,1.46,1.19,1.12,1.06,1.0,0.94,,
2018-07-04T00:00:00+00:00,2.08,2.14,2.2,2.16,2.12,2.08,2.04,2.0,1.95,1.91,1.86,1.9,1.95,1.99,2.03,1.92,1.8,1.69,1.57,1.62,1.67,1.72,1.78,1.85,1.93,2.01,2.09,2.24,2.4,2.55,2.7,2.62,2.54,2.46,2.38,2.52,2.66,2.8,2.93,2.83,2.73,2.63,2.53,2.35,2.17,1.99,1.81,2.16,2.51,2.86,3.21,3.1,2.98,2.87,2.76,2.76,2.75,2.75,2.75,2.57,2.38,2.2,2.02,2.09,2.16,2.23,2.3,2.39,2.49,2.58,2.68,2.83,2.98,3.13,3.28,3.41,3.54,3.68,3.81,3.67,3.54,3.41,3.27,3.34,3.4,3.47,3.54,3.22,2.9,2.59,2.27,1.84,1.41,0.98,0.55,1.43,2.31,3.18,4.06,4.01,3.96,3.91,3.86,3.71,3.56,3.4,3.25,3.15,3.05,2.95,2.85,2.49,2.14,1.78,1.43,1.62,1.81,1.99,2.18,2.51,2.84,3.16,3.49,3.2,2.91,2.62,2.32,2.34,2.35,2.36,2.38,2.66,2.94,3.22,3.5,3.59,3.67,3.76,3.84,3.7,3.55,3.41,3.27,3.5,3.73,3.96,4.19,4.3,4.41,4.52,4.64,4.52,4.4,4.28,4.17,4.12,4.07,4.02,3.97,3.68,3.39,3.1,2.81,,
2018-07-05T00:00:00+00:00
2018-07-06T00:00:00+00:00,2.58,2.72,2.85,2.73,2.61,2.48,2.36,2.29,2.23,2.16,2.1,1.96,1.82,1.68,1.54,1.55,1.55,1.56,1.56,1.53,1.5,1.47,1.43,1.28,1.13,0.98,0.83,0.83,0.82,0.81,0.81,0.92,1.03,1.15,1.26,1.29,1.32,1.35,1.38,1.43,1.48,1.53,1.59,1.64,1.69,1.73,1.78,1.72,1.66,1.59,1.53,1.24,0.95,0.66,0.37,0.41,0.44,0.48,0.51,0.74,0.97,1.19,1.42,1.34,1.26,1.18,1.1,1.2,1.3,1.4,1.5,1.5,1.5,1.5,1.51,2.01,2.51,3.01,3.51,3.25,2.98,2.72,2.45,2.23,2.01,1.79,1.57,1.5,1.43,1.36,1.29,1.47,1.64,1.82,2.0,2.21,2.41,2.62,2.83,2.78,2.74,2.7,2.66,2.64,2.62,2.6,2.59,2.39,2.19,1.99,1.8,1.6,1.41,1.22,1.03,1.0,0.98,0.96,0.93,0.88,0.84,0.79,0.74,0.84,0.93,1.03,1.13,1.04,0.94,0.85,0.76,0.78,0.79,0.81,0.83,0.98,1.13,1.28,1.43,1.37,1.31,1.25,1.19,1.04,0.88,0.72,0.56,0.84,1.11,1.38,1.65,1.81,1.97,2.13,2.28,2.4,2.51,2.62,2.73,2.85,2.97,3.1,3.22,,
2018-07-07T00:00:00+00:00,1.66,1.59,1.52,1.74,1.97,2.2,2.43,2.48,2.52,2.57,2.62,2.47,2.33,2.18,2.04,1.79,1.54,1.29,1.04,0.95,0.87,0.78,0.7,0.94,1.18,1.43,1.67,1.73,1.79,1.85,1.91,1.91,1.9,1.9,1.89,1.86,1.82,1.79,1.75,1.85,1.95,2.04,2.14,2.24,2.33,2.43,2.52,2.61,2.69,2.78,2.86,2.92,2.98,3.04,3.1,3.07,3.05,3.02,3.0,2.95,2.89,2.84,2.78,2.78,2.77,2.77,2.76,2.68,2.59,2.51,2.43,2.61,2.79,2.97,3.15,3.15,3.15,3.16,3.16,3.34,3.51,3.69,3.86,3.72,3.58,3.44,3.3,3.17,3.03,2.9,2.77,2.65,2.52,2.4,2.28,2.06,1.84,1.61,1.39,1.34,1.29,1.24,1.19,1.22,1.24,1.27,1.3,1.38,1.46,1.53,1.61,1.39,1.18,0.96,0.75,0.77,0.78,0.8,0.82,0.79,0.77,0.75,0.72,0.92,1.12,1.32,1.51,1.75,1.98,2.21,2.44,2.52,2.61,2.7,2.78,2.61,2.43,2.26,2.09,2.37,2.66,2.94,3.22,3.38,3.53,3.69,3.84,3.88,3.93,3.97,4.01,4.02,4.04,4.05,4.07,4.14,4.22,4.3,4.37,4.48,4.6,4.71,4.82,,
2018-07-08T00:00:00+00:00,1.5,1.58,1.66,1.78,1.91,2.03,2.16,2.16,2.15,2.15,2.15,2.06,1.96,1.87,1.77,1.54,1.3,1.06,0.82,0.77,0.72,0.67,0.62,0.56,0.5,0.44,0.38,0.5,0.61,0.72,0.84,1.02,1.2,1.38,1.56,1.51,1.47,1.42,1.37,1.68,1.98,2.29,2.59,2.79,2.98,3.18,3.38,3.36,3.35,3.33,3.32,3.14,2.96,2.78,2.61,2.79,2.97,3.15,3.34,3.44,3.53,3.63,3.73,3.66,3.59,3.52,3.46,3.49,3.52,3.56,3.59,3.72,3.86,4.0,4.13,4.24,4.36,4.47,4.58,4.39,4.2,4.0,3.81,3.67,3.53,3.38,3.24,3.35,3.46,3.56,3.67,3.68,3.69,3.69,3.7,3.62,3.55,3.47,3.39,3.36,3.32,3.29,3.25,3.37,3.49,3.6,3.72,3.6,3.48,3.36,3.24,3.31,3.39,3.46,3.53,3.51,3.49,3.48,3.46,3.6,3.75,3.9,4.04,4.13,4.22,4.3,4.39,4.42,4.46,4.49,4.53,4.47,4.41,4.35,4.29,4.18,4.08,3.97,3.86,3.9,3.94,3.97,4.01,4.04,4.07,4.1,4.14,4.24,4.34,4.44,4.54,4.55,4.57,4.59,4.61,4.51,4.42,4.32,4.23,4.21,4.2,4.18,4.16,,
2018-07-09T00:00:00+00:00,3.2,3.15,3.09,3.14,3.18,3.23,3.27,3.32,3.36,3.41,3.46,3.45,3.45,3.44,3.44,3.37,3.29,3.22,3.14,3.27,3.39,3.51,3.64,3.66,3.67,3.69,3.71,3.86,4.01,4.16,4.31,4.35,4.4,4.44,4.48,4.49,4.5,4.51,4.52,4.44,4.35,4.26,4.18,4.22,4.27,4.31,4.36,4.38,4.4,4.42,4.44,4.45,4.47,4.49,4.51,4.43,4.36,4.29,4.21,4.16,4.11,4.06,4.0,3.99,3.97,3.95,3.93,3.79,3.65,3.51,3.36,3.41,3.46,3.5,3.55,3.59,3.63,3.67,3.71,3.66,3.62,3.57,3.53,3.54,3.55,3.56,3.58,3.44,3.31,3.18,3.04,2.97,2.89,2.81,2.73,2.82,2.91,3.0,3.08,3.13,3.18,3.23,3.28,3.28,3.27,3.27,3.27,3.04,2.81,2.58,2.34,2.31,2.28,2.25,2.22,2.43,2.64,2.85,3.06,3.04,3.03,3.01,3.0,3.04,3.08,3.12,3.17,3.21,3.26,3.3,3.35,3.43,3.52,3.6,3.68,3.72,3.76,3.8,3.84,3.83,3.82,3.81,3.8,3.83,3.87,3.9,3.93,3.98,4.03,4.07,4.12,4.22,4.32,4.42,4.52,4.48,4.43,4.38,4.34,4.32,4.3,4.28,4.26,,
2018-07-10T00:00:00+00:00,2.46,2.53,2.59,2.62,2.65,2.68,2.71,2.46,2.22,1.98,1.73,1.87,2.01,2.15,2.29,2.42,2.54,2.67,2.79,2.92,3.05,3.18,3.3,3.41,3.51,3.61,3.71,3.73,3.76,3.78,3.8,3.75,3.69,3.64,3.59,3.56,3.53,3.5,3.48,3.46,3.44,3.42,3.4,3.43,3.45,3.48,3.51,3.54,3.57,3.59,3.62,3.63,3.64,3.65,3.66,3.96,4.25,4.54,4.83,4.7,4.57,4.44,4.31,4.17,4.03,3.89,3.75,3.63,3.52,3.4,3.29,3.48,3.68,3.87,4.06,4.06,4.06,4.06,4.06,4.02,3.97,3.93,3.89,3.99,4.1,4.2,4.31,4.22,4.14,4.05,3.97,3.75,3.54,3.32,3.1,3.14,3.17,3.2,3.24,3.17,3.1,3.03,2.97,2.98,3.0,3.01,3.03,3.06,3.1,3.14,3.18,3.15,3.12,3.09,3.06,3.02,2.97,2.92,2.87,2.89,2.91,2.93,2.95,3.09,3.22,3.35,3.49,3.44,3.4,3.36,3.31,3.34,3.36,3.39,3.41,3.21,3.01,2.81,2.61,2.85,3.1,3.34,3.58,3.44,3.3,3.16,3.02,3.23,3.44,3.65,3.86,3.72,3.59,3.45,3.31,3.33,3.36,3.38,3.4,3.33,3.26,3.19,3.12,,
2018-07-11T00:00:00+00:00,2.35,2.2,2.05,1.99,1.94,1.88,1.83,2.0,2.17,2.34,2.52,2.62,2.72,2.82,2.93,2.86,2.79,2.72,2.65,2.65,2.65,2.65,2.65,2.72,2.79,2.86,2.92,2.96,3.0,3.04,3.07,3.23,3.39,3.54,3.7,3.69,3.69,3.68,3.67,3.54,3.4,3.26,3.12,3.07,3.03,2.98,2.93,3.21,3.49,3.76,4.04,4.12,4.2,4.29,4.37,4.18,4.0,3.82,3.63,3.56,3.5,3.43,3.37,3.6,3.83,4.07,4.3,4.03,3.76,3.49,3.23,3.15,3.08,3.0,2.93,2.8,2.68,2.55,2.42,2.42,2.42,2.42,2.42,2.45,2.47,2.5,2.53,2.58,2.64,2.7,2.76,2.85,2.94,3.03,3.12,3.16,3.2,3.23,3.27,3.17,3.07,2.97,2.87,2.6,2.32,2.05,1.78,1.9,2.02,2.13,2.25,2.35,2.45,2.55,2.65,2.67,2.69,2.7,2.72,2.73,2.74,2.75,2.77,2.75,2.72,2.7,2.68,2.79,2.89,3.0,3.1,2.81,2.52,2.23,1.94,2.05,2.17,2.28,2.39,2.28,2.17,2.06,1.94,1.97,2.0,2.03,2.05,2.19,2.33,2.47,2.61,2.53,2.45,2.37,2.29,2.35,2.41,2.48,2.54,2.62,2.7,2.78,2.87,,
2018-07-12T00:00:00+00:00,2.13,2.07,2.01,2.13,2.26,2.38,2.5,2.53,2.56,2.59,2.62,2.54,2.45,2.36,2.28,2.22,2.16,2.1,2.03,2.07,2.12,2.16,2.2,2.19,2.18,2.18,2.17,2.21,2.25,2.29,2.34,2.28,2.23,2.18,2.13,2.19,2.24,2.3,2.35,2.29,2.24,2.18,2.12,2.18,2.24,2.3,2.36,2.4,2.44,2.48,2.52,2.52,2.52,2.52,2.52,2.55,2.59,2.63,2.67,2.63,2.58,2.54,2.5,2.55,2.61,2.66,2.72,2.95,3.18,3.41,3.64,3.37,3.1,2.83,2.56,2.52,2.48,2.44,2.39,2.48,2.56,2.64,2.72,2.85,2.97,3.1,3.22,3.28,3.33,3.39,3.44,3.32,3.19,3.07,2.95,3.01,3.07,3.13,3.19,3.09,3.0,2.9,2.81,2.84,2.88,2.91,2.95,2.85,2.75,2.65,2.55,2.52,2.49,2.45,2.42,2.44,2.46,2.48,2.5,2.54,2.59,2.63,2.67,2.77,2.86,2.96,3.05,3.05,3.06,3.06,3.06,3.16,3.26,3.36,3.46,3.4,3.35,3.3,3.24,3.25,3.26,3.27,3.28,3.18,3.08,2.98,2.88,2.77,2.66,2.55,2.43,2.05,1.67,1.29,0.91,1.33,1.74,2.16,2.58,3.26,3.94,4.61,5.29,,
2018-07-13T00:00:00+00:00,2.57,2.54,2.52,2.56,2.59,2.63,2.67,2.57,2.48,2.39,2.3,2.28,2.26,2.25,2.23,2.21,2.2,2.18,2.16,2.11,2.06,2.0,1.95,1.89,1.82,1.75,1.69,1.67,1.65,1.63,1.62,1.69,1.77,1.85,1.93,1.85,1.78,1.7,1.63,1.52,1.41,1.3,1.2,1.13,1.06,0.99,0.92,1.06,1.21,1.35,1.49,1.54,1.59,1.65,1.7,1.82,1.93,2.04,2.15,1.91,1.67,1.43,1.18,1.7,2.22,2.74,3.26,3.27,3.29,3.3,3.31,3.31,3.3,3.3,3.3,3.38,3.46,3.55,3.63,3.66,3.7,3.74,3.78,3.62,3.46,3.3,3.15,3.04,2.94,2.84,2.73,2.62,2.5,2.38,2.26,2.27,2.29,2.3,2.31,2.35,2.38,2.41,2.45,2.48,2.51,2.54,2.57,2.5,2.44,2.38,2.32,2.3,2.29,2.27,2.25,2.23,2.21,2.19,2.17,2.17,2.18,2.18,2.19,2.29,2.4,2.5,2.6,2.7,2.8,2.89,2.99,3.01,3.03,3.05,3.08,2.97,2.86,2.75,2.64,2.68,2.73,2.78,2.82,2.68,2.54,2.4,2.26,2.35,2.43,2.51,2.59,2.69,2.79,2.88,2.98,3.18,3.38,3.59,3.79,3.86,3.94,4.01,4.09,,
2018-07-14T00:00:00+00:00,1.76,1.77,1.78,1.94,2.1,2.26,2.42,2.44,2.46,2.49,2.51,2.47,2.43,2.4,2.36,2.32,2.28,2.23,2.19,2.2,2.21,2.23,2.24,2.22,2.2,2.18,2.17,2.26,2.36,2.45,2.55,2.51,2.47,2.43,2.39,2.15,1.91,1.66,1.42,1.25,1.08,0.91,0.74,1.17,1.61,2.05,2.49,2.41,2.32,2.24,2.15,2.08,2.0,1.92,1.84,1.83,1.81,1.79,1.78,1.95,2.13,2.31,2.49,2.65,2.81,2.97,3.13,3.02,2.91,2.8,2.69,2.87,3.04,3.22,3.4,3.29,3.18,3.07,2.96,2.8,2.65,2.49,2.33,2.35,2.37,2.39,2.41,2.42,2.43,2.44,2.45,2.49,2.53,2.57,2.61,2.62,2.63,2.64,2.66,2.69,2.73,2.76,2.8,2.75,2.69,2.64,2.59,2.5,2.41,2.32,2.23,2.0,1.77,1.53,1.3,1.24,1.17,1.11,1.04,1.24,1.43,1.62,1.82,1.83,1.84,1.86,1.87,1.97,2.07,2.17,2.28,2.19,2.1,2.02,1.93,2.03,2.12,2.21,2.31,2.37,2.43,2.5,2.56,2.47,2.38,2.29,2.2,2.17,2.14,2.11,2.08,2.1,2.12,2.14,2.16,2.26,2.37,2.47,2.58,2.55,2.52,2.49,2.46,,
2018-07-15T00:00:00+00:00,2.18,2.45,2.73,2.67,2.62,2.56,2.51,2.48,2.44,2.41,2.38,2.47,2.55,2.64,2.73,2.87,3.0,3.14,3.28,3.12,2.96,2.79,2.63,2.41,2.18,1.95,1.72,1.74,1.75,1.77,1.78,2.09,2.39,2.7,3.0,2.72,2.44,2.16,1.88,1.74,1.61,1.47,1.33,1.33,1.33,1.33,1.32,1.14,0.96,0.78,0.6,1.93,3.27,4.61,5.94,5.04,4.14,3.24,2.34,2.52,2.69,2.87,3.04,2.77,2.49,2.21,1.93,2.04,2.16,2.28,2.39,2.38,2.37,2.37,2.36,2.32,2.28,2.24,2.2,1.87,1.55,1.22,0.89,1.0,1.11,1.22,1.33,1.5,1.68,1.86,2.04,1.91,1.79,1.67,1.54,1.61,1.68,1.75,1.82,1.8,1.77,1.75,1.72,1.76,1.81,1.85,1.9,1.81,1.72,1.63,1.54,1.69,1.83,1.98,2.12,1.95,1.78,1.6,1.43,1.51,1.59,1.67,1.75,1.84,1.94,2.03,2.12,2.16,2.2,2.24,2.28,2.37,2.45,2.54,2.63,2.64,2.66,2.67,2.68,2.59,2.5,2.4,2.31,2.56,2.81,3.06,3.3,3.26,3.21,3.16,3.12,3.64,4.17,4.7,5.23,4.68,4.13,3.57,3.02,2.74,2.45,2.17,1.88,,
2018-07-16T00:00:00+00:00,2.9,2.96,3.03,2.72,2.41,2.09,1.78,1.77,1.75,1.73,1.71,1.87,2.02,2.18,2.33,2.14,1.95,1.76,1.57,1.47,1.38,1.29,1.19,1.19,1.19,1.19,1.19,1.32,1.46,1.6,1.73,1.97,2.21,2.44,2.68,2.72,2.76,2.8,2.85,2.91,2.97,3.04,3.1,2.88,2.65,2.42,2.2,2.13,2.06,1.99,1.93,1.91,1.89,1.87,1.86,1.85,1.84,1.84,1.83,2.93,4.03,5.12,6.22,5.38,4.53,3.68,2.84,2.89,2.95,3.0,3.06,2.89,2.71,2.54,2.37,2.5,2.62,2.75,2.88,2.84,2.81,2.77,2.74,2.67,2.59,2.52,2.44,2.46,2.47,2.49,2.5,2.42,2.33,2.25,2.17,2.21,2.25,2.3,2.34,2.48,2.61,2.75,2.88,2.86,2.83,2.81,2.78,2.93,3.07,3.22,3.37,3.25,3.14,3.03,2.91,2.76,2.62,2.47,2.33,2.32,2.32,2.31,2.31,2.31,2.3,2.3,2.3,2.59,2.87,3.16,3.44,3.28,3.12,2.97,2.81,2.53,2.25,1.96,1.68,1.82,1.95,2.09,2.22,2.41,2.6,2.79,2.98,3.12,3.26,3.4,3.55,3.56,3.56,3.57,3.58,3.43,3.27,3.12,2.97,2.79,2.61,2.44,2.26,,
2018-07-17T00:00:00+00:00,1.41,1.44,1.47,1.51,1.55,1.59,1.64,1.76,1.88,2.0,2.13,2.0,1.87,1.74,1.62,1.57,1.53,1.49,1.45,1.51,1.56,1.62,1.67,1.68,1.68,1.68,1.68,1.8,1.92,2.04,2.16,2.11,2.05,2.0,1.95,1.82,1.68,1.55,1.42,1.65,1.87,2.09,2.31,2.55,2.78,3.01,3.24,3.0,2.75,2.51,2.27,2.25,2.22,2.2,2.17,2.11,2.05,1.98,1.92,1.92,1.91,1.91,1.9,1.91,1.92,1.92,1.93,1.6,1.28,0.95,0.63,0.72,0.81,0.9,1.0,1.06,1.13,1.19,1.25,1.88,2.5,3.12,3.74,3.62,3.5,3.38,3.27,3.17,3.08,2.98,2.89,2.87,2.86,2.85,2.84,2.79,2.75,2.71,2.66,2.52,2.38,2.23,2.09,2.05,2.01,1.96,1.92,1.97,2.02,2.06,2.11,2.07,2.02,1.98,1.94,1.99,2.04,2.09,2.14,2.26,2.38,2.5,2.62,2.55,2.47,2.39,2.32,2.15,1.98,1.82,1.65,1.58,1.51,1.43,1.36,1.28,1.2,1.13,1.05,1.06,1.07,1.07,1.08,1.15,1.21,1.27,1.34,1.45,1.56,1.67,1.78,1.8,1.83,1.85,1.87,1.86,1.85,1.84,1.83,1.77,1.71,1.65,1.59,,
2018-07-18T00:00:00+00:00,2.8,2.69,2.58,2.58,2.59,2.59,2.6,2.54,2.49,2.44,2.39,2.28,2.16,2.05,1.94,1.98,2.01,2.05,2.09,2.14,2.19,2.24,2.29,2.32,2.36,2.39,2.42,2.33,2.23,2.14,2.04,2.02,2.0,1.97,1.95,1.84,1.72,1.61,1.49,1.6,1.72,1.83,1.94,1.8,1.65,1.51,1.36,1.25,1.14,1.03,0.92,0.79,0.67,0.54,0.41,0.5,0.6,0.69,0.78,0.98,1.19,1.4,1.6,1.85,2.09,2.34,2.58,2.87,3.15,3.44,3.72,3.75,3.78,3.81,3.83,3.78,3.73,3.68,3.63,3.71,3.78,3.86,3.93,3.94,3.95,3.97,3.98,3.83,3.68,3.53,3.39,3.27,3.16,3.04,2.93,2.78,2.64,2.5,2.36,2.36,2.36,2.36,2.37,2.5,2.63,2.76,2.89,2.94,2.98,3.03,3.08,2.87,2.67,2.47,2.27,2.27,2.26,2.26,2.25,2.31,2.36,2.42,2.47,2.37,2.26,2.15,2.04,2.05,2.06,2.07,2.08,2.16,2.24,2.32,2.4,2.39,2.38,2.37,2.37,2.15,1.94,1.73,1.51,1.41,1.31,1.21,1.11,0.98,0.85,0.72,0.59,0.65,0.7,0.76,0.81,0.94,1.07,1.2,1.33,1.35,1.36,1.38,1.4,,
2018-07-19T00:00:00+00:00,2.8,2.7,2.59,2.59,2.59,2.58,2.58,2.6,2.62,2.64,2.66,2.64,2.62,2.6,2.58,2.42,2.26,2.1,1.94,2.0,2.07,2.13,2.19,2.21,2.22,2.23,2.25,2.32,2.39,2.46,2.53,2.65,2.77,2.89,3.01,2.99,2.96,2.93,2.91,2.86,2.81,2.76,2.71,2.55,2.38,2.22,2.06,1.94,1.83,1.72,1.61,1.51,1.42,1.32,1.23,1.13,1.03,0.93,0.83,1.04,1.24,1.45,1.65,1.95,2.25,2.54,2.84,2.77,2.7,2.62,2.55,2.46,2.37,2.28,2.19,2.2,2.22,2.23,2.24,2.93,3.62,4.32,5.01,4.46,3.92,3.38,2.83,2.23,1.64,1.04,0.45,0.8,1.16,1.52,1.88,1.84,1.8,1.76,1.71,1.78,1.85,1.92,1.98,2.03,2.07,2.11,2.15,1.95,1.75,1.56,1.36,1.37,1.39,1.4,1.42,1.17,0.92,0.67,0.43,0.64,0.85,1.06,1.27,1.44,1.6,1.77,1.94,1.88,1.82,1.75,1.69,1.84,1.99,2.13,2.28,2.61,2.94,3.27,3.6,3.55,3.5,3.45,3.4,3.61,3.83,4.04,4.26,4.03,3.8,3.57,3.35,3.29,3.23,3.18,3.12,3.11,3.1,3.09,3.08,3.11,3.15,3.18,3.22,,
2018-07-20T00:00:00+00:00,1.71,1.39,1.06,1.28,1.5,1.73,1.95,2.09,2.24,2.38,2.53,2.44,2.35,2.26,2.16,2.17,2.18,2.18,2.19,2.17,2.16,2.14,2.13,2.2,2.27,2.34,2.41,2.42,2.43,2.44,2.45,2.37,2.3,2.23,2.16,2.13,2.11,2.08,2.05,1.99,1.93,1.87,1.81,2.22,2.63,3.03,3.44,3.58,3.72,3.86,4.01,4.11,4.21,4.31,4.41,4.35,4.28,4.21,4.15,4.35,4.55,4.75,4.95,4.18,3.41,2.64,1.88,2.16,2.44,2.72,3.0,2.68,2.36,2.03,1.71,1.55,1.39,1.24,1.08,0.93,0.78,0.63,0.48,0.45,0.41,0.37,0.34,0.3,0.27,0.23,0.19,0.61,1.03,1.45,1.87,2.0,2.13,2.27,2.4,2.4,2.4,2.41,2.41,2.55,2.7,2.85,3.0,2.95,2.91,2.86,2.81,2.62,2.43,2.24,2.05,2.02,2.0,1.97,1.95,1.97,2.0,2.03,2.05,2.06,2.07,2.08,2.09,2.14,2.2,2.25,2.3,2.4,2.5,2.6,2.7,2.75,2.79,2.84,2.89,2.99,3.1,3.21,3.32,3.24,3.16,3.08,3.0,2.77,2.54,2.32,2.09,2.19,2.29,2.39,2.49,2.84,3.19,3.54,3.89,3.59,3.3,3.01,2.72,,
2018-07-21T00:00:00+00:00,2.7,2.5,2.3,2.35,2.41,2.46,2.52,2.56,2.61,2.65,2.7,2.64,2.59,2.53,2.48,2.55,2.62,2.68,2.75,2.78,2.81,2.85,2.88,2.76,2.64,2.52,2.4,2.36,2.33,2.29,2.25,2.17,2.09,2.0,1.92,1.83,1.74,1.65,1.56,1.52,1.49,1.45,1.41,1.42,1.43,1.44,1.44,1.46,1.47,1.49,1.5,1.62,1.74,1.85,1.97,2.15,2.32,2.5,2.68,2.65,2.63,2.6,2.57,2.81,3.05,3.29,3.53,3.55,3.56,3.58,3.6,3.48,3.35,3.23,3.11,2.94,2.77,2.6,2.44,2.32,2.2,2.07,1.95,2.0,2.05,2.1,2.15,2.24,2.34,2.44,2.53,2.34,2.14,1.95,1.75,1.92,2.08,2.24,2.41,2.42,2.43,2.43,2.44,2.41,2.38,2.35,2.31,2.26,2.21,2.16,2.11,2.06,2.01,1.97,1.92,1.75,1.59,1.42,1.25,1.23,1.2,1.18,1.15,1.29,1.43,1.57,1.71,1.74,1.78,1.81,1.85,1.87,1.9,1.92,1.95,1.97,2.0,2.03,2.06,2.13,2.21,2.28,2.36,2.36,2.37,2.38,2.39,2.47,2.56,2.65,2.73,2.75,2.76,2.78,2.79,2.93,3.07,3.21,3.35,3.34,3.33,3.32,3.31,,
2018-07-22T00:00:00+00:00,2.19,2.29,2.4,2.45,2.51,2.57,2.63,2.63,2.63,2.62,2.62,2.5,2.38,2.25,2.13,2.12,2.1,2.09,2.08,2.01,1.95,1.89,1.82,1.76,1.7,1.64,1.58,1.49,1.39,1.3,1.2,1.32,1.44,1.56,1.68,1.62,1.56,1.5,1.44,1.44,1.44,1.44,1.44,1.45,1.45,1.45,1.46,1.49,1.51,1.54,1.57,1.6,1.64,1.67,1.71,1.94,2.16,2.39,2.61,2.48,2.35,2.23,2.1,2.13,2.17,2.2,2.24,2.27,2.31,2.34,2.37,2.33,2.29,2.25,2.21,1.89,1.58,1.26,0.94,1.57,2.2,2.83,3.45,3.3,3.14,2.99,2.83,2.75,2.67,2.58,2.5,2.36,2.23,2.1,1.96,1.98,2.0,2.02,2.04,2.03,2.02,2.02,2.01,2.01,2.02,2.02,2.02,1.93,1.84,1.75,1.66,1.58,1.49,1.41,1.33,1.29,1.25,1.21,1.17,1.22,1.27,1.32,1.37,1.35,1.33,1.31,1.3,1.3,1.3,1.3,1.3,1.4,1.5,1.6,1.7,1.67,1.64,1.61,1.58,1.6,1.61,1.63,1.65,1.62,1.6,1.58,1.56,1.55,1.55,1.55,1.54,1.53,1.52,1.51,1.5,1.47,1.43,1.39,1.36,1.3,1.25,1.19,1.13,,
2018-07-23T00:00:00+00:00,1.81,1.9,1.99,2.0,2.02,2.03,2.04,2.08,2.12,2.16,2.2,2.17,2.14,2.11,2.08,2.07,2.07,2.06,2.06,1.95,1.84,1.73,1.62,1.58,1.54,1.5,1.46,1.37,1.28,1.19,1.1,1.11,1.13,1.14,1.16,1.09,1.02,0.95,0.88,0.83,0.78,0.73,0.68,0.72,0.76,0.81,0.85,0.82,0.8,0.77,0.74,0.79,0.84,0.89,0.93,0.94,0.94,0.94,0.94,0.85,0.76,0.67,0.58,0.59,0.6,0.61,0.62,0.65,0.69,0.72,0.75,1.1,1.45,1.8,2.16,2.02,1.88,1.74,1.61,1.54,1.48,1.41,1.35,1.2,1.04,0.89,0.74,0.9,1.07,1.23,1.4,1.39,1.39,1.39,1.38,1.42,1.45,1.49,1.52,1.51,1.5,1.49,1.47,1.45,1.42,1.4,1.37,1.42,1.47,1.52,1.57,1.5,1.43,1.36,1.29,1.38,1.48,1.57,1.67,1.64,1.61,1.58,1.55,1.62,1.7,1.77,1.84,1.85,1.87,1.88,1.89,1.72,1.55,1.38,1.21,1.66,2.11,2.56,3.01,2.79,2.57,2.35,2.14,2.17,2.2,2.23,2.27,2.81,3.36,3.9,4.45,3.57,2.7,1.82,0.94,1.53,2.12,2.71,3.3,2.77,2.24,1.71,1.18,,
2018-07-24T00:00:00+00:00,1.83,1.78,1.73,1.71,1.69,1.68,1.66,1.57,1.49,1.41,1.33,1.39,1.45,1.52,1.58,1.55,1.53,1.51,1.49,1.4,1.32,1.23,1.15,1.23,1.31,1.38,1.46,1.58,1.7,1.81,1.93,1.92,1.9,1.89,1.87,1.85,1.83,1.81,1.79,1.75,1.7,1.66,1.62,1.41,1.19,0.98,0.76,0.68,0.6,0.52,0.44,0.73,1.03,1.33,1.63,1.68,1.72,1.77,1.82,2.22,2.62,3.02,3.42,3.35,3.28,3.21,3.14,3.02,2.89,2.76,2.63,2.81,2.98,3.16,3.34,3.16,2.98,2.8,2.62,2.37,2.12,1.87,1.61,1.67,1.74,1.8,1.86,2.0,2.15,2.3,2.44,2.5,2.55,2.6,2.65,2.68,2.71,2.73,2.76,2.81,2.87,2.92,2.98,2.84,2.71,2.57,2.44,2.52,2.6,2.68,2.76,2.68,2.6,2.52,2.44,2.29,2.13,1.97,1.82,1.81,1.8,1.79,1.77,1.76,1.75,1.73,1.72,1.81,1.91,2.0,2.1,2.08,2.06,2.04,2.03,1.99,1.96,1.93,1.9,1.89,1.89,1.89,1.88,1.88,1.87,1.86,1.85,1.93,2.01,2.09,2.17,2.19,2.21,2.23,2.25,2.36,2.48,2.59,2.71,2.5,2.29,2.08,1.88,,
2018-07-25T00:00:00+00:00,2.49,2.59,2.68,2.58,2.48,2.38,2.28,2.34,2.39,2.44,2.49,2.52,2.55,2.59,2.62,2.55,2.48,2.41,2.35,2.16,1.98,1.79,1.6,1.44,1.27,1.1,0.94,1.07,1.21,1.34,1.48,1.58,1.69,1.79,1.9,1.9,1.9,1.89,1.89,1.83,1.78,1.72,1.67,1.68,1.7,1.72,1.73,1.72,1.7,1.69,1.67,1.67,1.66,1.66,1.66,2.14,2.62,3.1,3.57,3.41,3.25,3.08,2.92,2.57,2.22,1.87,1.52,1.55,1.59,1.62,1.66,1.84,2.02,2.2,2.38,2.45,2.51,2.58,2.65,2.84,3.03,3.23,3.42,3.34,3.25,3.17,3.09,2.93,2.77,2.61,2.45,2.38,2.31,2.25,2.18,2.15,2.12,2.09,2.06,2.06,2.06,2.06,2.06,2.09,2.12,2.16,2.19,2.01,1.84,1.67,1.49,1.34,1.18,1.03,0.87,0.88,0.88,0.89,0.89,0.86,0.83,0.8,0.77,0.86,0.95,1.04,1.14,1.14,1.14,1.14,1.14,1.26,1.38,1.5,1.61,1.41,1.21,1.01,0.81,0.86,0.92,0.98,1.04,1.13,1.22,1.31,1.4,1.21,1.03,0.85,0.66,0.68,0.69,0.71,0.72,0.96,1.2,1.44,1.68,1.57,1.45,1.34,1.22,,
2018-07-26T00:00:00+00:00,1.78,1.8,1.82,1.77,1.73,1.69,1.65,1.5,1.35,1.19,1.04,1.02,0.99,0.96,0.93,1.03,1.12,1.22,1.31,1.14,0.97,0.8,0.63,0.71,0.78,0.86,0.94,0.94,0.95,0.95,0.96,0.89,0.81,0.74,0.67,0.61,0.55,0.49,0.42,0.68,0.94,1.2,1.45,1.63,1.81,1.99,2.17,2.28,2.39,2.5,2.61,2.36,2.12,1.87,1.62,1.59,1.56,1.53,1.5,1.32,1.13,0.94,0.75,1.15,1.56,1.96,2.36,2.0,1.64,1.28,0.92,1.14,1.36,1.59,1.81,1.75,1.7,1.64,1.58,1.35,1.11,0.87,0.63,0.81,0.99,1.17,1.35,1.28,1.2,1.13,1.05,1.25,1.46,1.66,1.87,1.46,1.04,0.63,0.21,0.41,0.61,0.8,1.0,1.1,1.21,1.31,1.41,1.36,1.3,1.24,1.19,1.63,2.07,2.52,2.96,2.84,2.71,2.59,2.47,2.2,1.94,1.68,1.41,1.7,1.98,2.27,2.55,2.62,2.69,2.75,2.82,2.87,2.92,2.97,3.02,2.97,2.92,2.88,2.83,3.22,3.61,4.0,4.39,4.41,4.43,4.44,4.46,4.41,4.37,4.32,4.27,3.99,3.71,3.44,3.16,3.77,4.39,5.0,5.61,5.16,4.7,4.24,3.78,,
2018-07-27T00:00:00+00:00,0.25,0.22,0.19,0.48,0.77,1.06,1.34,1.29,1.24,1.19,1.13,1.39,1.65,1.9,2.16,1.92,1.69,1.45,1.21,1.03,0.85,0.67,0.5,0.63,0.77,0.9,1.04,0.99,0.93,0.88,0.82,0.89,0.97,1.04,1.11,1.19,1.26,1.33,1.41,1.53,1.66,1.78,1.91,1.68,1.46,1.23,1.01,1.3,1.59,1.87,2.16,2.28,2.4,2.52,2.64,2.94,3.25,3.55,3.85,3.77,3.68,3.6,3.51,3.2,2.88,2.57,2.25,2.84,3.42,4.01,4.59,5.25,5.9,6.56,7.21,6.49,5.77,5.05,4.32,4.08,3.83,3.58,3.34,2.89,2.44,1.99,1.54,1.58,1.62,1.66,1.7,1.64,1.58,1.53,1.47,1.65,1.84,2.03,2.21,2.15,2.08,2.01,1.94,1.93,1.91,1.89,1.87,2.01,2.15,2.28,2.42,2.69,2.95,3.22,3.49,3.57,3.66,3.75,3.84,3.93,4.02,4.11,4.2,4.65,5.09,5.54,5.98,5.89,5.79,5.7,5.61,5.6,5.59,5.59,5.58,5.61,5.64,5.67,5.7,5.54,5.39,5.23,5.08,5.11,5.13,5.16,5.18,4.86,4.54,4.22,3.9,3.74,3.58,3.42,3.26,3.28,3.29,3.31,3.33,3.1,2.87,2.64,2.41,,
2018-07-28T00:00:00+00:00,1.84,2.09,2.35,2.23,2.12,2.01,1.89,2.1,2.3,2.51,2.71,2.89,3.06,3.24,3.42,3.69,3.96,4.24,4.51,4.6,4.69,4.78,4.87,4.96,5.06,5.16,5.26,5.23,5.21,5.19,5.16,5.33,5.51,5.68,5.85,5.61,5.37,5.12,4.88,5.0,5.12,5.23,5.35,5.4,5.44,5.49,5.53,5.63,5.73,5.83,5.94,5.75,5.57,5.38,5.2,4.95,4.7,4.45,4.2,4.28,4.36,4.43,4.51,4.45,4.4,4.35,4.29,4.04,3.79,3.54,3.29,3.0,2.71,2.42,2.14,1.9,1.66,1.42,1.18,1.25,1.33,1.41,1.49,1.55,1.6,1.66,1.72,1.71,1.69,1.67,1.66,1.69,1.71,1.74,1.77,1.87,1.97,2.06,2.16,2.16,2.15,2.14,2.14,2.24,2.35,2.46,2.56,2.54,2.51,2.48,2.46,2.57,2.67,2.78,2.88,2.93,2.98,3.03,3.07,3.39,3.7,4.01,4.32,4.54,4.76,4.99,5.21,5.36,5.5,5.64,5.78,5.86,5.94,6.01,6.09,6.13,6.16,6.2,6.23,6.21,6.18,6.15,6.12,6.02,5.92,5.82,5.71,5.67,5.63,5.59,5.55,5.49,5.44,5.38,5.33,5.3,5.27,5.25,5.22,5.12,5.02,4.93,4.83,,
2018-07-29T00:00:00+00:00,1.69,1.55,1.4,1.65,1.89,2.13,2.38,2.19,2.0,1.82,1.63,1.64,1.65,1.66,1.68,1.91,2.14,2.38,2.61,2.67,2.74,2.81,2.87,3.16,3.45,3.73,4.02,4.26,4.5,4.74,4.98,5.03,5.09,5.14,5.2,5.28,5.37,5.45,5.53,5.65,5.76,5.88,5.99,5.94,5.9,5.85,5.81,5.66,5.51,5.35,5.2,5.26,5.31,5.37,5.42,5.14,4.87,4.59,4.31,4.22,4.13,4.04,3.95,4.03,4.11,4.19,4.28,4.37,4.47,4.57,4.67,4.42,4.17,3.92,3.67,3.57,3.47,3.37,3.27,3.17,3.06,2.96,2.85,2.86,2.86,2.86,2.86,2.63,2.39,2.16,1.93,1.94,1.95,1.97,1.98,2.18,2.38,2.57,2.77,2.69,2.62,2.54,2.46,2.54,2.62,2.7,2.78,2.79,2.8,2.81,2.82,2.9,2.97,3.05,3.13,3.16,3.18,3.2,3.22,3.44,3.65,3.86,4.08,4.08,4.08,4.07,4.07,4.02,3.96,3.91,3.85,3.72,3.58,3.44,3.31,3.45,3.6,3.74,3.89,3.96,4.04,4.11,4.18,4.3,4.41,4.52,4.63,4.52,4.41,4.3,4.19,4.39,4.6,4.8,5.0,4.66,4.33,3.99,3.66,3.49,3.32,3.14,2.97,,
2018-07-30T00:00:00+00:00,3.21,3.29,3.37,3.33,3.29,3.25,3.21,3.11,3.01,2.91,2.81,2.79,2.77,2.75,2.73,2.85,2.98,3.11,3.24,3.32,3.4,3.48,3.56,3.59,3.62,3.66,3.69,3.76,3.84,3.92,3.99,3.96,3.92,3.88,3.85,3.93,4.02,4.1,4.19,4.09,3.99,3.89,3.79,3.84,3.88,3.92,3.96,3.78,3.6,3.42,3.23,3.27,3.31,3.35,3.39,3.44,3.49,3.54,3.59,3.59,3.59,3.59,3.59,3.69,3.79,3.89,3.98,3.68,3.39,3.09,2.79,2.56,2.33,2.1,1.87,1.84,1.81,1.79,1.76,1.72,1.68,1.64,1.59,1.72,1.84,1.97,2.09,2.33,2.57,2.81,3.06,2.8,2.55,2.3,2.04,2.01,1.97,1.93,1.89,1.9,1.9,1.91,1.92,1.99,2.06,2.13,2.2,2.66,3.12,3.58,4.03,3.86,3.69,3.52,3.35,3.33,3.3,3.28,3.25,3.28,3.31,3.34,3.37,3.09,2.8,2.52,2.23,2.36,2.48,2.61,2.73,2.53,2.33,2.12,1.92,1.99,2.05,2.12,2.18,2.27,2.36,2.44,2.53,2.66,2.8,2.93,3.06,3.08,3.09,3.1,3.11,3.07,3.02,2.98,2.93,2.78,2.63,2.48,2.33,2.43,2.54,2.64,2.75,,
2018-07-31T00:00:00+00:00,1.97,1.84,1.72,1.82,1.92,2.01,2.11,2.31,2.52,2.72,2.92,2.95,2.98,3.02,3.05,3.13,3.21,3.29,3.37,3.3,3.24,3.17,3.11,3.05,2.99,2.93,2.87,2.81,2.76,2.71,2.65,2.55,2.44,2.33,2.23,2.45,2.67,2.89,3.11,3.24,3.38,3.51,3.64,3.93,4.22,4.51,4.8,4.84,4.88,4.92,4.96,4.9,4.84,4.77,4.71,4.7,4.69,4.68,4.67,4.52,4.37,4.22,4.07,4.05,4.03,4.01,3.99,3.77,3.54,3.32,3.1,2.94,2.78,2.62,2.46,2.99,3.52,4.06,4.59,4.44,4.3,4.15,4.0,3.81,3.62,3.43,3.24,3.19,3.14,3.09,3.04,3.06,3.07,3.08,3.09,2.92,2.75,2.58,2.4,2.49,2.58,2.66,2.75,2.65,2.55,2.45,2.34,2.31,2.27,2.23,2.19,2.15,2.1,2.06,2.02,2.14,2.26,2.38,2.51,2.57,2.63,2.7,2.76,2.83,2.91,2.98,3.05,3.01,2.97,2.94,2.9,2.76,2.62,2.49,2.35,2.23,2.11,1.99,1.88,1.67,1.46,1.25,1.05,1.04,1.02,1.01,1.0,1.21,1.42,1.63,1.84,2.02,2.21,2.39,2.57,2.58,2.59,2.6,2.6,2.36,2.13,1.89,1.65,,
2018-08-01T00:00:00+00:00,2.85,2.96,3.07,2.97,2.88,2.78,2.68,2.43,2.19,1.94,1.69,1.73,1.76,1.79,1.83,1.83,1.84,1.85,1.86,1.84,1.82,1.8,1.78,1.67,1.56,1.45,1.34,1.23,1.11,1.0,0.89,0.97,1.06,1.15,1.23,1.4,1.57,1.74,1.91,1.55,1.2,0.85,0.5,0.7,0.9,1.1,1.3,1.17,1.05,0.93,0.8,0.92,1.05,1.17,1.29,1.32,1.35,1.38,1.41,1.34,1.27,1.19,1.12,1.18,1.25,1.31,1.37,1.35,1.33,1.3,1.28,1.17,1.06,0.95,0.85,1.23,1.62,2.0,2.39,2.28,2.18,2.08,1.98,2.3,2.62,2.94,3.25,3.3,3.35,3.39,3.44,3.07,2.71,2.34,1.98,2.04,2.11,2.17,2.23,2.23,2.22,2.21,2.21,2.41,2.61,2.81,3.02,2.95,2.89,2.82,2.76,2.6,2.44,2.27,2.11,2.09,2.07,2.04,2.02,2.06,2.11,2.15,2.2,2.21,2.21,2.22,2.23,2.3,2.37,2.44,2.51,2.61,2.71,2.81,2.91,2.77,2.64,2.5,2.37,2.39,2.4,2.42,2.43,2.5,2.57,2.64,2.7,2.76,2.81,2.86,2.91,2.94,2.97,3.0,3.03,3.09,3.15,3.21,3.27,3.3,3.33,3.36,3.39,,
2018-08-02T00:00:00+00:00,2.57,2.71,2.86,2.82,2.77,2.72,2.67,2.58,2.48,2.39,2.29,2.15,2.01,1.86,1.72,1.68,1.64,1.59,1.55,1.51,1.47,1.43,1.39,1.4,1.41,1.43,1.44,1.48,1.52,1.57,1.61,1.67,1.72,1.78,1.84,1.91,1.97,2.04,2.11,2.01,1.91,1.81,1.71,1.76,1.82,1.88,1.94,1.86,1.78,1.7,1.62,1.66,1.7,1.75,1.79,2.02,2.25,2.48,2.71,2.81,2.91,3.01,3.11,3.14,3.17,3.21,3.24,3.29,3.34,3.39,3.45,3.55,3.65,3.75,3.85,3.67,3.5,3.32,3.15,3.23,3.3,3.38,3.45,3.41,3.37,3.33,3.29,3.28,3.27,3.27,3.26,3.29,3.32,3.35,3.37,3.31,3.25,3.19,3.13,3.1,3.08,3.06,3.03,3.02,3.0,2.98,2.96,2.9,2.84,2.78,2.72,2.68,2.64,2.6,2.56,2.39,2.22,2.05,1.89,1.86,1.84,1.82,1.8,1.83,1.85,1.88,1.91,1.98,2.04,2.11,2.18,2.13,2.09,2.04,2.0,1.92,1.84,1.76,1.68,1.6,1.52,1.44,1.36,1.4,1.44,1.49,1.53,1.76,1.99,2.22,2.45,2.59,2.73,2.88,3.02,3.06,3.11,3.15,3.2,3.29,3.37,3.46,3.55,,
2018-08-03T00:00:00+00:00,2.94,2.89,2.83,2.77,2.71,2.65,2.59,2.6,2.6,2.61,2.62,2.58,2.54,2.5,2.46,2.28,2.1,1.91,1.73,1.67,1.6,1.54,1.47,1.6,1.74,1.87,2.0,2.08,2.15,2.22,2.29,2.23,2.17,2.11,2.05,2.03,2.01,1.99,1.96,1.89,1.82,1.75,1.67,1.56,1.46,1.35,1.24,1.32,1.41,1.49,1.57,1.8,2.02,2.24,2.46,2.4,2.33,2.27,2.2,2.32,2.43,2.54,2.66,2.7,2.75,2.79,2.83,2.87,2.9,2.93,2.97,2.92,2.88,2.84,2.8,3.35,3.9,4.44,4.99,5.01,5.04,5.06,5.08,4.94,4.79,4.64,4.49,4.39,4.28,4.18,4.07,4.05,4.03,4.01,3.99,3.96,3.92,3.88,3.85,3.75,3.65,3.55,3.45,3.54,3.62,3.7,3.79,3.84,3.9,3.96,4.01,3.63,3.25,2.86,2.48,2.6,2.72,2.83,2.95,3.07,3.2,3.32,3.44,3.39,3.34,3.29,3.25,3.28,3.31,3.34,3.37,3.28,3.19,3.1,3.01,2.86,2.7,2.55,2.39,2.32,2.26,2.19,2.13,2.21,2.3,2.39,2.47,2.53,2.58,2.64,2.7,2.7,2.7,2.7,2.7,2.88,3.05,3.22,3.39,3.36,3.34,3.31,3.28,,
2018-08-04T00:00:00+00:00,3.46,3.36,3.27,3.12,2.97,2.83,2.68,2.61,2.54,2.46,2.39,2.78,3.18,3.58,3.98,3.73,3.48,3.23,2.98,2.94,2.91,2.87,2.84,3.02,3.2,3.39,3.57,3.6,3.62,3.64,3.67,3.51,3.35,3.18,3.02,2.97,2.91,2.85,2.79,2.76,2.72,2.69,2.65,2.62,2.58,2.54,2.51,2.54,2.58,2.61,2.65,2.72,2.8,2.88,2.95,3.05,3.15,3.25,3.35,3.39,3.43,3.48,3.52,3.54,3.57,3.59,3.61,3.53,3.45,3.36,3.28,3.84,4.4,4.96,5.52,5.51,5.49,5.48,5.46,5.38,5.3,5.23,5.15,4.98,4.82,4.65,4.49,4.47,4.44,4.42,4.4,4.37,4.33,4.3,4.27,4.32,4.37,4.41,4.46,4.45,4.43,4.41,4.4,4.25,4.11,3.96,3.82,3.72,3.62,3.52,3.41,3.36,3.31,3.26,3.21,3.19,3.17,3.15,3.13,3.06,3.0,2.93,2.86,2.9,2.94,2.98,3.02,3.01,3.0,2.98,2.97,2.98,2.98,2.99,3.0,2.97,2.95,2.92,2.9,2.8,2.71,2.61,2.52,2.43,2.34,2.25,2.15,2.19,2.22,2.26,2.29,2.39,2.48,2.57,2.67,2.67,2.68,2.69,2.7,2.68,2.67,2.65,2.63,,
2018-08-05T00:00:00+00:00,4.0,3.98,3.96,3.98,4.01,4.04,4.07,4.04,4.01,3.99,3.96,3.82,3.68,3.54,3.4,3.32,3.24,3.15,3.07,3.05,3.02,3.0,2.97,2.96,2.95,2.94,2.93,2.89,2.84,2.79,2.75,2.83,2.91,3.0,3.08,3.03,2.99,2.94,2.89,2.83,2.77,2.7,2.64,2.65,2.66,2.67,2.68,2.65,2.62,2.59,2.56,2.47,2.38,2.29,2.2,2.21,2.21,2.22,2.23,2.23,2.23,2.23,2.23,2.25,2.26,2.28,2.29,2.19,2.08,1.97,1.87,2.17,2.46,2.76,3.06,3.06,3.06,3.07,3.07,3.1,3.14,3.17,3.21,3.14,3.08,3.01,2.95,2.92,2.89,2.85,2.82,2.71,2.6,2.49,2.38,2.26,2.14,2.02,1.9,1.85,1.8,1.75,1.7,1.69,1.69,1.68,1.67,1.53,1.39,1.25,1.11,1.07,1.03,0.99,0.95,0.96,0.96,0.96,0.97,0.84,0.72,0.59,0.47,0.49,0.5,0.52,0.54,0.72,0.89,1.07,1.24,1.31,1.38,1.46,1.53,1.53,1.53,1.54,1.54,1.58,1.61,1.64,1.68,1.69,1.7,1.71,1.72,1.66,1.6,1.54,1.48,1.36,1.24,1.11,0.99,1.2,1.4,1.61,1.82,1.63,1.43,1.24,1.05,,
2018-08-06T00:00:00+00:00,1.66,1.49,1.32,1.42,1.52,1.62,1.73,1.75,1.77,1.79,1.81,1.64,1.47,1.31,1.14,1.08,1.02,0.96,0.9,0.82,0.74,0.66,0.58,0.66,0.75,0.84,0.92,1.2,1.47,1.75,2.03,2.01,2.0,1.99,1.98,1.93,1.88,1.82,1.77,1.81,1.85,1.89,1.94,1.82,1.7,1.58,1.46,1.42,1.38,1.33,1.29,1.31,1.32,1.34,1.35,1.39,1.42,1.46,1.49,1.46,1.43,1.4,1.37,1.43,1.5,1.56,1.62,1.8,1.98,2.16,2.34,2.31,2.27,2.23,2.2,2.15,2.09,2.04,1.99,2.0,2.02,2.03,2.05,2.12,2.2,2.28,2.36,2.37,2.38,2.38,2.39,2.29,2.18,2.08,1.97,1.92,1.87,1.81,1.76,1.69,1.62,1.55,1.48,1.68,1.89,2.09,2.3,2.26,2.22,2.18,2.14,2.06,1.99,1.92,1.85,1.79,1.73,1.67,1.62,1.67,1.72,1.78,1.83,1.85,1.87,1.88,1.9,2.01,2.12,2.22,2.33,2.3,2.28,2.25,2.23,2.39,2.56,2.72,2.89,3.15,3.41,3.67,3.93,4.02,4.1,4.19,4.27,4.03,3.79,3.55,3.31,3.35,3.39,3.43,3.46,5.66,7.86,10.06,12.26,10.82,9.38,7.94,6.5,,
2018-08-07T00:00:00+00:00,1.41,1.38,1.36,1.25,1.14,1.03,0.92,0.91,0.9,0.9,0.89,0.77,0.64,0.52,0.4,0.48,0.57,0.65,0.74,0.84,0.94,1.04,1.14,1.27,1.39,1.52,1.64,1.65,1.65,1.66,1.66,1.73,1.8,1.87,1.95,2.31,2.67,3.03,3.39,4.11,4.83,5.55,6.27,5.86,5.44,5.03,4.61,4.35,4.08,3.82,3.55,3.28,3.01,2.74,2.47,2.23,1.98,1.73,1.49,4.52,7.56,10.59,13.63,11.96,10.3,8.63,6.97,5.66,4.35,3.04,1.73,2.05,2.36,2.68,3.0,3.09,3.17,3.25,3.33,2.97,2.61,2.25,1.89,2.17,2.44,2.72,3.0,3.26,3.53,3.79,4.06,3.91,3.76,3.62,3.47,3.38,3.3,3.21,3.12,3.22,3.31,3.4,3.49,3.87,4.25,4.62,5.0,4.37,3.74,3.1,2.47,2.35,2.24,2.12,2.0,2.07,2.15,2.22,2.3,2.25,2.21,2.17,2.13,2.16,2.18,2.21,2.23,2.2,2.16,2.12,2.08,2.22,2.36,2.51,2.65,2.61,2.57,2.53,2.49,2.44,2.39,2.34,2.3,2.37,2.44,2.51,2.58,2.55,2.53,2.5,2.48,2.37,2.27,2.17,2.06,2.03,1.99,1.95,1.92,1.77,1.62,1.47,1.32,,
2018-08-08T00:00:00+00:00,4.06,3.82,3.58,3.58,3.58,3.59,3.59,3.98,4.37,4.75,5.14,4.77,4.4,4.03,3.65,3.43,3.2,2.97,2.74,2.72,2.7,2.68,2.65,2.76,2.86,2.96,3.07,2.93,2.79,2.66,2.52,2.45,2.38,2.31,2.24,2.36,2.48,2.61,2.73,2.87,3.0,3.14,3.28,3.21,3.14,3.07,3.0,2.82,2.64,2.45,2.27,2.52,2.77,3.02,3.27,3.09,2.91,2.73,2.55,2.41,2.27,2.14,2.0,2.05,2.11,2.16,2.22,2.06,1.91,1.75,1.59,1.51,1.42,1.33,1.25,1.3,1.36,1.41,1.47,1.65,1.84,2.02,2.21,2.47,2.74,3.0,3.26,3.14,3.02,2.89,2.77,2.92,3.07,3.22,3.37,3.33,3.28,3.24,3.2,3.14,3.08,3.03,2.97,2.97,2.97,2.98,2.98,2.96,2.94,2.93,2.91,2.9,2.89,2.89,2.88,2.92,2.96,3.0,3.04,3.01,2.97,2.93,2.89,3.16,3.43,3.7,3.96,3.48,2.99,2.5,2.01,2.04,2.06,2.08,2.11,2.56,3.01,3.47,3.92,4.17,4.43,4.68,4.93,5.02,5.11,5.2,5.29,5.18,5.08,4.97,4.86,4.75,4.64,4.53,4.42,4.15,3.88,3.61,3.34,3.16,2.98,2.8,2.62,,
2018-08-09T00:00:00+00:00,2.08,2.03,1.97,2.05,2.12,2.19,2.26,2.37,2.47,2.57,2.68,2.61,2.55,2.48,2.41,2.43,2.44,2.46,2.47,2.27,2.08,1.89,1.69,1.57,1.45,1.34,1.22,1.63,2.05,2.46,2.88,2.85,2.81,2.78,2.75,3.21,3.67,4.13,4.59,4.78,4.98,5.18,5.38,5.26,5.13,5.01,4.89,5.22,5.56,5.89,6.22,5.91,5.59,5.28,4.97,5.24,5.5,5.77,6.04,5.85,5.67,5.48,5.29,4.91,4.52,4.13,3.75,3.52,3.29,3.06,2.83,2.63,2.44,2.24,2.05,2.06,2.07,2.09,2.1,2.31,2.53,2.74,2.96,2.84,2.73,2.62,2.51,2.38,2.25,2.11,1.98,1.91,1.84,1.77,1.7,1.93,2.15,2.38,2.61,2.5,2.39,2.29,2.18,2.23,2.27,2.32,2.36,2.31,2.26,2.2,2.15,2.23,2.31,2.38,2.46,2.63,2.8,2.97,3.13,3.24,3.34,3.45,3.55,3.7,3.86,4.01,4.16,4.23,4.3,4.36,4.43,4.61,4.8,4.99,5.17,5.21,5.25,5.28,5.32,5.32,5.33,5.33,5.33,5.33,5.33,5.33,5.33,5.34,5.35,5.36,5.36,5.32,5.27,5.22,5.17,5.3,5.43,5.56,5.69,5.69,5.7,5.7,5.7,,
2018-08-10T00:00:00+00:00,2.35,2.21,2.07,2.02,1.98,1.93,1.89,1.86,1.83,1.8,1.77,1.83,1.89,1.95,2.01,2.12,2.23,2.34,2.45,2.34,2.23,2.12,2.02,2.24,2.47,2.7,2.92,3.15,3.37,3.59,3.81,3.99,4.17,4.34,4.52,4.58,4.63,4.69,4.75,4.78,4.8,4.83,4.86,5.03,5.2,5.37,5.54,5.59,5.63,5.68,5.73,5.72,5.71,5.71,5.7,5.69,5.68,5.68,5.67,5.62,5.57,5.53,5.48,5.69,5.9,6.12,6.33,5.83,5.32,4.82,4.32,4.06,3.81,3.55,3.3,3.5,3.7,3.9,4.1,3.62,3.14,2.66,2.18,2.41,2.64,2.88,3.11,3.06,3.01,2.96,2.92,2.83,2.74,2.66,2.57,2.67,2.78,2.88,2.98,2.72,2.45,2.19,1.92,1.87,1.82,1.77,1.72,1.77,1.82,1.87,1.92,1.88,1.85,1.81,1.77,1.7,1.62,1.55,1.47,1.39,1.31,1.23,1.15,1.07,0.99,0.91,0.82,0.96,1.09,1.23,1.36,1.39,1.41,1.43,1.45,1.4,1.35,1.3,1.25,1.34,1.44,1.53,1.62,1.59,1.56,1.52,1.49,1.53,1.58,1.63,1.67,1.49,1.31,1.13,0.95,0.84,0.74,0.64,0.54,0.86,1.19,1.51,1.83,,
2018-08-11T00:00:00+00:00,2.81,2.8,2.8,2.69,2.58,2.47,2.36,2.26,2.16,2.06,1.97,1.96,1.94,1.93,1.92,1.9,1.87,1.84,1.81,1.83,1.84,1.86,1.87,1.92,1.97,2.01,2.06,1.97,1.87,1.78,1.68,1.7,1.72,1.74,1.77,1.83,1.89,1.95,2.02,2.03,2.04,2.06,2.07,2.11,2.14,2.18,2.22,2.17,2.12,2.07,2.02,1.92,1.83,1.74,1.65,1.61,1.58,1.54,1.51,1.52,1.54,1.55,1.57,1.58,1.6,1.62,1.64,1.66,1.68,1.71,1.73,1.68,1.64,1.59,1.54,1.37,1.2,1.03,0.87,0.89,0.92,0.95,0.98,0.9,0.82,0.75,0.67,0.64,0.61,0.59,0.56,0.6,0.64,0.68,0.72,0.89,1.07,1.25,1.42,1.48,1.53,1.59,1.65,1.68,1.71,1.74,1.76,1.78,1.79,1.81,1.82,1.87,1.91,1.96,2.0,2.02,2.04,2.06,2.07,2.3,2.52,2.74,2.96,3.07,3.17,3.28,3.38,3.56,3.74,3.92,4.1,4.11,4.12,4.13,4.13,4.05,3.96,3.88,3.79,3.91,4.03,4.16,4.28,4.28,4.29,4.29,4.3,4.44,4.57,4.71,4.85,4.84,4.82,4.81,4.79,4.58,4.37,4.17,3.96,3.88,3.8,3.72,3.64,,
2018-08-12T00:00:00+00:00,1.72,1.62,1.51,1.46,1.41,1.36,1.31,1.33,1.36,1.39,1.41,1.3,1.18,1.06,0.95,1.08,1.21,1.34,1.47,1.51,1.54,1.58,1.61,1.65,1.68,1.72,1.75,1.79,1.83,1.86,1.9,2.13,2.36,2.59,2.82,2.94,3.07,3.2,3.33,3.48,3.63,3.78,3.93,3.94,3.95,3.96,3.98,3.99,4.01,4.02,4.03,4.2,4.37,4.53,4.7,4.52,4.34,4.16,3.98,3.84,3.7,3.56,3.41,3.47,3.53,3.59,3.65,3.25,2.84,2.43,2.02,1.87,1.72,1.57,1.42,1.32,1.23,1.13,1.04,1.24,1.45,1.66,1.86,2.99,4.12,5.25,6.39,6.0,5.61,5.22,4.83,4.51,4.19,3.87,3.55,3.45,3.34,3.23,3.13,3.23,3.33,3.44,3.54,3.6,3.66,3.72,3.79,3.76,3.74,3.72,3.69,3.68,3.67,3.66,3.65,3.78,3.91,4.04,4.17,4.31,4.45,4.59,4.73,4.69,4.65,4.6,4.56,4.6,4.64,4.68,4.72,4.8,4.87,4.94,5.01,5.28,5.54,5.8,6.07,5.97,5.86,5.76,5.65,5.39,5.13,4.86,4.6,4.46,4.33,4.2,4.06,4.17,4.27,4.37,4.47,4.41,4.34,4.28,4.22,4.12,4.02,3.93,3.83,,
2018-08-13T00:00:00+00:00,1.75,2.02,2.29,2.82,3.35,3.88,4.4,4.37,4.34,4.3,4.27,4.31,4.36,4.4,4.45,4.42,4.39,4.37,4.34,4.42,4.5,4.58,4.66,4.69,4.72,4.75,4.78,4.57,4.37,4.17,3.96,4.28,4.6,4.92,5.24,5.2,5.16,5.13,5.09,4.91,4.73,4.54,4.36,4.49,4.63,4.76,4.89,5.03,5.17,5.31,5.45,5.29,5.14,4.99,4.84,4.89,4.95,5.01,5.06,4.65,4.24,3.82,3.41,3.35,3.29,3.22,3.16,3.12,3.08,3.04,2.99,2.92,2.84,2.76,2.69,2.47,2.26,2.04,1.83,1.87,1.91,1.96,2.0,1.98,1.96,1.94,1.92,2.03,2.15,2.26,2.38,2.55,2.72,2.89,3.06,3.12,3.18,3.24,3.3,3.29,3.29,3.29,3.28,3.32,3.36,3.41,3.45,3.44,3.44,3.44,3.44,3.46,3.48,3.51,3.53,3.52,3.51,3.5,3.49,3.5,3.51,3.52,3.53,3.4,3.28,3.15,3.02,3.07,3.12,3.17,3.23,3.3,3.38,3.46,3.54,3.55,3.57,3.59,3.61,3.63,3.66,3.68,3.71,3.76,3.81,3.85,3.9,3.95,4.0,4.05,4.1,4.12,4.13,4.15,4.17,4.18,4.18,4.19,4.2,4.15,4.1,4.05,4.0,,
2018-08-14T00:00:00+00:00,2.45,2.56,2.67,2.73,2.8,2.86,2.93,2.91,2.9,2.89,2.87,2.77,2.66,2.55,2.45,2.39,2.34,2.28,2.23,2.22,2.21,2.19,2.18,2.38,2.57,2.76,2.95,2.86,2.77,2.67,2.58,2.59,2.6,2.61,2.63,2.54,2.45,2.36,2.27,2.38,2.48,2.59,2.7,2.81,2.91,3.02,3.12,3.22,3.31,3.41,3.5,3.7,3.9,4.09,4.29,4.26,4.24,4.22,4.19,4.11,4.03,3.95,3.87,3.97,4.07,4.16,4.26,4.33,4.4,4.47,4.54,4.17,3.8,3.43,3.07,2.88,2.7,2.52,2.33,2.21,2.08,1.96,1.84,1.93,2.03,2.12,2.22,2.4,2.59,2.77,2.96,2.87,2.78,2.7,2.61,2.5,2.38,2.27,2.15,2.1,2.04,1.98,1.92,1.99,2.05,2.11,2.17,2.29,2.4,2.52,2.63,2.7,2.76,2.83,2.9,2.76,2.61,2.47,2.33,2.42,2.5,2.59,2.68,2.5,2.32,2.14,1.95,2.31,2.66,3.02,3.37,3.02,2.67,2.32,1.96,2.07,2.18,2.29,2.4,2.39,2.38,2.38,2.37,2.37,2.38,2.38,2.38,2.27,2.15,2.03,1.92,1.88,1.84,1.81,1.77,1.77,1.77,1.76,1.76,1.73,1.7,1.66,1.63,,
2018-08-15T00:00:00+00:00,0.95,1.08,1.2,1.13,1.05,0.98,0.9,1.12,1.34,1.55,1.77,1.76,1.75,1.74,1.73,1.71,1.69,1.67,1.66,1.59,1.53,1.46,1.4,1.38,1.37,1.36,1.35,1.36,1.37,1.39,1.4,1.28,1.17,1.05,0.94,0.99,1.03,1.08,1.12,1.14,1.16,1.18,1.2,1.35,1.5,1.65,1.79,1.94,2.09,2.23,2.38,2.3,2.22,2.14,2.06,1.93,1.8,1.68,1.55,1.51,1.46,1.42,1.38,1.58,1.78,1.98,2.18,2.11,2.05,1.98,1.92,1.86,1.81,1.76,1.7,1.76,1.83,1.89,1.95,1.93,1.9,1.87,1.84,1.56,1.28,1.0,0.72,1.05,1.38,1.71,2.04,2.09,2.14,2.18,2.23,1.97,1.72,1.47,1.22,1.11,1.01,0.91,0.8,0.74,0.67,0.61,0.55,0.59,0.64,0.69,0.73,0.73,0.72,0.72,0.71,0.71,0.71,0.7,0.7,0.76,0.81,0.86,0.91,1.08,1.25,1.42,1.59,1.77,1.94,2.11,2.29,2.12,1.96,1.79,1.62,1.75,1.88,2.01,2.14,2.24,2.34,2.45,2.55,2.57,2.59,2.62,2.64,2.7,2.77,2.83,2.9,3.03,3.16,3.29,3.42,3.37,3.33,3.29,3.24,4.09,4.94,5.78,6.63,,
2018-08-16T00:00:00+00:00,1.03,0.96,0.89,0.79,0.7,0.6,0.5,0.44,0.38,0.32,0.26,0.25,0.24,0.23,0.22,0.25,0.29,0.32,0.35,0.47,0.59,0.71,0.83,0.75,0.68,0.61,0.54,0.58,0.63,0.68,0.72,1.08,1.44,1.79,2.15,2.17,2.19,2.21,2.23,2.14,2.06,1.98,1.9,1.95,2.0,2.06,2.11,2.14,2.16,2.19,2.22,2.21,2.2,2.19,2.18,2.04,1.9,1.76,1.62,1.72,1.82,1.92,2.02,3.23,4.45,5.67,6.89,6.87,6.86,6.84,6.83,6.49,6.15,5.81,5.48,5.18,4.89,4.6,4.31,4.06,3.81,3.56,3.31,3.52,3.74,3.96,4.17,4.12,4.08,4.03,3.98,3.97,3.95,3.94,3.92,3.58,3.23,2.88,2.53,2.5,2.48,2.46,2.43,2.51,2.59,2.67,2.75,2.71,2.68,2.64,2.6,2.64,2.67,2.71,2.75,2.72,2.69,2.66,2.63,2.61,2.59,2.56,2.54,2.53,2.51,2.5,2.49,2.44,2.4,2.35,2.3,2.26,2.22,2.17,2.13,2.14,2.15,2.16,2.16,2.26,2.36,2.47,2.57,2.73,2.9,3.07,3.23,3.32,3.41,3.49,3.58,3.66,3.73,3.81,3.89,3.87,3.85,3.84,3.82,3.72,3.62,3.52,3.42,,
2018-08-17T00:00:00+00:00,3.24,3.23,3.22,2.95,2.68,2.41,2.14,2.51,2.89,3.27,3.65,3.67,3.69,3.71,3.73,3.83,3.93,4.02,4.12,3.87,3.62,3.36,3.11,3.26,3.41,3.55,3.7,3.69,3.68,3.66,3.65,3.64,3.63,3.62,3.61,3.54,3.47,3.4,3.32,3.34,3.37,3.39,3.41,3.44,3.48,3.51,3.54,3.51,3.48,3.44,3.41,3.46,3.52,3.57,3.62,3.68,3.74,3.8,3.85,3.8,3.75,3.69,3.64,3.54,3.45,3.36,3.26,3.26,3.25,3.25,3.24,3.3,3.37,3.43,3.49,3.55,3.61,3.66,3.72,3.52,3.32,3.11,2.91,2.7,2.48,2.26,2.04,1.91,1.77,1.64,1.5,1.55,1.6,1.66,1.71,1.77,1.84,1.9,1.96,1.93,1.9,1.88,1.85,1.81,1.78,1.75,1.72,1.67,1.63,1.58,1.54,1.39,1.24,1.09,0.95,0.94,0.94,0.94,0.94,0.96,0.98,1.0,1.02,1.14,1.25,1.37,1.49,1.6,1.71,1.82,1.94,1.93,1.93,1.92,1.91,1.91,1.91,1.9,1.9,1.85,1.81,1.77,1.73,1.77,1.82,1.87,1.92,1.85,1.79,1.72,1.66,1.85,2.03,2.22,2.41,2.53,2.66,2.78,2.9,2.94,2.98,3.01,3.05,,
2018-08-18T00:00:00+00:00,1.31,1.27,1.24,1.32,1.41,1.49,1.57,1.54,1.52,1.49,1.46,1.54,1.63,1.71,1.79,1.83,1.87,1.91,1.95,2.03,2.11,2.19,2.28,2.44,2.6,2.77,2.93,2.98,3.03,3.08,3.13,3.12,3.11,3.1,3.09,2.91,2.72,2.54,2.35,2.22,2.08,1.95,1.81,1.87,1.93,1.98,2.04,2.02,1.99,1.96,1.94,1.98,2.03,2.07,2.12,2.12,2.12,2.12,2.12,2.46,2.8,3.14,3.48,3.46,3.43,3.41,3.38,3.15,2.92,2.69,2.46,2.38,2.3,2.22,2.14,2.21,2.29,2.36,2.44,2.35,2.27,2.18,2.1,2.25,2.41,2.56,2.72,2.58,2.45,2.32,2.19,2.16,2.13,2.1,2.07,2.07,2.07,2.07,2.07,2.16,2.24,2.33,2.42,2.28,2.15,2.02,1.88,1.77,1.65,1.53,1.42,1.18,0.94,0.71,0.47,0.63,0.8,0.96,1.12,0.97,0.82,0.67,0.52,0.62,0.72,0.81,0.91,0.97,1.04,1.1,1.16,1.17,1.18,1.19,1.2,1.08,0.95,0.83,0.71,0.79,0.87,0.94,1.02,1.25,1.47,1.7,1.92,2.09,2.26,2.43,2.6,2.49,2.39,2.29,2.18,2.01,1.83,1.65,1.47,1.66,1.84,2.02,2.2,,
2018-08-19T00:00:00+00:00,0.99,1.08,1.16,1.21,1.25,1.3,1.34,1.31,1.27,1.23,1.2,1.37,1.55,1.72,1.89,1.93,1.97,2.02,2.06,2.01,1.96,1.91,1.86,1.97,2.09,2.2,2.32,2.42,2.53,2.63,2.74,2.67,2.6,2.52,2.45,2.41,2.36,2.32,2.27,2.23,2.18,2.13,2.09,2.11,2.14,2.17,2.2,2.27,2.34,2.41,2.49,2.55,2.62,2.68,2.75,2.79,2.83,2.88,2.92,2.99,3.06,3.13,3.21,3.31,3.41,3.51,3.61,3.56,3.5,3.45,3.39,3.37,3.36,3.34,3.32,3.26,3.19,3.13,3.06,2.96,2.87,2.77,2.67,2.72,2.76,2.81,2.85,2.85,2.84,2.83,2.82,2.8,2.79,2.77,2.75,2.66,2.57,2.48,2.39,2.34,2.3,2.25,2.2,2.23,2.26,2.28,2.31,2.48,2.65,2.81,2.98,2.85,2.72,2.58,2.45,2.46,2.47,2.48,2.49,2.36,2.22,2.09,1.95,2.29,2.63,2.97,3.31,2.98,2.65,2.32,1.99,2.25,2.51,2.78,3.04,3.06,3.08,3.09,3.11,3.15,3.19,3.22,3.26,3.18,3.1,3.02,2.94,2.9,2.85,2.81,2.76,2.97,3.17,3.37,3.57,3.56,3.55,3.54,3.53,3.47,3.4,3.33,3.26,,
2018-08-20T00:00:00+00:00,1.2,1.26,1.33,1.32,1.3,1.28,1.27,1.55,1.84,2.12,2.41,2.59,2.76,2.94,3.12,2.88,2.65,2.41,2.18,1.94,1.69,1.45,1.21,1.29,1.37,1.45,1.54,1.42,1.31,1.2,1.09,1.59,2.09,2.59,3.09,2.82,2.56,2.29,2.02,1.92,1.83,1.73,1.64,1.82,2.01,2.19,2.38,2.28,2.17,2.07,1.96,1.83,1.7,1.57,1.43,1.47,1.51,1.54,1.58,1.76,1.95,2.14,2.32,2.41,2.49,2.57,2.66,2.52,2.39,2.25,2.11,1.95,1.78,1.61,1.44,1.29,1.15,1.0,0.86,1.11,1.36,1.61,1.86,1.81,1.76,1.71,1.66,1.66,1.65,1.64,1.63,1.57,1.5,1.43,1.37,1.4,1.42,1.45,1.48,1.44,1.39,1.35,1.3,1.19,1.08,0.97,0.86,0.85,0.84,0.83,0.82,0.76,0.7,0.64,0.58,0.6,0.61,0.62,0.63,0.62,0.61,0.6,0.59,0.66,0.72,0.79,0.85,0.91,0.96,1.01,1.07,1.04,1.02,1.0,0.98,0.99,1.01,1.02,1.03,1.12,1.2,1.28,1.36,1.46,1.56,1.66,1.76,1.79,1.82,1.84,1.87,1.83,1.79,1.75,1.71,1.61,1.5,1.39,1.29,1.19,1.09,0.99,0.89,,
2018-08-21T00:00:00+00:00,1.31,1.28,1.25,1.13,1.0,0.87,0.74,0.68,0.63,0.57,0.51,0.67,0.83,0.99,1.16,1.01,0.87,0.73,0.59,0.55,0.51,0.48,0.44,0.44,0.45,0.45,0.45,0.5,0.54,0.58,0.63,0.72,0.81,0.91,1.0,1.13,1.27,1.4,1.53,1.57,1.6,1.63,1.67,1.65,1.63,1.61,1.59,1.59,1.59,1.59,1.59,1.57,1.56,1.54,1.53,1.54,1.55,1.56,1.57,1.65,1.74,1.82,1.91,1.88,1.85,1.82,1.8,1.89,1.99,2.08,2.18,2.33,2.48,2.63,2.78,2.69,2.59,2.5,2.4,2.33,2.26,2.19,2.11,2.18,2.24,2.31,2.37,2.28,2.18,2.08,1.98,1.97,1.97,1.96,1.96,2.03,2.11,2.18,2.26,2.23,2.2,2.17,2.15,2.11,2.07,2.04,2.0,1.89,1.77,1.65,1.54,1.58,1.62,1.66,1.7,1.57,1.45,1.33,1.2,1.19,1.18,1.18,1.17,1.12,1.07,1.02,0.97,1.15,1.32,1.5,1.68,1.44,1.2,0.97,0.73,0.82,0.91,1.0,1.09,1.23,1.37,1.51,1.64,1.65,1.66,1.67,1.68,1.73,1.79,1.84,1.89,1.91,1.94,1.96,1.98,1.82,1.66,1.5,1.34,1.58,1.81,2.04,2.28,,
2018-08-22T00:00:00+00:00,1.24,1.07,0.9,1.03,1.16,1.29,1.42,1.45,1.49,1.53,1.57,1.49,1.42,1.35,1.28,1.21,1.14,1.08,1.01,0.98,0.95,0.93,0.9,0.84,0.79,0.73,0.67,0.74,0.82,0.89,0.96,0.88,0.79,0.71,0.63,0.72,0.81,0.9,0.99,1.15,1.3,1.45,1.6,1.58,1.56,1.54,1.52,1.64,1.77,1.89,2.01,2.06,2.12,2.17,2.22,1.99,1.75,1.51,1.27,1.4,1.54,1.67,1.8,1.72,1.64,1.57,1.49,1.87,2.25,2.63,3.01,3.01,3.02,3.02,3.02,3.19,3.36,3.53,3.7,3.61,3.51,3.41,3.31,3.14,2.96,2.78,2.6,2.47,2.34,2.2,2.07,2.14,2.22,2.29,2.36,2.35,2.34,2.33,2.32,2.23,2.14,2.05,1.96,1.88,1.8,1.73,1.65,1.81,1.97,2.13,2.29,2.24,2.18,2.13,2.08,2.01,1.94,1.88,1.81,1.85,1.88,1.92,1.95,1.97,2.0,2.02,2.04,1.98,1.91,1.85,1.79,1.84,1.9,1.96,2.01,2.25,2.49,2.72,2.96,3.17,3.37,3.58,3.78,3.83,3.88,3.93,3.98,4.0,4.03,4.05,4.07,4.21,4.35,4.5,4.64,4.83,5.03,5.23,5.43,4.97,4.51,4.05,3.58,,
2018-08-23T00:00:00+00:00,1.93,1.9,1.86,1.93,1.99,2.05,2.11,2.09,2.07,2.05,2.03,2.02,2.01,2.01,2.0,1.94,1.88,1.82,1.77,1.79,1.81,1.84,1.86,2.01,2.15,2.3,2.44,2.36,2.28,2.2,2.12,2.18,2.24,2.3,2.36,2.66,2.96,3.25,3.55,3.41,3.27,3.13,2.99,3.19,3.39,3.58,3.78,4.03,4.27,4.52,4.76,4.91,5.07,5.22,5.37,5.22,5.07,4.92,4.77,4.75,4.74,4.72,4.71,4.37,4.04,3.71,3.37,3.4,3.42,3.45,3.47,3.97,4.48,4.98,5.48,5.42,5.36,5.3,5.24,5.06,4.87,4.69,4.5,4.38,4.26,4.14,4.01,4.11,4.21,4.31,4.41,4.4,4.39,4.38,4.37,4.18,3.99,3.8,3.61,3.59,3.56,3.54,3.52,3.58,3.65,3.71,3.77,3.8,3.82,3.85,3.88,3.79,3.7,3.61,3.52,3.49,3.46,3.42,3.39,3.57,3.75,3.93,4.11,4.12,4.12,4.13,4.13,4.09,4.04,4.0,3.96,3.85,3.74,3.63,3.52,3.94,4.36,4.78,5.2,5.16,5.12,5.08,5.04,5.11,5.17,5.23,5.3,5.22,5.15,5.07,5.0,4.93,4.86,4.79,4.73,4.62,4.51,4.4,4.29,4.24,4.18,4.12,4.06,,
2018-08-24T00:00:00+00:00,3.6,3.69,3.78,3.68,3.58,3.47,3.37,3.42,3.47,3.52,3.56,3.28,2.99,2.7,2.42,2.63,2.84,3.05,3.26,3.49,3.72,3.94,4.17,4.19,4.21,4.24,4.26,4.24,4.23,4.21,4.2,4.08,3.97,3.86,3.75,3.92,4.09,4.26,4.43,4.33,4.24,4.14,4.05,4.22,4.4,4.57,4.75,4.71,4.67,4.63,4.59,4.42,4.24,4.06,3.88,3.88,3.87,3.86,3.86,4.22,4.58,4.94,5.3,5.17,5.04,4.91,4.78,4.64,4.51,4.37,4.24,3.9,3.56,3.21,2.87,3.11,3.36,3.6,3.84,4.29,4.74,5.19,5.64,5.6,5.57,5.53,5.49,5.07,4.65,4.23,3.81,4.19,4.57,4.95,5.33,5.19,5.06,4.93,4.8,4.82,4.84,4.86,4.88,4.74,4.6,4.46,4.32,4.07,3.83,3.58,3.34,3.31,3.27,3.24,3.21,3.16,3.11,3.06,3.01,3.09,3.16,3.24,3.31,3.36,3.4,3.45,3.49,3.57,3.65,3.73,3.81,3.79,3.76,3.73,3.71,3.68,3.66,3.63,3.61,3.61,3.62,3.62,3.63,3.72,3.81,3.9,4.0,4.0,4.0,4.0,4.0,4.05,4.11,4.17,4.23,4.17,4.11,4.05,3.99,3.83,3.67,3.5,3.34,,
2018-08-25T00:00:00+00:00,4.87,4.87,4.87,4.72,4.57,4.41,4.26,4.21,4.16,4.11,4.06,3.92,3.79,3.65,3.52,3.48,3.44,3.4,3.36,3.42,3.49,3.55,3.62,3.8,3.99,4.17,4.36,4.38,4.41,4.43,4.46,4.36,4.27,4.17,4.08,3.98,3.88,3.78,3.68,3.59,3.5,3.4,3.31,3.32,3.33,3.34,3.35,3.36,3.37,3.38,3.38,3.39,3.4,3.41,3.42,3.48,3.53,3.58,3.63,3.64,3.66,3.67,3.68,3.75,3.81,3.88,3.95,3.78,3.62,3.46,3.3,3.09,2.88,2.66,2.45,2.48,2.51,2.54,2.57,2.53,2.5,2.46,2.43,2.03,1.62,1.22,0.81,0.64,0.47,0.29,0.12,0.33,0.53,0.74,0.95,1.08,1.21,1.34,1.47,1.27,1.08,0.88,0.69,0.82,0.95,1.08,1.21,1.16,1.11,1.06,1.01,0.87,0.73,0.59,0.45,0.56,0.68,0.79,0.9,1.22,1.54,1.86,2.18,2.5,2.82,3.14,3.46,3.27,3.08,2.89,2.7,2.78,2.87,2.95,3.04,3.22,3.4,3.58,3.76,3.87,3.98,4.1,4.21,4.34,4.47,4.6,4.73,4.71,4.69,4.67,4.65,4.61,4.57,4.53,4.49,4.63,4.77,4.91,5.05,5.04,5.02,5.01,4.99,,
2018-08-26T00:00:00+00:00,0.95,0.89,0.83,0.81,0.79,0.78,0.76,0.81,0.87,0.92,0.98,0.77,0.56,0.36,0.15,0.25,0.34,0.44,0.53,0.66,0.79,0.93,1.06,1.2,1.35,1.49,1.64,1.79,1.95,2.1,2.25,2.55,2.86,3.16,3.47,3.57,3.67,3.78,3.88,4.03,4.18,4.33,4.48,4.59,4.7,4.81,4.92,4.96,5.01,5.05,5.1,5.12,5.13,5.15,5.17,5.16,5.16,5.15,5.14,5.14,5.14,5.14,5.14,5.12,5.1,5.08,5.06,4.88,4.71,4.54,4.36,4.3,4.24,4.18,4.12,4.36,4.61,4.85,5.1,5.16,5.22,5.28,5.34,5.35,5.36,5.37,5.38,5.41,5.44,5.47,5.49,5.47,5.44,5.42,5.39,5.24,5.09,4.94,4.78,4.68,4.57,4.47,4.36,4.29,4.22,4.14,4.07,4.03,3.98,3.94,3.9,3.88,3.87,3.85,3.84,3.91,3.98,4.06,4.13,3.98,3.83,3.67,3.52,3.33,3.14,2.96,2.77,2.94,3.11,3.28,3.45,3.77,4.1,4.42,4.74,4.71,4.67,4.64,4.61,4.45,4.29,4.13,3.97,3.94,3.92,3.9,3.87,3.91,3.95,3.99,4.03,3.94,3.86,3.77,3.69,3.64,3.59,3.54,3.49,3.38,3.28,3.18,3.07,,
2018-08-27T00:00:00+00:00,4.92,4.88,4.84,4.87,4.9,4.93,4.96,4.93,4.91,4.88,4.85,4.6,4.35,4.11,3.86,3.92,3.98,4.04,4.1,3.98,3.86,3.73,3.61,3.83,4.05,4.26,4.48,4.22,3.96,3.7,3.44,3.37,3.31,3.24,3.17,3.28,3.39,3.49,3.6,3.67,3.73,3.8,3.86,3.9,3.94,3.98,4.01,3.99,3.97,3.95,3.93,3.99,4.05,4.11,4.18,4.19,4.2,4.21,4.22,4.12,4.03,3.94,3.84,3.71,3.57,3.44,3.31,3.14,2.97,2.8,2.64,2.67,2.71,2.74,2.78,2.66,2.54,2.42,2.31,2.38,2.45,2.52,2.59,2.27,1.94,1.62,1.29,1.24,1.18,1.12,1.07,1.04,1.02,1.0,0.97,0.97,0.96,0.96,0.96,1.12,1.29,1.46,1.62,1.54,1.46,1.38,1.3,1.32,1.33,1.35,1.36,1.42,1.49,1.55,1.61,1.66,1.72,1.78,1.84,2.03,2.22,2.41,2.6,2.63,2.67,2.7,2.74,2.62,2.5,2.38,2.26,2.19,2.11,2.04,1.97,1.84,1.7,1.57,1.44,1.32,1.2,1.09,0.97,1.26,1.56,1.85,2.14,2.05,1.96,1.87,1.78,2.0,2.22,2.44,2.65,2.4,2.14,1.88,1.62,2.0,2.37,2.74,3.12,,
2018-08-28T00:00:00+00:00,0.53,0.56,0.59,0.57,0.56,0.55,0.53,0.64,0.76,0.87,0.98,1.11,1.25,1.39,1.52,1.44,1.35,1.27,1.18,1.2,1.21,1.22,1.24,1.46,1.68,1.9,2.13,2.23,2.33,2.43,2.53,2.51,2.49,2.46,2.44,2.34,2.24,2.14,2.04,2.0,1.95,1.91,1.87,1.87,1.88,1.88,1.88,1.81,1.74,1.67,1.6,1.6,1.61,1.61,1.61,1.68,1.74,1.8,1.87,2.01,2.15,2.3,2.44,2.6,2.76,2.93,3.09,3.05,3.01,2.97,2.94,2.88,2.82,2.76,2.7,2.67,2.64,2.61,2.58,2.5,2.42,2.34,2.25,1.94,1.63,1.31,1.0,1.2,1.41,1.62,1.82,1.62,1.42,1.22,1.02,0.99,0.97,0.95,0.93,1.06,1.2,1.34,1.48,2.29,3.09,3.9,4.7,3.89,3.08,2.28,1.47,1.38,1.29,1.21,1.12,1.16,1.19,1.23,1.26,1.44,1.63,1.81,2.0,2.04,2.09,2.14,2.19,2.48,2.78,3.07,3.37,3.79,4.21,4.63,5.04,5.09,5.13,5.17,5.21,5.05,4.89,4.73,4.58,4.65,4.72,4.8,4.87,4.88,4.89,4.9,4.9,4.81,4.72,4.62,4.53,4.35,4.17,3.99,3.81,3.68,3.55,3.43,3.3,,
2018-08-29T00:00:00+00:00,2.45,3.16,3.87,3.58,3.29,3.01,2.72,2.68,2.65,2.61,2.58,2.52,2.47,2.42,2.36,2.39,2.41,2.44,2.47,2.51,2.56,2.6,2.65,3.03,3.41,3.79,4.17,4.23,4.28,4.34,4.4,4.42,4.44,4.47,4.49,4.6,4.71,4.83,4.94,5.32,5.7,6.08,6.46,6.01,5.56,5.11,4.66,4.78,4.9,5.03,5.15,5.17,5.18,5.2,5.22,5.09,4.96,4.83,4.71,4.6,4.49,4.38,4.27,4.19,4.12,4.04,3.97,3.96,3.95,3.95,3.94,3.64,3.34,3.04,2.74,2.65,2.55,2.46,2.37,2.36,2.36,2.35,2.34,2.42,2.5,2.58,2.66,2.57,2.49,2.41,2.32,2.48,2.65,2.81,2.97,2.86,2.75,2.64,2.54,2.44,2.34,2.25,2.15,2.18,2.2,2.22,2.25,2.09,1.94,1.78,1.63,1.48,1.34,1.19,1.05,0.97,0.9,0.82,0.75,0.63,0.51,0.38,0.26,0.26,0.27,0.27,0.27,0.27,0.27,0.27,0.27,0.37,0.47,0.56,0.66,0.99,1.31,1.63,1.96,1.7,1.45,1.19,0.94,0.76,0.58,0.4,0.22,0.63,1.04,1.46,1.87,1.44,1.01,0.58,0.14,0.26,0.38,0.5,0.62,0.55,0.49,0.42,0.35,,
2018-08-30T00:00:00+00:00
2018-08-31T00:00:00+00:00,1.46,1.63,1.8,1.86,1.92,1.98,2.04,2.03,2.01,2.0,1.99,2.11,2.23,2.35,2.47,2.56,2.65,2.74,2.83,2.73,2.64,2.54,2.44,2.4,2.36,2.32,2.28,2.26,2.25,2.23,2.22,2.1,1.97,1.85,1.73,1.79,1.85,1.91,1.98,2.05,2.12,2.19,2.27,2.41,2.56,2.7,2.85,2.73,2.62,2.5,2.39,2.47,2.55,2.63,2.71,2.83,2.96,3.08,3.2,3.32,3.44,3.56,3.68,3.63,3.57,3.52,3.47,3.46,3.46,3.45,3.44,3.37,3.29,3.22,3.15,2.93,2.72,2.5,2.29,2.21,2.13,2.05,1.97,1.96,1.96,1.96,1.96,2.07,2.18,2.29,2.39,2.42,2.45,2.47,2.5,2.37,2.25,2.13,2.0,1.94,1.88,1.82,1.75,1.75,1.75,1.74,1.74,1.66,1.58,1.51,1.43,1.55,1.67,1.79,1.91,1.86,1.81,1.76,1.7,1.81,1.91,2.02,2.12,2.29,2.46,2.64,2.81,2.94,3.07,3.2,3.33,3.28,3.24,3.19,3.15,3.12,3.1,3.07,3.05,3.04,3.03,3.03,3.02,3.1,3.17,3.25,3.33,3.38,3.43,3.48,3.54,3.49,3.44,3.39,3.34,3.34,3.34,3.35,3.35,3.33,3.31,3.29,3.27,,
2018-09-16T00:00:00+00:00,1.37,1.34,1.32,1.42,1.53,1.63,1.74,1.68,1.61,1.55,1.49,1.52,1.55,1.58,1.6,1.61,1.61,1.61,1.62,1.42,1.23,1.03,0.84,0.96,1.08,1.21,1.33,1.24,1.15,1.06,0.97,1.03,1.09,1.15,1.21,1.25,1.29,1.32,1.36,1.3,1.24,1.18,1.12,1.16,1.2,1.23,1.27,1.24,1.21,1.18,1.15,1.04,0.92,0.81,0.69,0.66,0.63,0.6,0.57,0.76,0.96,1.15,1.35,1.27,1.19,1.12,1.04,1.02,0.99,0.96,0.94,0.95,0.97,0.98,0.99,1.04,1.1,1.15,1.2,1.02,0.84,0.66,0.49,0.47,0.46,0.44,0.43,0.48,0.52,0.57,0.62,0.64,0.65,0.67,0.68,0.75,0.82,0.9,0.97,1.05,1.12,1.2,1.28,1.15,1.02,0.89,0.76,0.63,0.5,0.37,0.24,0.22,0.19,0.17,0.15,0.39,0.64,0.88,1.13,1.08,1.03,0.98,0.93,1.12,1.32,1.51,1.7,1.82,1.94,2.06,2.18,2.29,2.39,2.5,2.6,2.55,2.49,2.44,2.39,2.43,2.47,2.51,2.55,2.58,2.61,2.64,2.67,2.64,2.62,2.59,2.57,2.56,2.56,2.56,2.55,2.45,2.35,2.24,2.14,1.91,1.69,1.46,1.23,,
2018-09-17T00:00:00+00:00,0.84,0.83,0.83,0.81,0.8,0.78,0.77,0.68,0.59,0.5,0.41,0.58,0.75,0.92,1.1,1.09,1.08,1.07,1.07,1.27,1.46,1.66,1.86,1.86,1.85,1.84,1.83,1.77,1.7,1.64,1.57,1.57,1.56,1.56,1.55,1.56,1.57,1.57,1.58,1.7,1.82,1.94,2.05,2.09,2.13,2.16,2.2,2.15,2.1,2.05,2.0,2.06,2.13,2.19,2.26,2.24,2.22,2.2,2.18,2.23,2.27,2.32,2.37,2.32,2.27,2.22,2.18,2.09,2.0,1.91,1.82,1.88,1.95,2.01,2.08,2.11,2.13,2.16,2.19,2.21,2.23,2.25,2.27,2.29,2.31,2.34,2.36,2.3,2.24,2.18,2.12,2.14,2.15,2.17,2.19,1.94,1.69,1.44,1.19,1.73,2.26,2.8,3.33,3.2,3.06,2.93,2.79,2.98,3.17,3.35,3.54,3.52,3.5,3.47,3.45,3.46,3.46,3.47,3.47,3.76,4.04,4.32,4.61,4.73,4.86,4.99,5.11,4.99,4.86,4.74,4.61,4.67,4.73,4.79,4.85,4.82,4.79,4.77,4.74,4.83,4.92,5.01,5.09,5.19,5.29,5.38,5.48,5.44,5.4,5.36,5.32,5.29,5.27,5.25,5.22,5.23,5.24,5.25,5.27,4.89,4.51,4.14,3.76,,
2018-09-18T00:00:00+00:00
2018-09-19T00:00:00+00:00,1.96,2.05,2.15,2.26,2.37,2.49,2.6,2.59,2.59,2.58,2.58,2.57,2.56,2.55,2.54,2.54,2.54,2.54,2.55,2.45,2.35,2.25,2.16,2.35,2.54,2.73,2.93,3.24,3.55,3.86,4.17,4.31,4.44,4.57,4.71,4.75,4.79,4.84,4.88,4.9,4.92,4.95,4.97,4.98,5.0,5.01,5.03,5.13,5.23,5.33,5.44,5.38,5.32,5.26,5.2,5.08,4.97,4.85,4.74,4.65,4.56,4.47,4.38,4.08,3.79,3.49,3.19,2.93,2.67,2.41,2.16,2.06,1.96,1.87,1.77,1.76,1.76,1.75,1.75,1.84,1.94,2.04,2.14,2.16,2.17,2.19,2.21,2.27,2.34,2.4,2.47,2.42,2.37,2.32,2.27,2.12,1.96,1.81,1.66,1.67,1.68,1.69,1.7,1.77,1.83,1.9,1.97,2.02,2.07,2.12,2.18,2.3,2.42,2.55,2.67,2.75,2.82,2.89,2.97,2.94,2.91,2.88,2.85,2.88,2.92,2.96,2.99,2.79,2.59,2.38,2.18,2.35,2.52,2.69,2.86,3.04,3.21,3.39,3.56,3.7,3.84,3.98,4.12,4.23,4.33,4.44,4.54,4.56,4.58,4.61,4.63,4.62,4.61,4.6,4.58,4.6,4.61,4.62,4.63,4.48,4.32,4.16,4.0,,
2018-09-20T00:00:00+00:00,2.51,2.74,2.97,2.86,2.75,2.63,2.52,2.53,2.54,2.55,2.56,2.6,2.65,2.7,2.75,2.71,2.67,2.63,2.59,2.53,2.46,2.39,2.33,2.38,2.44,2.49,2.54,2.75,2.95,3.15,3.35,3.4,3.44,3.49,3.53,3.58,3.62,3.67,3.72,3.81,3.9,4.0,4.09,4.23,4.37,4.52,4.66,4.69,4.72,4.75,4.78,4.84,4.89,4.94,5.0,4.99,4.99,4.98,4.97,4.89,4.81,4.73,4.65,4.51,4.37,4.23,4.09,3.91,3.73,3.56,3.38,3.54,3.7,3.86,4.02,4.06,4.1,4.13,4.17,4.25,4.33,4.42,4.5,4.53,4.57,4.61,4.65,4.61,4.57,4.53,4.5,4.75,5.01,5.27,5.53,5.69,5.85,6.01,6.17,6.18,6.18,6.19,6.2,6.39,6.59,6.79,6.99,7.0,7.01,7.02,7.04,7.02,7.01,6.99,6.98,6.75,6.52,6.3,6.07,6.18,6.28,6.39,6.5,6.64,6.78,6.92,7.06,6.96,6.87,6.77,6.67,6.57,6.46,6.36,6.25,6.25,6.24,6.23,6.23,6.06,5.9,5.73,5.57,5.47,5.38,5.29,5.2,5.13,5.06,5.0,4.93,4.82,4.72,4.61,4.5,4.43,4.36,4.29,4.23,3.99,3.75,3.51,3.27,,
2018-09-21T00:00:00+00:00
2018-09-22T00:00:00+00:00
2018-09-23T00:00:00+00:00
2018-09-24T00:00:00+00:00,2.63,2.72,2.8,3.01,3.22,3.43,3.65,3.31,2.98,2.65,2.32,2.04,1.76,1.48,1.19,1.36,1.53,1.7,1.86,1.71,1.57,1.42,1.27,1.31,1.36,1.4,1.44,1.75,2.06,2.37,2.68,2.77,2.85,2.94,3.02,3.15,3.28,3.41,3.54,3.51,3.47,3.44,3.4,3.4,3.4,3.4,3.39,3.44,3.48,3.52,3.56,3.6,3.64,3.68,3.72,3.69,3.66,3.62,3.59,3.56,3.52,3.48,3.45,3.41,3.38,3.34,3.31,3.13,2.95,2.77,2.59,2.58,2.57,2.57,2.56,2.64,2.73,2.81,2.9,3.07,3.23,3.4,3.56,3.59,3.61,3.64,3.66,3.63,3.59,3.56,3.53,3.55,3.57,3.59,3.6,3.61,3.61,3.61,3.61,3.53,3.45,3.37,3.29,3.31,3.34,3.36,3.38,3.38,3.39,3.39,3.4,3.45,3.51,3.56,3.62,3.5,3.38,3.25,3.13,3.1,3.06,3.02,2.99,3.09,3.19,3.29,3.39,3.58,3.77,3.96,4.15,4.25,4.36,4.46,4.56,4.55,4.54,4.53,4.52,4.52,4.51,4.51,4.5,4.5,4.49,4.49,4.49,4.5,4.52,4.54,4.56,4.44,4.32,4.21,4.09,4.13,4.16,4.19,4.23,4.01,3.8,3.59,3.37,,
2018-09-25T00:00:00+00:00,3.46,3.48,3.49,3.48,3.46,3.44,3.43,3.47,3.5,3.54,3.58,3.59,3.59,3.6,3.61,3.53,3.45,3.37,3.29,3.26,3.22,3.18,3.14,3.17,3.2,3.22,3.25,3.4,3.55,3.71,3.86,3.86,3.85,3.85,3.85,3.85,3.85,3.86,3.86,3.86,3.87,3.87,3.88,3.89,3.89,3.9,3.91,3.96,4.01,4.06,4.12,4.13,4.14,4.15,4.16,4.14,4.11,4.09,4.07,4.03,3.99,3.95,3.91,3.9,3.88,3.87,3.86,3.67,3.49,3.3,3.12,3.22,3.33,3.44,3.54,3.49,3.44,3.39,3.34,3.36,3.37,3.39,3.41,3.37,3.32,3.28,3.24,3.07,2.9,2.73,2.55,2.56,2.57,2.57,2.58,2.56,2.55,2.53,2.52,2.56,2.61,2.65,2.7,2.64,2.57,2.51,2.45,2.39,2.34,2.29,2.24,2.22,2.2,2.17,2.15,2.14,2.13,2.12,2.1,2.06,2.02,1.97,1.93,1.84,1.76,1.68,1.6,1.68,1.76,1.85,1.93,2.02,2.1,2.19,2.27,2.28,2.29,2.29,2.3,2.27,2.24,2.2,2.17,2.12,2.07,2.02,1.97,1.97,1.97,1.96,1.96,1.92,1.88,1.84,1.8,1.86,1.91,1.97,2.02,1.96,1.9,1.84,1.78,,
2018-09-26T00:00:00+00:00,2.5,2.38,2.27,2.17,2.07,1.98,1.88,2.0,2.13,2.25,2.37,2.47,2.57,2.66,2.76,2.6,2.43,2.27,2.11,2.06,2.01,1.96,1.91,1.84,1.78,1.72,1.65,1.57,1.48,1.4,1.31,1.35,1.39,1.44,1.48,1.46,1.45,1.44,1.43,1.51,1.59,1.67,1.75,1.77,1.78,1.8,1.82,1.79,1.76,1.73,1.71,1.69,1.68,1.67,1.66,1.68,1.69,1.71,1.73,1.82,1.91,2.01,2.1,1.98,1.86,1.74,1.62,1.49,1.37,1.24,1.11,1.15,1.19,1.23,1.27,1.33,1.4,1.47,1.54,1.49,1.44,1.39,1.35,1.35,1.35,1.34,1.34,1.42,1.49,1.57,1.64,1.58,1.52,1.46,1.4,1.35,1.3,1.25,1.2,1.12,1.03,0.95,0.86,0.92,0.97,1.03,1.09,1.15,1.21,1.27,1.33,1.4,1.48,1.55,1.62,1.5,1.38,1.26,1.14,1.14,1.14,1.14,1.14,1.1,1.05,1.0,0.95,1.05,1.14,1.23,1.33,1.3,1.27,1.24,1.21,1.21,1.21,1.21,1.21,1.42,1.64,1.85,2.07,1.98,1.9,1.81,1.73,1.85,1.97,2.1,2.22,2.19,2.16,2.13,2.1,2.03,1.96,1.89,1.82,1.58,1.34,1.11,0.87,,
2018-09-27T00:00:00+00:00,1.2,1.3,1.39,1.35,1.31,1.26,1.22,1.27,1.31,1.36,1.4,1.47,1.54,1.6,1.67,1.61,1.54,1.48,1.41,1.38,1.36,1.33,1.3,1.12,0.95,0.77,0.6,0.73,0.87,1.0,1.14,1.28,1.42,1.56,1.7,1.67,1.63,1.59,1.56,1.69,1.83,1.96,2.1,2.09,2.09,2.08,2.07,2.12,2.17,2.22,2.27,2.27,2.28,2.28,2.28,2.4,2.51,2.62,2.73,2.98,3.22,3.46,3.7,3.59,3.48,3.37,3.26,3.12,2.98,2.84,2.71,2.61,2.52,2.43,2.34,2.26,2.18,2.1,2.03,1.84,1.65,1.47,1.28,1.11,0.94,0.77,0.59,0.48,0.37,0.25,0.14,0.27,0.4,0.52,0.65,0.66,0.66,0.67,0.67,0.62,0.58,0.53,0.49,0.51,0.53,0.56,0.58,0.69,0.8,0.91,1.02,0.95,0.89,0.82,0.76,0.62,0.48,0.34,0.2,0.18,0.17,0.15,0.14,0.41,0.68,0.96,1.23,1.39,1.54,1.7,1.85,1.94,2.03,2.12,2.2,2.18,2.15,2.13,2.11,2.32,2.53,2.74,2.95,3.0,3.06,3.11,3.17,3.35,3.52,3.7,3.88,3.88,3.89,3.89,3.9,3.73,3.56,3.39,3.22,3.24,3.26,3.27,3.29,,
2018-09-28T00:00:00+00:00,1.3,1.21,1.11,1.09,1.07,1.05,1.03,1.23,1.43,1.63,1.83,2.04,2.25,2.46,2.67,2.54,2.41,2.27,2.14,2.13,2.11,2.1,2.09,2.17,2.25,2.33,2.42,2.37,2.33,2.29,2.25,2.45,2.66,2.86,3.06,3.05,3.04,3.03,3.03,3.33,3.63,3.93,4.24,4.3,4.36,4.42,4.48,4.78,5.08,5.38,5.69,5.59,5.49,5.4,5.3,5.23,5.16,5.09,5.02,5.17,5.33,5.48,5.63,5.78,5.93,6.08,6.23,6.15,6.07,5.99,5.91,5.9,5.89,5.88,5.87,5.91,5.95,5.99,6.03,5.95,5.88,5.8,5.73,5.59,5.46,5.33,5.19,5.11,5.03,4.96,4.88,4.83,4.78,4.73,4.69,4.6,4.51,4.43,4.34,4.3,4.27,4.23,4.2,4.17,4.15,4.13,4.1,4.15,4.19,4.24,4.28,4.39,4.5,4.61,4.72,4.65,4.58,4.51,4.44,4.47,4.49,4.52,4.55,4.56,4.56,4.57,4.57,4.49,4.41,4.32,4.24,4.3,4.35,4.41,4.46,4.48,4.51,4.53,4.55,4.5,4.46,4.41,4.36,4.44,4.51,4.58,4.65,4.68,4.7,4.73,4.76,4.7,4.64,4.57,4.51,4.45,4.39,4.33,4.26,4.24,4.22,4.2,4.17,,
2018-09-29T00:00:00+00:00,4.96,4.96,4.95,4.9,4.85,4.79,4.74,4.66,4.57,4.49,4.41,4.39,4.37,4.35,4.32,4.29,4.26,4.22,4.19,4.1,4.01,3.92,3.84,3.94,4.05,4.16,4.27,4.23,4.2,4.17,4.13,4.11,4.1,4.08,4.06,4.12,4.19,4.25,4.32,4.29,4.25,4.22,4.19,4.22,4.26,4.29,4.33,4.32,4.32,4.31,4.3,4.24,4.18,4.12,4.06,4.0,3.93,3.86,3.8,3.77,3.75,3.73,3.7,3.64,3.57,3.5,3.43,3.47,3.52,3.56,3.6,3.6,3.6,3.6,3.6,3.58,3.57,3.55,3.54,3.4,3.26,3.12,2.98,2.91,2.84,2.77,2.7,2.74,2.79,2.84,2.89,2.66,2.43,2.21,1.98,1.98,1.98,1.98,1.98,2.0,2.03,2.05,2.07,1.93,1.8,1.66,1.52,1.47,1.42,1.38,1.33,1.47,1.61,1.75,1.89,1.95,2.01,2.08,2.14,2.18,2.22,2.25,2.29,2.43,2.56,2.7,2.84,2.85,2.85,2.86,2.87,2.91,2.95,2.99,3.03,2.92,2.82,2.72,2.61,2.64,2.67,2.7,2.73,2.82,2.92,3.02,3.11,3.16,3.2,3.25,3.29,3.17,3.05,2.93,2.81,2.74,2.68,2.61,2.54,2.52,2.5,2.48,2.45,,
2018-09-30T00:00:00+00:00,1.72,1.42,1.13,0.9,0.68,0.45,0.22,0.32,0.42,0.52,0.62,0.81,0.99,1.18,1.37,1.64,1.92,2.19,2.46,2.46,2.46,2.46,2.47,2.45,2.44,2.43,2.41,2.33,2.24,2.15,2.07,2.26,2.45,2.63,2.82,2.82,2.82,2.82,2.82,2.82,2.83,2.84,2.84,2.76,2.67,2.59,2.5,2.5,2.5,2.5,2.5,2.6,2.69,2.78,2.87,2.91,2.94,2.98,3.02,2.93,2.85,2.76,2.68,3.03,3.38,3.74,4.09,4.15,4.21,4.27,4.32,4.36,4.4,4.44,4.48,4.26,4.05,3.83,3.62,3.61,3.6,3.59,3.58,3.45,3.31,3.17,3.04,3.19,3.35,3.51,3.67,3.61,3.55,3.48,3.42,3.3,3.18,3.06,2.94,3.08,3.22,3.36,3.49,3.61,3.73,3.85,3.96,3.85,3.73,3.61,3.49,3.59,3.69,3.79,3.89,3.84,3.79,3.74,3.69,3.56,3.43,3.3,3.17,3.37,3.58,3.78,3.98,4.21,4.44,4.67,4.89,4.91,4.92,4.94,4.95,4.99,5.03,5.07,5.11,5.2,5.29,5.39,5.48,5.5,5.53,5.55,5.58,5.66,5.75,5.84,5.93,5.88,5.83,5.78,5.74,5.6,5.47,5.34,5.2,5.21,5.23,5.24,5.25,,
2018-10-01T00:00:00+00:00,2.66,2.89,3.12,3.34,3.56,3.77,3.99,4.18,4.36,4.55,4.73,4.65,4.57,4.49,4.41,4.0,3.59,3.18,2.77,2.77,2.78,2.79,2.8,3.25,3.71,4.17,4.63,4.73,4.83,4.93,5.03,4.79,4.56,4.32,4.09,4.05,4.02,3.99,3.95,4.07,4.18,4.29,4.41,4.49,4.58,4.67,4.76,4.79,4.82,4.85,4.88,4.87,4.85,4.84,4.83,4.88,4.93,4.98,5.04,4.89,4.74,4.58,4.43,4.42,4.41,4.4,4.39,4.29,4.2,4.1,4.01,3.83,3.66,3.49,3.32,3.02,2.72,2.42,2.12,2.05,1.98,1.91,1.84,1.83,1.82,1.82,1.81,1.85,1.9,1.94,1.99,2.04,2.09,2.15,2.2,2.29,2.37,2.46,2.55,2.6,2.66,2.71,2.76,2.72,2.68,2.64,2.59,2.5,2.4,2.31,2.22,2.32,2.43,2.53,2.64,2.5,2.37,2.23,2.1,2.23,2.37,2.5,2.63,2.79,2.95,3.1,3.26,3.5,3.74,3.98,4.23,4.27,4.31,4.35,4.39,4.48,4.58,4.67,4.77,4.7,4.64,4.57,4.5,4.52,4.54,4.57,4.59,4.73,4.86,5.0,5.14,5.1,5.06,5.02,4.98,4.86,4.74,4.62,4.5,4.35,4.2,4.05,3.9,,
2018-10-02T00:00:00+00:00,1.85,1.87,1.88,2.25,2.63,3.0,3.38,3.38,3.39,3.4,3.4,3.42,3.43,3.45,3.47,3.48,3.48,3.49,3.5,3.53,3.56,3.59,3.62,3.71,3.79,3.87,3.96,4.2,4.45,4.7,4.95,5.07,5.2,5.32,5.44,5.33,5.22,5.11,5.0,4.94,4.88,4.81,4.75,4.81,4.88,4.95,5.01,5.07,5.14,5.2,5.26,5.09,4.93,4.76,4.6,4.48,4.37,4.25,4.14,4.01,3.89,3.76,3.64,3.58,3.53,3.48,3.42,3.45,3.48,3.5,3.53,3.41,3.29,3.16,3.04,3.01,2.98,2.95,2.92,2.92,2.91,2.91,2.9,2.79,2.68,2.57,2.46,2.58,2.71,2.83,2.96,2.98,3.01,3.03,3.05,2.98,2.9,2.82,2.74,2.61,2.48,2.35,2.22,2.24,2.26,2.29,2.31,2.26,2.22,2.18,2.14,2.28,2.43,2.58,2.73,2.75,2.78,2.81,2.83,2.72,2.62,2.51,2.41,2.52,2.64,2.75,2.87,2.75,2.63,2.51,2.4,2.31,2.23,2.15,2.07,2.15,2.23,2.31,2.39,2.57,2.75,2.92,3.1,2.87,2.64,2.41,2.17,2.43,2.69,2.94,3.2,3.06,2.92,2.79,2.65,2.62,2.59,2.56,2.54,2.41,2.29,2.17,2.05,,
2018-10-03T00:00:00+00:00,2.56,2.86,3.16,3.21,3.27,3.32,3.37,3.19,3.02,2.85,2.68,2.36,2.05,1.73,1.41,1.47,1.54,1.6,1.66,1.89,2.13,2.36,2.6,2.58,2.56,2.55,2.53,2.55,2.57,2.58,2.6,2.6,2.6,2.6,2.6,2.58,2.55,2.53,2.51,2.61,2.72,2.82,2.92,2.58,2.23,1.88,1.54,1.66,1.79,1.91,2.04,2.16,2.27,2.39,2.5,2.51,2.53,2.54,2.55,2.44,2.33,2.21,2.1,2.07,2.04,2.01,1.98,2.0,2.01,2.03,2.04,1.94,1.84,1.74,1.63,1.53,1.42,1.31,1.2,1.19,1.17,1.16,1.14,1.12,1.1,1.09,1.07,1.2,1.33,1.46,1.6,1.45,1.3,1.15,1.0,0.97,0.94,0.91,0.89,0.91,0.93,0.95,0.97,0.96,0.95,0.93,0.92,0.96,1.01,1.05,1.09,1.15,1.21,1.28,1.34,1.34,1.33,1.33,1.33,1.26,1.19,1.11,1.04,1.11,1.18,1.25,1.32,1.58,1.84,2.1,2.36,2.36,2.36,2.36,2.36,2.34,2.31,2.29,2.26,2.29,2.31,2.34,2.37,2.4,2.43,2.46,2.5,2.5,2.5,2.51,2.51,2.51,2.51,2.51,2.52,2.56,2.61,2.66,2.71,2.68,2.65,2.63,2.6,,
2018-10-04T00:00:00+00:00,1.0,0.96,0.91,0.89,0.87,0.85,0.84,0.95,1.06,1.17,1.28,1.15,1.01,0.87,0.74,0.66,0.59,0.52,0.45,0.41,0.37,0.34,0.3,0.43,0.56,0.69,0.82,1.03,1.25,1.47,1.68,1.76,1.83,1.91,1.99,2.07,2.16,2.25,2.34,2.23,2.12,2.01,1.89,1.97,2.04,2.12,2.19,2.26,2.33,2.4,2.46,2.4,2.34,2.29,2.23,2.27,2.32,2.36,2.41,2.5,2.6,2.69,2.78,2.68,2.58,2.48,2.37,2.22,2.06,1.91,1.75,1.69,1.63,1.57,1.52,1.54,1.56,1.59,1.61,1.67,1.74,1.8,1.86,1.85,1.83,1.82,1.81,1.78,1.76,1.74,1.71,1.77,1.83,1.89,1.95,1.91,1.87,1.83,1.79,1.76,1.74,1.71,1.68,1.67,1.65,1.64,1.62,1.63,1.64,1.66,1.67,1.71,1.75,1.8,1.84,1.75,1.66,1.56,1.47,1.38,1.28,1.19,1.09,1.13,1.17,1.21,1.25,1.27,1.28,1.3,1.32,1.33,1.34,1.35,1.36,1.56,1.76,1.97,2.17,2.15,2.13,2.12,2.1,2.03,1.95,1.87,1.8,1.9,2.0,2.11,2.21,2.37,2.53,2.69,2.85,2.93,3.01,3.09,3.17,2.75,2.32,1.89,1.46,,
2018-10-05T00:00:00+00:00,1.59,1.52,1.45,1.51,1.56,1.62,1.67,1.65,1.62,1.6,1.57,1.65,1.74,1.82,1.9,1.72,1.54,1.35,1.17,1.01,0.84,0.67,0.5,0.69,0.88,1.08,1.27,1.26,1.26,1.26,1.25,1.44,1.63,1.82,2.01,1.99,1.96,1.94,1.92,2.02,2.11,2.2,2.29,2.34,2.39,2.44,2.5,2.46,2.42,2.38,2.35,2.33,2.31,2.29,2.26,2.34,2.42,2.5,2.58,2.56,2.54,2.52,2.5,2.24,1.99,1.73,1.47,1.59,1.7,1.81,1.92,1.93,1.94,1.96,1.97,1.88,1.79,1.71,1.62,1.64,1.67,1.69,1.72,1.55,1.39,1.22,1.05,0.98,0.91,0.83,0.76,0.86,0.97,1.07,1.17,1.0,0.82,0.64,0.46,0.58,0.69,0.81,0.92,0.93,0.95,0.96,0.97,1.0,1.03,1.06,1.09,1.67,2.25,2.83,3.41,3.43,3.46,3.48,3.5,3.49,3.49,3.48,3.47,3.59,3.71,3.82,3.94,3.95,3.95,3.96,3.96,4.03,4.09,4.16,4.22,4.2,4.17,4.14,4.11,4.28,4.44,4.61,4.78,4.76,4.74,4.73,4.71,4.7,4.7,4.69,4.68,4.44,4.19,3.95,3.7,3.45,3.2,2.94,2.69,2.66,2.63,2.61,2.58,,
2018-10-06T00:00:00+00:00,0.83,0.79,0.76,0.78,0.8,0.82,0.85,1.16,1.47,1.79,2.1,2.45,2.81,3.16,3.52,3.45,3.39,3.32,3.26,3.12,2.99,2.86,2.72,2.79,2.86,2.93,3.01,3.13,3.26,3.39,3.52,3.57,3.62,3.67,3.72,3.65,3.57,3.5,3.43,3.46,3.5,3.53,3.57,3.67,3.78,3.88,3.99,4.21,4.44,4.66,4.89,5.0,5.12,5.23,5.34,5.07,4.8,4.53,4.26,4.15,4.04,3.93,3.81,3.59,3.37,3.15,2.93,3.03,3.13,3.23,3.34,3.98,4.63,5.27,5.92,5.29,4.67,4.05,3.43,2.96,2.49,2.01,1.54,1.44,1.34,1.23,1.13,1.18,1.23,1.28,1.33,1.39,1.45,1.51,1.57,1.55,1.52,1.5,1.48,1.38,1.28,1.18,1.08,1.15,1.21,1.27,1.33,1.15,0.97,0.79,0.61,0.6,0.6,0.6,0.6,0.76,0.93,1.09,1.26,1.33,1.41,1.48,1.55,1.67,1.79,1.91,2.03,2.15,2.27,2.39,2.52,2.5,2.48,2.46,2.44,2.85,3.26,3.67,4.07,3.95,3.83,3.71,3.58,3.74,3.9,4.05,4.21,4.04,3.86,3.69,3.52,3.34,3.15,2.97,2.79,2.97,3.16,3.34,3.53,3.45,3.37,3.29,3.21,,
2018-10-07T00:00:00+00:00,0.71,0.85,0.98,1.11,1.23,1.36,1.48,1.62,1.76,1.9,2.04,2.18,2.33,2.48,2.62,2.62,2.61,2.61,2.6,2.42,2.25,2.07,1.89,1.72,1.56,1.39,1.22,1.89,2.56,3.22,3.89,4.12,4.36,4.59,4.83,4.59,4.36,4.12,3.89,3.65,3.41,3.17,2.93,3.09,3.26,3.43,3.59,3.74,3.88,4.03,4.17,4.1,4.03,3.96,3.89,3.91,3.93,3.95,3.97,3.92,3.87,3.82,3.77,3.56,3.35,3.13,2.92,2.93,2.94,2.94,2.95,2.91,2.87,2.83,2.79,2.78,2.77,2.76,2.75,2.75,2.74,2.73,2.73,2.67,2.61,2.55,2.5,2.43,2.37,2.3,2.24,2.29,2.33,2.38,2.43,2.49,2.56,2.63,2.69,2.62,2.54,2.46,2.39,2.38,2.37,2.36,2.36,2.33,2.31,2.28,2.25,2.23,2.22,2.2,2.18,1.99,1.81,1.62,1.44,1.49,1.54,1.6,1.65,1.77,1.89,2.01,2.13,2.32,2.52,2.72,2.92,2.9,2.88,2.86,2.84,2.83,2.81,2.8,2.78,2.76,2.73,2.71,2.68,2.6,2.51,2.42,2.33,2.23,2.14,2.04,1.94,1.92,1.9,1.87,1.85,1.99,2.13,2.27,2.41,2.39,2.36,2.34,2.32,,
2018-10-08T00:00:00+00:00,2.36,2.4,2.43,2.52,2.6,2.69,2.78,2.5,2.22,1.95,1.67,1.63,1.59,1.55,1.52,1.61,1.7,1.79,1.87,1.92,1.97,2.02,2.07,2.06,2.06,2.05,2.05,2.07,2.1,2.13,2.15,2.23,2.31,2.39,2.47,2.53,2.59,2.65,2.71,2.63,2.54,2.45,2.36,2.23,2.1,1.97,1.84,1.76,1.67,1.58,1.5,1.55,1.61,1.66,1.72,1.89,2.06,2.23,2.4,2.36,2.32,2.29,2.25,2.14,2.03,1.92,1.8,1.74,1.67,1.6,1.53,1.52,1.51,1.5,1.49,1.61,1.73,1.85,1.97,1.93,1.88,1.83,1.79,1.71,1.64,1.56,1.48,1.48,1.47,1.47,1.47,1.43,1.4,1.37,1.33,1.34,1.34,1.34,1.34,1.5,1.66,1.82,1.98,2.02,2.06,2.09,2.13,1.98,1.84,1.69,1.55,1.68,1.8,1.93,2.06,1.99,1.93,1.86,1.8,1.76,1.73,1.69,1.65,1.71,1.77,1.82,1.88,1.88,1.88,1.88,1.89,1.91,1.94,1.97,1.99,2.05,2.1,2.15,2.21,2.27,2.33,2.39,2.45,2.44,2.42,2.41,2.39,2.4,2.41,2.42,2.43,2.49,2.56,2.63,2.7,2.8,2.9,3.01,3.11,2.99,2.87,2.74,2.62,,
2018-10-09T00:00:00+00:00,0.48,0.61,0.74,0.92,1.11,1.3,1.49,1.46,1.43,1.4,1.36,1.42,1.47,1.53,1.58,1.63,1.69,1.74,1.8,1.66,1.52,1.38,1.24,1.22,1.19,1.16,1.13,1.09,1.05,1.01,0.97,1.12,1.28,1.43,1.59,1.76,1.94,2.12,2.29,2.33,2.36,2.4,2.43,2.35,2.27,2.19,2.11,2.08,2.05,2.02,1.99,2.02,2.04,2.07,2.09,2.15,2.21,2.27,2.33,2.45,2.57,2.68,2.8,2.7,2.61,2.51,2.42,2.4,2.38,2.35,2.33,2.33,2.33,2.33,2.33,2.38,2.43,2.48,2.53,2.51,2.49,2.46,2.44,2.4,2.35,2.31,2.26,2.27,2.28,2.28,2.29,2.3,2.31,2.32,2.33,2.4,2.46,2.52,2.59,2.55,2.51,2.48,2.44,2.49,2.55,2.6,2.65,2.62,2.6,2.57,2.55,2.49,2.44,2.38,2.33,2.26,2.2,2.14,2.07,2.04,2.0,1.96,1.92,1.97,2.01,2.05,2.1,2.24,2.38,2.52,2.66,2.56,2.47,2.37,2.28,2.39,2.51,2.63,2.75,2.97,3.18,3.4,3.61,3.57,3.52,3.48,3.43,3.51,3.6,3.68,3.76,3.83,3.91,3.98,4.06,4.05,4.04,4.04,4.03,3.94,3.85,3.76,3.67,,
2018-10-10T00:00:00+00:00,1.87,2.07,2.27,2.33,2.39,2.45,2.51,2.43,2.36,2.29,2.22,2.38,2.54,2.71,2.87,2.83,2.78,2.73,2.68,2.45,2.22,2.0,1.77,1.75,1.74,1.73,1.71,1.71,1.7,1.7,1.69,1.75,1.8,1.85,1.91,1.95,1.99,2.03,2.07,2.15,2.23,2.31,2.38,2.44,2.49,2.54,2.59,2.71,2.82,2.93,3.04,3.15,3.27,3.38,3.49,3.56,3.64,3.72,3.79,3.9,4.01,4.12,4.23,4.2,4.17,4.14,4.1,4.24,4.38,4.52,4.66,5.08,5.5,5.92,6.34,5.92,5.49,5.06,4.63,4.67,4.7,4.73,4.77,4.74,4.71,4.68,4.65,4.55,4.45,4.35,4.25,4.05,3.85,3.65,3.45,3.25,3.05,2.86,2.66,2.54,2.43,2.31,2.2,2.3,2.4,2.5,2.6,2.85,3.1,3.35,3.6,3.63,3.65,3.68,3.71,3.77,3.83,3.89,3.95,3.91,3.87,3.82,3.78,3.84,3.9,3.96,4.02,4.17,4.31,4.46,4.6,4.64,4.68,4.72,4.76,4.79,4.81,4.83,4.85,4.92,4.99,5.06,5.13,5.2,5.27,5.34,5.41,5.4,5.38,5.36,5.35,5.38,5.42,5.46,5.5,5.33,5.16,4.98,4.81,4.44,4.07,3.69,3.32,,
2018-10-11T00:00:00+00:00,2.42,2.39,2.36,2.78,3.19,3.61,4.03,4.22,4.4,4.59,4.77,4.62,4.47,4.32,4.16,4.12,4.08,4.03,3.99,4.07,4.14,4.22,4.3,4.34,4.38,4.43,4.47,4.49,4.5,4.51,4.52,4.54,4.56,4.59,4.61,4.6,4.6,4.59,4.59,4.61,4.63,4.65,4.67,4.71,4.75,4.79,4.83,4.81,4.78,4.75,4.72,4.65,4.57,4.5,4.42,3.89,3.37,2.84,2.32,2.25,2.19,2.13,2.06,2.38,2.7,3.02,3.34,3.78,4.22,4.66,5.11,4.81,4.51,4.21,3.92,3.68,3.44,3.2,2.96,3.09,3.22,3.35,3.48,3.46,3.44,3.43,3.41,3.43,3.46,3.48,3.5,3.69,3.88,4.07,4.26,4.01,3.77,3.52,3.28,3.25,3.22,3.19,3.16,3.12,3.08,3.05,3.01,2.85,2.69,2.53,2.38,2.48,2.59,2.7,2.81,2.85,2.9,2.94,2.99,3.08,3.18,3.28,3.38,3.49,3.6,3.71,3.82,3.8,3.77,3.74,3.71,3.93,4.16,4.38,4.61,4.63,4.65,4.68,4.7,4.76,4.83,4.9,4.96,4.88,4.8,4.72,4.64,4.71,4.78,4.85,4.92,4.86,4.8,4.75,4.69,4.49,4.28,4.08,3.87,3.7,3.53,3.36,3.2,,
2018-10-12T00:00:00+00:00,2.35,2.7,3.05,2.97,2.89,2.81,2.73,2.91,3.1,3.28,3.46,3.3,3.13,2.97,2.8,2.85,2.9,2.96,3.01,2.88,2.76,2.64,2.52,2.54,2.56,2.58,2.6,2.76,2.93,3.09,3.26,3.31,3.36,3.41,3.46,3.84,4.22,4.6,4.98,5.12,5.26,5.4,5.54,5.56,5.58,5.6,5.61,5.66,5.71,5.76,5.82,5.79,5.76,5.73,5.7,5.53,5.35,5.17,5.0,4.72,4.43,4.15,3.87,3.71,3.55,3.38,3.22,3.09,2.96,2.83,2.69,2.59,2.48,2.38,2.27,2.33,2.38,2.44,2.5,2.39,2.29,2.19,2.08,1.99,1.91,1.82,1.73,1.8,1.87,1.93,2.0,2.05,2.1,2.15,2.19,2.42,2.65,2.87,3.1,3.02,2.94,2.87,2.79,2.6,2.41,2.22,2.04,2.2,2.36,2.52,2.69,2.54,2.4,2.26,2.12,2.12,2.12,2.13,2.13,2.28,2.43,2.59,2.74,2.77,2.8,2.83,2.86,2.89,2.92,2.94,2.97,3.14,3.3,3.47,3.63,3.65,3.68,3.7,3.72,3.73,3.75,3.76,3.78,3.8,3.82,3.85,3.87,3.9,3.92,3.95,3.97,3.97,3.97,3.98,3.98,3.75,3.51,3.28,3.05,3.01,2.96,2.92,2.88,,
2018-10-13T00:00:00+00:00,2.98,3.08,3.18,3.11,3.05,2.99,2.92,2.74,2.56,2.39,2.21,2.02,1.84,1.65,1.47,1.59,1.71,1.84,1.96,1.84,1.73,1.61,1.5,1.61,1.73,1.85,1.96,2.18,2.39,2.6,2.81,2.9,2.98,3.07,3.15,3.23,3.31,3.38,3.46,3.47,3.47,3.48,3.49,3.54,3.59,3.64,3.69,3.75,3.82,3.89,3.96,3.93,3.9,3.88,3.85,3.79,3.72,3.66,3.59,3.47,3.34,3.21,3.08,3.19,3.3,3.41,3.52,3.4,3.28,3.16,3.05,3.1,3.15,3.2,3.25,3.24,3.23,3.22,3.21,3.07,2.94,2.8,2.67,2.63,2.6,2.56,2.52,2.3,2.07,1.84,1.61,1.69,1.76,1.84,1.91,1.92,1.93,1.94,1.95,2.15,2.35,2.56,2.76,2.94,3.13,3.31,3.49,3.61,3.72,3.83,3.94,4.08,4.21,4.34,4.47,4.53,4.58,4.64,4.7,4.8,4.9,5.01,5.11,5.22,5.32,5.43,5.53,5.58,5.63,5.68,5.73,5.68,5.64,5.6,5.55,5.83,6.1,6.38,6.65,6.36,6.07,5.78,5.49,5.27,5.05,4.84,4.62,5.06,5.5,5.93,6.37,5.88,5.39,4.91,4.42,5.01,5.6,6.19,6.78,6.47,6.16,5.85,5.55,,
2018-10-14T00:00:00+00:00,1.62,1.73,1.85,2.28,2.71,3.13,3.56,3.46,3.36,3.27,3.17,3.2,3.24,3.28,3.32,3.5,3.67,3.85,4.03,4.18,4.33,4.49,4.64,4.78,4.93,5.07,5.21,5.23,5.24,5.25,5.27,5.39,5.51,5.63,5.75,5.79,5.84,5.88,5.93,5.85,5.77,5.69,5.61,5.53,5.45,5.38,5.3,4.97,4.64,4.31,3.98,3.6,3.23,2.85,2.47,2.21,1.94,1.68,1.42,1.86,2.29,2.73,3.17,3.05,2.93,2.81,2.7,2.71,2.73,2.75,2.77,3.23,3.69,4.15,4.62,4.69,4.77,4.85,4.92,4.82,4.72,4.62,4.52,4.35,4.19,4.03,3.86,3.63,3.4,3.17,2.93,2.96,2.98,3.0,3.02,2.96,2.89,2.83,2.77,2.71,2.66,2.6,2.54,2.42,2.3,2.18,2.05,2.38,2.7,3.03,3.35,3.37,3.39,3.41,3.43,3.37,3.31,3.25,3.2,3.38,3.57,3.75,3.94,3.63,3.33,3.03,2.72,2.7,2.67,2.64,2.62,2.8,2.98,3.16,3.34,3.35,3.36,3.37,3.38,3.38,3.38,3.38,3.38,3.41,3.44,3.47,3.49,3.45,3.4,3.35,3.3,3.27,3.24,3.21,3.18,3.03,2.88,2.73,2.57,2.44,2.31,2.17,2.04,,
2018-10-15T00:00:00+00:00,4.1,4.14,4.18,4.0,3.83,3.65,3.48,3.54,3.6,3.67,3.73,3.27,2.81,2.35,1.9,1.67,1.44,1.21,0.98,1.22,1.45,1.68,1.91,1.84,1.76,1.68,1.6,1.65,1.69,1.73,1.78,1.93,2.09,2.25,2.41,2.52,2.64,2.75,2.87,3.23,3.6,3.97,4.33,4.42,4.5,4.59,4.67,4.61,4.55,4.49,4.43,4.29,4.14,4.0,3.85,3.86,3.87,3.88,3.89,3.86,3.84,3.81,3.79,3.79,3.79,3.79,3.79,3.64,3.48,3.33,3.18,2.93,2.67,2.42,2.16,2.07,1.98,1.9,1.81,1.83,1.86,1.88,1.91,1.81,1.72,1.63,1.53,1.57,1.61,1.64,1.68,1.75,1.83,1.9,1.98,1.89,1.8,1.72,1.63,1.52,1.4,1.28,1.17,1.16,1.15,1.14,1.13,1.15,1.18,1.2,1.22,1.14,1.06,0.98,0.9,0.87,0.83,0.79,0.75,0.86,0.97,1.07,1.18,1.26,1.33,1.41,1.48,1.39,1.3,1.21,1.12,1.09,1.05,1.02,0.99,1.02,1.06,1.09,1.13,0.98,0.83,0.68,0.53,0.65,0.77,0.89,1.01,1.0,0.98,0.97,0.96,1.2,1.43,1.67,1.9,2.02,2.13,2.24,2.35,2.35,2.35,2.36,2.36,,
2018-10-16T00:00:00+00:00,1.67,1.81,1.95,1.92,1.88,1.84,1.8,1.73,1.65,1.57,1.49,1.53,1.58,1.62,1.66,1.63,1.61,1.58,1.55,1.41,1.28,1.14,1.0,1.02,1.04,1.06,1.07,1.01,0.95,0.89,0.83,0.9,0.97,1.05,1.12,1.18,1.24,1.3,1.36,1.38,1.4,1.42,1.44,1.6,1.76,1.93,2.09,2.17,2.25,2.33,2.41,2.4,2.38,2.37,2.36,2.27,2.17,2.08,1.98,2.06,2.13,2.21,2.28,2.27,2.26,2.25,2.25,2.42,2.59,2.76,2.93,2.84,2.75,2.65,2.56,2.59,2.61,2.64,2.67,2.4,2.13,1.86,1.6,1.57,1.55,1.53,1.51,1.46,1.42,1.38,1.33,1.41,1.48,1.55,1.62,1.63,1.63,1.63,1.63,1.55,1.46,1.38,1.29,1.31,1.32,1.34,1.35,1.44,1.54,1.63,1.72,1.83,1.95,2.07,2.18,2.31,2.45,2.58,2.71,2.61,2.5,2.4,2.3,2.28,2.26,2.25,2.23,2.17,2.11,2.05,1.99,2.04,2.09,2.13,2.18,2.14,2.1,2.06,2.03,1.99,1.96,1.93,1.89,1.93,1.97,2.01,2.05,2.08,2.11,2.14,2.17,2.23,2.28,2.33,2.39,2.48,2.56,2.65,2.74,2.97,3.2,3.43,3.66,,
2018-10-17T00:00:00+00:00,0.92,0.97,1.03,1.06,1.09,1.12,1.15,1.15,1.16,1.16,1.17,1.15,1.13,1.11,1.09,1.08,1.08,1.07,1.07,1.27,1.47,1.67,1.87,1.64,1.42,1.19,0.96,1.02,1.08,1.14,1.2,1.18,1.15,1.12,1.1,1.16,1.22,1.29,1.35,1.32,1.28,1.25,1.22,1.18,1.14,1.1,1.06,1.18,1.3,1.41,1.53,1.6,1.68,1.75,1.82,1.99,2.17,2.34,2.51,2.5,2.49,2.47,2.46,2.63,2.8,2.97,3.14,3.18,3.21,3.25,3.28,3.38,3.48,3.58,3.68,3.74,3.8,3.86,3.92,3.93,3.95,3.96,3.98,3.94,3.89,3.85,3.81,3.92,4.03,4.14,4.24,4.19,4.14,4.09,4.04,4.14,4.23,4.33,4.43,4.42,4.42,4.42,4.42,4.44,4.46,4.48,4.5,4.55,4.61,4.66,4.72,4.68,4.65,4.62,4.59,4.48,4.38,4.27,4.16,4.07,3.98,3.89,3.79,3.81,3.82,3.83,3.84,3.84,3.84,3.83,3.83,3.92,4.02,4.11,4.21,4.28,4.36,4.44,4.51,4.61,4.71,4.81,4.9,4.97,5.03,5.09,5.16,5.15,5.13,5.12,5.11,5.01,4.92,4.82,4.72,4.64,4.55,4.47,4.39,4.38,4.36,4.35,4.34,,
2018-10-18T00:00:00+00:00,3.73,3.88,4.02,4.04,4.06,4.08,4.1,4.18,4.25,4.32,4.4,4.42,4.45,4.48,4.51,4.53,4.56,4.58,4.61,4.54,4.48,4.42,4.36,4.28,4.2,4.12,4.05,3.97,3.89,3.81,3.73,3.65,3.56,3.48,3.4,3.47,3.54,3.61,3.68,3.76,3.84,3.93,4.01,4.06,4.11,4.16,4.21,4.24,4.27,4.3,4.32,4.42,4.51,4.6,4.7,4.7,4.71,4.72,4.72,4.72,4.72,4.72,4.71,4.72,4.73,4.73,4.74,4.65,4.56,4.46,4.37,4.32,4.28,4.23,4.19,4.11,4.03,3.96,3.88,3.8,3.73,3.65,3.58,3.55,3.53,3.5,3.47,3.43,3.38,3.33,3.29,3.27,3.25,3.23,3.21,3.17,3.12,3.08,3.04,2.96,2.89,2.81,2.74,2.77,2.8,2.83,2.86,2.81,2.76,2.7,2.65,2.67,2.68,2.7,2.71,2.75,2.78,2.82,2.85,2.74,2.63,2.52,2.41,2.42,2.42,2.43,2.44,2.4,2.35,2.31,2.27,2.22,2.17,2.11,2.06,2.14,2.22,2.3,2.38,2.44,2.5,2.56,2.62,2.65,2.68,2.71,2.74,2.9,3.07,3.23,3.39,3.38,3.37,3.36,3.35,3.36,3.38,3.4,3.41,3.5,3.58,3.67,3.76,,
2018-10-19T00:00:00+00:00,3.38,3.34,3.3,3.33,3.36,3.39,3.42,3.36,3.3,3.23,3.17,3.07,2.96,2.86,2.76,2.66,2.57,2.47,2.38,2.38,2.37,2.37,2.37,2.41,2.45,2.49,2.53,2.6,2.68,2.75,2.83,2.82,2.82,2.82,2.82,2.83,2.85,2.86,2.88,2.91,2.94,2.97,3.0,3.03,3.06,3.08,3.11,3.22,3.34,3.45,3.56,3.61,3.66,3.71,3.76,3.74,3.72,3.7,3.68,3.63,3.59,3.54,3.49,3.46,3.43,3.4,3.37,3.53,3.68,3.84,4.0,4.07,4.15,4.22,4.3,4.27,4.23,4.2,4.17,4.09,4.0,3.92,3.83,3.82,3.8,3.79,3.78,3.76,3.75,3.73,3.72,3.74,3.76,3.78,3.8,3.75,3.71,3.67,3.62,3.31,2.99,2.68,2.37,2.18,2.0,1.81,1.63,2.11,2.6,3.08,3.57,3.51,3.45,3.39,3.33,3.26,3.18,3.11,3.04,2.98,2.91,2.85,2.79,2.76,2.72,2.69,2.66,2.68,2.69,2.71,2.73,2.66,2.6,2.54,2.48,2.38,2.29,2.2,2.11,2.1,2.09,2.07,2.06,2.11,2.15,2.2,2.25,2.32,2.4,2.47,2.55,2.55,2.55,2.55,2.55,2.51,2.46,2.42,2.38,2.63,2.87,3.12,3.36,,
2018-10-20T00:00:00+00:00,2.46,2.69,2.92,3.28,3.63,3.99,4.35,4.25,4.15,4.06,3.96,3.62,3.28,2.94,2.6,2.69,2.78,2.87,2.96,2.91,2.86,2.8,2.75,2.71,2.67,2.62,2.58,2.53,2.48,2.42,2.37,2.55,2.72,2.9,3.07,3.06,3.05,3.04,3.03,3.03,3.03,3.04,3.04,2.94,2.84,2.74,2.65,2.62,2.6,2.58,2.56,2.58,2.6,2.62,2.64,2.73,2.83,2.92,3.01,3.05,3.08,3.12,3.15,3.15,3.16,3.16,3.16,3.16,3.16,3.16,3.16,3.14,3.12,3.09,3.07,3.02,2.97,2.91,2.86,2.84,2.81,2.79,2.76,2.61,2.45,2.29,2.14,2.08,2.02,1.96,1.9,2.1,2.29,2.48,2.67,2.54,2.41,2.28,2.15,2.1,2.04,1.98,1.92,1.86,1.8,1.74,1.68,1.63,1.59,1.54,1.49,1.39,1.29,1.19,1.09,1.25,1.42,1.58,1.74,1.63,1.51,1.4,1.28,1.34,1.4,1.47,1.53,1.58,1.64,1.7,1.75,1.8,1.84,1.88,1.92,2.0,2.07,2.15,2.22,2.22,2.22,2.21,2.21,2.19,2.16,2.13,2.1,2.16,2.22,2.28,2.34,2.46,2.58,2.7,2.82,2.9,2.97,3.05,3.12,3.12,3.12,3.13,3.13,,
2018-10-21T00:00:00+00:00,1.7,1.55,1.4,1.41,1.42,1.43,1.44,1.56,1.68,1.8,1.92,1.78,1.64,1.49,1.35,1.26,1.17,1.08,0.99,1.13,1.27,1.41,1.55,1.49,1.43,1.37,1.31,1.24,1.16,1.09,1.01,1.0,0.98,0.96,0.94,1.05,1.15,1.25,1.35,1.49,1.64,1.78,1.92,2.01,2.11,2.2,2.29,2.32,2.35,2.38,2.41,2.33,2.25,2.17,2.09,2.33,2.57,2.81,3.05,3.17,3.3,3.42,3.54,3.44,3.35,3.26,3.16,3.16,3.15,3.14,3.13,3.14,3.15,3.16,3.17,3.05,2.93,2.81,2.69,2.76,2.84,2.92,2.99,3.03,3.06,3.1,3.13,3.17,3.2,3.23,3.27,3.27,3.27,3.27,3.27,3.35,3.43,3.52,3.6,3.53,3.46,3.39,3.32,3.4,3.48,3.56,3.64,3.63,3.61,3.6,3.58,3.64,3.69,3.75,3.8,3.76,3.72,3.68,3.64,3.52,3.39,3.26,3.14,3.4,3.65,3.91,4.17,4.28,4.38,4.49,4.6,4.6,4.6,4.6,4.6,4.63,4.66,4.69,4.72,4.69,4.66,4.63,4.6,4.65,4.71,4.76,4.81,4.69,4.56,4.44,4.32,4.34,4.37,4.4,4.43,4.47,4.5,4.54,4.58,4.43,4.29,4.14,4.0,,
2018-10-22T00:00:00+00:00,2.89,3.32,3.75,3.73,3.71,3.69,3.67,3.67,3.67,3.67,3.67,3.57,3.47,3.36,3.26,3.27,3.29,3.3,3.31,3.48,3.65,3.81,3.98,3.91,3.85,3.78,3.72,3.74,3.75,3.77,3.79,3.77,3.76,3.74,3.72,3.88,4.04,4.21,4.37,4.48,4.6,4.71,4.82,4.82,4.82,4.81,4.81,4.85,4.9,4.94,4.98,4.87,4.76,4.64,4.53,4.56,4.59,4.62,4.64,4.67,4.69,4.71,4.73,4.68,4.62,4.57,4.51,4.47,4.43,4.39,4.36,4.33,4.31,4.28,4.26,4.15,4.04,3.93,3.82,3.85,3.87,3.9,3.92,3.92,3.92,3.92,3.92,3.78,3.64,3.5,3.36,3.19,3.02,2.85,2.69,2.58,2.47,2.37,2.26,2.36,2.45,2.54,2.64,2.8,2.96,3.11,3.27,3.06,2.84,2.62,2.4,2.19,1.98,1.77,1.55,1.64,1.72,1.8,1.88,1.9,1.92,1.94,1.96,2.11,2.25,2.39,2.53,2.66,2.79,2.93,3.06,3.22,3.39,3.55,3.72,3.75,3.77,3.8,3.83,3.89,3.94,3.99,4.05,4.17,4.29,4.41,4.53,4.6,4.67,4.75,4.82,4.9,4.98,5.06,5.14,5.15,5.16,5.18,5.19,5.05,4.91,4.77,4.63,,
2018-10-23T00:00:00+00:00,2.52,2.42,2.31,2.18,2.05,1.92,1.79,1.72,1.66,1.59,1.53,1.67,1.8,1.94,2.08,2.33,2.58,2.84,3.09,2.81,2.52,2.23,1.95,1.99,2.04,2.09,2.13,2.12,2.1,2.09,2.08,2.33,2.58,2.83,3.08,3.12,3.17,3.21,3.25,3.29,3.33,3.37,3.4,3.53,3.65,3.78,3.9,3.96,4.02,4.07,4.13,4.21,4.29,4.37,4.46,4.5,4.54,4.58,4.62,4.62,4.61,4.61,4.61,4.55,4.49,4.43,4.37,4.39,4.4,4.41,4.42,4.14,3.87,3.59,3.31,3.19,3.07,2.95,2.83,2.88,2.94,3.0,3.05,3.16,3.27,3.38,3.49,3.54,3.58,3.63,3.67,3.59,3.51,3.42,3.34,3.34,3.34,3.34,3.33,3.28,3.23,3.18,3.13,3.14,3.14,3.15,3.16,3.17,3.19,3.21,3.22,3.14,3.06,2.97,2.89,2.86,2.83,2.79,2.76,2.72,2.68,2.63,2.59,2.52,2.44,2.37,2.3,2.25,2.21,2.16,2.12,2.02,1.92,1.82,1.72,1.74,1.77,1.79,1.81,1.66,1.52,1.37,1.23,1.1,0.97,0.84,0.72,0.69,0.67,0.64,0.62,0.72,0.83,0.93,1.04,1.23,1.42,1.61,1.79,1.83,1.86,1.9,1.93,,
2018-10-24T00:00:00+00:00,2.48,2.5,2.51,2.55,2.6,2.64,2.69,2.66,2.63,2.6,2.57,2.53,2.49,2.45,2.41,2.48,2.55,2.62,2.69,2.61,2.52,2.44,2.36,2.37,2.38,2.39,2.4,2.45,2.5,2.55,2.6,2.63,2.66,2.68,2.71,2.6,2.49,2.38,2.26,2.22,2.17,2.12,2.08,1.9,1.72,1.54,1.37,1.3,1.23,1.16,1.09,1.04,0.99,0.94,0.9,0.87,0.85,0.83,0.8,1.12,1.43,1.75,2.06,2.01,1.96,1.91,1.86,1.78,1.71,1.63,1.56,1.77,1.97,2.18,2.39,2.42,2.45,2.48,2.51,2.55,2.59,2.63,2.67,2.69,2.71,2.73,2.75,2.63,2.51,2.38,2.26,2.23,2.2,2.17,2.15,2.14,2.14,2.14,2.14,2.1,2.07,2.03,2.0,2.04,2.09,2.13,2.18,2.19,2.19,2.2,2.21,2.19,2.18,2.16,2.14,2.12,2.1,2.08,2.06,2.0,1.94,1.88,1.82,1.77,1.71,1.66,1.61,1.7,1.78,1.87,1.96,1.99,2.02,2.05,2.09,1.98,1.88,1.77,1.67,1.55,1.43,1.32,1.2,1.34,1.47,1.6,1.74,1.86,1.98,2.11,2.23,2.21,2.2,2.18,2.16,1.9,1.64,1.38,1.11,1.11,1.11,1.12,1.12,,
2018-10-25T00:00:00+00:00,0.97,1.07,1.17,1.42,1.68,1.94,2.2,2.18,2.17,2.15,2.14,2.21,2.28,2.35,2.42,2.3,2.18,2.06,1.94,1.89,1.85,1.81,1.77,1.87,1.96,2.05,2.14,2.16,2.17,2.18,2.2,2.2,2.21,2.21,2.21,2.16,2.1,2.04,1.98,1.93,1.89,1.85,1.8,1.73,1.66,1.6,1.53,1.66,1.79,1.92,2.04,2.19,2.34,2.49,2.64,2.6,2.56,2.51,2.47,2.38,2.28,2.19,2.1,1.92,1.75,1.57,1.4,1.37,1.35,1.33,1.3,1.3,1.3,1.3,1.3,1.28,1.27,1.26,1.24,1.4,1.55,1.71,1.86,2.07,2.27,2.48,2.69,2.45,2.22,1.99,1.76,1.76,1.75,1.75,1.74,1.76,1.78,1.81,1.83,1.84,1.86,1.88,1.9,1.86,1.83,1.8,1.77,1.85,1.93,2.01,2.09,2.12,2.15,2.17,2.2,2.2,2.2,2.2,2.2,2.12,2.03,1.94,1.85,2.12,2.39,2.66,2.93,2.85,2.78,2.7,2.63,2.64,2.64,2.65,2.65,2.9,3.15,3.39,3.64,3.68,3.73,3.78,3.82,3.79,3.75,3.72,3.69,3.77,3.86,3.94,4.02,4.17,4.32,4.47,4.62,4.63,4.65,4.66,4.67,4.42,4.18,3.93,3.68,,
2018-10-26T00:00:00+00:00,1.06,1.07,1.07,1.37,1.67,1.97,2.27,2.27,2.27,2.27,2.27,2.49,2.7,2.92,3.13,2.64,2.16,1.67,1.18,1.39,1.6,1.81,2.01,1.95,1.89,1.83,1.77,1.89,2.0,2.12,2.24,2.36,2.48,2.6,2.72,2.76,2.81,2.86,2.91,3.0,3.1,3.2,3.29,3.29,3.3,3.3,3.3,3.44,3.57,3.71,3.85,3.86,3.86,3.87,3.88,3.84,3.8,3.76,3.72,4.03,4.34,4.64,4.95,4.6,4.25,3.9,3.55,3.59,3.63,3.67,3.71,3.58,3.45,3.31,3.18,3.05,2.93,2.8,2.68,2.68,2.68,2.69,2.69,2.62,2.55,2.48,2.41,2.36,2.31,2.26,2.2,2.36,2.52,2.67,2.83,2.72,2.61,2.49,2.38,2.28,2.18,2.09,1.99,2.03,2.08,2.12,2.16,2.27,2.38,2.49,2.6,2.5,2.4,2.3,2.2,2.17,2.14,2.11,2.08,2.04,2.01,1.98,1.95,2.16,2.38,2.6,2.82,2.97,3.12,3.27,3.42,3.41,3.4,3.39,3.38,3.38,3.39,3.39,3.39,3.43,3.47,3.51,3.55,3.66,3.76,3.87,3.98,3.95,3.92,3.9,3.87,3.82,3.77,3.72,3.67,3.7,3.74,3.77,3.81,3.64,3.48,3.31,3.15,,
2018-10-27T00:00:00+00:00,2.75,2.77,2.8,2.67,2.55,2.42,2.3,2.46,2.62,2.77,2.93,2.87,2.81,2.75,2.68,2.47,2.25,2.03,1.81,1.88,1.94,2.01,2.07,1.97,1.87,1.77,1.66,1.56,1.45,1.34,1.24,1.47,1.71,1.94,2.18,2.32,2.45,2.59,2.73,2.47,2.22,1.96,1.71,1.75,1.78,1.82,1.86,1.81,1.76,1.72,1.67,1.74,1.8,1.87,1.93,2.44,2.95,3.46,3.97,3.55,3.13,2.71,2.29,2.99,3.69,4.39,5.09,4.64,4.2,3.76,3.31,3.49,3.67,3.84,4.02,4.06,4.11,4.15,4.19,4.2,4.21,4.23,4.24,4.21,4.18,4.15,4.12,4.06,3.99,3.92,3.85,3.81,3.77,3.73,3.69,3.73,3.78,3.82,3.87,3.89,3.92,3.95,3.98,4.02,4.06,4.1,4.14,4.1,4.05,4.0,3.95,4.12,4.28,4.45,4.61,4.6,4.59,4.58,4.56,4.7,4.84,4.98,5.12,5.2,5.27,5.34,5.41,5.71,6.01,6.31,6.6,6.52,6.43,6.35,6.26,6.32,6.38,6.44,6.5,6.55,6.59,6.64,6.68,6.8,6.92,7.03,7.15,7.11,7.07,7.03,6.99,7.06,7.13,7.2,7.27,7.41,7.56,7.7,7.84,7.78,7.72,7.66,7.6,,
2018-10-28T00:00:00+00:00,3.97,4.11,4.25,4.18,4.1,4.03,3.95,4.17,4.39,4.61,4.83,4.87,4.91,4.95,4.99,4.89,4.79,4.69,4.59,4.56,4.52,4.48,4.44,4.8,5.17,5.53,5.89,5.82,5.74,5.67,5.6,5.61,5.63,5.65,5.66,5.9,6.13,6.37,6.6,6.51,6.42,6.33,6.24,6.42,6.61,6.79,6.97,6.96,6.95,6.94,6.93,7.0,7.06,7.13,7.2,7.08,6.97,6.85,6.74,6.8,6.87,6.94,7.01,7.09,7.16,7.24,7.31,7.24,7.17,7.09,7.02,6.95,6.88,6.82,6.75,6.78,6.81,6.84,6.87,6.64,6.41,6.18,5.95,5.82,5.7,5.58,5.46,5.54,5.61,5.69,5.77,5.65,5.53,5.4,5.28,5.3,5.32,5.34,5.37,5.27,5.18,5.09,5.0,4.96,4.92,4.88,4.84,4.78,4.72,4.66,4.6,4.65,4.69,4.73,4.77,4.79,4.81,4.83,4.85,4.81,4.78,4.74,4.71,4.77,4.83,4.89,4.95,4.87,4.8,4.72,4.65,4.54,4.43,4.32,4.21,4.01,3.82,3.63,3.44,3.47,3.5,3.53,3.56,3.71,3.87,4.03,4.18,4.16,4.14,4.12,4.1,4.17,4.23,4.3,4.36,4.33,4.29,4.25,4.21,4.24,4.26,4.28,4.3,,
2018-10-29T00:00:00+00:00,4.99,5.35,5.71,5.67,5.64,5.6,5.57,5.52,5.47,5.43,5.38,5.51,5.64,5.77,5.9,5.44,4.98,4.53,4.07,4.14,4.22,4.29,4.37,4.38,4.38,4.39,4.4,4.33,4.26,4.19,4.12,4.18,4.24,4.3,4.36,4.42,4.47,4.52,4.58,4.4,4.22,4.04,3.86,3.83,3.81,3.79,3.77,3.96,4.14,4.33,4.52,4.53,4.55,4.56,4.58,4.52,4.46,4.4,4.34,4.44,4.54,4.64,4.74,4.92,5.1,5.28,5.46,5.48,5.5,5.52,5.54,5.39,5.23,5.08,4.92,4.95,4.99,5.02,5.05,5.0,4.94,4.89,4.83,5.01,5.19,5.37,5.55,5.56,5.57,5.58,5.59,5.46,5.33,5.2,5.07,5.25,5.43,5.61,5.79,5.36,4.94,4.51,4.09,4.29,4.49,4.69,4.89,4.91,4.93,4.94,4.96,4.77,4.59,4.4,4.21,4.06,3.91,3.76,3.61,3.69,3.78,3.86,3.94,4.01,4.07,4.14,4.21,4.71,5.21,5.71,6.22,6.23,6.24,6.25,6.26,6.34,6.41,6.49,6.57,6.63,6.7,6.77,6.84,6.89,6.95,7.0,7.06,6.96,6.85,6.75,6.65,6.21,5.77,5.33,4.88,4.69,4.5,4.31,4.11,3.84,3.56,3.29,3.01,,
2018-10-30T00:00:00+00:00,2.63,2.63,2.63,3.08,3.53,3.98,4.43,4.43,4.44,4.45,4.46,4.6,4.74,4.88,5.02,5.01,4.99,4.98,4.97,4.81,4.66,4.5,4.34,4.35,4.36,4.37,4.38,4.89,5.39,5.89,6.39,6.35,6.31,6.27,6.24,6.18,6.12,6.06,6.01,5.97,5.94,5.9,5.87,5.83,5.79,5.76,5.72,5.86,5.99,6.13,6.26,5.98,5.71,5.43,5.15,5.03,4.91,4.78,4.66,4.41,4.15,3.9,3.64,3.62,3.59,3.56,3.53,3.56,3.58,3.6,3.63,3.66,3.7,3.73,3.76,3.56,3.35,3.14,2.93,2.69,2.44,2.19,1.94,1.87,1.8,1.73,1.66,1.65,1.64,1.63,1.62,1.68,1.74,1.8,1.86,1.84,1.82,1.79,1.77,1.8,1.83,1.85,1.88,1.93,1.98,2.03,2.07,2.11,2.14,2.17,2.21,2.3,2.4,2.49,2.59,2.6,2.62,2.63,2.65,2.53,2.42,2.31,2.2,2.26,2.32,2.37,2.43,2.42,2.41,2.4,2.39,2.52,2.65,2.78,2.91,3.01,3.11,3.21,3.31,3.18,3.06,2.94,2.81,2.67,2.52,2.37,2.22,2.37,2.52,2.66,2.81,2.86,2.9,2.95,2.99,3.03,3.06,3.1,3.13,3.18,3.23,3.28,3.33,,
2018-10-31T00:00:00+00:00,1.28,1.54,1.81,1.85,1.88,1.92,1.96,1.92,1.88,1.84,1.8,1.87,1.95,2.02,2.1,2.19,2.28,2.38,2.47,2.47,2.48,2.48,2.49,2.46,2.44,2.41,2.39,2.46,2.53,2.6,2.67,2.66,2.66,2.66,2.65,2.73,2.81,2.89,2.96,3.09,3.21,3.33,3.45,3.39,3.32,3.26,3.2,3.02,2.83,2.65,2.46,2.48,2.49,2.5,2.51,2.67,2.84,3.0,3.17,3.24,3.32,3.39,3.47,3.53,3.59,3.66,3.72,3.78,3.84,3.9,3.96,3.85,3.73,3.61,3.5,3.68,3.87,4.05,4.24,4.38,4.53,4.68,4.83,4.84,4.85,4.86,4.87,5.11,5.36,5.6,5.85,5.67,5.48,5.3,5.11,4.82,4.54,4.25,3.96,3.88,3.8,3.72,3.64,3.59,3.53,3.48,3.43,3.46,3.49,3.52,3.55,3.38,3.2,3.03,2.86,2.76,2.66,2.56,2.46,2.47,2.49,2.5,2.52,2.63,2.74,2.85,2.96,3.07,3.17,3.27,3.37,3.34,3.31,3.28,3.26,3.32,3.38,3.45,3.51,3.66,3.8,3.94,4.08,3.99,3.89,3.8,3.71,3.69,3.67,3.65,3.63,3.69,3.76,3.83,3.9,3.95,4.01,4.06,4.12,4.08,4.04,4.0,3.95,,
2018-11-01T00:00:00+00:00,4.39,4.28,4.18,4.07,3.96,3.85,3.74,3.76,3.78,3.8,3.82,3.9,3.97,4.05,4.13,4.12,4.1,4.09,4.07,4.02,3.97,3.91,3.86,3.72,3.59,3.46,3.32,3.31,3.3,3.3,3.29,3.34,3.4,3.46,3.52,3.56,3.6,3.64,3.68,3.56,3.43,3.31,3.18,3.27,3.36,3.44,3.53,3.47,3.41,3.35,3.29,3.37,3.44,3.52,3.6,3.65,3.7,3.76,3.81,3.8,3.8,3.79,3.78,3.91,4.03,4.15,4.28,3.97,3.67,3.36,3.06,3.12,3.18,3.24,3.3,3.27,3.23,3.19,3.15,3.07,2.99,2.91,2.83,2.73,2.63,2.53,2.43,2.4,2.37,2.35,2.32,2.26,2.19,2.13,2.06,2.16,2.25,2.34,2.43,2.42,2.4,2.38,2.37,2.35,2.34,2.33,2.31,2.12,1.92,1.73,1.54,1.5,1.47,1.43,1.4,1.36,1.32,1.28,1.24,1.13,1.02,0.91,0.8,0.86,0.91,0.96,1.02,0.95,0.88,0.82,0.75,0.81,0.88,0.94,1.0,1.25,1.5,1.75,1.99,1.96,1.92,1.88,1.85,1.84,1.84,1.83,1.83,1.82,1.81,1.8,1.79,1.81,1.83,1.86,1.88,1.98,2.08,2.18,2.28,2.14,2.0,1.87,1.73,,
2018-11-02T00:00:00+00:00,1.57,1.69,1.81,1.76,1.7,1.65,1.6,1.7,1.8,1.9,1.99,2.23,2.46,2.7,2.93,2.91,2.88,2.86,2.84,2.51,2.18,1.85,1.52,1.45,1.38,1.31,1.24,1.26,1.27,1.28,1.29,1.6,1.9,2.21,2.52,2.57,2.62,2.68,2.73,2.79,2.85,2.91,2.97,2.96,2.94,2.92,2.9,2.79,2.68,2.57,2.46,2.56,2.67,2.78,2.89,2.85,2.82,2.79,2.75,2.6,2.45,2.31,2.16,2.02,1.88,1.74,1.6,1.59,1.59,1.58,1.57,1.51,1.44,1.38,1.32,1.3,1.27,1.25,1.23,1.18,1.13,1.08,1.03,0.96,0.9,0.83,0.76,0.66,0.57,0.47,0.37,0.46,0.55,0.64,0.73,0.74,0.75,0.76,0.77,0.83,0.88,0.93,0.99,1.02,1.05,1.08,1.11,1.11,1.1,1.1,1.1,1.14,1.17,1.21,1.25,1.22,1.2,1.18,1.15,1.16,1.17,1.18,1.19,1.19,1.2,1.2,1.21,1.27,1.34,1.41,1.48,1.5,1.52,1.54,1.55,1.53,1.5,1.47,1.44,1.56,1.69,1.81,1.94,1.95,1.96,1.97,1.99,1.96,1.94,1.91,1.89,1.94,1.99,2.05,2.1,1.99,1.89,1.78,1.68,1.68,1.69,1.7,1.7,,
2018-11-03T00:00:00+00:00,0.98,0.97,0.95,0.9,0.86,0.81,0.76,0.82,0.89,0.95,1.01,1.17,1.33,1.48,1.64,1.48,1.32,1.17,1.01,1.11,1.2,1.3,1.39,1.35,1.31,1.27,1.23,1.36,1.5,1.63,1.77,1.58,1.39,1.2,1.01,0.99,0.97,0.95,0.92,0.98,1.03,1.08,1.14,1.04,0.94,0.85,0.75,0.8,0.84,0.89,0.93,0.87,0.8,0.73,0.67,0.77,0.87,0.98,1.08,1.09,1.11,1.12,1.13,1.26,1.38,1.51,1.63,1.53,1.42,1.31,1.21,1.19,1.17,1.15,1.13,0.95,0.78,0.61,0.43,0.65,0.88,1.1,1.32,1.2,1.08,0.96,0.84,0.68,0.52,0.35,0.19,0.41,0.63,0.84,1.06,1.1,1.14,1.17,1.21,1.05,0.9,0.75,0.59,0.59,0.58,0.58,0.58,0.79,1.0,1.21,1.43,1.49,1.54,1.6,1.66,1.74,1.82,1.9,1.98,1.9,1.81,1.72,1.63,1.64,1.66,1.68,1.69,1.71,1.72,1.74,1.76,1.85,1.94,2.03,2.13,2.09,2.05,2.01,1.98,2.1,2.23,2.35,2.48,2.48,2.49,2.49,2.5,2.53,2.57,2.61,2.64,2.63,2.62,2.6,2.59,2.69,2.8,2.9,3.01,2.98,2.95,2.92,2.88,,
2018-11-04T00:00:00+00:00,1.96,2.09,2.22,2.01,1.8,1.59,1.38,1.46,1.54,1.62,1.7,1.48,1.25,1.03,0.8,0.74,0.67,0.61,0.54,0.9,1.27,1.63,1.99,1.72,1.45,1.18,0.9,1.04,1.19,1.33,1.47,1.69,1.91,2.12,2.34,2.06,1.77,1.49,1.2,1.43,1.65,1.87,2.09,2.07,2.05,2.02,2.0,2.05,2.1,2.15,2.2,2.32,2.44,2.57,2.69,2.77,2.84,2.92,3.0,3.0,3.0,3.01,3.01,2.91,2.8,2.7,2.6,2.66,2.73,2.8,2.86,2.96,3.07,3.17,3.27,3.33,3.39,3.45,3.51,3.48,3.45,3.41,3.38,3.22,3.07,2.91,2.75,2.72,2.68,2.64,2.6,2.67,2.75,2.82,2.89,2.77,2.64,2.52,2.39,2.44,2.48,2.52,2.56,2.56,2.56,2.56,2.56,2.6,2.65,2.7,2.75,2.74,2.73,2.72,2.71,2.73,2.75,2.78,2.8,2.73,2.67,2.6,2.53,2.56,2.59,2.62,2.65,2.66,2.67,2.69,2.7,2.59,2.48,2.37,2.25,2.29,2.32,2.35,2.38,2.33,2.28,2.23,2.18,2.31,2.44,2.57,2.7,2.69,2.68,2.67,2.66,2.6,2.53,2.46,2.4,2.4,2.4,2.4,2.4,2.39,2.38,2.36,2.35,,
2018-11-05T00:00:00+00:00,3.05,3.13,3.21,3.0,2.79,2.57,2.36,2.28,2.2,2.12,2.05,2.02,1.99,1.96,1.93,2.2,2.48,2.75,3.02,2.92,2.82,2.72,2.62,2.66,2.7,2.74,2.77,2.67,2.57,2.46,2.36,2.25,2.15,2.04,1.93,2.01,2.09,2.17,2.25,2.42,2.59,2.76,2.93,3.07,3.21,3.35,3.49,3.6,3.72,3.84,3.95,4.06,4.16,4.26,4.37,4.13,3.9,3.66,3.43,3.28,3.13,2.98,2.83,2.82,2.81,2.81,2.8,2.8,2.79,2.78,2.78,2.78,2.78,2.78,2.78,2.83,2.87,2.91,2.95,2.95,2.95,2.95,2.95,3.13,3.31,3.49,3.67,3.34,3.0,2.66,2.32,2.33,2.33,2.33,2.33,2.42,2.5,2.59,2.67,2.63,2.59,2.55,2.51,2.56,2.61,2.66,2.71,2.76,2.82,2.88,2.94,3.16,3.38,3.6,3.83,3.98,4.13,4.29,4.44,4.47,4.5,4.52,4.55,5.07,5.58,6.1,6.61,6.51,6.4,6.29,6.19,6.17,6.16,6.14,6.12,6.0,5.88,5.76,5.65,5.86,6.07,6.28,6.49,6.21,5.93,5.65,5.36,5.14,4.91,4.68,4.45,4.35,4.24,4.14,4.03,3.99,3.95,3.9,3.86,4.0,4.14,4.28,4.43,,
2018-11-06T00:00:00+00:00,1.88,1.84,1.8,1.95,2.11,2.26,2.41,2.45,2.49,2.54,2.58,3.01,3.44,3.87,4.3,3.58,2.85,2.13,1.4,1.56,1.72,1.88,2.04,2.42,2.8,3.18,3.56,3.77,3.98,4.18,4.39,4.78,5.18,5.58,5.97,6.06,6.15,6.24,6.33,6.42,6.51,6.6,6.69,6.67,6.66,6.64,6.63,6.55,6.47,6.39,6.31,6.02,5.73,5.43,5.14,5.11,5.07,5.04,5.0,5.15,5.3,5.45,5.6,5.69,5.78,5.88,5.97,5.88,5.8,5.71,5.62,5.53,5.43,5.33,5.23,5.21,5.19,5.17,5.15,4.82,4.5,4.17,3.85,4.05,4.25,4.45,4.66,4.87,5.08,5.29,5.5,5.34,5.18,5.02,4.85,4.87,4.88,4.9,4.91,4.93,4.94,4.96,4.98,5.07,5.17,5.26,5.36,5.32,5.29,5.25,5.22,5.28,5.33,5.39,5.44,5.7,5.95,6.2,6.46,6.39,6.33,6.27,6.21,6.21,6.21,6.22,6.22,6.19,6.15,6.12,6.09,6.15,6.22,6.29,6.36,6.34,6.32,6.29,6.27,6.21,6.14,6.07,6.01,6.13,6.25,6.38,6.5,6.45,6.39,6.34,6.28,6.35,6.41,6.48,6.54,6.24,5.94,5.64,5.34,5.04,4.75,4.46,4.17,,
2018-11-07T00:00:00+00:00,4.67,4.68,4.68,4.7,4.72,4.74,4.77,4.88,4.99,5.1,5.21,5.14,5.06,4.99,4.92,4.98,5.04,5.11,5.17,5.14,5.11,5.08,5.05,5.04,5.03,5.01,5.0,5.09,5.17,5.26,5.34,5.47,5.6,5.72,5.85,5.9,5.96,6.01,6.07,6.04,6.02,6.0,5.98,6.05,6.13,6.21,6.29,6.32,6.34,6.37,6.39,5.99,5.59,5.19,4.79,5.21,5.63,6.05,6.47,6.7,6.94,7.18,7.42,7.04,6.65,6.27,5.89,5.78,5.66,5.55,5.44,5.52,5.6,5.68,5.76,5.6,5.43,5.26,5.09,4.93,4.77,4.61,4.45,4.36,4.27,4.17,4.08,4.07,4.05,4.03,4.02,3.87,3.71,3.56,3.41,3.31,3.21,3.11,3.02,2.8,2.59,2.38,2.17,2.05,1.92,1.8,1.67,1.65,1.63,1.6,1.58,1.78,1.97,2.16,2.35,2.06,1.76,1.47,1.17,1.1,1.03,0.96,0.89,1.02,1.14,1.27,1.39,1.44,1.49,1.53,1.58,1.77,1.95,2.13,2.32,2.36,2.39,2.43,2.47,2.5,2.53,2.57,2.6,2.82,3.05,3.27,3.49,3.49,3.49,3.48,3.48,3.49,3.51,3.52,3.53,3.55,3.56,3.58,3.59,3.47,3.35,3.23,3.11,,
2018-11-08T00:00:00+00:00,3.32,3.11,2.9,2.7,2.5,2.3,2.1,2.18,2.25,2.32,2.4,2.35,2.29,2.24,2.19,2.27,2.34,2.41,2.49,2.36,2.24,2.11,1.99,1.76,1.54,1.32,1.1,1.06,1.02,0.99,0.95,1.16,1.36,1.57,1.77,1.78,1.79,1.8,1.81,1.96,2.1,2.24,2.38,2.39,2.39,2.4,2.4,2.62,2.84,3.06,3.28,3.37,3.45,3.54,3.63,3.66,3.69,3.73,3.76,3.7,3.63,3.56,3.5,3.53,3.57,3.61,3.65,3.56,3.48,3.39,3.31,3.24,3.18,3.11,3.05,2.93,2.81,2.69,2.57,2.51,2.45,2.39,2.33,2.26,2.2,2.14,2.08,2.06,2.04,2.03,2.01,1.97,1.93,1.89,1.85,1.82,1.8,1.77,1.74,1.62,1.51,1.39,1.28,1.12,0.96,0.8,0.64,0.74,0.84,0.93,1.03,0.95,0.88,0.8,0.72,0.88,1.03,1.18,1.34,1.24,1.14,1.04,0.93,1.02,1.11,1.19,1.28,1.48,1.68,1.89,2.09,2.36,2.62,2.89,3.16,3.22,3.28,3.34,3.4,3.55,3.7,3.85,4.0,3.93,3.86,3.79,3.72,3.95,4.17,4.39,4.62,4.84,5.06,5.28,5.5,5.78,6.06,6.34,6.62,6.53,6.44,6.35,6.26,,
2018-11-09T00:00:00+00:00,1.92,1.93,1.95,1.92,1.89,1.86,1.83,1.78,1.72,1.67,1.61,1.6,1.59,1.58,1.57,1.65,1.73,1.81,1.89,1.64,1.39,1.14,0.89,0.88,0.87,0.86,0.85,0.95,1.04,1.13,1.22,1.41,1.6,1.79,1.98,1.96,1.94,1.92,1.9,2.14,2.39,2.64,2.88,3.04,3.2,3.35,3.51,3.59,3.67,3.76,3.84,3.95,4.05,4.16,4.27,4.39,4.51,4.64,4.76,4.76,4.76,4.76,4.76,4.77,4.79,4.81,4.82,4.87,4.91,4.95,5.0,5.1,5.2,5.3,5.4,5.66,5.93,6.19,6.45,6.59,6.73,6.87,7.01,7.0,6.99,6.98,6.97,7.01,7.06,7.11,7.16,7.22,7.27,7.33,7.38,7.47,7.55,7.63,7.72,7.44,7.17,6.89,6.62,6.59,6.56,6.53,6.5,6.5,6.51,6.51,6.51,6.36,6.21,6.06,5.9,5.9,5.89,5.88,5.87,5.88,5.88,5.89,5.89,5.86,5.84,5.81,5.78,5.68,5.58,5.48,5.38,5.35,5.32,5.29,5.26,5.29,5.33,5.36,5.39,5.34,5.29,5.24,5.19,5.07,4.95,4.83,4.71,4.7,4.7,4.69,4.69,4.75,4.82,4.88,4.95,5.06,5.17,5.28,5.39,5.33,5.26,5.19,5.13,,
2018-11-10T00:00:00+00:00,7.68,7.64,7.59,7.75,7.9,8.06,8.21,8.0,7.79,7.57,7.36,7.37,7.39,7.4,7.41,7.26,7.12,6.97,6.82,6.71,6.59,6.48,6.37,6.08,5.79,5.5,5.22,5.27,5.33,5.39,5.44,5.43,5.41,5.4,5.38,5.45,5.52,5.58,5.65,5.75,5.85,5.94,6.04,5.62,5.21,4.79,4.37,4.46,4.56,4.65,4.74,4.75,4.76,4.76,4.77,4.67,4.57,4.47,4.37,4.53,4.7,4.86,5.02,5.14,5.26,5.38,5.51,5.44,5.38,5.31,5.25,5.28,5.31,5.34,5.37,5.45,5.52,5.59,5.67,5.66,5.66,5.65,5.65,5.91,6.18,6.44,6.71,6.82,6.93,7.04,7.15,6.93,6.7,6.47,6.24,6.31,6.37,6.43,6.5,6.36,6.23,6.1,5.97,6.24,6.51,6.78,7.05,6.6,6.16,5.71,5.27,5.28,5.29,5.3,5.32,5.89,6.47,7.04,7.62,7.43,7.24,7.06,6.87,6.72,6.56,6.4,6.25,6.36,6.48,6.6,6.71,6.71,6.71,6.7,6.7,6.72,6.74,6.77,6.79,6.42,6.05,5.68,5.31,4.86,4.42,3.98,3.53,3.58,3.63,3.68,3.72,3.53,3.34,3.14,2.95,3.1,3.26,3.42,3.57,3.45,3.33,3.21,3.08,,
2018-11-11T00:00:00+00:00,7.41,7.16,6.91,6.76,6.61,6.46,6.32,6.58,6.84,7.11,7.37,7.24,7.11,6.98,6.85,6.9,6.94,6.99,7.04,6.98,6.93,6.88,6.83,6.87,6.91,6.95,6.98,6.86,6.74,6.62,6.5,6.46,6.43,6.39,6.35,6.35,6.35,6.35,6.35,6.36,6.38,6.39,6.4,6.36,6.33,6.29,6.25,5.8,5.35,4.9,4.44,4.66,4.87,5.09,5.3,5.16,5.01,4.87,4.73,4.98,5.24,5.49,5.74,5.6,5.45,5.3,5.16,4.73,4.31,3.88,3.46,3.22,2.99,2.76,2.53,2.55,2.57,2.59,2.61,2.49,2.36,2.24,2.12,2.11,2.1,2.09,2.08,2.05,2.03,2.0,1.97,1.88,1.8,1.71,1.62,1.58,1.53,1.48,1.43,1.39,1.34,1.3,1.26,1.39,1.52,1.66,1.79,1.43,1.07,0.71,0.35,0.61,0.86,1.12,1.37,1.64,1.9,2.17,2.44,2.29,2.14,2.0,1.85,2.38,2.91,3.44,3.96,4.01,4.06,4.1,4.15,3.87,3.59,3.31,3.03,2.9,2.77,2.65,2.52,2.66,2.81,2.95,3.09,2.76,2.43,2.11,1.78,1.84,1.89,1.95,2.0,2.19,2.37,2.56,2.74,2.76,2.78,2.8,2.82,2.79,2.76,2.73,2.7,,
2018-11-12T00:00:00+00:00
2018-11-13T00:00:00+00:00
2018-11-14T00:00:00+00:00
2018-11-15T00:00:00+00:00
2018-11-16T00:00:00+00:00
2018-11-17T00:00:00+00:00,3.41,3.28,3.14,3.12,3.1,3.08,3.06,3.18,3.3,3.42,3.54,3.61,3.67,3.74,3.8,3.61,3.41,3.22,3.03,3.16,3.3,3.44,3.58,3.51,3.45,3.39,3.33,3.33,3.34,3.34,3.35,3.39,3.44,3.48,3.53,3.63,3.74,3.85,3.95,3.84,3.73,3.62,3.51,3.46,3.41,3.36,3.31,3.32,3.33,3.35,3.36,3.56,3.77,3.97,4.18,4.2,4.22,4.25,4.27,4.25,4.23,4.21,4.19,4.34,4.49,4.63,4.78,4.73,4.68,4.64,4.59,4.64,4.69,4.74,4.79,4.87,4.96,5.04,5.13,5.07,5.01,4.95,4.89,4.82,4.75,4.68,4.61,4.39,4.17,3.95,3.73,3.55,3.37,3.19,3.02,2.93,2.84,2.75,2.67,2.66,2.66,2.65,2.65,2.9,3.14,3.39,3.64,3.65,3.66,3.67,3.67,3.62,3.57,3.51,3.46,3.51,3.56,3.61,3.66,3.81,3.97,4.12,4.27,4.22,4.17,4.13,4.08,3.97,3.87,3.77,3.66,3.74,3.83,3.91,3.99,4.03,4.06,4.1,4.14,4.12,4.09,4.07,4.05,4.12,4.19,4.27,4.34,4.3,4.26,4.21,4.17,4.11,4.05,3.98,3.92,3.98,4.05,4.11,4.18,4.26,4.34,4.41,4.49,,
2018-11-18T00:00:00+00:00,3.52,3.51,3.49,3.44,3.39,3.34,3.28,3.35,3.41,3.47,3.53,3.5,3.47,3.43,3.4,3.39,3.37,3.36,3.34,3.25,3.16,3.07,2.98,3.01,3.03,3.06,3.08,3.13,3.17,3.22,3.26,3.58,3.9,4.22,4.54,4.49,4.44,4.4,4.35,4.33,4.31,4.28,4.26,4.41,4.57,4.72,4.87,5.01,5.15,5.29,5.43,5.18,4.93,4.68,4.43,4.25,4.07,3.88,3.7,3.75,3.79,3.84,3.89,4.21,4.53,4.85,5.17,5.08,4.99,4.9,4.81,4.65,4.49,4.33,4.17,4.19,4.21,4.23,4.25,4.26,4.28,4.3,4.31,4.33,4.34,4.35,4.37,4.34,4.31,4.28,4.25,4.33,4.42,4.51,4.59,4.59,4.59,4.59,4.59,4.7,4.81,4.92,5.02,5.1,5.18,5.26,5.33,5.23,5.13,5.03,4.92,4.88,4.83,4.78,4.73,4.71,4.68,4.66,4.64,4.72,4.81,4.89,4.98,5.08,5.18,5.28,5.38,5.44,5.5,5.56,5.61,5.72,5.82,5.92,6.03,6.1,6.17,6.25,6.32,6.36,6.4,6.44,6.49,6.4,6.32,6.23,6.15,5.98,5.82,5.66,5.5,5.41,5.31,5.21,5.12,5.28,5.44,5.6,5.76,5.75,5.74,5.72,5.71,,
2018-11-19T00:00:00+00:00,4.4,4.45,4.49,4.58,4.67,4.76,4.85,4.76,4.66,4.57,4.47,4.32,4.17,4.02,3.88,4.02,4.17,4.31,4.46,4.52,4.57,4.63,4.68,4.65,4.61,4.57,4.53,4.61,4.7,4.78,4.86,4.91,4.96,5.01,5.06,5.08,5.09,5.1,5.12,5.11,5.11,5.11,5.11,5.22,5.34,5.45,5.57,5.62,5.67,5.72,5.77,5.78,5.78,5.79,5.79,5.7,5.6,5.5,5.41,5.27,5.13,4.98,4.84,5.11,5.38,5.65,5.92,5.8,5.69,5.58,5.46,5.47,5.47,5.47,5.48,5.39,5.31,5.23,5.14,5.09,5.03,4.98,4.92,4.9,4.88,4.86,4.84,4.68,4.52,4.36,4.19,4.26,4.33,4.39,4.46,4.44,4.41,4.39,4.36,4.44,4.51,4.59,4.67,4.66,4.65,4.64,4.63,4.59,4.55,4.52,4.48,4.45,4.41,4.38,4.35,4.31,4.26,4.22,4.18,4.07,3.96,3.86,3.75,3.68,3.61,3.55,3.48,3.44,3.39,3.35,3.31,3.19,3.07,2.96,2.84,2.69,2.54,2.4,2.25,2.14,2.03,1.92,1.81,1.81,1.8,1.8,1.79,1.69,1.59,1.49,1.39,1.29,1.2,1.11,1.02,0.97,0.92,0.87,0.82,0.97,1.11,1.26,1.4,,
2018-11-20T00:00:00+00:00,4.36,4.37,4.38,4.5,4.63,4.76,4.89,4.62,4.35,4.08,3.81,3.73,3.64,3.56,3.47,3.61,3.75,3.89,4.03,4.1,4.17,4.24,4.31,4.24,4.18,4.12,4.06,3.97,3.88,3.79,3.71,3.67,3.64,3.6,3.57,3.44,3.32,3.19,3.07,2.88,2.69,2.5,2.32,2.32,2.32,2.32,2.32,2.46,2.6,2.74,2.88,2.72,2.55,2.39,2.22,2.02,1.82,1.62,1.41,1.35,1.29,1.24,1.18,0.93,0.68,0.43,0.18,0.37,0.57,0.77,0.96,0.99,1.01,1.03,1.05,0.96,0.87,0.78,0.69,0.68,0.67,0.66,0.65,0.71,0.77,0.83,0.89,0.95,1.01,1.07,1.14,1.14,1.14,1.15,1.15,1.06,0.98,0.89,0.81,0.94,1.08,1.22,1.36,1.46,1.55,1.65,1.74,1.69,1.64,1.58,1.53,1.51,1.48,1.46,1.43,1.4,1.37,1.34,1.31,1.3,1.3,1.29,1.28,1.25,1.22,1.19,1.16,1.28,1.4,1.52,1.64,1.71,1.78,1.84,1.91,1.8,1.68,1.56,1.44,1.35,1.26,1.17,1.08,1.28,1.48,1.68,1.88,2.02,2.16,2.3,2.44,2.34,2.23,2.12,2.02,2.04,2.06,2.09,2.11,2.17,2.22,2.27,2.32,,
2018-11-21T00:00:00+00:00,1.87,1.81,1.74,1.89,2.03,2.18,2.33,2.23,2.13,2.03,1.93,1.91,1.9,1.89,1.87,1.82,1.76,1.71,1.65,1.68,1.71,1.74,1.77,1.5,1.22,0.95,0.67,0.65,0.63,0.61,0.59,0.88,1.17,1.46,1.75,1.75,1.75,1.74,1.74,1.58,1.41,1.25,1.08,1.17,1.25,1.33,1.42,1.52,1.63,1.73,1.83,1.88,1.92,1.96,2.0,2.04,2.08,2.11,2.15,2.14,2.13,2.13,2.12,2.09,2.06,2.03,1.99,2.13,2.27,2.41,2.55,2.66,2.77,2.88,2.99,2.87,2.74,2.62,2.49,2.45,2.4,2.36,2.32,2.3,2.28,2.27,2.25,2.19,2.13,2.07,2.01,2.03,2.06,2.08,2.11,1.97,1.84,1.71,1.57,1.59,1.61,1.63,1.65,1.69,1.74,1.78,1.83,1.82,1.82,1.81,1.81,1.76,1.7,1.64,1.59,1.57,1.54,1.52,1.5,1.44,1.39,1.33,1.28,1.18,1.08,0.98,0.88,1.03,1.18,1.33,1.48,1.43,1.39,1.34,1.29,1.51,1.72,1.93,2.15,2.03,1.91,1.79,1.67,1.67,1.67,1.67,1.66,1.81,1.96,2.11,2.26,2.43,2.61,2.79,2.97,2.82,2.67,2.52,2.38,2.4,2.42,2.44,2.47,,
2018-11-22T00:00:00+00:00,2.12,2.12,2.12,1.98,1.85,1.71,1.58,1.48,1.38,1.28,1.18,1.36,1.54,1.72,1.9,1.91,1.93,1.94,1.95,1.96,1.97,1.98,1.99,2.02,2.05,2.08,2.11,2.13,2.15,2.16,2.18,1.96,1.74,1.52,1.3,1.37,1.44,1.51,1.58,1.68,1.79,1.89,1.99,2.0,2.01,2.02,2.02,2.08,2.13,2.18,2.23,2.54,2.84,3.15,3.46,3.39,3.33,3.26,3.2,3.23,3.27,3.3,3.34,3.47,3.6,3.73,3.86,3.73,3.61,3.49,3.37,3.53,3.7,3.87,4.04,3.27,2.51,1.75,0.99,1.13,1.27,1.41,1.55,1.5,1.44,1.39,1.33,1.37,1.42,1.46,1.5,1.52,1.54,1.56,1.58,1.69,1.8,1.91,2.02,2.09,2.16,2.22,2.29,2.29,2.29,2.29,2.29,2.33,2.36,2.4,2.43,2.38,2.32,2.27,2.21,2.37,2.53,2.68,2.84,2.8,2.76,2.72,2.68,2.68,2.68,2.68,2.68,2.59,2.5,2.41,2.32,2.45,2.58,2.71,2.84,2.85,2.87,2.88,2.9,2.84,2.78,2.72,2.67,2.61,2.56,2.51,2.45,2.65,2.85,3.05,3.25,2.98,2.7,2.43,2.16,2.16,2.16,2.16,2.16,2.09,2.01,1.93,1.86,,
2018-11-23T00:00:00+00:00,0.73,0.88,1.04,1.12,1.21,1.3,1.38,1.5,1.62,1.75,1.87,1.92,1.97,2.03,2.08,2.07,2.06,2.04,2.03,2.1,2.17,2.23,2.3,2.36,2.43,2.49,2.55,2.38,2.2,2.03,1.86,1.95,2.04,2.14,2.23,2.21,2.19,2.17,2.14,2.12,2.09,2.07,2.04,2.29,2.54,2.79,3.04,3.1,3.17,3.23,3.29,3.2,3.11,3.02,2.94,2.93,2.92,2.91,2.9,2.84,2.77,2.71,2.65,2.72,2.8,2.88,2.96,2.86,2.76,2.66,2.56,2.18,1.8,1.42,1.04,1.25,1.46,1.67,1.88,1.73,1.58,1.43,1.28,1.42,1.56,1.69,1.83,2.21,2.59,2.97,3.35,3.38,3.41,3.44,3.47,3.56,3.65,3.73,3.82,3.82,3.82,3.81,3.81,3.93,4.05,4.17,4.28,4.14,3.99,3.84,3.7,3.5,3.3,3.1,2.9,2.83,2.75,2.68,2.6,2.66,2.73,2.79,2.85,2.92,2.99,3.05,3.12,3.11,3.1,3.09,3.08,3.01,2.93,2.85,2.78,2.97,3.17,3.36,3.55,3.54,3.52,3.51,3.5,3.41,3.33,3.24,3.16,3.11,3.05,3.0,2.94,2.8,2.67,2.53,2.39,2.35,2.31,2.27,2.24,2.41,2.58,2.76,2.93,,
2018-11-24T00:00:00+00:00,3.14,3.53,3.92,3.96,4.0,4.04,4.08,4.15,4.22,4.29,4.36,4.09,3.82,3.55,3.28,3.33,3.39,3.45,3.5,3.59,3.68,3.77,3.87,3.94,4.01,4.08,4.15,4.06,3.97,3.87,3.78,3.78,3.79,3.79,3.79,3.54,3.3,3.05,2.8,2.63,2.46,2.3,2.13,2.12,2.12,2.11,2.11,1.92,1.73,1.55,1.36,2.0,2.65,3.3,3.94,3.73,3.51,3.29,3.08,3.04,2.99,2.95,2.91,2.91,2.91,2.91,2.91,2.89,2.87,2.85,2.83,2.61,2.39,2.16,1.94,1.81,1.68,1.55,1.42,1.45,1.47,1.5,1.53,1.5,1.46,1.43,1.4,1.38,1.36,1.35,1.33,1.3,1.27,1.24,1.2,1.3,1.4,1.5,1.6,1.36,1.12,0.88,0.64,0.98,1.32,1.66,2.01,1.92,1.84,1.75,1.67,1.89,2.1,2.32,2.54,2.58,2.61,2.65,2.69,2.77,2.86,2.95,3.04,2.97,2.89,2.82,2.75,2.82,2.9,2.98,3.05,3.17,3.29,3.41,3.53,3.55,3.57,3.59,3.61,3.55,3.5,3.45,3.39,3.39,3.39,3.39,3.39,3.56,3.74,3.91,4.09,4.02,3.95,3.89,3.82,3.61,3.4,3.19,2.98,3.01,3.04,3.07,3.1,,
2018-11-25T00:00:00+00:00,1.31,1.37,1.44,1.6,1.77,1.93,2.1,2.1,2.11,2.11,2.12,2.16,2.21,2.26,2.3,2.39,2.47,2.56,2.65,2.58,2.52,2.46,2.4,2.33,2.26,2.19,2.12,2.28,2.44,2.6,2.75,2.73,2.71,2.69,2.67,2.74,2.82,2.89,2.97,3.07,3.17,3.26,3.36,3.48,3.59,3.71,3.82,3.83,3.83,3.84,3.84,3.85,3.87,3.88,3.89,3.83,3.77,3.71,3.65,3.88,4.11,4.35,4.58,4.58,4.58,4.59,4.59,4.47,4.36,4.24,4.12,4.08,4.03,3.98,3.93,3.94,3.95,3.96,3.97,3.93,3.89,3.85,3.8,3.75,3.69,3.64,3.58,3.68,3.77,3.86,3.95,3.9,3.85,3.8,3.75,3.64,3.52,3.41,3.3,3.28,3.26,3.25,3.23,3.22,3.2,3.19,3.18,3.14,3.1,3.07,3.03,3.02,3.02,3.02,3.01,3.04,3.07,3.1,3.13,3.15,3.17,3.18,3.2,3.11,3.02,2.92,2.83,2.97,3.1,3.24,3.37,3.41,3.44,3.48,3.51,3.47,3.43,3.38,3.34,3.21,3.08,2.95,2.82,2.87,2.93,2.98,3.03,3.14,3.24,3.35,3.45,3.27,3.09,2.91,2.73,2.67,2.61,2.55,2.49,2.38,2.26,2.14,2.03,,
2018-11-26T00:00:00+00:00,4.14,3.97,3.79,3.71,3.64,3.56,3.49,3.51,3.53,3.55,3.58,3.59,3.61,3.63,3.65,3.52,3.39,3.25,3.12,3.19,3.26,3.33,3.4,3.45,3.51,3.57,3.62,3.61,3.59,3.58,3.56,3.54,3.52,3.5,3.48,3.29,3.1,2.9,2.71,2.73,2.74,2.76,2.78,2.69,2.61,2.53,2.45,2.59,2.74,2.88,3.03,3.03,3.04,3.04,3.04,3.0,2.95,2.91,2.87,2.77,2.67,2.58,2.48,2.38,2.27,2.17,2.07,2.16,2.25,2.34,2.43,2.46,2.5,2.53,2.56,2.57,2.58,2.58,2.59,2.56,2.53,2.49,2.46,2.33,2.2,2.07,1.94,1.87,1.8,1.73,1.66,1.56,1.47,1.37,1.27,1.48,1.68,1.89,2.09,2.25,2.42,2.58,2.74,2.51,2.28,2.05,1.83,1.5,1.18,0.86,0.54,0.78,1.02,1.26,1.5,1.64,1.78,1.92,2.06,2.17,2.27,2.38,2.48,2.63,2.78,2.92,3.07,2.99,2.91,2.83,2.76,2.75,2.74,2.73,2.72,2.71,2.69,2.67,2.65,2.76,2.87,2.98,3.09,3.07,3.04,3.02,2.99,3.14,3.28,3.42,3.57,3.78,3.99,4.2,4.41,4.49,4.57,4.65,4.74,4.72,4.71,4.69,4.68,,
2018-11-27T00:00:00+00:00,1.54,1.66,1.78,1.88,1.98,2.08,2.19,1.99,1.79,1.6,1.4,1.35,1.3,1.25,1.2,1.15,1.11,1.07,1.03,0.89,0.74,0.6,0.45,0.73,1.01,1.28,1.56,1.63,1.7,1.77,1.84,1.87,1.89,1.91,1.94,2.09,2.25,2.41,2.57,2.51,2.45,2.4,2.34,2.34,2.34,2.34,2.34,2.29,2.24,2.19,2.14,2.27,2.4,2.53,2.65,2.66,2.67,2.68,2.69,2.76,2.84,2.91,2.98,3.1,3.21,3.33,3.44,3.54,3.65,3.75,3.85,3.82,3.79,3.76,3.73,3.98,4.23,4.48,4.73,4.77,4.82,4.86,4.91,5.08,5.25,5.43,5.6,5.66,5.72,5.78,5.84,5.73,5.62,5.51,5.41,5.35,5.29,5.23,5.17,5.16,5.16,5.15,5.14,5.11,5.07,5.04,5.01,4.93,4.85,4.78,4.7,4.69,4.67,4.65,4.64,4.67,4.71,4.74,4.77,4.83,4.88,4.94,5.0,5.03,5.07,5.11,5.14,5.03,4.91,4.8,4.68,4.67,4.66,4.65,4.63,4.68,4.72,4.77,4.82,5.05,5.29,5.52,5.76,5.84,5.93,6.01,6.09,5.91,5.72,5.53,5.34,5.4,5.46,5.51,5.57,5.39,5.21,5.03,4.86,4.83,4.8,4.78,4.75,,
2018-11-28T00:00:00+00:00
2018-11-29T00:00:00+00:00
2018-11-30T00:00:00+00:00,4.93,4.94,4.96,5.03,5.1,5.18,5.25,5.08,4.92,4.75,4.59,4.59,4.6,4.61,4.62,4.6,4.58,4.56,4.54,4.45,4.37,4.28,4.2,4.12,4.05,3.98,3.9,4.05,4.19,4.34,4.48,4.37,4.26,4.15,4.04,4.2,4.37,4.53,4.69,4.63,4.57,4.51,4.44,4.34,4.24,4.14,4.03,4.11,4.19,4.28,4.36,4.17,3.98,3.8,3.61,3.58,3.55,3.52,3.49,3.4,3.31,3.23,3.14,3.19,3.25,3.3,3.36,3.28,3.21,3.13,3.06,2.95,2.85,2.74,2.64,2.71,2.79,2.87,2.94,2.97,2.99,3.01,3.03,3.02,3.0,2.98,2.97,2.98,2.98,2.99,3.0,2.94,2.89,2.84,2.78,2.82,2.87,2.91,2.95,3.03,3.12,3.2,3.28,3.3,3.31,3.33,3.35,3.27,3.19,3.11,3.03,3.13,3.23,3.33,3.43,3.41,3.4,3.39,3.38,3.5,3.62,3.74,3.86,4.0,4.13,4.27,4.4,4.49,4.58,4.68,4.77,4.89,5.02,5.14,5.27,5.37,5.47,5.58,5.68,5.95,6.22,6.49,6.76,6.97,7.17,7.38,7.58,7.49,7.39,7.3,7.21,7.22,7.24,7.25,7.27,7.31,7.35,7.39,7.43,7.43,7.44,7.44,7.45,,
2018-12-01T00:00:00+00:00,2.51,2.51,2.5,2.54,2.58,2.63,2.67,2.65,2.63,2.62,2.6,2.56,2.52,2.48,2.45,2.45,2.46,2.47,2.48,2.56,2.65,2.73,2.82,2.89,2.96,3.03,3.1,3.18,3.25,3.32,3.39,3.53,3.68,3.82,3.96,4.18,4.39,4.61,4.83,4.93,5.03,5.13,5.23,5.31,5.39,5.47,5.55,5.82,6.09,6.35,6.62,6.55,6.48,6.41,6.33,6.39,6.44,6.49,6.55,6.55,6.55,6.55,6.56,6.51,6.47,6.43,6.39,6.49,6.6,6.71,6.81,6.75,6.68,6.62,6.56,6.63,6.71,6.79,6.87,6.79,6.7,6.62,6.54,6.55,6.56,6.57,6.58,6.68,6.78,6.88,6.97,6.86,6.74,6.62,6.5,6.5,6.49,6.48,6.48,6.49,6.51,6.52,6.54,6.62,6.7,6.77,6.85,6.95,7.04,7.14,7.23,7.02,6.8,6.59,6.37,6.29,6.2,6.12,6.04,6.04,6.04,6.04,6.04,6.22,6.4,6.58,6.77,6.89,7.02,7.14,7.27,6.81,6.35,5.89,5.44,5.7,5.95,6.21,6.47,6.3,6.13,5.97,5.8,5.72,5.65,5.58,5.51,5.47,5.43,5.4,5.36,5.12,4.88,4.65,4.41,4.51,4.6,4.7,4.79,5.06,5.32,5.58,5.85,,
2018-12-02T00:00:00+00:00,6.32,6.21,6.11,6.14,6.16,6.18,6.2,6.15,6.11,6.06,6.01,6.18,6.35,6.52,6.69,6.71,6.72,6.74,6.75,6.65,6.56,6.46,6.37,6.29,6.22,6.15,6.08,6.14,6.19,6.25,6.3,6.24,6.18,6.12,6.06,5.96,5.86,5.76,5.67,5.73,5.79,5.85,5.91,5.83,5.75,5.67,5.59,5.26,4.94,4.61,4.28,4.44,4.6,4.76,4.92,5.08,5.23,5.39,5.54,5.83,6.11,6.4,6.69,6.63,6.56,6.5,6.44,6.46,6.47,6.48,6.49,6.5,6.5,6.5,6.51,6.57,6.63,6.69,6.76,6.66,6.56,6.46,6.36,6.37,6.38,6.39,6.4,6.64,6.87,7.1,7.34,7.22,7.1,6.98,6.86,6.93,7.01,7.08,7.16,7.3,7.44,7.58,7.73,7.76,7.79,7.82,7.86,7.95,8.04,8.12,8.21,8.07,7.93,7.78,7.64,7.59,7.54,7.49,7.45,7.61,7.77,7.94,8.1,7.8,7.5,7.21,6.91,7.18,7.44,7.71,7.98,7.63,7.28,6.93,6.58,6.67,6.76,6.85,6.94,7.06,7.19,7.32,7.44,7.47,7.49,7.51,7.53,7.73,7.93,8.13,8.33,7.91,7.49,7.06,6.64,6.36,6.07,5.79,5.51,5.45,5.38,5.32,5.26,,
2018-12-03T00:00:00+00:00,6.99,6.36,5.72,5.86,5.99,6.12,6.25,6.29,6.33,6.37,6.4,6.39,6.38,6.36,6.35,6.23,6.1,5.98,5.86,5.95,6.04,6.13,6.22,6.28,6.34,6.4,6.46,6.55,6.65,6.75,6.84,7.07,7.29,7.51,7.73,7.98,8.22,8.46,8.7,8.55,8.4,8.25,8.1,7.64,7.18,6.72,6.26,6.61,6.96,7.31,7.66,7.41,7.16,6.9,6.65,6.71,6.77,6.83,6.89,6.74,6.6,6.45,6.3,6.16,6.02,5.88,5.73,5.77,5.8,5.83,5.86,6.09,6.33,6.56,6.79,6.89,6.98,7.07,7.17,6.56,5.95,5.35,4.74,4.51,4.27,4.03,3.8,3.98,4.16,4.34,4.52,4.61,4.69,4.78,4.86,4.67,4.48,4.29,4.1,4.39,4.69,4.98,5.28,5.02,4.77,4.52,4.26,4.31,4.35,4.4,4.44,4.31,4.18,4.05,3.92,3.81,3.7,3.58,3.47,3.35,3.22,3.1,2.97,3.04,3.11,3.17,3.24,3.24,3.25,3.25,3.26,3.13,3.0,2.87,2.74,2.66,2.58,2.5,2.43,2.42,2.41,2.39,2.38,2.2,2.01,1.82,1.64,1.64,1.65,1.66,1.67,1.4,1.13,0.86,0.59,0.72,0.85,0.98,1.1,1.39,1.67,1.95,2.23,,
2018-12-04T00:00:00+00:00,3.88,3.91,3.94,3.71,3.48,3.25,3.02,3.04,3.05,3.07,3.08,3.25,3.43,3.6,3.77,3.63,3.48,3.34,3.19,3.13,3.06,3.0,2.93,2.84,2.75,2.65,2.56,2.5,2.44,2.38,2.32,2.19,2.06,1.92,1.79,1.83,1.87,1.91,1.95,2.1,2.24,2.38,2.52,2.22,1.92,1.62,1.33,1.16,1.0,0.83,0.66,0.55,0.43,0.32,0.2,0.27,0.34,0.41,0.48,0.44,0.41,0.37,0.33,0.34,0.35,0.36,0.37,0.37,0.37,0.37,0.36,0.44,0.52,0.6,0.68,0.85,1.03,1.2,1.37,1.44,1.51,1.59,1.66,1.64,1.63,1.62,1.6,1.61,1.63,1.64,1.65,1.7,1.74,1.78,1.82,1.85,1.87,1.89,1.92,1.87,1.83,1.78,1.74,1.83,1.91,2.0,2.09,2.18,2.27,2.36,2.45,2.41,2.37,2.33,2.3,2.24,2.18,2.12,2.06,2.19,2.33,2.46,2.6,2.54,2.48,2.43,2.37,2.46,2.55,2.64,2.73,2.66,2.6,2.54,2.47,2.52,2.57,2.62,2.67,2.6,2.53,2.47,2.4,2.48,2.57,2.65,2.73,2.72,2.71,2.7,2.69,2.72,2.75,2.79,2.82,2.89,2.97,3.05,3.13,3.12,3.11,3.1,3.1,,
2018-12-05T00:00:00+00:00,1.49,1.6,1.7,1.67,1.64,1.61,1.57,1.66,1.74,1.82,1.9,1.85,1.8,1.75,1.71,1.87,2.04,2.2,2.37,2.2,2.04,1.88,1.71,1.51,1.3,1.1,0.89,0.98,1.06,1.15,1.24,1.38,1.53,1.67,1.82,1.82,1.82,1.82,1.83,1.88,1.93,1.98,2.04,1.98,1.92,1.85,1.79,1.92,2.05,2.18,2.31,2.57,2.82,3.08,3.33,3.33,3.33,3.33,3.33,3.38,3.43,3.48,3.52,3.56,3.6,3.64,3.68,3.59,3.5,3.41,3.32,3.55,3.78,4.02,4.25,4.35,4.45,4.55,4.65,4.85,5.05,5.26,5.46,5.56,5.67,5.77,5.88,5.53,5.19,4.84,4.5,4.24,3.97,3.71,3.45,3.18,2.92,2.65,2.39,2.3,2.21,2.13,2.04,2.2,2.36,2.53,2.69,2.91,3.14,3.36,3.58,3.66,3.75,3.83,3.91,3.84,3.77,3.7,3.63,3.42,3.22,3.01,2.81,3.07,3.33,3.59,3.85,3.72,3.59,3.46,3.33,3.53,3.72,3.91,4.1,4.08,4.06,4.04,4.03,4.28,4.53,4.79,5.04,4.7,4.36,4.02,3.68,3.75,3.82,3.89,3.96,4.17,4.39,4.6,4.81,4.46,4.11,3.76,3.41,3.69,3.98,4.27,4.55,,
2018-12-06T00:00:00+00:00,4.0,3.9,3.81,4.05,4.29,4.53,4.77,4.51,4.25,3.99,3.73,3.71,3.7,3.68,3.67,3.94,4.21,4.48,4.75,4.36,3.96,3.56,3.16,3.19,3.21,3.24,3.26,3.26,3.25,3.24,3.23,3.18,3.12,3.06,3.0,3.13,3.25,3.37,3.5,3.59,3.68,3.77,3.85,3.85,3.85,3.84,3.84,3.72,3.59,3.46,3.34,3.39,3.44,3.5,3.55,3.71,3.87,4.02,4.18,4.1,4.01,3.93,3.84,3.96,4.07,4.19,4.3,4.16,4.01,3.87,3.72,3.94,4.15,4.37,4.59,4.75,4.91,5.08,5.24,5.11,4.98,4.85,4.72,4.76,4.8,4.84,4.88,4.87,4.86,4.86,4.85,4.9,4.94,4.99,5.03,5.06,5.09,5.12,5.15,5.3,5.45,5.6,5.75,5.93,6.1,6.27,6.45,6.47,6.5,6.52,6.55,6.52,6.48,6.45,6.42,6.61,6.8,6.99,7.18,7.11,7.05,6.98,6.92,7.2,7.48,7.75,8.03,8.25,8.47,8.69,8.91,8.74,8.58,8.42,8.25,8.31,8.37,8.43,8.49,8.41,8.32,8.24,8.15,7.91,7.67,7.43,7.19,7.27,7.35,7.43,7.51,7.19,6.86,6.53,6.21,6.02,5.83,5.65,5.46,5.41,5.37,5.32,5.28,,
2018-12-07T00:00:00+00:00,5.48,5.7,5.92,5.78,5.64,5.51,5.37,5.48,5.58,5.69,5.8,5.84,5.89,5.94,5.99,5.97,5.95,5.94,5.92,6.0,6.08,6.15,6.23,6.38,6.54,6.7,6.85,7.12,7.38,7.64,7.91,7.92,7.94,7.95,7.97,8.21,8.45,8.7,8.94,8.74,8.54,8.34,8.14,8.49,8.84,9.19,9.54,9.71,9.88,10.05,10.22,9.87,9.51,9.16,8.81,8.38,7.96,7.53,7.11,7.17,7.22,7.28,7.34,7.27,7.19,7.12,7.04,6.71,6.37,6.04,5.7,5.93,6.17,6.4,6.63,6.57,6.5,6.43,6.36,6.3,6.25,6.19,6.13,6.07,6.01,5.95,5.89,6.09,6.3,6.51,6.72,6.75,6.79,6.83,6.87,6.84,6.81,6.78,6.75,6.95,7.15,7.35,7.55,7.56,7.57,7.58,7.59,7.56,7.53,7.51,7.48,7.27,7.05,6.84,6.63,6.54,6.46,6.38,6.3,6.49,6.68,6.86,7.05,7.0,6.94,6.89,6.83,7.01,7.19,7.37,7.55,7.37,7.18,7.0,6.81,6.69,6.57,6.45,6.33,6.41,6.49,6.56,6.64,6.64,6.64,6.64,6.64,6.85,7.06,7.27,7.48,7.39,7.31,7.23,7.14,7.18,7.21,7.24,7.28,7.47,7.66,7.85,8.05,,
2018-12-08T00:00:00+00:00,6.51,6.46,6.41,6.46,6.51,6.56,6.62,6.75,6.88,7.01,7.14,7.29,7.44,7.6,7.75,7.83,7.91,7.98,8.06,8.12,8.18,8.24,8.31,8.17,8.04,7.9,7.77,7.65,7.53,7.41,7.3,7.38,7.46,7.54,7.62,7.48,7.35,7.21,7.07,7.1,7.13,7.16,7.19,7.03,6.86,6.69,6.53,6.59,6.64,6.7,6.76,6.86,6.97,7.08,7.18,7.34,7.49,7.64,7.8,8.02,8.24,8.47,8.69,8.9,9.11,9.32,9.53,9.62,9.7,9.79,9.88,9.06,8.25,7.43,6.62,7.03,7.43,7.83,8.24,8.5,8.76,9.02,9.28,8.98,8.69,8.39,8.09,7.59,7.09,6.59,6.09,6.95,7.81,8.67,9.53,9.69,9.85,10.0,10.16,9.53,8.9,8.27,7.64,7.68,7.71,7.74,7.78,7.83,7.88,7.94,7.99,8.0,8.01,8.02,8.03,8.14,8.24,8.35,8.46,8.78,9.1,9.42,9.74,9.33,8.92,8.51,8.1,8.6,9.1,9.6,10.11,10.1,10.09,10.08,10.08,9.88,9.68,9.48,9.28,9.4,9.52,9.64,9.76,9.75,9.74,9.72,9.71,9.16,8.62,8.07,7.52,7.44,7.35,7.26,7.17,7.22,7.27,7.32,7.37,7.42,7.48,7.54,7.59,,
2018-12-09T00:00:00+00:00,8.64,8.68,8.71,8.65,8.59,8.52,8.46,8.3,8.13,7.97,7.81,7.79,7.77,7.76,7.74,7.57,7.4,7.24,7.07,7.39,7.72,8.04,8.37,8.55,8.73,8.92,9.1,8.75,8.41,8.06,7.72,8.0,8.28,8.56,8.84,8.74,8.63,8.53,8.43,8.46,8.49,8.53,8.56,8.16,7.77,7.37,6.97,7.09,7.2,7.31,7.42,7.71,8.0,8.28,8.57,8.63,8.7,8.76,8.83,8.32,7.82,7.32,6.82,6.77,6.71,6.66,6.6,6.42,6.24,6.07,5.89,5.68,5.47,5.26,5.05,5.27,5.48,5.7,5.92,5.89,5.85,5.82,5.79,5.66,5.53,5.4,5.28,5.19,5.09,5.0,4.91,4.88,4.85,4.82,4.79,4.58,4.36,4.14,3.93,3.94,3.95,3.96,3.97,3.88,3.79,3.71,3.62,3.84,4.06,4.28,4.5,4.43,4.36,4.29,4.22,4.1,3.98,3.86,3.74,3.72,3.71,3.69,3.67,3.68,3.69,3.7,3.71,3.72,3.72,3.73,3.74,3.7,3.67,3.63,3.6,3.81,4.02,4.23,4.44,4.36,4.29,4.21,4.13,4.21,4.28,4.35,4.42,4.19,3.96,3.73,3.49,3.54,3.59,3.64,3.69,3.53,3.37,3.21,3.05,2.87,2.69,2.51,2.34,,
2018-12-10T00:00:00+00:00
2018-12-11T00:00:00+00:00
2018-12-12T00:00:00+00:00
2018-12-13T00:00:00+00:00
2018-12-14T00:00:00+00:00,3.36,3.38,3.41,3.4,3.39,3.38,3.37,3.29,3.22,3.14,3.07,3.09,3.11,3.14,3.16,3.27,3.37,3.47,3.57,3.52,3.47,3.41,3.36,3.35,3.34,3.33,3.32,3.38,3.45,3.51,3.58,3.44,3.3,3.16,3.02,2.58,2.15,1.71,1.27,1.23,1.18,1.13,1.09,1.15,1.21,1.28,1.34,1.41,1.48,1.55,1.62,1.7,1.78,1.86,1.94,1.97,2.0,2.03,2.06,2.03,2.0,1.98,1.95,1.97,1.99,2.01,2.03,1.99,1.94,1.89,1.84,1.97,2.09,2.22,2.35,1.98,1.61,1.24,0.87,0.84,0.8,0.77,0.74,0.87,1.01,1.15,1.28,1.08,0.87,0.66,0.45,0.8,1.15,1.49,1.84,1.63,1.43,1.23,1.02,0.86,0.69,0.53,0.36,0.63,0.89,1.16,1.42,1.5,1.59,1.67,1.75,1.72,1.69,1.66,1.62,1.73,1.83,1.93,2.03,2.16,2.29,2.42,2.55,2.55,2.55,2.55,2.55,2.53,2.5,2.48,2.46,2.49,2.52,2.55,2.58,2.64,2.7,2.76,2.82,2.95,3.08,3.2,3.33,3.36,3.4,3.43,3.46,3.54,3.62,3.7,3.78,3.81,3.85,3.89,3.92,4.05,4.17,4.3,4.43,4.47,4.51,4.55,4.6,,
2018-12-15T00:00:00+00:00,0.49,0.37,0.25,0.32,0.39,0.47,0.54,0.89,1.24,1.59,1.94,1.68,1.43,1.17,0.91,1.16,1.41,1.67,1.92,2.17,2.42,2.67,2.92,2.85,2.79,2.73,2.66,2.63,2.6,2.56,2.53,2.61,2.68,2.76,2.84,2.9,2.96,3.02,3.08,3.13,3.17,3.22,3.26,3.53,3.79,4.05,4.32,4.29,4.26,4.24,4.21,4.3,4.39,4.48,4.57,4.6,4.63,4.66,4.68,4.6,4.53,4.45,4.37,4.28,4.18,4.09,4.0,4.21,4.41,4.61,4.81,4.76,4.71,4.66,4.61,4.36,4.11,3.86,3.62,3.41,3.21,3.0,2.8,2.61,2.42,2.23,2.04,2.1,2.16,2.22,2.28,2.52,2.77,3.01,3.25,3.47,3.68,3.9,4.12,3.97,3.83,3.69,3.54,3.78,4.02,4.26,4.5,4.43,4.37,4.3,4.24,4.35,4.47,4.59,4.71,4.47,4.24,4.01,3.78,3.72,3.65,3.59,3.53,3.42,3.32,3.21,3.11,2.91,2.72,2.52,2.32,2.29,2.26,2.23,2.19,2.26,2.33,2.39,2.46,2.47,2.47,2.48,2.49,2.43,2.38,2.33,2.28,2.18,2.08,1.99,1.89,2.06,2.23,2.4,2.57,2.84,3.1,3.36,3.63,3.55,3.48,3.4,3.32,,
2018-12-16T00:00:00+00:00,3.35,3.53,3.71,3.72,3.72,3.73,3.74,3.59,3.45,3.3,3.16,3.19,3.22,3.25,3.28,3.15,3.02,2.89,2.77,3.01,3.26,3.51,3.76,3.74,3.72,3.7,3.68,3.65,3.61,3.57,3.53,3.39,3.25,3.1,2.96,2.73,2.51,2.29,2.06,1.99,1.92,1.85,1.77,1.96,2.15,2.33,2.52,2.48,2.44,2.39,2.35,2.37,2.39,2.42,2.44,2.36,2.29,2.21,2.14,2.04,1.93,1.83,1.73,2.0,2.27,2.54,2.82,2.76,2.69,2.63,2.57,3.0,3.43,3.85,4.28,4.05,3.81,3.58,3.35,3.45,3.55,3.66,3.76,3.82,3.88,3.94,4.0,4.15,4.31,4.47,4.63,4.74,4.86,4.97,5.08,5.02,4.97,4.91,4.85,4.88,4.91,4.93,4.96,4.8,4.64,4.47,4.31,4.14,3.97,3.79,3.62,3.61,3.61,3.6,3.6,3.54,3.48,3.42,3.37,3.34,3.32,3.3,3.27,3.31,3.35,3.39,3.43,3.46,3.49,3.51,3.54,3.51,3.49,3.47,3.44,3.33,3.21,3.1,2.99,2.9,2.81,2.72,2.63,2.66,2.69,2.73,2.76,2.75,2.75,2.75,2.74,2.73,2.72,2.7,2.69,2.69,2.68,2.68,2.67,2.84,3.01,3.18,3.36,,
2018-12-17T00:00:00+00:00,4.25,4.34,4.43,4.4,4.37,4.34,4.31,4.2,4.09,3.97,3.86,3.78,3.7,3.61,3.53,3.56,3.59,3.62,3.64,3.63,3.62,3.61,3.6,3.64,3.69,3.73,3.77,3.78,3.78,3.79,3.8,3.79,3.78,3.77,3.76,3.77,3.78,3.79,3.8,3.64,3.47,3.31,3.14,2.88,2.62,2.36,2.1,2.21,2.31,2.42,2.52,2.71,2.9,3.09,3.28,3.26,3.23,3.21,3.19,3.12,3.04,2.97,2.9,2.85,2.79,2.74,2.69,2.76,2.84,2.91,2.99,3.1,3.21,3.32,3.43,3.3,3.18,3.05,2.93,2.84,2.74,2.65,2.56,2.67,2.78,2.89,2.99,2.89,2.78,2.67,2.57,2.63,2.7,2.77,2.84,2.88,2.92,2.96,3.0,3.0,2.99,2.98,2.97,3.16,3.35,3.54,3.73,3.52,3.31,3.1,2.89,2.99,3.09,3.19,3.29,3.41,3.53,3.65,3.78,3.83,3.88,3.93,3.99,4.06,4.14,4.21,4.29,4.26,4.23,4.19,4.16,4.21,4.25,4.29,4.34,4.19,4.04,3.89,3.75,3.85,3.95,4.05,4.15,4.13,4.11,4.09,4.07,4.1,4.13,4.16,4.2,4.28,4.36,4.44,4.52,4.48,4.44,4.4,4.36,4.23,4.1,3.98,3.85,,
2018-12-18T00:00:00+00:00,2.66,2.98,3.31,3.27,3.23,3.19,3.15,3.26,3.36,3.47,3.58,3.56,3.54,3.52,3.51,3.37,3.24,3.1,2.96,3.19,3.42,3.64,3.87,3.81,3.74,3.68,3.61,3.62,3.63,3.64,3.65,3.84,4.02,4.21,4.4,4.54,4.69,4.83,4.97,4.89,4.81,4.73,4.65,4.63,4.61,4.59,4.57,4.51,4.44,4.38,4.31,4.22,4.13,4.04,3.95,3.89,3.82,3.76,3.69,3.71,3.73,3.75,3.77,3.9,4.04,4.18,4.32,4.2,4.08,3.95,3.83,3.83,3.83,3.83,3.83,4.11,4.38,4.66,4.93,5.02,5.1,5.18,5.27,5.48,5.68,5.89,6.1,6.16,6.22,6.28,6.34,6.2,6.05,5.91,5.77,5.61,5.45,5.29,5.13,5.22,5.3,5.38,5.47,5.39,5.31,5.23,5.16,5.15,5.14,5.13,5.12,5.08,5.05,5.01,4.98,4.97,4.97,4.96,4.96,5.08,5.2,5.31,5.43,5.35,5.27,5.19,5.11,5.04,4.97,4.9,4.83,4.84,4.86,4.88,4.89,5.05,5.2,5.35,5.51,5.38,5.26,5.13,5.01,4.77,4.54,4.31,4.08,4.0,3.91,3.83,3.75,3.66,3.58,3.5,3.42,3.42,3.41,3.41,3.4,3.42,3.43,3.44,3.45,,
2018-12-19T00:00:00+00:00,5.75,5.71,5.67,5.6,5.53,5.46,5.4,5.33,5.26,5.19,5.13,5.11,5.09,5.07,5.05,4.9,4.75,4.6,4.45,4.63,4.82,5.01,5.19,5.11,5.03,4.96,4.88,5.04,5.2,5.37,5.53,5.49,5.44,5.4,5.35,5.42,5.48,5.55,5.62,5.62,5.62,5.61,5.61,5.43,5.25,5.07,4.89,4.76,4.63,4.5,4.38,4.44,4.51,4.58,4.65,4.64,4.63,4.61,4.6,4.23,3.86,3.48,3.11,3.23,3.36,3.48,3.6,3.76,3.92,4.08,4.24,4.64,5.05,5.45,5.85,5.69,5.53,5.37,5.21,5.1,4.98,4.86,4.74,4.71,4.68,4.65,4.62,4.58,4.54,4.51,4.47,4.62,4.76,4.91,5.06,5.11,5.16,5.22,5.27,5.28,5.29,5.29,5.3,5.31,5.31,5.31,5.32,5.31,5.31,5.3,5.3,5.4,5.49,5.59,5.69,5.7,5.71,5.73,5.74,5.76,5.79,5.82,5.85,5.91,5.97,6.03,6.08,5.97,5.86,5.75,5.63,5.56,5.48,5.4,5.32,5.25,5.18,5.12,5.05,5.08,5.11,5.14,5.17,5.22,5.27,5.32,5.36,5.41,5.45,5.49,5.54,5.53,5.52,5.51,5.51,5.6,5.7,5.8,5.9,5.96,6.01,6.07,6.12,,
2018-12-21T00:00:00+00:00,7.79,8.07,8.36,8.32,8.28,8.24,8.2,8.63,9.06,9.49,9.92,9.98,10.04,10.11,10.17,10.2,10.24,10.28,10.31,10.31,10.3,10.3,10.3,9.95,9.6,9.25,8.91,8.69,8.48,8.26,8.04,8.03,8.02,8.01,8.0,7.89,7.78,7.68,7.57,7.4,7.23,7.06,6.89,6.95,7.01,7.07,7.14,6.65,6.17,5.69,5.2,5.66,6.12,6.57,7.03,6.91,6.8,6.68,6.56,6.38,6.2,6.02,5.83,6.09,6.34,6.59,6.84,6.42,6.01,5.59,5.18,5.4,5.62,5.84,6.07,5.98,5.9,5.82,5.74,5.78,5.81,5.85,5.89,6.02,6.15,6.27,6.4,6.3,6.21,6.11,6.02,6.1,6.18,6.25,6.33,6.25,6.16,6.07,5.99,6.25,6.52,6.78,7.05,6.7,6.36,6.02,5.68,5.48,5.28,5.08,4.88,4.89,4.9,4.91,4.92,4.95,4.98,5.0,5.03,5.08,5.14,5.19,5.25,5.39,5.53,5.67,5.81,5.79,5.78,5.77,5.75,5.83,5.91,5.99,6.07,5.91,5.76,5.61,5.46,5.47,5.48,5.5,5.51,5.5,5.49,5.48,5.46,5.61,5.75,5.89,6.03,5.66,5.29,4.92,4.55,4.47,4.39,4.31,4.23,3.97,3.71,3.46,3.2,,
2018-12-22T00:00:00+00:00,6.93,6.99,7.04,7.02,7.01,6.99,6.98,6.86,6.74,6.62,6.5,6.47,6.44,6.41,6.38,6.34,6.29,6.25,6.2,6.11,6.01,5.92,5.82,5.75,5.68,5.6,5.53,5.58,5.63,5.68,5.73,5.48,5.24,5.0,4.75,5.03,5.31,5.58,5.86,5.99,6.11,6.24,6.37,6.22,6.07,5.93,5.78,5.84,5.9,5.96,6.01,5.83,5.65,5.47,5.29,5.32,5.35,5.37,5.4,5.17,4.95,4.72,4.5,4.28,4.06,3.85,3.63,3.49,3.35,3.2,3.06,3.0,2.93,2.87,2.81,2.88,2.96,3.04,3.12,3.14,3.16,3.18,3.2,3.2,3.2,3.2,3.2,3.37,3.54,3.71,3.88,3.53,3.19,2.84,2.49,2.61,2.73,2.85,2.98,2.97,2.97,2.97,2.96,2.88,2.8,2.72,2.64,2.54,2.43,2.32,2.22,2.13,2.04,1.95,1.87,2.0,2.14,2.28,2.41,2.48,2.55,2.61,2.68,2.7,2.73,2.75,2.77,2.66,2.55,2.43,2.32,2.74,3.17,3.59,4.01,4.16,4.31,4.46,4.62,4.65,4.69,4.72,4.76,4.78,4.8,4.83,4.85,4.77,4.7,4.62,4.55,4.59,4.63,4.67,4.71,4.64,4.58,4.51,4.44,4.63,4.81,5.0,5.19,,
2018-12-23T00:00:00+00:00,1.87,1.87,1.87,1.9,1.94,1.97,2.0,2.32,2.64,2.96,3.28,3.04,2.81,2.58,2.34,2.44,2.54,2.64,2.74,3.1,3.45,3.8,4.15,4.56,4.98,5.4,5.82,5.94,6.06,6.18,6.3,6.49,6.69,6.88,7.08,6.96,6.84,6.72,6.61,6.51,6.41,6.31,6.21,6.19,6.17,6.15,6.12,6.1,6.08,6.06,6.04,6.0,5.97,5.93,5.89,6.0,6.1,6.21,6.32,6.26,6.19,6.13,6.07,6.07,6.07,6.06,6.06,6.07,6.07,6.07,6.08,6.11,6.13,6.16,6.19,6.22,6.25,6.27,6.3,6.3,6.29,6.29,6.28,6.32,6.36,6.4,6.44,6.57,6.7,6.83,6.97,6.82,6.67,6.52,6.37,6.21,6.05,5.89,5.73,5.62,5.51,5.4,5.3,5.29,5.28,5.27,5.26,4.9,4.55,4.2,3.84,3.76,3.67,3.59,3.51,3.49,3.47,3.46,3.44,3.41,3.39,3.37,3.34,3.33,3.31,3.3,3.28,3.43,3.58,3.73,3.88,3.75,3.62,3.48,3.35,3.39,3.42,3.45,3.49,3.53,3.57,3.6,3.64,3.65,3.65,3.66,3.66,3.62,3.58,3.55,3.51,3.49,3.48,3.47,3.45,3.46,3.47,3.49,3.5,3.5,3.5,3.5,3.5,,
2018-12-24T00:00:00+00:00,6.43,6.31,6.19,5.69,5.2,4.7,4.21,3.74,3.26,2.79,2.32,2.44,2.56,2.67,2.79,2.38,1.97,1.57,1.16,1.45,1.74,2.03,2.32,2.32,2.32,2.32,2.31,1.96,1.6,1.25,0.89,1.4,1.91,2.41,2.92,2.69,2.46,2.23,2.0,1.98,1.95,1.92,1.9,2.02,2.14,2.27,2.39,2.36,2.34,2.31,2.28,2.23,2.17,2.12,2.06,2.04,2.02,1.99,1.97,1.97,1.98,1.98,1.98,2.14,2.3,2.46,2.62,2.62,2.62,2.62,2.62,2.49,2.36,2.23,2.1,1.99,1.87,1.75,1.63,1.6,1.57,1.54,1.51,1.59,1.66,1.74,1.82,1.79,1.75,1.71,1.68,1.72,1.76,1.8,1.84,1.93,2.01,2.1,2.18,2.05,1.91,1.78,1.64,1.55,1.47,1.38,1.3,1.32,1.35,1.38,1.4,1.49,1.58,1.66,1.75,1.79,1.83,1.87,1.91,1.77,1.63,1.49,1.35,1.27,1.18,1.1,1.02,1.02,1.03,1.03,1.03,0.96,0.9,0.84,0.78,0.88,0.99,1.1,1.21,1.31,1.42,1.53,1.64,1.76,1.87,1.99,2.11,2.24,2.38,2.51,2.65,2.64,2.63,2.62,2.61,2.43,2.25,2.07,1.89,1.75,1.62,1.48,1.34,,
2018-12-25T00:00:00+00:00,1.52,1.61,1.69,1.67,1.65,1.63,1.61,1.5,1.4,1.3,1.19,1.04,0.89,0.73,0.58,0.58,0.58,0.59,0.59,0.8,1.01,1.23,1.44,1.51,1.57,1.64,1.7,1.44,1.18,0.92,0.66,0.76,0.86,0.96,1.06,1.08,1.09,1.11,1.12,0.91,0.7,0.49,0.28,0.63,0.97,1.31,1.66,1.55,1.45,1.35,1.25,1.35,1.45,1.56,1.66,1.83,2.0,2.18,2.35,2.36,2.37,2.38,2.39,2.36,2.32,2.29,2.26,2.11,1.96,1.8,1.65,1.57,1.5,1.42,1.34,1.25,1.17,1.08,1.0,1.15,1.3,1.45,1.6,1.54,1.49,1.43,1.38,1.43,1.47,1.52,1.57,1.66,1.74,1.83,1.92,1.86,1.8,1.75,1.69,1.55,1.41,1.26,1.12,1.18,1.25,1.31,1.37,1.33,1.29,1.25,1.2,1.15,1.09,1.04,0.98,1.0,1.03,1.05,1.07,1.08,1.1,1.11,1.12,1.28,1.44,1.61,1.77,1.88,1.98,2.09,2.19,1.97,1.75,1.53,1.31,1.23,1.14,1.06,0.98,1.17,1.36,1.55,1.73,1.81,1.89,1.97,2.05,2.08,2.11,2.13,2.16,2.2,2.23,2.27,2.3,2.27,2.25,2.22,2.19,2.18,2.17,2.17,2.16,,
2018-12-26T00:00:00+00:00,1.75,1.82,1.89,1.86,1.83,1.8,1.77,1.62,1.47,1.32,1.17,1.29,1.41,1.54,1.66,1.46,1.26,1.07,0.87,1.13,1.39,1.66,1.92,1.91,1.89,1.88,1.87,1.64,1.41,1.18,0.95,1.19,1.43,1.67,1.9,2.0,2.1,2.21,2.31,2.19,2.08,1.96,1.85,1.61,1.38,1.14,0.9,1.04,1.18,1.32,1.46,1.54,1.63,1.71,1.8,1.96,2.12,2.28,2.45,2.41,2.37,2.33,2.29,2.33,2.37,2.41,2.45,2.49,2.53,2.56,2.6,2.4,2.21,2.01,1.82,1.7,1.57,1.45,1.33,1.37,1.41,1.45,1.49,1.62,1.74,1.87,2.0,1.97,1.94,1.91,1.88,1.76,1.64,1.52,1.4,1.42,1.43,1.45,1.46,1.51,1.57,1.62,1.67,1.63,1.58,1.53,1.49,1.55,1.61,1.68,1.74,1.73,1.72,1.71,1.7,1.5,1.29,1.08,0.88,0.7,0.52,0.34,0.16,0.47,0.79,1.1,1.41,1.55,1.69,1.83,1.96,1.75,1.54,1.33,1.11,0.99,0.87,0.75,0.63,0.65,0.67,0.69,0.71,0.75,0.79,0.83,0.87,0.94,1.01,1.07,1.14,1.25,1.36,1.47,1.58,1.57,1.56,1.54,1.53,1.67,1.8,1.93,2.07,,
2018-12-27T00:00:00+00:00,1.44,1.62,1.81,1.76,1.71,1.67,1.62,1.69,1.75,1.82,1.89,1.78,1.67,1.56,1.45,1.31,1.17,1.03,0.89,0.99,1.09,1.19,1.29,1.09,0.9,0.7,0.5,0.6,0.69,0.79,0.88,0.97,1.06,1.15,1.24,1.29,1.34,1.4,1.45,1.45,1.44,1.44,1.43,1.4,1.36,1.32,1.28,1.25,1.21,1.18,1.14,1.13,1.13,1.12,1.11,1.14,1.17,1.19,1.22,1.24,1.27,1.29,1.32,1.3,1.28,1.26,1.24,1.23,1.23,1.23,1.23,1.31,1.4,1.48,1.56,1.52,1.47,1.43,1.38,1.29,1.2,1.1,1.01,0.96,0.91,0.87,0.82,0.83,0.84,0.85,0.86,0.95,1.04,1.13,1.22,1.17,1.12,1.07,1.03,1.06,1.09,1.12,1.15,1.08,1.02,0.95,0.88,0.97,1.06,1.14,1.23,1.09,0.95,0.81,0.67,0.73,0.79,0.85,0.9,0.98,1.06,1.13,1.21,1.32,1.43,1.55,1.66,1.65,1.64,1.63,1.62,1.46,1.29,1.13,0.97,1.14,1.31,1.48,1.65,1.59,1.54,1.48,1.43,1.38,1.34,1.29,1.24,1.46,1.68,1.9,2.11,2.19,2.27,2.35,2.43,2.38,2.34,2.29,2.24,2.18,2.12,2.06,2.0,,
2018-12-28T00:00:00+00:00,0.87,0.95,1.03,1.09,1.15,1.21,1.27,1.3,1.33,1.36,1.4,1.48,1.56,1.64,1.72,1.56,1.4,1.24,1.08,1.1,1.12,1.14,1.16,1.32,1.48,1.64,1.8,1.76,1.72,1.69,1.65,1.59,1.54,1.49,1.44,1.36,1.28,1.21,1.13,1.14,1.14,1.15,1.16,1.22,1.28,1.33,1.39,1.31,1.23,1.15,1.06,1.01,0.95,0.9,0.84,1.03,1.22,1.42,1.61,1.49,1.36,1.24,1.11,1.05,0.98,0.92,0.86,0.86,0.85,0.85,0.85,0.73,0.61,0.48,0.36,0.54,0.72,0.9,1.08,1.16,1.24,1.31,1.39,1.22,1.05,0.89,0.72,0.71,0.71,0.7,0.69,0.67,0.65,0.63,0.6,0.53,0.45,0.37,0.3,0.38,0.47,0.55,0.63,0.77,0.9,1.03,1.16,1.15,1.15,1.14,1.13,1.14,1.15,1.16,1.17,1.19,1.21,1.23,1.25,1.17,1.1,1.02,0.94,1.11,1.27,1.44,1.6,1.55,1.5,1.45,1.39,1.55,1.7,1.86,2.01,2.07,2.14,2.2,2.27,2.22,2.18,2.14,2.1,2.03,1.96,1.89,1.82,1.96,2.1,2.24,2.38,2.39,2.4,2.41,2.42,2.41,2.41,2.4,2.4,2.38,2.36,2.34,2.32,,
2018-12-29T00:00:00+00:00,1.38,1.37,1.35,1.31,1.27,1.23,1.2,1.24,1.29,1.34,1.38,1.25,1.11,0.98,0.84,1.01,1.18,1.34,1.51,1.51,1.52,1.52,1.52,1.55,1.59,1.62,1.66,1.68,1.7,1.73,1.75,1.61,1.48,1.34,1.2,1.34,1.48,1.61,1.75,1.81,1.87,1.93,1.99,2.17,2.35,2.53,2.71,2.74,2.76,2.78,2.8,2.99,3.17,3.35,3.53,3.48,3.43,3.38,3.33,3.38,3.43,3.48,3.53,3.34,3.16,2.97,2.78,2.9,3.01,3.12,3.24,3.34,3.45,3.56,3.67,3.46,3.26,3.05,2.85,2.8,2.76,2.72,2.68,2.61,2.54,2.47,2.41,2.45,2.49,2.54,2.58,2.38,2.19,1.99,1.79,1.89,1.98,2.07,2.16,2.16,2.16,2.15,2.15,2.06,1.97,1.88,1.79,1.74,1.69,1.65,1.6,1.5,1.39,1.29,1.19,1.42,1.65,1.89,2.12,2.01,1.9,1.8,1.69,1.64,1.6,1.56,1.51,1.44,1.37,1.29,1.22,1.26,1.3,1.34,1.38,1.31,1.24,1.18,1.11,1.18,1.26,1.33,1.4,1.33,1.26,1.19,1.11,1.27,1.43,1.59,1.75,1.83,1.91,1.98,2.06,2.08,2.1,2.11,2.13,2.23,2.33,2.43,2.53,,
2018-12-30T00:00:00+00:00,2.55,2.62,2.7,2.71,2.72,2.74,2.75,2.77,2.79,2.8,2.82,2.57,2.33,2.08,1.83,1.8,1.77,1.74,1.7,1.54,1.39,1.23,1.07,1.0,0.93,0.87,0.8,0.95,1.09,1.24,1.39,1.32,1.25,1.18,1.11,1.14,1.17,1.2,1.24,1.4,1.56,1.72,1.88,1.91,1.94,1.98,2.01,2.07,2.14,2.21,2.27,2.11,1.94,1.77,1.6,1.54,1.48,1.41,1.35,1.41,1.47,1.53,1.59,1.61,1.62,1.64,1.66,1.69,1.71,1.74,1.76,1.83,1.9,1.96,2.03,2.08,2.12,2.17,2.21,2.16,2.11,2.06,2.02,2.0,1.98,1.96,1.94,1.84,1.74,1.63,1.53,1.47,1.42,1.36,1.31,1.4,1.49,1.58,1.67,1.68,1.7,1.71,1.73,1.62,1.51,1.41,1.3,1.4,1.5,1.6,1.7,1.72,1.73,1.75,1.77,1.78,1.79,1.81,1.82,1.86,1.9,1.95,1.99,1.97,1.94,1.92,1.9,1.84,1.79,1.73,1.68,1.74,1.8,1.87,1.93,2.04,2.14,2.25,2.36,2.32,2.28,2.24,2.2,2.09,1.98,1.87,1.76,1.67,1.59,1.5,1.41,1.42,1.43,1.44,1.45,1.38,1.31,1.23,1.16,1.18,1.19,1.21,1.23,,
2018-12-31T00:00:00+00:00
2019-01-01T00:00:00+00:00
2019-01-02T00:00:00+00:00
2019-01-03T00:00:00+00:00
2019-01-04T00:00:00+00:00
2019-01-05T00:00:00+00:00
2019-01-06T00:00:00+00:00
2019-01-07T00:00:00+00:00
2019-01-08T00:00:00+00:00,4.94,5.01,5.09,4.96,4.82,4.69,4.55,4.92,5.29,5.65,6.02,6.17,6.32,6.48,6.63,6.38,6.13,5.88,5.63,5.48,5.32,5.16,5.0,4.84,4.67,4.51,4.34,4.34,4.34,4.34,4.34,4.43,4.53,4.62,4.72,4.88,5.04,5.2,5.36,5.34,5.33,5.31,5.3,5.05,4.81,4.57,4.32,4.38,4.45,4.51,4.57,4.56,4.56,4.55,4.54,4.5,4.46,4.41,4.37,4.11,3.86,3.6,3.34,3.6,3.85,4.1,4.36,4.28,4.21,4.14,4.07,4.12,4.17,4.22,4.27,4.36,4.44,4.53,4.62,4.56,4.5,4.44,4.38,4.23,4.08,3.93,3.78,3.84,3.91,3.98,4.04,4.1,4.15,4.2,4.25,4.52,4.78,5.05,5.31,5.28,5.25,5.22,5.18,5.2,5.22,5.23,5.25,5.42,5.58,5.75,5.92,5.98,6.03,6.09,6.14,6.14,6.14,6.14,6.13,6.12,6.1,6.08,6.06,6.05,6.04,6.04,6.03,6.03,6.04,6.04,6.05,6.1,6.14,6.19,6.24,6.19,6.14,6.09,6.05,5.87,5.69,5.51,5.32,5.54,5.76,5.98,6.2,5.82,5.45,5.08,4.7,4.66,4.62,4.58,4.54,4.67,4.79,4.92,5.05,5.1,5.16,5.22,5.28,,
2019-01-09T00:00:00+00:00,4.15,4.16,4.17,4.15,4.13,4.11,4.08,4.2,4.31,4.43,4.54,4.48,4.42,4.37,4.31,4.42,4.52,4.63,4.74,4.92,5.1,5.28,5.46,5.52,5.58,5.64,5.71,5.69,5.67,5.65,5.64,5.74,5.85,5.96,6.07,6.15,6.24,6.33,6.42,6.52,6.62,6.72,6.83,6.48,6.13,5.78,5.44,5.17,4.9,4.63,4.36,4.59,4.82,5.05,5.29,5.18,5.07,4.97,4.86,4.82,4.79,4.75,4.71,4.54,4.36,4.19,4.02,4.1,4.18,4.25,4.33,4.53,4.72,4.91,5.1,4.84,4.58,4.32,4.06,4.02,3.98,3.94,3.9,3.79,3.69,3.58,3.47,3.38,3.29,3.2,3.1,3.14,3.17,3.2,3.23,3.13,3.03,2.92,2.82,2.91,3.0,3.09,3.18,3.15,3.12,3.09,3.07,3.11,3.14,3.18,3.22,3.27,3.33,3.39,3.44,3.5,3.56,3.62,3.68,3.72,3.76,3.8,3.83,3.81,3.8,3.78,3.76,3.74,3.73,3.72,3.71,3.69,3.66,3.64,3.62,3.65,3.67,3.7,3.73,3.72,3.71,3.69,3.68,3.66,3.64,3.62,3.6,3.53,3.46,3.39,3.32,3.23,3.14,3.05,2.96,2.83,2.69,2.56,2.43,2.37,2.32,2.27,2.22,,
2019-01-10T00:00:00+00:00,3.15,3.29,3.43,3.4,3.37,3.34,3.31,3.48,3.64,3.81,3.98,3.97,3.96,3.96,3.95,3.93,3.92,3.9,3.89,3.79,3.69,3.58,3.48,3.44,3.4,3.36,3.32,3.32,3.31,3.31,3.3,3.31,3.32,3.33,3.34,3.32,3.3,3.28,3.26,3.24,3.22,3.2,3.19,3.34,3.49,3.65,3.8,3.83,3.85,3.88,3.91,3.8,3.69,3.58,3.48,3.43,3.39,3.35,3.31,3.18,3.06,2.93,2.81,2.83,2.86,2.88,2.91,3.04,3.17,3.3,3.44,3.64,3.84,4.04,4.24,4.22,4.19,4.17,4.14,3.87,3.6,3.32,3.05,3.14,3.23,3.33,3.42,3.27,3.13,2.99,2.84,2.83,2.83,2.82,2.81,2.69,2.56,2.44,2.31,2.19,2.07,1.95,1.83,2.01,2.18,2.36,2.54,2.48,2.42,2.36,2.3,2.24,2.19,2.13,2.08,2.11,2.13,2.16,2.19,2.2,2.21,2.22,2.23,2.09,1.95,1.81,1.67,1.84,2.0,2.16,2.33,2.37,2.41,2.46,2.5,2.55,2.6,2.65,2.7,2.75,2.8,2.85,2.9,2.81,2.72,2.64,2.55,2.62,2.7,2.78,2.85,2.67,2.48,2.3,2.12,2.29,2.46,2.63,2.8,2.86,2.92,2.98,3.03,,
2019-01-11T00:00:00+00:00,1.26,1.3,1.35,1.28,1.22,1.16,1.09,1.23,1.37,1.51,1.65,1.67,1.69,1.7,1.72,1.81,1.9,1.99,2.08,2.24,2.39,2.55,2.71,2.75,2.78,2.82,2.86,2.76,2.66,2.57,2.47,2.43,2.39,2.34,2.3,2.42,2.53,2.65,2.76,2.86,2.97,3.07,3.17,3.09,3.01,2.93,2.85,2.7,2.56,2.41,2.26,2.2,2.14,2.08,2.02,2.09,2.16,2.22,2.29,2.58,2.86,3.14,3.42,3.52,3.61,3.7,3.79,3.61,3.43,3.25,3.07,3.07,3.08,3.08,3.09,3.09,3.1,3.11,3.11,3.09,3.06,3.03,3.01,3.14,3.27,3.41,3.54,3.61,3.69,3.76,3.84,3.83,3.83,3.82,3.82,3.66,3.5,3.34,3.18,3.1,3.01,2.92,2.83,2.69,2.55,2.4,2.26,2.31,2.36,2.41,2.46,2.52,2.58,2.64,2.7,2.8,2.89,2.99,3.09,3.17,3.25,3.33,3.41,3.37,3.34,3.3,3.27,3.52,3.78,4.04,4.29,4.43,4.57,4.71,4.85,4.85,4.85,4.85,4.85,4.8,4.75,4.7,4.64,4.55,4.46,4.36,4.27,4.41,4.55,4.69,4.83,4.89,4.95,5.01,5.07,5.22,5.38,5.53,5.68,5.79,5.89,5.99,6.1,,
2019-01-12T00:00:00+00:00,1.65,1.69,1.74,1.74,1.74,1.74,1.74,1.77,1.8,1.83,1.86,2.1,2.34,2.58,2.81,2.87,2.93,2.99,3.05,3.06,3.06,3.07,3.07,3.07,3.06,3.05,3.05,2.89,2.73,2.57,2.41,2.47,2.53,2.6,2.66,2.86,3.06,3.26,3.46,3.68,3.89,4.11,4.32,4.45,4.58,4.71,4.84,4.8,4.75,4.7,4.66,4.69,4.72,4.76,4.79,4.68,4.58,4.48,4.37,4.35,4.32,4.3,4.27,4.44,4.61,4.79,4.96,4.88,4.79,4.71,4.63,4.4,4.17,3.94,3.71,4.23,4.75,5.26,5.78,5.85,5.93,6.0,6.08,6.05,6.03,6.01,5.98,6.13,6.28,6.43,6.58,6.63,6.69,6.74,6.8,6.87,6.94,7.01,7.08,7.05,7.02,6.98,6.95,6.81,6.67,6.53,6.38,6.32,6.26,6.2,6.14,6.01,5.89,5.77,5.65,5.71,5.78,5.85,5.92,6.03,6.14,6.26,6.37,6.49,6.61,6.73,6.85,6.84,6.83,6.83,6.82,6.75,6.67,6.59,6.52,6.73,6.94,7.15,7.36,7.48,7.59,7.71,7.82,7.71,7.61,7.5,7.39,7.31,7.24,7.16,7.09,7.22,7.35,7.48,7.61,7.42,7.22,7.03,6.83,6.73,6.63,6.53,6.44,,
2019-01-13T00:00:00+00:00,5.3,5.24,5.18,5.34,5.49,5.65,5.81,5.91,6.02,6.12,6.23,6.27,6.32,6.36,6.41,6.35,6.29,6.23,6.17,6.05,5.93,5.81,5.68,5.71,5.74,5.76,5.79,5.91,6.02,6.14,6.25,6.32,6.38,6.44,6.5,6.47,6.44,6.41,6.38,6.39,6.4,6.41,6.42,6.39,6.36,6.33,6.3,6.3,6.3,6.3,6.3,6.24,6.18,6.12,6.06,6.35,6.65,6.94,7.23,7.22,7.21,7.2,7.19,7.1,7.02,6.94,6.86,6.81,6.77,6.73,6.69,6.63,6.58,6.52,6.47,5.99,5.5,5.02,4.54,5.12,5.7,6.28,6.86,6.92,6.98,7.03,7.09,7.7,8.32,8.93,9.54,8.81,8.08,7.35,6.62,6.67,6.72,6.77,6.82,6.52,6.21,5.9,5.6,5.55,5.5,5.45,5.39,5.44,5.49,5.54,5.59,5.57,5.54,5.52,5.49,5.34,5.19,5.04,4.89,4.76,4.63,4.5,4.37,4.22,4.08,3.93,3.78,3.88,3.97,4.06,4.15,4.14,4.13,4.12,4.11,4.04,3.96,3.88,3.81,3.8,3.78,3.77,3.76,3.86,3.97,4.08,4.19,4.18,4.18,4.18,4.18,3.93,3.68,3.44,3.19,3.42,3.65,3.88,4.11,4.01,3.91,3.82,3.72,,
2019-01-14T00:00:00+00:00,6.31,6.33,6.34,5.96,5.57,5.19,4.81,4.69,4.57,4.44,4.32,3.96,3.6,3.24,2.88,3.02,3.15,3.29,3.42,3.51,3.61,3.7,3.8,3.56,3.33,3.1,2.87,3.04,3.2,3.37,3.53,3.56,3.6,3.63,3.66,3.76,3.85,3.94,4.03,4.05,4.06,4.07,4.08,3.98,3.87,3.77,3.66,3.26,2.86,2.46,2.07,2.47,2.87,3.27,3.68,3.56,3.45,3.34,3.22,3.53,3.83,4.13,4.44,4.25,4.07,3.89,3.71,3.68,3.66,3.63,3.6,3.47,3.34,3.21,3.09,2.93,2.77,2.61,2.46,2.37,2.28,2.19,2.1,2.05,2.01,1.96,1.91,1.86,1.82,1.77,1.72,1.78,1.84,1.89,1.95,2.01,2.06,2.12,2.17,2.26,2.35,2.44,2.53,2.45,2.38,2.31,2.23,2.15,2.07,1.99,1.91,1.96,2.0,2.05,2.09,2.05,2.01,1.97,1.93,2.01,2.08,2.16,2.23,2.32,2.41,2.49,2.58,2.59,2.59,2.6,2.6,2.67,2.74,2.81,2.87,3.01,3.15,3.29,3.43,3.43,3.44,3.45,3.46,3.41,3.36,3.31,3.26,3.25,3.25,3.24,3.23,3.15,3.06,2.98,2.9,2.92,2.93,2.94,2.96,3.0,3.04,3.09,3.13,,
2019-01-15T00:00:00+00:00,1.09,1.05,1.01,1.26,1.51,1.76,2.01,2.04,2.07,2.11,2.14,2.13,2.13,2.13,2.12,1.98,1.83,1.68,1.54,1.45,1.36,1.27,1.19,1.29,1.4,1.51,1.61,1.62,1.63,1.63,1.64,1.63,1.62,1.61,1.6,1.7,1.8,1.9,2.0,2.06,2.11,2.16,2.22,2.21,2.21,2.2,2.2,2.34,2.49,2.64,2.79,2.78,2.77,2.76,2.75,2.71,2.68,2.64,2.6,2.51,2.42,2.34,2.25,2.25,2.24,2.24,2.24,2.21,2.19,2.16,2.13,2.08,2.03,1.97,1.92,2.13,2.34,2.55,2.76,2.79,2.83,2.86,2.9,3.09,3.29,3.48,3.68,3.44,3.2,2.96,2.72,2.92,3.12,3.32,3.51,3.46,3.4,3.35,3.29,3.1,2.9,2.71,2.51,2.55,2.59,2.63,2.66,2.53,2.4,2.26,2.13,2.21,2.29,2.37,2.45,2.38,2.31,2.24,2.17,2.25,2.33,2.41,2.49,2.49,2.49,2.5,2.5,2.67,2.84,3.0,3.17,3.5,3.83,4.16,4.49,4.45,4.41,4.37,4.33,4.34,4.35,4.36,4.36,4.31,4.25,4.2,4.14,4.16,4.18,4.19,4.21,4.3,4.4,4.49,4.58,4.58,4.58,4.58,4.59,4.78,4.98,5.17,5.37,,
2019-01-16T00:00:00+00:00,2.09,2.16,2.23,2.23,2.23,2.23,2.23,2.13,2.03,1.93,1.83,1.96,2.08,2.21,2.33,2.29,2.25,2.2,2.16,2.13,2.1,2.07,2.04,2.11,2.18,2.25,2.31,2.33,2.34,2.35,2.36,2.36,2.36,2.36,2.35,2.46,2.57,2.68,2.79,2.97,3.15,3.33,3.51,3.61,3.71,3.81,3.91,3.94,3.97,4.01,4.04,4.11,4.17,4.24,4.31,4.42,4.53,4.64,4.76,4.79,4.83,4.87,4.91,4.88,4.85,4.83,4.8,5.01,5.22,5.43,5.64,5.73,5.82,5.91,6.0,6.01,6.01,6.02,6.02,6.03,6.03,6.03,6.04,5.77,5.51,5.24,4.98,4.79,4.61,4.43,4.24,3.95,3.65,3.36,3.06,3.13,3.19,3.25,3.32,3.42,3.52,3.63,3.73,3.73,3.73,3.72,3.72,3.98,4.24,4.5,4.75,4.83,4.91,4.99,5.07,5.11,5.15,5.2,5.24,5.0,4.76,4.52,4.28,4.49,4.7,4.91,5.12,5.17,5.22,5.26,5.31,5.33,5.35,5.37,5.4,5.58,5.77,5.96,6.15,5.95,5.75,5.55,5.35,5.32,5.29,5.26,5.23,4.93,4.63,4.33,4.03,3.92,3.81,3.71,3.6,3.45,3.31,3.16,3.02,2.87,2.71,2.56,2.41,,
2019-01-17T00:00:00+00:00,3.45,2.89,2.33,2.65,2.96,3.28,3.6,4.04,4.47,4.91,5.35,5.43,5.52,5.61,5.7,5.63,5.57,5.51,5.45,5.5,5.55,5.61,5.66,5.79,5.92,6.05,6.18,6.15,6.12,6.09,6.06,6.18,6.3,6.42,6.54,6.43,6.33,6.22,6.11,6.05,6.0,5.95,5.89,5.74,5.59,5.44,5.3,5.38,5.45,5.53,5.61,5.53,5.44,5.35,5.26,4.94,4.62,4.29,3.97,4.25,4.53,4.8,5.08,4.73,4.37,4.02,3.66,3.48,3.29,3.1,2.91,2.95,3.0,3.04,3.08,3.06,3.03,3.0,2.98,3.04,3.11,3.17,3.24,3.15,3.06,2.97,2.89,2.73,2.57,2.4,2.24,2.31,2.38,2.44,2.51,2.47,2.44,2.41,2.37,2.3,2.24,2.17,2.1,1.91,1.72,1.53,1.35,1.25,1.15,1.05,0.95,0.94,0.93,0.92,0.92,0.77,0.63,0.49,0.34,0.36,0.37,0.38,0.4,0.54,0.69,0.83,0.98,1.16,1.34,1.52,1.69,1.78,1.87,1.96,2.05,2.08,2.11,2.14,2.17,2.24,2.31,2.38,2.45,2.5,2.54,2.58,2.62,2.63,2.64,2.65,2.66,2.72,2.78,2.85,2.91,2.81,2.72,2.62,2.52,2.44,2.35,2.27,2.18,,
2019-01-18T00:00:00+00:00,2.6,2.57,2.53,2.41,2.28,2.15,2.02,1.73,1.44,1.14,0.85,0.71,0.58,0.45,0.31,0.43,0.54,0.66,0.77,0.89,1.01,1.12,1.24,1.17,1.09,1.02,0.95,0.85,0.75,0.65,0.56,0.62,0.68,0.74,0.81,0.95,1.09,1.23,1.38,1.4,1.42,1.43,1.45,1.45,1.45,1.45,1.45,1.59,1.73,1.87,2.01,2.15,2.29,2.43,2.57,2.54,2.51,2.48,2.45,2.47,2.49,2.5,2.52,2.52,2.52,2.52,2.52,2.5,2.48,2.46,2.44,2.45,2.46,2.47,2.48,2.57,2.66,2.75,2.85,2.65,2.45,2.25,2.05,2.01,1.97,1.93,1.88,2.01,2.13,2.26,2.38,2.35,2.32,2.28,2.25,2.27,2.29,2.31,2.33,2.33,2.33,2.34,2.34,2.4,2.47,2.53,2.6,2.67,2.75,2.83,2.91,2.92,2.93,2.94,2.95,2.92,2.89,2.86,2.83,2.86,2.88,2.9,2.92,2.93,2.95,2.97,2.99,2.99,2.99,2.99,3.0,2.95,2.9,2.86,2.81,2.86,2.9,2.95,3.0,2.97,2.94,2.91,2.88,2.81,2.75,2.68,2.62,2.56,2.51,2.45,2.39,2.37,2.35,2.32,2.3,2.26,2.21,2.16,2.12,2.15,2.18,2.21,2.24,,
2019-01-19T00:00:00+00:00,2.41,2.42,2.42,2.53,2.64,2.75,2.85,2.71,2.56,2.42,2.27,2.38,2.48,2.59,2.69,2.8,2.9,3.01,3.11,3.19,3.27,3.35,3.43,3.4,3.36,3.33,3.3,3.17,3.03,2.9,2.77,2.76,2.76,2.75,2.75,2.8,2.84,2.89,2.94,2.91,2.87,2.84,2.8,2.74,2.69,2.63,2.58,2.56,2.55,2.54,2.52,2.43,2.33,2.23,2.13,2.1,2.08,2.05,2.02,2.07,2.13,2.18,2.23,2.22,2.2,2.18,2.16,2.1,2.04,1.98,1.93,1.9,1.88,1.85,1.83,1.83,1.84,1.84,1.85,1.89,1.94,1.99,2.04,2.01,1.99,1.96,1.94,1.91,1.87,1.83,1.8,1.78,1.76,1.75,1.73,1.71,1.7,1.68,1.66,1.63,1.6,1.56,1.53,1.58,1.64,1.69,1.75,1.72,1.7,1.68,1.66,1.56,1.45,1.35,1.24,1.25,1.25,1.26,1.26,1.34,1.42,1.5,1.57,1.51,1.45,1.38,1.32,1.4,1.47,1.55,1.62,1.62,1.61,1.61,1.6,1.75,1.9,2.05,2.2,2.24,2.29,2.33,2.37,2.37,2.36,2.36,2.35,2.44,2.53,2.62,2.71,2.67,2.64,2.6,2.57,2.66,2.75,2.84,2.92,2.91,2.89,2.87,2.85,,
2019-01-20T00:00:00+00:00,2.59,2.63,2.67,2.51,2.34,2.17,2.01,1.89,1.78,1.67,1.55,1.71,1.87,2.02,2.18,2.13,2.08,2.03,1.98,1.89,1.79,1.7,1.61,1.68,1.75,1.82,1.89,2.01,2.13,2.25,2.37,2.3,2.23,2.16,2.1,2.24,2.39,2.53,2.68,2.64,2.61,2.58,2.54,2.57,2.59,2.62,2.64,2.66,2.67,2.68,2.7,2.67,2.63,2.6,2.57,2.57,2.58,2.58,2.59,2.63,2.68,2.72,2.77,2.9,3.04,3.17,3.3,3.31,3.32,3.32,3.33,3.25,3.17,3.08,3.0,3.03,3.06,3.1,3.13,3.1,3.07,3.05,3.02,2.87,2.72,2.57,2.43,2.39,2.35,2.32,2.28,2.38,2.48,2.58,2.68,2.73,2.78,2.82,2.87,2.76,2.65,2.54,2.43,2.43,2.44,2.45,2.46,2.48,2.5,2.52,2.54,2.38,2.22,2.05,1.89,1.85,1.81,1.78,1.74,1.82,1.91,1.99,2.07,1.91,1.75,1.58,1.42,1.32,1.23,1.13,1.03,1.05,1.06,1.08,1.09,1.06,1.04,1.01,0.98,0.91,0.85,0.78,0.72,0.68,0.65,0.61,0.58,0.63,0.69,0.74,0.8,0.84,0.88,0.93,0.97,1.15,1.34,1.52,1.71,1.47,1.23,1.0,0.76,,
2019-01-21T00:00:00+00:00,2.76,2.72,2.67,2.74,2.8,2.87,2.93,2.97,3.0,3.03,3.07,2.99,2.92,2.85,2.78,2.61,2.44,2.27,2.1,2.13,2.16,2.18,2.21,2.26,2.31,2.36,2.41,2.29,2.18,2.07,1.96,1.84,1.72,1.6,1.48,1.41,1.33,1.25,1.18,1.14,1.11,1.07,1.04,1.02,1.0,0.97,0.95,1.03,1.1,1.18,1.25,1.15,1.05,0.94,0.84,0.94,1.05,1.15,1.26,1.03,0.8,0.57,0.34,0.62,0.89,1.16,1.43,1.47,1.51,1.55,1.59,1.66,1.72,1.78,1.85,1.89,1.93,1.97,2.01,2.09,2.18,2.26,2.35,2.47,2.59,2.71,2.83,2.93,3.02,3.11,3.2,3.33,3.45,3.57,3.69,3.75,3.81,3.86,3.92,3.85,3.79,3.72,3.65,3.72,3.79,3.86,3.94,4.01,4.08,4.16,4.23,4.27,4.31,4.35,4.39,4.27,4.16,4.04,3.93,3.83,3.73,3.62,3.52,3.47,3.42,3.36,3.31,3.25,3.2,3.14,3.09,3.29,3.49,3.7,3.9,3.74,3.58,3.41,3.25,3.25,3.25,3.25,3.25,3.07,2.88,2.7,2.51,2.57,2.63,2.69,2.75,2.76,2.77,2.78,2.79,2.86,2.92,2.99,3.05,3.11,3.16,3.21,3.26,,
2019-01-22T00:00:00+00:00,2.95,3.01,3.07,3.32,3.58,3.83,4.09,4.01,3.93,3.86,3.78,3.76,3.73,3.71,3.69,3.65,3.62,3.58,3.54,3.6,3.65,3.7,3.75,3.76,3.77,3.78,3.79,3.6,3.42,3.23,3.04,3.1,3.16,3.23,3.29,3.26,3.23,3.21,3.18,3.21,3.23,3.26,3.28,3.21,3.14,3.07,3.0,3.02,3.04,3.06,3.08,2.97,2.85,2.74,2.63,2.56,2.5,2.43,2.36,2.36,2.36,2.35,2.35,2.51,2.68,2.84,3.0,3.21,3.43,3.64,3.85,3.54,3.22,2.91,2.6,2.63,2.66,2.69,2.72,2.64,2.56,2.48,2.39,2.43,2.46,2.49,2.53,2.42,2.32,2.21,2.1,1.98,1.85,1.72,1.59,1.75,1.9,2.05,2.2,2.06,1.92,1.78,1.65,1.65,1.65,1.65,1.66,1.58,1.51,1.43,1.36,1.41,1.46,1.5,1.55,1.68,1.8,1.92,2.05,1.99,1.93,1.88,1.82,1.68,1.55,1.41,1.28,1.67,2.06,2.45,2.84,2.74,2.65,2.55,2.46,2.49,2.53,2.56,2.6,2.79,2.98,3.18,3.37,3.65,3.93,4.22,4.5,4.44,4.38,4.31,4.25,4.22,4.19,4.16,4.12,3.81,3.49,3.17,2.85,3.02,3.19,3.36,3.54,,
2019-01-23T00:00:00+00:00,2.83,2.74,2.65,2.58,2.51,2.44,2.37,2.51,2.65,2.79,2.93,3.36,3.79,4.21,4.64,4.54,4.44,4.34,4.24,4.2,4.16,4.11,4.07,4.25,4.43,4.6,4.78,5.01,5.23,5.45,5.68,5.57,5.47,5.36,5.25,5.3,5.35,5.4,5.45,5.58,5.71,5.84,5.97,5.86,5.75,5.65,5.54,5.49,5.44,5.39,5.34,5.27,5.2,5.13,5.06,4.69,4.32,3.96,3.59,3.63,3.67,3.7,3.74,3.81,3.87,3.94,4.0,4.15,4.31,4.46,4.62,4.53,4.44,4.35,4.26,4.21,4.16,4.11,4.06,4.17,4.28,4.4,4.51,4.04,3.57,3.1,2.63,2.71,2.78,2.85,2.92,2.97,3.03,3.08,3.13,3.08,3.02,2.97,2.92,2.84,2.77,2.69,2.62,2.6,2.59,2.57,2.56,2.51,2.45,2.4,2.35,2.32,2.28,2.25,2.22,2.14,2.06,1.99,1.91,1.8,1.69,1.58,1.47,1.53,1.59,1.66,1.72,1.76,1.8,1.84,1.87,2.04,2.2,2.36,2.52,2.56,2.61,2.65,2.69,2.62,2.55,2.48,2.4,2.3,2.2,2.1,1.99,1.96,1.92,1.88,1.84,2.02,2.2,2.38,2.55,2.42,2.29,2.16,2.02,2.1,2.17,2.24,2.31,,
2019-01-24T00:00:00+00:00,3.05,3.09,3.13,3.19,3.25,3.3,3.36,3.23,3.1,2.98,2.85,2.79,2.72,2.66,2.6,2.63,2.66,2.69,2.72,2.77,2.82,2.87,2.91,2.98,3.04,3.11,3.17,2.92,2.66,2.41,2.16,1.97,1.79,1.61,1.43,1.33,1.22,1.12,1.01,1.11,1.2,1.3,1.4,1.39,1.39,1.39,1.39,1.43,1.47,1.51,1.56,1.44,1.33,1.22,1.11,1.39,1.66,1.93,2.21,2.24,2.27,2.3,2.34,2.25,2.17,2.08,2.0,1.92,1.85,1.78,1.7,1.75,1.79,1.83,1.88,1.92,1.96,2.0,2.04,2.14,2.25,2.35,2.45,2.35,2.25,2.14,2.04,1.93,1.83,1.73,1.63,1.83,2.03,2.23,2.43,2.43,2.43,2.43,2.43,2.39,2.34,2.3,2.26,2.22,2.18,2.14,2.11,2.0,1.9,1.79,1.69,1.76,1.82,1.89,1.96,1.87,1.79,1.7,1.61,1.49,1.37,1.25,1.13,1.12,1.11,1.11,1.1,1.1,1.1,1.1,1.1,1.17,1.24,1.31,1.38,1.57,1.75,1.93,2.11,2.38,2.65,2.92,3.19,3.19,3.19,3.19,3.19,3.34,3.5,3.65,3.81,3.86,3.92,3.97,4.03,4.14,4.26,4.37,4.48,4.35,4.22,4.1,3.97,,
2019-01-25T00:00:00+00:00,1.48,1.53,1.58,1.57,1.56,1.55,1.55,1.65,1.75,1.85,1.95,2.07,2.18,2.29,2.4,2.31,2.22,2.14,2.05,2.11,2.17,2.23,2.29,2.11,1.94,1.76,1.58,1.44,1.29,1.15,1.0,1.09,1.18,1.27,1.36,1.45,1.54,1.62,1.71,1.58,1.45,1.32,1.19,1.33,1.47,1.61,1.75,1.9,2.06,2.21,2.37,2.48,2.59,2.7,2.81,2.92,3.04,3.16,3.27,3.36,3.44,3.52,3.6,3.47,3.34,3.21,3.08,3.08,3.09,3.09,3.09,3.02,2.94,2.87,2.79,2.77,2.74,2.72,2.69,2.69,2.68,2.67,2.67,2.62,2.57,2.53,2.48,2.56,2.63,2.7,2.77,2.71,2.65,2.59,2.52,2.53,2.54,2.55,2.56,2.51,2.45,2.4,2.34,2.46,2.58,2.7,2.81,2.79,2.76,2.74,2.71,2.77,2.83,2.88,2.94,2.97,3.0,3.02,3.05,3.16,3.26,3.36,3.47,3.49,3.52,3.54,3.56,3.57,3.58,3.58,3.59,3.79,3.99,4.2,4.4,4.57,4.73,4.89,5.06,4.94,4.82,4.7,4.58,4.7,4.83,4.95,5.08,5.16,5.24,5.32,5.4,5.39,5.37,5.35,5.33,5.18,5.03,4.88,4.73,4.97,5.22,5.47,5.72,,
2019-01-26T00:00:00+00:00,2.95,3.09,3.23,3.17,3.11,3.05,2.99,2.93,2.88,2.83,2.77,2.84,2.92,2.99,3.06,3.09,3.12,3.16,3.19,3.29,3.39,3.49,3.6,3.52,3.45,3.38,3.31,3.43,3.55,3.67,3.79,3.77,3.75,3.74,3.72,3.84,3.96,4.08,4.2,4.24,4.29,4.34,4.39,4.53,4.68,4.82,4.96,5.03,5.1,5.17,5.23,5.49,5.75,6.0,6.26,6.17,6.08,5.99,5.91,5.83,5.75,5.67,5.6,5.55,5.5,5.45,5.41,5.77,6.14,6.5,6.87,6.67,6.47,6.27,6.07,6.65,7.24,7.83,8.41,8.15,7.9,7.64,7.38,7.49,7.61,7.72,7.84,8.11,8.37,8.64,8.9,8.68,8.45,8.22,7.99,7.76,7.53,7.3,7.07,6.94,6.82,6.69,6.57,6.46,6.34,6.23,6.12,6.22,6.32,6.42,6.51,6.66,6.81,6.95,7.1,6.68,6.26,5.84,5.42,5.56,5.7,5.85,5.99,6.12,6.25,6.38,6.51,6.46,6.41,6.36,6.31,6.51,6.7,6.89,7.09,8.14,9.19,10.24,11.29,10.69,10.08,9.47,8.86,8.66,8.46,8.26,8.06,7.86,7.66,7.45,7.25,6.72,6.19,5.66,5.14,5.4,5.67,5.93,6.2,6.83,7.45,8.08,8.71,,
2019-01-27T00:00:00+00:00,6.77,6.83,6.88,6.88,6.88,6.88,6.88,7.01,7.14,7.27,7.4,7.41,7.41,7.41,7.41,7.35,7.28,7.22,7.16,7.28,7.4,7.51,7.63,7.48,7.33,7.18,7.02,6.74,6.46,6.18,5.9,6.04,6.18,6.32,6.46,6.55,6.64,6.73,6.82,6.91,7.0,7.09,7.18,7.43,7.68,7.93,8.19,7.96,7.73,7.5,7.27,7.04,6.81,6.58,6.35,6.05,5.75,5.46,5.16,5.29,5.42,5.56,5.69,6.21,6.74,7.26,7.79,7.16,6.53,5.9,5.27,5.52,5.77,6.02,6.27,6.47,6.67,6.86,7.06,7.19,7.32,7.45,7.59,7.53,7.47,7.41,7.35,7.1,6.85,6.6,6.35,6.27,6.19,6.11,6.03,5.75,5.47,5.19,4.91,4.72,4.53,4.34,4.15,4.15,4.14,4.14,4.14,4.14,4.14,4.13,4.13,4.17,4.2,4.24,4.27,4.4,4.52,4.65,4.77,4.78,4.78,4.79,4.8,4.72,4.64,4.57,4.49,4.46,4.44,4.41,4.38,4.57,4.76,4.95,5.14,5.26,5.38,5.5,5.62,5.66,5.7,5.73,5.77,5.78,5.78,5.79,5.79,5.66,5.53,5.39,5.26,5.24,5.21,5.19,5.16,4.76,4.36,3.95,3.55,3.5,3.44,3.39,3.34,,
2019-01-28T00:00:00+00:00,5.07,5.13,5.18,4.99,4.79,4.6,4.41,4.48,4.56,4.64,4.72,4.64,4.56,4.49,4.41,4.35,4.29,4.23,4.17,4.36,4.55,4.74,4.93,5.05,5.17,5.29,5.41,5.4,5.4,5.4,5.4,5.38,5.36,5.35,5.33,5.4,5.47,5.55,5.62,5.67,5.73,5.78,5.84,5.89,5.95,6.01,6.07,5.96,5.86,5.75,5.65,5.7,5.76,5.81,5.87,5.62,5.38,5.14,4.9,4.6,4.29,3.99,3.69,3.64,3.6,3.55,3.51,3.58,3.66,3.73,3.8,3.29,2.77,2.26,1.75,1.59,1.43,1.27,1.11,1.29,1.47,1.65,1.82,1.99,2.16,2.33,2.5,2.48,2.45,2.42,2.39,2.36,2.34,2.32,2.29,2.24,2.18,2.13,2.07,2.07,2.06,2.06,2.05,2.07,2.09,2.11,2.13,2.03,1.93,1.83,1.72,1.69,1.65,1.62,1.59,1.6,1.62,1.64,1.66,1.76,1.86,1.96,2.06,2.18,2.29,2.41,2.52,2.5,2.47,2.45,2.42,2.61,2.79,2.98,3.16,3.35,3.53,3.72,3.91,3.93,3.94,3.96,3.98,4.12,4.26,4.39,4.53,4.5,4.48,4.45,4.42,4.5,4.58,4.66,4.74,4.75,4.75,4.76,4.77,4.78,4.8,4.82,4.83,,
2019-01-29T00:00:00+00:00,2.48,2.46,2.44,2.3,2.16,2.01,1.87,1.9,1.92,1.95,1.97,1.92,1.87,1.82,1.77,1.8,1.83,1.86,1.89,1.9,1.9,1.91,1.92,2.06,2.2,2.33,2.47,2.67,2.87,3.08,3.28,3.21,3.13,3.06,2.99,3.27,3.56,3.84,4.13,4.3,4.47,4.65,4.82,4.84,4.85,4.87,4.88,5.0,5.12,5.24,5.36,5.38,5.41,5.43,5.46,5.26,5.07,4.88,4.69,4.51,4.33,4.15,3.97,3.91,3.86,3.8,3.75,3.49,3.24,2.98,2.73,2.73,2.74,2.74,2.75,2.56,2.38,2.19,2.01,1.82,1.64,1.45,1.26,1.75,2.23,2.71,3.19,4.25,5.31,6.36,7.42,8.26,9.1,9.94,10.78,10.49,10.21,9.93,9.65,9.07,8.49,7.91,7.34,7.2,7.06,6.93,6.79,6.54,6.3,6.05,5.81,5.65,5.49,5.34,5.18,5.08,4.99,4.89,4.8,4.77,4.74,4.71,4.69,4.55,4.42,4.28,4.15,4.06,3.97,3.88,3.79,4.13,4.48,4.82,5.17,5.15,5.13,5.11,5.09,4.8,4.52,4.23,3.94,4.16,4.38,4.59,4.81,4.63,4.45,4.27,4.08,4.14,4.2,4.26,4.33,4.25,4.18,4.1,4.02,3.7,3.37,3.04,2.71,,
2019-01-30T00:00:00+00:00,4.87,5.13,5.4,6.09,6.78,7.47,8.16,8.69,9.21,9.73,10.26,9.32,8.38,7.44,6.5,6.36,6.23,6.1,5.96,5.87,5.79,5.7,5.61,5.61,5.62,5.62,5.62,5.37,5.13,4.88,4.63,4.56,4.5,4.44,4.37,4.59,4.81,5.03,5.25,5.03,4.81,4.58,4.36,4.34,4.32,4.29,4.27,3.93,3.59,3.25,2.91,3.07,3.23,3.4,3.56,3.67,3.77,3.87,3.98,4.21,4.45,4.69,4.93,4.72,4.52,4.31,4.1,4.18,4.25,4.33,4.4,3.91,3.41,2.92,2.42,2.46,2.51,2.55,2.59,2.63,2.68,2.72,2.76,2.6,2.44,2.28,2.12,2.14,2.17,2.19,2.22,2.32,2.42,2.53,2.63,2.8,2.96,3.13,3.3,3.07,2.85,2.62,2.39,2.24,2.09,1.94,1.79,1.79,1.79,1.79,1.8,1.78,1.77,1.76,1.74,1.94,2.14,2.34,2.54,2.71,2.87,3.04,3.2,3.19,3.18,3.17,3.16,3.28,3.4,3.52,3.64,3.8,3.95,4.1,4.25,4.44,4.64,4.83,5.02,5.07,5.12,5.17,5.22,5.15,5.09,5.02,4.96,5.03,5.1,5.18,5.25,5.15,5.05,4.96,4.86,4.77,4.69,4.6,4.51,4.52,4.52,4.52,4.53,,
2019-01-31T00:00:00+00:00,1.43,1.65,1.87,2.0,2.14,2.27,2.41,2.27,2.13,1.99,1.85,1.71,1.56,1.42,1.27,1.14,1.01,0.89,0.76,0.76,0.77,0.77,0.78,1.18,1.58,1.98,2.38,2.44,2.51,2.57,2.63,2.66,2.7,2.73,2.76,2.79,2.82,2.85,2.88,3.05,3.23,3.41,3.58,3.69,3.8,3.91,4.01,4.02,4.02,4.02,4.03,4.23,4.42,4.62,4.82,4.93,5.05,5.16,5.27,5.14,5.01,4.87,4.74,4.85,4.97,5.08,5.19,5.09,4.98,4.88,4.78,4.56,4.34,4.12,3.91,4.04,4.17,4.31,4.44,4.99,5.53,6.08,6.62,6.22,5.83,5.43,5.03,4.84,4.64,4.45,4.26,4.02,3.78,3.54,3.3,3.13,2.96,2.79,2.61,3.02,3.42,3.82,4.23,4.26,4.29,4.32,4.36,3.95,3.53,3.12,2.71,2.79,2.87,2.95,3.04,3.1,3.17,3.24,3.31,2.76,2.22,1.67,1.12,1.16,1.2,1.24,1.28,1.22,1.15,1.09,1.03,1.1,1.17,1.23,1.3,1.24,1.18,1.12,1.06,1.11,1.15,1.2,1.24,1.19,1.15,1.1,1.05,1.43,1.81,2.19,2.56,2.64,2.71,2.79,2.86,2.91,2.95,2.99,3.04,3.05,3.07,3.08,3.1,,
2019-02-01T00:00:00+00:00,3.65,3.46,3.27,3.1,2.93,2.76,2.59,2.81,3.03,3.25,3.47,3.52,3.57,3.62,3.67,3.64,3.62,3.59,3.57,3.36,3.16,2.96,2.76,2.32,1.87,1.43,0.99,1.26,1.53,1.8,2.08,1.89,1.71,1.53,1.34,1.39,1.43,1.48,1.52,1.68,1.84,2.0,2.16,2.24,2.33,2.41,2.49,2.19,1.89,1.59,1.29,1.27,1.24,1.22,1.19,1.22,1.25,1.28,1.31,1.29,1.28,1.26,1.25,1.1,0.95,0.8,0.65,0.91,1.17,1.44,1.7,1.83,1.96,2.08,2.21,2.12,2.03,1.94,1.85,1.79,1.73,1.66,1.6,1.77,1.94,2.11,2.28,2.55,2.81,3.08,3.35,3.25,3.16,3.06,2.97,3.09,3.22,3.34,3.47,3.56,3.66,3.75,3.85,3.93,4.02,4.1,4.19,3.92,3.65,3.38,3.11,3.22,3.33,3.44,3.55,3.37,3.18,2.99,2.8,2.72,2.64,2.55,2.47,2.64,2.8,2.96,3.13,3.01,2.89,2.78,2.66,2.69,2.73,2.76,2.8,2.87,2.93,3.0,3.07,3.3,3.53,3.76,3.99,4.22,4.44,4.67,4.9,4.88,4.86,4.84,4.82,4.89,4.95,5.02,5.09,5.19,5.28,5.38,5.48,5.26,5.03,4.81,4.59,,
2019-02-02T00:00:00+00:00,2.75,2.7,2.66,2.77,2.88,2.99,3.1,2.97,2.83,2.7,2.57,2.72,2.88,3.04,3.19,3.54,3.88,4.22,4.56,4.53,4.49,4.45,4.41,4.47,4.53,4.58,4.64,4.68,4.72,4.76,4.79,4.76,4.73,4.7,4.67,4.98,5.29,5.6,5.91,6.01,6.11,6.21,6.31,6.28,6.26,6.23,6.2,6.23,6.25,6.28,6.3,6.24,6.17,6.11,6.04,5.91,5.78,5.64,5.51,5.55,5.58,5.62,5.65,5.65,5.65,5.65,5.66,5.56,5.47,5.38,5.29,5.28,5.28,5.27,5.27,5.31,5.34,5.38,5.42,5.49,5.57,5.65,5.73,5.46,5.19,4.93,4.66,4.7,4.74,4.78,4.82,4.9,4.99,5.07,5.16,5.06,4.96,4.87,4.77,4.74,4.72,4.69,4.67,4.72,4.77,4.83,4.88,4.93,4.99,5.05,5.11,4.98,4.86,4.73,4.61,4.61,4.6,4.6,4.6,4.45,4.29,4.13,3.97,3.76,3.55,3.34,3.13,3.05,2.96,2.87,2.78,2.82,2.86,2.9,2.95,3.02,3.1,3.18,3.25,3.2,3.15,3.09,3.04,3.08,3.11,3.15,3.18,3.14,3.1,3.06,3.01,2.87,2.72,2.57,2.42,2.22,2.02,1.83,1.63,1.57,1.51,1.46,1.4,,
2019-02-03T00:00:00+00:00,5.94,6.01,6.09,5.96,5.84,5.72,5.6,5.58,5.57,5.56,5.55,5.46,5.38,5.3,5.22,5.17,5.13,5.08,5.04,5.05,5.06,5.07,5.09,4.89,4.69,4.49,4.3,4.22,4.15,4.07,4.0,4.0,4.0,4.0,4.0,3.91,3.82,3.72,3.63,3.49,3.36,3.22,3.09,3.16,3.23,3.3,3.37,3.29,3.21,3.14,3.06,2.93,2.79,2.66,2.53,2.43,2.33,2.23,2.12,1.95,1.77,1.59,1.42,1.36,1.31,1.26,1.2,1.13,1.06,0.98,0.91,1.01,1.12,1.22,1.33,1.27,1.22,1.16,1.1,1.16,1.22,1.28,1.34,1.31,1.28,1.26,1.23,1.36,1.48,1.61,1.74,1.86,1.97,2.09,2.21,2.31,2.4,2.5,2.6,2.61,2.61,2.62,2.63,2.75,2.87,2.99,3.12,3.1,3.08,3.06,3.04,3.08,3.13,3.18,3.22,3.39,3.56,3.72,3.89,3.89,3.88,3.88,3.88,4.0,4.13,4.26,4.39,4.42,4.45,4.47,4.5,4.54,4.58,4.61,4.65,4.74,4.84,4.93,5.02,4.91,4.8,4.68,4.57,4.5,4.43,4.36,4.29,4.22,4.15,4.08,4.01,4.23,4.44,4.65,4.87,4.67,4.46,4.26,4.06,4.04,4.01,3.99,3.96,,
2019-02-04T00:00:00+00:00,2.23,2.3,2.37,2.57,2.77,2.97,3.17,3.0,2.83,2.66,2.49,2.69,2.9,3.1,3.3,3.31,3.32,3.33,3.34,3.34,3.33,3.33,3.33,3.47,3.62,3.76,3.91,3.96,4.01,4.06,4.12,4.12,4.13,4.14,4.15,4.23,4.3,4.38,4.46,4.62,4.78,4.93,5.09,5.02,4.95,4.87,4.8,4.8,4.79,4.78,4.78,4.77,4.76,4.76,4.75,4.64,4.52,4.41,4.3,4.07,3.83,3.6,3.36,3.4,3.45,3.49,3.53,3.41,3.29,3.17,3.05,2.92,2.78,2.65,2.52,2.56,2.59,2.63,2.66,2.63,2.6,2.57,2.54,2.49,2.44,2.38,2.33,2.23,2.13,2.03,1.93,1.94,1.95,1.95,1.96,1.88,1.79,1.71,1.62,1.65,1.68,1.71,1.74,1.8,1.87,1.94,2.01,2.06,2.11,2.16,2.21,2.21,2.2,2.2,2.19,2.14,2.09,2.05,2.0,1.89,1.79,1.69,1.58,1.48,1.38,1.28,1.18,1.2,1.22,1.23,1.25,1.27,1.28,1.29,1.31,1.33,1.36,1.39,1.42,1.38,1.33,1.29,1.25,1.23,1.22,1.21,1.19,1.37,1.54,1.71,1.88,2.07,2.26,2.44,2.63,2.71,2.79,2.87,2.96,2.78,2.6,2.43,2.25,,
2019-02-05T00:00:00+00:00,1.28,1.31,1.35,1.39,1.44,1.48,1.53,1.63,1.73,1.83,1.93,1.65,1.36,1.07,0.79,0.7,0.6,0.51,0.42,0.62,0.81,1.01,1.2,1.29,1.37,1.45,1.53,1.53,1.53,1.53,1.52,1.55,1.58,1.6,1.63,1.64,1.66,1.68,1.69,1.72,1.75,1.78,1.8,1.93,2.06,2.19,2.31,2.32,2.33,2.34,2.35,2.4,2.45,2.51,2.56,2.64,2.71,2.79,2.87,2.8,2.72,2.64,2.56,2.35,2.15,1.94,1.74,1.97,2.2,2.44,2.67,2.68,2.69,2.7,2.71,2.72,2.72,2.73,2.74,2.59,2.45,2.3,2.15,2.06,1.97,1.89,1.8,1.95,2.11,2.27,2.42,2.3,2.17,2.04,1.92,1.92,1.92,1.93,1.93,2.01,2.09,2.17,2.24,2.09,1.93,1.77,1.61,1.72,1.82,1.93,2.04,1.97,1.91,1.85,1.79,1.76,1.74,1.72,1.7,1.64,1.58,1.52,1.46,1.53,1.6,1.67,1.74,1.63,1.52,1.41,1.3,1.3,1.3,1.3,1.3,1.25,1.19,1.13,1.08,1.11,1.15,1.19,1.23,1.31,1.4,1.48,1.57,1.62,1.68,1.74,1.79,1.78,1.76,1.74,1.73,1.89,2.06,2.23,2.39,2.48,2.57,2.67,2.76,,
2019-02-06T00:00:00+00:00,1.82,1.52,1.22,1.19,1.16,1.13,1.09,0.93,0.76,0.59,0.42,0.42,0.43,0.43,0.43,0.57,0.7,0.84,0.97,0.98,0.99,1.0,1.01,0.97,0.93,0.89,0.85,0.92,0.99,1.06,1.13,1.21,1.3,1.39,1.48,1.53,1.59,1.65,1.7,1.79,1.88,1.97,2.06,2.15,2.23,2.31,2.39,2.4,2.42,2.43,2.44,2.69,2.93,3.17,3.42,3.35,3.29,3.23,3.16,3.22,3.27,3.32,3.37,3.36,3.34,3.33,3.32,3.4,3.49,3.57,3.65,3.71,3.76,3.82,3.87,3.9,3.92,3.94,3.96,4.11,4.25,4.4,4.54,4.58,4.61,4.64,4.67,4.83,5.0,5.16,5.32,5.31,5.3,5.3,5.29,5.48,5.67,5.86,6.05,6.05,6.04,6.04,6.04,5.94,5.84,5.73,5.63,5.7,5.77,5.84,5.91,5.89,5.87,5.85,5.83,5.93,6.03,6.13,6.23,5.84,5.45,5.06,4.68,4.7,4.72,4.75,4.77,4.85,4.94,5.02,5.11,5.2,5.3,5.4,5.5,5.48,5.47,5.45,5.44,5.54,5.64,5.75,5.85,5.89,5.93,5.97,6.01,6.1,6.18,6.26,6.34,6.17,6.0,5.83,5.65,5.53,5.41,5.29,5.17,4.85,4.53,4.21,3.89,,
2019-02-07T00:00:00+00:00,5.85,5.81,5.78,6.06,6.34,6.62,6.91,6.99,7.07,7.15,7.23,6.9,6.57,6.25,5.92,5.73,5.54,5.35,5.16,4.85,4.53,4.21,3.9,3.94,3.98,4.03,4.07,4.1,4.13,4.16,4.19,4.45,4.71,4.96,5.22,5.28,5.34,5.39,5.45,5.58,5.71,5.84,5.98,5.94,5.9,5.86,5.82,5.92,6.03,6.13,6.23,5.87,5.5,5.13,4.77,4.97,5.18,5.39,5.59,5.07,4.54,4.02,3.49,3.47,3.45,3.42,3.4,3.12,2.83,2.55,2.26,2.61,2.97,3.32,3.67,3.72,3.77,3.81,3.86,3.82,3.78,3.73,3.69,3.91,4.13,4.35,4.57,4.6,4.62,4.65,4.67,4.68,4.68,4.68,4.68,4.58,4.48,4.38,4.28,4.39,4.5,4.61,4.72,4.78,4.85,4.92,4.99,5.11,5.22,5.33,5.44,5.57,5.69,5.82,5.94,5.98,6.02,6.05,6.09,6.21,6.34,6.46,6.58,6.58,6.58,6.57,6.57,6.72,6.87,7.02,7.17,7.45,7.73,8.02,8.3,8.21,8.12,8.03,7.94,7.99,8.05,8.11,8.17,8.18,8.19,8.21,8.22,8.32,8.43,8.53,8.63,8.54,8.45,8.36,8.26,8.22,8.18,8.14,8.1,8.29,8.48,8.67,8.86,,
2019-02-08T00:00:00+00:00,4.06,3.98,3.91,4.07,4.23,4.4,4.56,4.61,4.65,4.7,4.74,4.98,5.22,5.46,5.7,5.69,5.67,5.66,5.64,5.68,5.73,5.77,5.81,5.81,5.81,5.82,5.82,5.89,5.97,6.05,6.12,6.19,6.25,6.31,6.38,6.45,6.53,6.6,6.68,6.73,6.79,6.84,6.9,6.96,7.03,7.09,7.15,7.4,7.65,7.89,8.14,8.16,8.18,8.19,8.21,8.22,8.22,8.22,8.23,8.12,8.02,7.91,7.81,7.95,8.09,8.23,8.37,8.42,8.48,8.53,8.59,8.73,8.87,9.01,9.15,9.17,9.18,9.19,9.2,9.03,8.86,8.68,8.51,8.29,8.08,7.86,7.65,7.09,6.53,5.98,5.42,5.9,6.39,6.87,7.36,7.08,6.81,6.53,6.25,6.45,6.64,6.83,7.02,7.05,7.07,7.1,7.12,7.16,7.19,7.23,7.26,7.13,7.01,6.88,6.75,6.64,6.52,6.4,6.28,6.35,6.42,6.49,6.56,6.63,6.7,6.77,6.84,6.96,7.08,7.2,7.32,7.42,7.51,7.6,7.7,7.64,7.57,7.51,7.45,7.43,7.42,7.4,7.39,7.32,7.25,7.19,7.12,6.97,6.83,6.68,6.54,6.32,6.09,5.87,5.64,5.36,5.08,4.8,4.51,3.98,3.45,2.91,2.38,,
2019-02-09T00:00:00+00:00,8.06,8.1,8.13,8.0,7.86,7.72,7.59,7.48,7.37,7.26,7.15,7.18,7.21,7.24,7.27,7.31,7.34,7.37,7.4,7.31,7.22,7.14,7.05,7.05,7.05,7.05,7.05,6.94,6.83,6.72,6.61,6.64,6.67,6.71,6.74,6.47,6.2,5.93,5.66,6.35,7.05,7.74,8.43,8.2,7.97,7.75,7.52,7.32,7.12,6.92,6.72,6.62,6.53,6.44,6.35,6.27,6.2,6.12,6.05,6.13,6.2,6.28,6.36,6.47,6.58,6.68,6.79,6.66,6.52,6.38,6.25,6.01,5.76,5.52,5.28,5.21,5.15,5.08,5.01,5.19,5.37,5.55,5.73,6.41,7.09,7.76,8.44,8.55,8.65,8.76,8.87,8.92,8.97,9.02,9.07,9.21,9.36,9.51,9.65,9.86,10.07,10.27,10.48,10.5,10.52,10.54,10.56,10.58,10.59,10.6,10.61,10.68,10.76,10.83,10.9,11.05,11.19,11.33,11.48,11.44,11.41,11.37,11.34,10.57,9.8,9.02,8.25,8.48,8.7,8.93,9.16,8.71,8.26,7.81,7.37,8.17,8.97,9.78,10.58,10.81,11.05,11.28,11.51,11.28,11.05,10.82,10.59,10.03,9.47,8.9,8.34,8.64,8.94,9.24,9.55,9.62,9.7,9.77,9.85,9.54,9.23,8.92,8.61,,
2019-02-10T00:00:00+00:00,8.88,9.05,9.22,9.56,9.9,10.24,10.58,10.85,11.13,11.4,11.67,11.7,11.74,11.77,11.8,11.6,11.4,11.21,11.01,10.56,10.11,9.66,9.21,9.53,9.85,10.18,10.5,9.69,8.88,8.07,7.25,7.56,7.86,8.16,8.47,9.17,9.87,10.57,11.27,10.58,9.89,9.2,8.51,9.09,9.67,10.25,10.83,10.66,10.49,10.32,10.15,9.81,9.48,9.14,8.81,8.92,9.03,9.13,9.24,8.92,8.6,8.28,7.95,7.71,7.46,7.22,6.98,7.25,7.52,7.8,8.07,7.89,7.7,7.51,7.33,7.28,7.23,7.19,7.14,7.03,6.93,6.82,6.72,6.33,5.95,5.57,5.18,5.17,5.16,5.15,5.15,5.22,5.3,5.38,5.45,5.43,5.41,5.39,5.37,5.21,5.05,4.9,4.74,4.75,4.76,4.77,4.78,4.68,4.59,4.49,4.39,4.41,4.43,4.44,4.46,4.19,3.93,3.66,3.4,3.46,3.52,3.59,3.65,3.64,3.63,3.62,3.61,3.54,3.47,3.4,3.33,3.32,3.3,3.29,3.28,3.39,3.5,3.62,3.73,3.67,3.62,3.56,3.5,3.53,3.56,3.58,3.61,3.58,3.55,3.53,3.5,3.41,3.31,3.22,3.13,3.03,2.94,2.85,2.75,2.69,2.62,2.56,2.49,,
2019-02-11T00:00:00+00:00,4.31,4.08,3.84,3.78,3.71,3.64,3.57,3.72,3.88,4.04,4.19,4.01,3.84,3.66,3.48,3.59,3.69,3.8,3.91,3.81,3.7,3.6,3.5,3.6,3.7,3.8,3.9,3.98,4.07,4.15,4.24,4.21,4.19,4.17,4.15,4.18,4.21,4.24,4.27,4.27,4.28,4.29,4.3,4.13,3.96,3.79,3.61,3.65,3.69,3.73,3.77,3.64,3.51,3.37,3.24,3.11,2.98,2.85,2.72,2.67,2.63,2.59,2.54,2.37,2.2,2.03,1.86,1.96,2.06,2.16,2.26,2.39,2.51,2.64,2.77,2.8,2.84,2.87,2.91,2.59,2.28,1.96,1.64,1.55,1.45,1.36,1.27,1.31,1.35,1.39,1.44,1.37,1.31,1.25,1.18,1.02,0.85,0.69,0.53,0.54,0.54,0.55,0.56,0.76,0.96,1.15,1.35,1.24,1.14,1.03,0.93,1.13,1.33,1.54,1.74,1.67,1.59,1.51,1.43,1.46,1.48,1.5,1.52,1.61,1.7,1.8,1.89,1.88,1.87,1.87,1.86,1.87,1.88,1.89,1.9,1.94,1.97,2.01,2.04,2.05,2.06,2.06,2.07,1.89,1.72,1.54,1.37,1.37,1.36,1.36,1.36,1.25,1.14,1.03,0.92,1.1,1.28,1.46,1.64,1.69,1.75,1.8,1.86,,
2019-02-12T00:00:00+00:00,1.56,1.66,1.75,1.72,1.68,1.65,1.62,1.56,1.5,1.44,1.38,1.35,1.32,1.29,1.26,1.42,1.58,1.74,1.9,1.85,1.81,1.77,1.73,1.79,1.85,1.91,1.97,1.92,1.88,1.83,1.79,1.7,1.62,1.54,1.45,1.39,1.33,1.26,1.2,1.35,1.51,1.66,1.81,1.75,1.68,1.62,1.56,1.59,1.62,1.65,1.68,1.73,1.79,1.85,1.9,1.78,1.65,1.53,1.41,1.35,1.3,1.25,1.2,1.26,1.32,1.39,1.45,1.49,1.54,1.58,1.62,1.68,1.74,1.8,1.86,1.75,1.64,1.53,1.42,1.41,1.41,1.4,1.39,1.3,1.2,1.11,1.01,0.95,0.88,0.82,0.75,0.76,0.77,0.78,0.79,0.82,0.85,0.87,0.9,0.97,1.03,1.1,1.17,1.09,1.01,0.93,0.85,0.93,1.01,1.09,1.17,1.14,1.11,1.07,1.04,1.13,1.22,1.31,1.39,1.37,1.35,1.33,1.31,1.34,1.38,1.41,1.45,1.51,1.57,1.63,1.69,1.78,1.86,1.95,2.04,2.08,2.13,2.18,2.22,2.11,2.01,1.9,1.79,1.73,1.67,1.61,1.55,1.54,1.53,1.52,1.51,1.51,1.51,1.51,1.51,1.74,1.96,2.19,2.41,2.43,2.45,2.48,2.5,,
2019-02-13T00:00:00+00:00,1.13,1.47,1.81,1.71,1.61,1.51,1.41,1.38,1.34,1.31,1.27,1.35,1.43,1.51,1.58,1.64,1.7,1.75,1.81,1.9,1.99,2.08,2.18,2.02,1.86,1.71,1.55,1.53,1.51,1.49,1.47,1.43,1.39,1.34,1.3,1.34,1.38,1.43,1.47,1.48,1.49,1.5,1.51,1.61,1.72,1.82,1.92,1.91,1.9,1.89,1.88,1.89,1.9,1.91,1.92,2.0,2.08,2.16,2.24,2.31,2.39,2.46,2.54,2.55,2.57,2.58,2.59,2.69,2.78,2.88,2.98,2.93,2.88,2.83,2.78,2.69,2.6,2.51,2.43,2.46,2.49,2.52,2.55,2.63,2.71,2.8,2.88,2.8,2.73,2.65,2.57,2.46,2.34,2.22,2.1,2.04,1.98,1.92,1.86,1.8,1.74,1.68,1.61,1.53,1.45,1.37,1.29,1.32,1.35,1.38,1.41,1.43,1.45,1.48,1.5,1.46,1.42,1.39,1.35,1.4,1.44,1.49,1.53,1.48,1.43,1.38,1.33,1.47,1.62,1.76,1.9,1.96,2.01,2.07,2.12,2.18,2.23,2.28,2.34,2.3,2.26,2.22,2.18,2.21,2.24,2.26,2.29,2.3,2.3,2.3,2.31,2.26,2.22,2.17,2.13,2.07,2.01,1.96,1.9,1.83,1.76,1.69,1.61,,
2019-02-14T00:00:00+00:00,2.0,1.9,1.8,1.8,1.8,1.81,1.81,1.81,1.81,1.81,1.81,1.81,1.81,1.81,1.81,1.67,1.53,1.38,1.24,1.22,1.19,1.17,1.15,1.0,0.84,0.69,0.54,0.67,0.8,0.93,1.06,1.11,1.15,1.19,1.23,1.25,1.28,1.3,1.33,1.42,1.51,1.61,1.7,1.67,1.64,1.61,1.58,1.64,1.7,1.76,1.82,1.81,1.8,1.79,1.78,1.9,2.03,2.15,2.28,2.28,2.29,2.29,2.3,2.29,2.27,2.26,2.25,2.24,2.23,2.21,2.2,2.2,2.21,2.21,2.21,2.1,1.98,1.87,1.75,1.88,2.01,2.14,2.26,2.25,2.23,2.22,2.2,2.15,2.1,2.05,1.99,2.09,2.18,2.27,2.36,2.29,2.22,2.14,2.07,2.06,2.06,2.05,2.05,2.17,2.29,2.42,2.54,2.42,2.31,2.19,2.08,2.0,1.92,1.84,1.76,1.73,1.7,1.67,1.64,1.67,1.69,1.71,1.74,1.65,1.57,1.48,1.4,1.4,1.41,1.42,1.42,1.38,1.34,1.3,1.26,1.24,1.23,1.21,1.19,1.23,1.27,1.31,1.35,1.44,1.53,1.62,1.72,1.79,1.86,1.94,2.01,1.98,1.94,1.91,1.87,1.78,1.69,1.6,1.51,1.29,1.07,0.85,0.64,,
2019-02-15T00:00:00+00:00,2.08,1.96,1.85,1.74,1.64,1.53,1.42,1.63,1.85,2.06,2.28,2.17,2.05,1.94,1.83,1.91,1.99,2.07,2.15,2.13,2.12,2.1,2.09,2.07,2.04,2.02,2.0,2.0,1.99,1.99,1.99,1.82,1.66,1.5,1.34,1.31,1.27,1.24,1.2,1.17,1.13,1.09,1.05,1.19,1.34,1.48,1.62,1.83,2.04,2.24,2.45,2.39,2.32,2.25,2.18,2.12,2.07,2.01,1.95,1.89,1.83,1.77,1.71,1.5,1.29,1.08,0.87,0.79,0.72,0.64,0.56,0.53,0.51,0.49,0.46,0.56,0.66,0.77,0.87,0.89,0.91,0.94,0.96,1.04,1.11,1.19,1.26,1.36,1.46,1.55,1.65,1.46,1.28,1.09,0.91,0.7,0.5,0.29,0.08,0.22,0.37,0.51,0.65,0.72,0.8,0.88,0.95,1.01,1.07,1.14,1.2,1.27,1.34,1.41,1.48,1.14,0.81,0.47,0.13,0.21,0.29,0.37,0.45,0.42,0.39,0.36,0.33,0.4,0.47,0.53,0.6,0.74,0.87,1.01,1.14,1.31,1.48,1.65,1.81,1.9,1.98,2.06,2.15,2.17,2.19,2.21,2.23,2.29,2.34,2.4,2.45,2.38,2.32,2.25,2.18,2.13,2.08,2.03,1.98,1.89,1.8,1.7,1.61,,
2019-02-16T00:00:00+00:00,1.24,1.11,0.98,0.95,0.91,0.88,0.85,0.82,0.79,0.76,0.73,0.71,0.69,0.67,0.65,0.92,1.19,1.46,1.72,1.72,1.72,1.71,1.71,1.73,1.75,1.77,1.79,1.58,1.37,1.16,0.95,1.03,1.1,1.18,1.25,1.2,1.15,1.09,1.04,1.14,1.24,1.34,1.44,1.57,1.7,1.83,1.95,2.05,2.15,2.25,2.34,2.34,2.33,2.32,2.31,2.25,2.18,2.11,2.05,2.1,2.15,2.2,2.25,2.2,2.15,2.1,2.05,2.03,2.01,1.99,1.97,2.04,2.12,2.19,2.27,2.23,2.19,2.16,2.12,1.94,1.76,1.59,1.41,1.29,1.18,1.06,0.95,0.99,1.03,1.07,1.11,0.94,0.76,0.58,0.4,0.41,0.42,0.43,0.44,0.38,0.31,0.25,0.19,0.42,0.66,0.89,1.13,1.15,1.17,1.2,1.22,1.19,1.17,1.14,1.12,0.99,0.86,0.74,0.61,0.68,0.75,0.82,0.9,1.07,1.24,1.42,1.59,2.06,2.53,3.01,3.48,3.65,3.83,4.0,4.17,4.29,4.4,4.52,4.64,4.61,4.58,4.56,4.53,4.49,4.45,4.41,4.37,4.36,4.35,4.34,4.34,4.17,4.0,3.83,3.66,3.54,3.41,3.29,3.17,3.12,3.07,3.02,2.97,,
2019-02-17T00:00:00+00:00,2.11,2.24,2.36,2.32,2.29,2.25,2.21,2.2,2.19,2.18,2.17,2.03,1.88,1.73,1.58,1.42,1.26,1.1,0.93,0.92,0.91,0.89,0.88,0.95,1.02,1.09,1.17,1.21,1.26,1.31,1.36,1.65,1.94,2.24,2.53,2.84,3.16,3.47,3.78,3.79,3.79,3.79,3.79,3.82,3.84,3.87,3.89,3.91,3.93,3.95,3.97,3.9,3.83,3.76,3.69,3.54,3.38,3.23,3.08,2.96,2.85,2.73,2.61,2.48,2.35,2.22,2.08,2.02,1.96,1.9,1.84,1.78,1.72,1.66,1.61,1.53,1.45,1.37,1.29,1.36,1.43,1.49,1.56,1.6,1.64,1.69,1.73,1.8,1.87,1.94,2.01,1.58,1.15,0.72,0.29,0.28,0.28,0.27,0.27,0.52,0.76,1.01,1.26,1.14,1.01,0.89,0.77,0.65,0.53,0.41,0.28,0.63,0.97,1.32,1.66,1.73,1.8,1.87,1.93,2.11,2.29,2.47,2.65,2.78,2.92,3.05,3.18,3.25,3.31,3.37,3.43,3.42,3.41,3.4,3.4,3.5,3.6,3.71,3.81,3.81,3.8,3.79,3.79,3.77,3.76,3.74,3.72,3.77,3.82,3.86,3.91,3.85,3.78,3.72,3.66,3.53,3.39,3.26,3.12,2.94,2.76,2.58,2.4,,
2019-02-18T00:00:00+00:00,1.7,1.81,1.92,1.68,1.43,1.19,0.95,1.1,1.25,1.41,1.56,1.29,1.02,0.75,0.47,0.5,0.53,0.56,0.59,0.62,0.65,0.68,0.71,0.96,1.22,1.48,1.74,1.78,1.82,1.86,1.9,1.82,1.75,1.67,1.6,1.85,2.09,2.34,2.58,2.76,2.94,3.12,3.29,3.49,3.68,3.88,4.07,4.1,4.13,4.16,4.19,4.19,4.18,4.17,4.17,4.16,4.14,4.13,4.12,4.05,3.99,3.92,3.86,3.93,4.0,4.08,4.15,3.86,3.58,3.29,3.01,2.99,2.98,2.97,2.95,2.85,2.76,2.66,2.56,2.59,2.61,2.64,2.67,2.64,2.61,2.58,2.55,2.51,2.46,2.42,2.37,2.42,2.48,2.53,2.58,2.6,2.62,2.65,2.67,2.6,2.53,2.46,2.4,2.35,2.31,2.27,2.23,2.16,2.09,2.02,1.94,2.04,2.14,2.24,2.34,2.37,2.4,2.43,2.45,2.39,2.32,2.25,2.18,2.17,2.16,2.14,2.13,2.01,1.88,1.76,1.63,1.55,1.46,1.37,1.29,1.21,1.14,1.07,1.0,1.12,1.24,1.36,1.48,1.6,1.71,1.83,1.94,1.83,1.72,1.6,1.49,1.68,1.87,2.06,2.26,2.26,2.26,2.26,2.26,2.07,1.87,1.68,1.48,,
2019-02-19T00:00:00+00:00,2.37,2.54,2.7,2.48,2.25,2.02,1.8,1.73,1.66,1.59,1.52,1.66,1.8,1.94,2.08,1.91,1.73,1.56,1.38,1.75,2.12,2.49,2.86,2.71,2.55,2.4,2.25,2.18,2.12,2.06,2.0,1.93,1.87,1.81,1.75,1.74,1.74,1.74,1.73,1.65,1.57,1.49,1.41,1.67,1.94,2.21,2.48,2.66,2.84,3.02,3.2,3.08,2.97,2.85,2.73,2.59,2.44,2.29,2.14,2.15,2.16,2.17,2.18,2.19,2.19,2.2,2.21,2.07,1.94,1.8,1.67,1.63,1.59,1.56,1.52,1.47,1.42,1.37,1.32,1.38,1.43,1.49,1.55,1.57,1.59,1.61,1.64,1.59,1.54,1.49,1.45,1.44,1.44,1.44,1.44,1.4,1.37,1.33,1.3,1.3,1.29,1.29,1.29,1.44,1.59,1.74,1.89,1.81,1.73,1.64,1.56,1.32,1.07,0.83,0.58,0.54,0.49,0.45,0.4,0.37,0.33,0.3,0.26,0.44,0.61,0.79,0.96,1.11,1.26,1.41,1.56,1.54,1.52,1.5,1.48,1.58,1.67,1.77,1.86,1.91,1.96,2.01,2.06,2.14,2.22,2.29,2.37,2.52,2.66,2.8,2.94,3.0,3.05,3.11,3.16,2.9,2.64,2.37,2.11,1.91,1.7,1.5,1.3,,
2019-02-20T00:00:00+00:00
2019-02-21T00:00:00+00:00,0.79,0.46,0.14,0.51,0.89,1.26,1.64,1.55,1.47,1.39,1.31,1.33,1.36,1.38,1.41,1.35,1.3,1.25,1.2,1.18,1.16,1.14,1.12,1.22,1.31,1.4,1.5,1.46,1.42,1.38,1.34,1.26,1.18,1.1,1.02,1.07,1.12,1.17,1.22,1.41,1.59,1.78,1.96,1.96,1.96,1.95,1.95,2.0,2.06,2.12,2.18,2.19,2.2,2.2,2.21,2.19,2.16,2.14,2.11,2.16,2.21,2.26,2.3,2.1,1.89,1.68,1.47,1.52,1.57,1.61,1.66,1.63,1.61,1.58,1.56,1.52,1.49,1.46,1.42,1.47,1.52,1.56,1.61,1.57,1.53,1.5,1.46,1.48,1.5,1.52,1.55,1.5,1.46,1.42,1.38,1.42,1.46,1.5,1.54,1.6,1.66,1.71,1.77,1.87,1.96,2.06,2.15,2.01,1.88,1.74,1.6,1.52,1.44,1.36,1.28,1.06,0.84,0.62,0.39,0.59,0.79,0.99,1.18,1.17,1.16,1.14,1.13,1.1,1.06,1.03,0.99,1.16,1.33,1.49,1.66,1.7,1.74,1.78,1.82,1.87,1.93,1.99,2.04,2.01,1.98,1.95,1.92,1.69,1.45,1.22,0.99,1.07,1.16,1.24,1.32,1.58,1.84,2.09,2.35,2.14,1.92,1.7,1.49,,
2019-02-22T00:00:00+00:00,1.02,0.98,0.95,1.02,1.09,1.17,1.24,1.09,0.94,0.79,0.64,0.77,0.89,1.01,1.13,1.0,0.87,0.74,0.61,0.59,0.58,0.57,0.55,0.74,0.92,1.1,1.29,1.23,1.18,1.13,1.08,1.22,1.36,1.5,1.64,1.78,1.92,2.06,2.2,2.17,2.13,2.1,2.06,1.94,1.82,1.7,1.58,1.4,1.23,1.06,0.89,1.11,1.33,1.55,1.78,1.67,1.56,1.45,1.34,1.5,1.65,1.81,1.96,2.23,2.5,2.77,3.04,3.01,2.98,2.95,2.92,2.89,2.87,2.84,2.82,2.7,2.59,2.47,2.36,2.36,2.36,2.36,2.36,2.45,2.55,2.64,2.74,2.8,2.87,2.93,2.99,3.13,3.27,3.41,3.55,3.47,3.39,3.3,3.22,3.12,3.02,2.92,2.82,2.88,2.93,2.99,3.05,3.09,3.13,3.17,3.21,3.21,3.21,3.2,3.2,3.21,3.21,3.21,3.22,3.18,3.15,3.11,3.08,3.15,3.22,3.3,3.37,3.39,3.41,3.44,3.46,3.28,3.11,2.94,2.76,2.59,2.42,2.25,2.08,2.09,2.11,2.13,2.15,2.23,2.3,2.38,2.46,2.55,2.64,2.73,2.82,2.84,2.86,2.88,2.9,3.04,3.19,3.33,3.48,3.47,3.47,3.46,3.46,,
2019-02-23T00:00:00+00:00,2.55,2.55,2.55,2.7,2.86,3.01,3.17,3.21,3.26,3.31,3.35,3.41,3.46,3.52,3.57,3.45,3.33,3.21,3.09,2.98,2.88,2.78,2.68,2.7,2.72,2.74,2.76,2.79,2.82,2.85,2.88,2.92,2.95,2.98,3.02,2.99,2.97,2.94,2.92,2.98,3.03,3.09,3.14,3.17,3.21,3.24,3.27,3.22,3.17,3.12,3.07,3.04,3.0,2.97,2.93,2.97,3.0,3.04,3.08,3.11,3.14,3.17,3.2,3.23,3.27,3.3,3.34,3.24,3.14,3.05,2.95,2.97,3.0,3.02,3.04,2.96,2.87,2.79,2.7,2.84,2.98,3.12,3.25,3.31,3.37,3.43,3.49,3.58,3.66,3.75,3.84,3.79,3.74,3.68,3.63,3.63,3.62,3.62,3.62,3.7,3.79,3.88,3.97,3.92,3.87,3.82,3.77,3.76,3.76,3.75,3.74,3.73,3.71,3.7,3.69,3.56,3.44,3.32,3.2,3.1,3.0,2.89,2.79,2.71,2.62,2.53,2.45,2.51,2.57,2.63,2.69,2.67,2.64,2.61,2.59,2.59,2.58,2.58,2.58,2.72,2.86,3.0,3.14,3.17,3.2,3.24,3.27,3.35,3.44,3.52,3.6,3.62,3.63,3.65,3.66,3.68,3.7,3.72,3.74,3.68,3.63,3.57,3.51,,
2019-02-24T00:00:00+00:00,3.76,3.71,3.67,3.47,3.27,3.07,2.87,3.05,3.23,3.41,3.58,3.43,3.28,3.12,2.97,3.04,3.12,3.19,3.26,3.1,2.93,2.77,2.6,2.42,2.23,2.04,1.86,2.11,2.35,2.6,2.85,2.79,2.73,2.67,2.61,2.61,2.61,2.6,2.6,2.55,2.5,2.46,2.41,2.41,2.41,2.41,2.42,2.55,2.68,2.81,2.94,2.96,2.97,2.99,3.0,2.99,2.98,2.96,2.95,3.09,3.23,3.36,3.5,3.38,3.26,3.13,3.01,3.0,2.98,2.97,2.95,2.94,2.94,2.93,2.92,2.8,2.69,2.57,2.45,2.31,2.17,2.02,1.88,1.97,2.07,2.16,2.26,2.26,2.26,2.27,2.27,2.25,2.24,2.22,2.2,2.29,2.38,2.48,2.57,2.43,2.29,2.14,2.0,2.03,2.05,2.08,2.11,2.14,2.17,2.21,2.24,2.24,2.23,2.22,2.22,2.02,1.81,1.61,1.41,1.55,1.69,1.83,1.97,2.15,2.34,2.52,2.7,2.53,2.36,2.19,2.02,1.95,1.87,1.79,1.72,1.76,1.8,1.84,1.88,2.13,2.38,2.63,2.88,2.79,2.7,2.61,2.52,2.46,2.41,2.35,2.29,2.4,2.51,2.62,2.73,2.85,2.96,3.08,3.2,3.14,3.09,3.03,2.98,,
2019-02-25T00:00:00+00:00,1.87,2.14,2.4,2.33,2.26,2.19,2.12,2.18,2.25,2.31,2.38,2.58,2.78,2.98,3.18,2.95,2.73,2.51,2.29,2.25,2.21,2.17,2.13,2.17,2.21,2.24,2.28,2.3,2.32,2.34,2.36,2.57,2.78,2.99,3.19,3.13,3.06,2.99,2.93,2.83,2.74,2.64,2.54,2.32,2.1,1.88,1.65,1.73,1.82,1.9,1.98,2.15,2.33,2.5,2.67,2.79,2.91,3.03,3.15,3.13,3.12,3.11,3.1,3.15,3.2,3.25,3.31,3.2,3.09,2.98,2.87,2.81,2.74,2.67,2.61,2.55,2.5,2.44,2.38,2.54,2.69,2.84,3.0,2.99,2.99,2.98,2.98,2.8,2.62,2.44,2.26,2.23,2.19,2.15,2.11,2.1,2.08,2.06,2.04,2.13,2.22,2.31,2.4,2.34,2.28,2.22,2.17,2.13,2.09,2.05,2.02,2.04,2.06,2.08,2.11,2.14,2.18,2.22,2.26,2.29,2.31,2.34,2.37,2.27,2.16,2.06,1.95,1.99,2.04,2.08,2.13,2.11,2.1,2.09,2.08,2.04,2.01,1.97,1.93,2.1,2.27,2.44,2.6,2.69,2.77,2.86,2.95,3.09,3.22,3.36,3.5,3.51,3.52,3.53,3.53,3.5,3.47,3.44,3.4,3.3,3.2,3.1,3.0,,
2019-02-26T00:00:00+00:00,2.43,2.54,2.66,2.57,2.47,2.38,2.28,2.17,2.06,1.95,1.85,1.8,1.76,1.72,1.67,1.76,1.85,1.94,2.03,2.11,2.19,2.26,2.34,2.18,2.01,1.85,1.68,1.67,1.66,1.65,1.64,1.61,1.57,1.53,1.5,1.62,1.75,1.88,2.0,2.09,2.18,2.27,2.36,2.45,2.55,2.64,2.74,2.77,2.81,2.84,2.87,2.79,2.7,2.61,2.52,2.54,2.57,2.59,2.61,2.62,2.63,2.64,2.66,2.51,2.37,2.23,2.08,2.17,2.25,2.34,2.42,2.3,2.19,2.07,1.95,1.82,1.69,1.56,1.42,1.44,1.46,1.48,1.5,1.48,1.46,1.45,1.43,1.49,1.55,1.61,1.67,1.62,1.57,1.52,1.46,1.35,1.23,1.11,0.99,1.09,1.19,1.29,1.4,1.43,1.46,1.5,1.53,1.5,1.47,1.45,1.42,1.32,1.23,1.13,1.04,1.12,1.21,1.29,1.38,1.17,0.95,0.74,0.53,0.49,0.45,0.41,0.37,0.49,0.6,0.72,0.83,0.91,0.98,1.06,1.14,1.16,1.18,1.21,1.23,1.21,1.2,1.18,1.16,1.14,1.12,1.1,1.07,1.09,1.11,1.12,1.14,1.16,1.18,1.2,1.22,1.3,1.37,1.45,1.53,1.41,1.3,1.19,1.07,,
2019-02-27T00:00:00+00:00,0.5,0.49,0.48,0.66,0.84,1.02,1.2,1.32,1.44,1.56,1.68,1.72,1.77,1.82,1.87,1.52,1.17,0.83,0.48,0.7,0.92,1.15,1.37,1.53,1.7,1.86,2.02,1.94,1.86,1.78,1.7,1.53,1.37,1.2,1.03,1.05,1.06,1.08,1.09,1.14,1.18,1.22,1.26,1.47,1.67,1.88,2.08,2.07,2.06,2.04,2.03,2.04,2.05,2.06,2.07,2.11,2.15,2.2,2.24,2.2,2.16,2.12,2.08,1.87,1.66,1.46,1.25,1.09,0.92,0.76,0.59,0.84,1.09,1.34,1.58,1.53,1.47,1.41,1.36,1.37,1.38,1.38,1.39,1.48,1.56,1.64,1.72,1.92,2.13,2.33,2.53,2.5,2.47,2.43,2.4,2.4,2.4,2.4,2.4,2.47,2.55,2.62,2.7,2.82,2.95,3.08,3.2,3.19,3.17,3.15,3.13,3.41,3.7,3.98,4.27,4.44,4.61,4.78,4.96,4.87,4.79,4.71,4.63,4.49,4.35,4.21,4.07,4.26,4.45,4.64,4.83,5.05,5.28,5.5,5.72,5.64,5.56,5.48,5.4,5.44,5.48,5.51,5.55,5.71,5.86,6.01,6.17,6.31,6.46,6.61,6.75,6.46,6.16,5.86,5.57,5.45,5.34,5.22,5.1,5.81,6.51,7.22,7.92,,
2019-02-28T00:00:00+00:00,2.48,2.52,2.55,2.52,2.5,2.48,2.45,2.42,2.4,2.37,2.34,2.69,3.04,3.39,3.74,3.78,3.81,3.85,3.89,3.85,3.8,3.76,3.71,3.79,3.86,3.93,4.01,4.4,4.78,5.17,5.56,5.13,4.69,4.26,3.83,3.95,4.07,4.19,4.31,4.32,4.33,4.35,4.36,4.62,4.87,5.13,5.38,5.32,5.25,5.18,5.11,5.64,6.17,6.7,7.23,7.56,7.88,8.2,8.52,7.97,7.42,6.87,6.31,6.23,6.14,6.06,5.97,5.75,5.53,5.3,5.08,5.1,5.11,5.13,5.14,5.1,5.05,5.01,4.96,5.17,5.38,5.59,5.8,5.82,5.83,5.85,5.87,5.91,5.94,5.98,6.02,6.04,6.06,6.09,6.11,5.98,5.86,5.74,5.62,5.77,5.93,6.09,6.24,6.07,5.89,5.71,5.54,5.16,4.79,4.41,4.03,4.13,4.23,4.32,4.42,4.01,3.59,3.18,2.76,3.4,4.05,4.69,5.34,5.28,5.22,5.17,5.11,4.66,4.21,3.77,3.32,3.47,3.63,3.79,3.94,3.72,3.5,3.27,3.05,3.26,3.47,3.67,3.88,3.37,2.85,2.33,1.81,1.88,1.95,2.02,2.09,2.17,2.26,2.35,2.44,2.01,1.57,1.14,0.7,0.88,1.06,1.24,1.42,,
2019-03-01T00:00:00+00:00,5.6,5.62,5.65,5.91,6.17,6.44,6.7,6.55,6.41,6.26,6.12,5.99,5.86,5.74,5.61,5.39,5.16,4.93,4.71,4.43,4.15,3.88,3.6,3.63,3.67,3.71,3.74,3.84,3.93,4.02,4.11,4.44,4.77,5.1,5.42,5.19,4.96,4.73,4.5,4.35,4.21,4.07,3.92,3.92,3.91,3.91,3.91,3.94,3.98,4.02,4.06,3.75,3.45,3.15,2.84,2.79,2.73,2.67,2.61,2.54,2.47,2.4,2.33,2.37,2.41,2.45,2.49,2.56,2.64,2.71,2.79,2.61,2.43,2.25,2.07,2.11,2.15,2.19,2.22,2.42,2.62,2.82,3.01,3.16,3.3,3.44,3.58,3.59,3.59,3.59,3.6,3.53,3.46,3.4,3.33,3.48,3.63,3.78,3.93,3.96,3.99,4.02,4.06,4.05,4.04,4.03,4.02,4.23,4.43,4.64,4.85,4.77,4.7,4.63,4.56,4.65,4.73,4.82,4.9,4.68,4.45,4.22,3.99,4.08,4.17,4.26,4.35,4.4,4.45,4.5,4.55,4.25,3.96,3.66,3.36,3.52,3.69,3.85,4.02,4.24,4.46,4.68,4.9,5.06,5.22,5.38,5.53,5.52,5.51,5.5,5.5,5.69,5.88,6.07,6.26,6.05,5.83,5.62,5.41,5.41,5.4,5.4,5.39,,
2019-03-02T00:00:00+00:00,3.26,3.38,3.51,3.63,3.75,3.88,4.0,4.09,4.18,4.27,4.37,4.34,4.31,4.28,4.25,4.39,4.53,4.67,4.81,4.82,4.83,4.84,4.85,4.79,4.73,4.67,4.61,4.53,4.44,4.36,4.28,4.79,5.31,5.82,6.34,5.93,5.53,5.12,4.72,4.79,4.85,4.92,4.99,4.73,4.48,4.23,3.97,4.18,4.38,4.59,4.8,4.73,4.67,4.61,4.55,4.61,4.67,4.74,4.8,4.74,4.68,4.63,4.57,4.68,4.79,4.91,5.02,5.02,5.02,5.02,5.03,5.07,5.12,5.17,5.21,5.55,5.89,6.22,6.56,6.59,6.62,6.65,6.68,6.63,6.59,6.54,6.5,6.49,6.47,6.46,6.45,6.46,6.47,6.49,6.5,6.46,6.41,6.37,6.32,6.33,6.34,6.35,6.36,6.35,6.33,6.32,6.31,6.32,6.34,6.36,6.38,6.37,6.36,6.36,6.35,6.32,6.3,6.27,6.25,6.39,6.53,6.67,6.82,6.84,6.86,6.88,6.91,6.9,6.9,6.9,6.89,7.17,7.44,7.72,7.99,7.85,7.71,7.57,7.43,7.47,7.51,7.55,7.59,7.59,7.59,7.59,7.58,7.36,7.15,6.93,6.71,6.65,6.59,6.53,6.47,6.33,6.18,6.03,5.89,6.02,6.15,6.28,6.42,,
2019-03-03T00:00:00+00:00,5.73,5.89,6.04,6.35,6.66,6.97,7.28,7.18,7.08,6.98,6.89,6.66,6.43,6.21,5.98,6.03,6.09,6.14,6.19,5.92,5.64,5.37,5.1,5.29,5.48,5.67,5.86,5.89,5.92,5.94,5.97,6.02,6.08,6.13,6.18,6.46,6.73,7.0,7.28,7.31,7.35,7.38,7.42,7.48,7.54,7.6,7.66,7.57,7.47,7.38,7.29,7.37,7.45,7.54,7.62,7.66,7.69,7.73,7.76,7.59,7.41,7.24,7.06,6.92,6.78,6.64,6.5,6.68,6.87,7.05,7.24,7.42,7.6,7.78,7.96,7.81,7.65,7.5,7.35,7.44,7.53,7.62,7.71,7.69,7.68,7.66,7.65,8.41,9.18,9.94,10.7,11.29,11.88,12.46,13.05,12.42,11.78,11.15,10.51,10.25,9.99,9.73,9.47,9.76,10.05,10.33,10.62,10.3,9.98,9.66,9.34,9.32,9.3,9.28,9.26,8.86,8.45,8.04,7.63,7.8,7.97,8.14,8.31,8.79,9.26,9.74,10.22,9.81,9.41,9.0,8.6,8.77,8.95,9.12,9.29,8.58,7.87,7.15,6.44,6.43,6.41,6.4,6.38,6.53,6.68,6.84,6.99,6.97,6.96,6.94,6.93,6.72,6.51,6.31,6.1,6.2,6.31,6.41,6.51,6.54,6.57,6.6,6.63,,
2019-03-04T00:00:00+00:00,10.98,11.27,11.57,11.41,11.25,11.1,10.94,10.79,10.64,10.5,10.35,10.32,10.29,10.26,10.24,10.1,9.96,9.82,9.68,9.96,10.24,10.52,10.81,11.09,11.38,11.67,11.95,11.54,11.13,10.72,10.31,10.44,10.57,10.7,10.83,11.39,11.95,12.5,13.06,12.03,11.0,9.98,8.95,8.93,8.9,8.88,8.85,8.61,8.36,8.11,7.86,7.84,7.82,7.8,7.78,7.62,7.46,7.3,7.15,7.25,7.35,7.46,7.56,7.1,6.65,6.19,5.74,6.06,6.38,6.69,7.01,6.79,6.57,6.35,6.12,5.91,5.69,5.48,5.27,5.22,5.18,5.13,5.09,4.92,4.75,4.58,4.41,4.35,4.29,4.24,4.18,4.27,4.36,4.45,4.54,4.56,4.58,4.6,4.62,4.68,4.73,4.79,4.84,4.98,5.12,5.25,5.39,5.49,5.59,5.69,5.78,5.88,5.97,6.06,6.16,6.37,6.58,6.8,7.01,6.68,6.36,6.04,5.71,5.66,5.61,5.55,5.5,5.45,5.4,5.34,5.29,5.1,4.92,4.73,4.54,4.73,4.91,5.1,5.29,5.19,5.09,4.99,4.89,4.29,3.69,3.09,2.49,2.81,3.13,3.45,3.77,3.73,3.68,3.64,3.59,3.66,3.74,3.81,3.88,3.81,3.74,3.67,3.6,,
2019-03-05T00:00:00+00:00,5.19,4.98,4.76,4.76,4.76,4.76,4.77,4.87,4.97,5.07,5.17,5.17,5.17,5.17,5.17,5.47,5.76,6.06,6.36,6.17,5.98,5.79,5.61,5.65,5.7,5.75,5.79,5.69,5.59,5.49,5.39,5.18,4.97,4.76,4.56,4.71,4.86,5.01,5.16,5.16,5.16,5.17,5.17,5.19,5.21,5.23,5.25,5.12,4.99,4.86,4.73,4.71,4.69,4.67,4.66,4.61,4.56,4.51,4.46,4.44,4.43,4.41,4.4,4.24,4.08,3.92,3.76,3.79,3.82,3.85,3.89,4.05,4.22,4.39,4.56,4.59,4.63,4.67,4.71,4.67,4.64,4.6,4.57,4.56,4.55,4.55,4.54,4.61,4.67,4.74,4.81,4.73,4.65,4.57,4.49,4.51,4.52,4.53,4.54,4.6,4.65,4.71,4.76,4.86,4.95,5.05,5.14,5.11,5.08,5.05,5.02,4.95,4.87,4.8,4.73,4.53,4.34,4.15,3.96,3.88,3.8,3.72,3.64,3.7,3.77,3.84,3.91,3.93,3.96,3.99,4.02,3.86,3.7,3.54,3.38,3.46,3.54,3.62,3.7,3.8,3.9,4.0,4.1,4.19,4.27,4.36,4.44,4.32,4.19,4.06,3.93,4.03,4.13,4.23,4.33,4.11,3.89,3.67,3.45,3.35,3.25,3.15,3.05,,
2019-03-06T00:00:00+00:00,4.31,4.43,4.56,4.63,4.69,4.76,4.83,4.69,4.55,4.41,4.27,4.24,4.2,4.17,4.13,4.35,4.58,4.8,5.02,4.74,4.45,4.17,3.89,3.87,3.86,3.84,3.83,3.97,4.1,4.24,4.38,4.64,4.9,5.16,5.43,5.39,5.35,5.31,5.27,5.06,4.86,4.65,4.45,4.68,4.92,5.15,5.39,5.31,5.22,5.14,5.06,5.12,5.18,5.24,5.3,5.31,5.32,5.33,5.34,5.22,5.1,4.97,4.85,5.01,5.16,5.31,5.47,5.43,5.39,5.34,5.3,5.31,5.32,5.32,5.33,5.19,5.06,4.93,4.79,4.94,5.1,5.25,5.4,5.48,5.56,5.65,5.73,5.56,5.39,5.21,5.04,5.75,6.47,7.18,7.89,7.91,7.93,7.95,7.96,8.29,8.62,8.96,9.29,8.71,8.14,7.57,6.99,7.01,7.02,7.03,7.04,6.95,6.85,6.76,6.66,6.85,7.04,7.23,7.42,7.35,7.28,7.2,7.13,7.13,7.13,7.12,7.12,7.17,7.21,7.26,7.31,7.45,7.59,7.74,7.88,7.88,7.87,7.87,7.87,7.81,7.76,7.71,7.65,7.73,7.81,7.89,7.96,7.71,7.45,7.19,6.94,6.62,6.3,5.98,5.67,5.71,5.76,5.81,5.85,5.81,5.77,5.73,5.69,,
2019-03-07T00:00:00+00:00,5.76,6.0,6.23,6.56,6.9,7.23,7.56,7.31,7.06,6.81,6.56,6.38,6.2,6.02,5.84,5.84,5.84,5.84,5.83,5.79,5.75,5.71,5.67,5.59,5.51,5.43,5.35,5.75,6.14,6.53,6.93,6.89,6.84,6.8,6.76,6.91,7.06,7.22,7.37,7.52,7.67,7.82,7.96,7.96,7.96,7.96,7.95,7.83,7.7,7.57,7.45,7.28,7.1,6.93,6.76,7.0,7.25,7.49,7.74,7.18,6.63,6.07,5.52,5.55,5.58,5.61,5.64,5.56,5.49,5.42,5.35,5.4,5.45,5.51,5.56,5.47,5.38,5.29,5.2,5.17,5.15,5.13,5.1,5.02,4.94,4.86,4.78,4.83,4.89,4.94,4.99,4.92,4.85,4.78,4.71,4.7,4.69,4.68,4.66,4.53,4.4,4.27,4.14,4.1,4.06,4.02,3.98,3.98,3.97,3.97,3.96,3.95,3.93,3.92,3.9,3.93,3.97,4.0,4.04,3.93,3.82,3.71,3.6,3.53,3.47,3.4,3.34,3.38,3.43,3.47,3.52,3.68,3.84,4.01,4.17,4.23,4.3,4.37,4.44,4.56,4.68,4.8,4.92,4.98,5.04,5.1,5.17,5.08,5.0,4.91,4.83,4.91,5.0,5.09,5.17,5.08,4.98,4.88,4.79,4.69,4.6,4.5,4.4,,
2019-03-08T00:00:00+00:00,4.35,4.3,4.24,4.21,4.17,4.13,4.1,4.22,4.34,4.46,4.57,4.66,4.75,4.84,4.93,4.77,4.6,4.44,4.27,4.19,4.1,4.02,3.94,3.71,3.49,3.27,3.05,3.06,3.06,3.07,3.08,3.16,3.24,3.33,3.41,3.61,3.8,3.99,4.19,4.33,4.48,4.62,4.76,4.87,4.97,5.08,5.18,5.29,5.4,5.51,5.62,5.75,5.89,6.03,6.16,5.96,5.75,5.54,5.34,5.24,5.15,5.05,4.95,4.96,4.96,4.96,4.96,5.26,5.55,5.84,6.14,6.02,5.91,5.8,5.69,5.73,5.76,5.8,5.84,6.06,6.28,6.5,6.73,6.84,6.96,7.08,7.2,7.34,7.49,7.63,7.78,7.67,7.56,7.45,7.34,7.19,7.05,6.9,6.76,6.69,6.63,6.57,6.5,6.54,6.58,6.62,6.66,6.9,7.13,7.37,7.6,7.35,7.1,6.84,6.59,6.42,6.26,6.09,5.92,5.95,5.98,6.01,6.04,5.95,5.86,5.77,5.68,5.47,5.26,5.04,4.83,4.77,4.7,4.64,4.58,4.7,4.82,4.93,5.05,5.24,5.42,5.61,5.79,6.02,6.24,6.47,6.69,6.75,6.8,6.86,6.91,6.8,6.68,6.56,6.45,6.39,6.34,6.28,6.23,6.13,6.03,5.93,5.84,,
2019-03-09T00:00:00+00:00,7.54,7.39,7.24,7.3,7.35,7.4,7.45,7.34,7.23,7.11,7.0,6.78,6.57,6.35,6.14,5.9,5.67,5.44,5.21,5.48,5.76,6.03,6.3,5.69,5.08,4.47,3.87,4.38,4.9,5.41,5.93,5.66,5.39,5.13,4.86,5.11,5.35,5.59,5.84,5.95,6.07,6.19,6.31,6.07,5.83,5.58,5.34,5.55,5.76,5.97,6.17,6.25,6.33,6.4,6.48,6.36,6.25,6.14,6.02,5.92,5.82,5.72,5.61,5.45,5.28,5.11,4.95,4.72,4.5,4.28,4.05,4.13,4.21,4.29,4.37,4.21,4.04,3.88,3.72,3.33,2.94,2.55,2.17,2.41,2.65,2.89,3.13,2.92,2.71,2.5,2.29,2.59,2.88,3.17,3.46,3.69,3.92,4.15,4.38,5.0,5.62,6.25,6.87,7.05,7.23,7.42,7.6,7.77,7.95,8.12,8.3,8.63,8.96,9.3,9.63,9.64,9.66,9.68,9.69,9.57,9.46,9.34,9.22,9.41,9.6,9.78,9.97,10.23,10.48,10.74,10.99,10.84,10.68,10.53,10.37,10.13,9.9,9.66,9.42,9.81,10.2,10.6,10.99,10.98,10.98,10.98,10.97,10.84,10.72,10.59,10.46,10.49,10.52,10.54,10.57,10.13,9.69,9.25,8.82,8.6,8.39,8.17,7.96,,
2019-03-10T00:00:00+00:00,6.89,7.22,7.55,7.67,7.8,7.92,8.05,8.56,9.08,9.59,10.1,9.85,9.6,9.35,9.1,9.0,8.9,8.8,8.7,8.95,9.2,9.45,9.7,9.43,9.16,8.89,8.62,8.91,9.2,9.48,9.77,9.75,9.73,9.72,9.7,9.87,10.05,10.22,10.4,10.64,10.89,11.14,11.39,11.03,10.68,10.33,9.98,10.14,10.3,10.46,10.62,10.36,10.1,9.84,9.57,9.38,9.19,8.99,8.8,8.43,8.06,7.7,7.33,7.2,7.07,6.94,6.81,6.72,6.62,6.53,6.43,6.28,6.13,5.98,5.83,5.88,5.92,5.96,6.01,6.04,6.08,6.11,6.15,6.27,6.38,6.5,6.61,6.18,5.74,5.31,4.87,4.81,4.75,4.69,4.63,4.32,4.02,3.72,3.41,3.96,4.5,5.05,5.59,5.3,5.02,4.73,4.44,4.97,5.49,6.01,6.54,6.23,5.93,5.63,5.33,4.6,3.87,3.14,2.41,2.97,3.52,4.07,4.63,5.32,6.0,6.69,7.38,7.31,7.23,7.16,7.09,6.59,6.09,5.6,5.1,5.37,5.65,5.92,6.19,6.0,5.81,5.62,5.43,5.57,5.72,5.87,6.01,5.95,5.89,5.83,5.77,5.61,5.45,5.29,5.13,4.86,4.58,4.31,4.04,3.85,3.66,3.47,3.28,,
2019-03-11T00:00:00+00:00,5.45,5.2,4.95,5.3,5.64,5.99,6.34,6.17,5.99,5.81,5.64,5.59,5.55,5.5,5.46,5.72,5.98,6.24,6.5,6.39,6.28,6.16,6.05,6.61,7.16,7.71,8.27,8.18,8.1,8.02,7.94,7.86,7.79,7.71,7.64,7.97,8.3,8.62,8.95,8.48,8.0,7.53,7.05,6.92,6.79,6.66,6.53,6.51,6.48,6.46,6.43,6.52,6.6,6.68,6.76,6.55,6.34,6.12,5.91,5.62,5.34,5.05,4.76,4.44,4.13,3.81,3.5,3.23,2.97,2.7,2.44,2.35,2.27,2.19,2.11,2.04,1.97,1.91,1.84,1.81,1.77,1.74,1.71,1.81,1.91,2.01,2.11,2.1,2.09,2.08,2.06,2.2,2.33,2.47,2.61,2.72,2.83,2.95,3.06,3.2,3.34,3.47,3.61,3.69,3.76,3.84,3.92,3.94,3.97,3.99,4.01,4.12,4.23,4.34,4.45,4.49,4.54,4.59,4.64,4.81,4.99,5.16,5.33,5.52,5.71,5.9,6.09,6.2,6.31,6.42,6.53,6.7,6.87,7.04,7.22,7.14,7.06,6.99,6.91,7.03,7.15,7.28,7.4,7.47,7.54,7.61,7.68,7.7,7.72,7.74,7.76,7.93,8.1,8.27,8.44,8.86,9.27,9.68,10.1,9.16,8.23,7.29,6.36,,
2019-03-12T00:00:00+00:00,3.64,3.7,3.75,3.94,4.13,4.32,4.52,4.54,4.57,4.6,4.63,4.6,4.58,4.56,4.53,4.55,4.56,4.58,4.6,4.77,4.95,5.12,5.3,5.29,5.28,5.27,5.26,5.32,5.38,5.44,5.5,5.68,5.86,6.04,6.22,6.38,6.54,6.7,6.86,7.1,7.34,7.58,7.83,7.88,7.93,7.99,8.04,8.09,8.14,8.19,8.24,8.06,7.88,7.7,7.51,7.85,8.18,8.52,8.85,8.88,8.9,8.92,8.94,8.66,8.38,8.1,7.81,7.44,7.07,6.7,6.33,6.33,6.34,6.35,6.36,6.17,5.99,5.8,5.62,5.58,5.55,5.51,5.47,5.58,5.69,5.8,5.91,6.1,6.3,6.49,6.68,6.58,6.48,6.39,6.29,6.24,6.19,6.14,6.1,6.12,6.14,6.16,6.18,6.18,6.18,6.19,6.19,6.22,6.25,6.28,6.31,6.27,6.23,6.18,6.14,6.0,5.87,5.73,5.59,5.79,5.98,6.18,6.38,6.63,6.88,7.14,7.39,7.47,7.55,7.62,7.7,7.61,7.52,7.44,7.35,7.33,7.3,7.27,7.25,7.25,7.26,7.27,7.27,7.56,7.85,8.13,8.42,8.56,8.7,8.84,8.98,8.97,8.96,8.95,8.95,8.51,8.08,7.65,7.22,7.09,6.96,6.82,6.69,,
2019-03-13T00:00:00+00:00,6.66,6.6,6.55,6.44,6.34,6.24,6.14,6.18,6.22,6.26,6.29,6.24,6.19,6.14,6.09,6.23,6.37,6.51,6.65,6.49,6.33,6.16,6.0,6.21,6.41,6.62,6.83,6.88,6.94,7.0,7.05,7.26,7.47,7.68,7.89,7.68,7.47,7.26,7.05,7.27,7.5,7.72,7.94,7.74,7.54,7.34,7.14,6.86,6.58,6.3,6.02,6.59,7.16,7.73,8.3,8.32,8.34,8.36,8.38,8.32,8.27,8.21,8.16,8.12,8.08,8.05,8.01,7.91,7.81,7.71,7.61,7.26,6.9,6.55,6.19,6.12,6.05,5.97,5.9,5.77,5.63,5.5,5.36,5.41,5.46,5.51,5.56,5.48,5.4,5.32,5.25,5.08,4.92,4.75,4.59,4.64,4.7,4.76,4.81,4.88,4.94,5.01,5.07,5.1,5.12,5.15,5.17,5.31,5.46,5.6,5.74,5.96,6.19,6.42,6.64,6.85,7.07,7.28,7.49,7.55,7.6,7.66,7.71,7.74,7.77,7.8,7.83,8.07,8.31,8.54,8.78,8.91,9.03,9.15,9.28,9.27,9.27,9.26,9.25,9.04,8.84,8.63,8.42,8.35,8.28,8.21,8.14,7.88,7.62,7.35,7.09,7.51,7.93,8.35,8.77,8.61,8.45,8.29,8.13,8.17,8.22,8.26,8.31,,
2019-03-14T00:00:00+00:00,4.62,4.71,4.81,4.91,5.01,5.11,5.2,5.39,5.57,5.76,5.94,5.88,5.82,5.76,5.71,5.9,6.1,6.3,6.49,6.84,7.19,7.54,7.89,7.94,7.99,8.04,8.09,8.14,8.2,8.26,8.31,8.42,8.53,8.63,8.74,8.85,8.96,9.07,9.18,9.13,9.08,9.03,8.98,8.9,8.82,8.74,8.66,8.47,8.28,8.09,7.9,7.94,7.97,8.01,8.04,7.93,7.82,7.71,7.6,7.42,7.24,7.06,6.88,6.86,6.84,6.82,6.8,6.76,6.72,6.68,6.64,6.46,6.28,6.09,5.91,6.18,6.46,6.73,7.0,6.64,6.29,5.93,5.57,5.42,5.28,5.14,4.99,5.11,5.22,5.34,5.45,5.59,5.73,5.86,6.0,6.1,6.21,6.31,6.41,6.59,6.77,6.95,7.13,6.83,6.53,6.23,5.93,6.01,6.09,6.18,6.26,6.47,6.68,6.89,7.1,7.14,7.17,7.2,7.23,7.37,7.52,7.67,7.82,7.66,7.51,7.36,7.21,6.96,6.71,6.46,6.21,6.33,6.44,6.56,6.67,6.65,6.62,6.59,6.57,6.53,6.5,6.47,6.43,6.42,6.41,6.4,6.39,6.47,6.56,6.64,6.72,6.61,6.49,6.38,6.27,6.34,6.4,6.47,6.54,6.5,6.45,6.4,6.36,,
2019-03-15T00:00:00+00:00,8.6,9.12,9.65,8.88,8.11,7.35,6.58,6.82,7.07,7.31,7.55,7.37,7.18,7.0,6.81,6.63,6.45,6.26,6.08,6.12,6.16,6.2,6.24,6.67,7.09,7.52,7.95,7.72,7.5,7.28,7.05,7.0,6.95,6.9,6.85,7.01,7.18,7.34,7.51,7.53,7.56,7.58,7.61,7.31,7.01,6.71,6.4,6.53,6.65,6.77,6.89,7.04,7.18,7.32,7.46,7.46,7.46,7.47,7.47,7.42,7.36,7.31,7.25,6.95,6.65,6.35,6.04,6.59,7.14,7.69,8.23,7.6,6.97,6.34,5.7,5.83,5.96,6.08,6.21,6.31,6.41,6.52,6.62,6.49,6.36,6.23,6.11,5.93,5.76,5.58,5.41,5.62,5.84,6.06,6.27,6.38,6.49,6.59,6.7,6.73,6.76,6.79,6.82,6.89,6.95,7.02,7.08,7.05,7.02,6.99,6.96,6.79,6.62,6.44,6.27,6.42,6.58,6.73,6.88,7.03,7.18,7.34,7.49,7.55,7.61,7.68,7.74,7.7,7.67,7.63,7.6,7.57,7.54,7.51,7.49,7.47,7.46,7.45,7.43,7.42,7.41,7.4,7.38,7.51,7.63,7.75,7.87,7.81,7.76,7.7,7.64,7.61,7.58,7.54,7.51,7.46,7.42,7.38,7.34,7.11,6.89,6.67,6.44,,
2019-03-16T00:00:00+00:00,6.93,7.15,7.37,6.97,6.57,6.16,5.76,6.16,6.57,6.98,7.38,7.01,6.63,6.26,5.89,6.17,6.45,6.73,7.01,6.82,6.63,6.43,6.24,5.99,5.74,5.49,5.24,5.49,5.75,6.0,6.26,6.27,6.29,6.31,6.33,6.48,6.63,6.78,6.93,7.09,7.24,7.4,7.55,7.44,7.33,7.21,7.1,7.19,7.28,7.36,7.45,7.56,7.67,7.78,7.89,7.86,7.84,7.81,7.78,7.84,7.89,7.94,8.0,7.88,7.77,7.65,7.54,7.59,7.65,7.7,7.76,7.61,7.47,7.32,7.18,7.1,7.03,6.95,6.88,6.91,6.95,6.98,7.01,7.08,7.16,7.23,7.3,7.5,7.7,7.89,8.09,7.79,7.5,7.2,6.9,6.87,6.84,6.81,6.78,6.87,6.96,7.04,7.13,7.48,7.82,8.16,8.51,8.06,7.61,7.17,6.72,5.98,5.25,4.52,3.78,4.04,4.3,4.56,4.81,4.82,4.82,4.82,4.82,4.81,4.81,4.8,4.8,5.02,5.25,5.47,5.69,5.96,6.23,6.49,6.76,6.72,6.69,6.65,6.62,6.64,6.66,6.68,6.69,6.53,6.36,6.2,6.03,6.15,6.27,6.39,6.51,6.21,5.91,5.62,5.32,5.11,4.9,4.69,4.48,4.32,4.16,4.01,3.85,,
2019-03-17T00:00:00+00:00,6.64,6.44,6.24,6.58,6.93,7.27,7.62,7.5,7.39,7.28,7.17,6.94,6.72,6.5,6.27,5.8,5.32,4.85,4.37,4.26,4.15,4.05,3.94,4.05,4.17,4.28,4.4,4.71,5.03,5.34,5.66,5.54,5.43,5.32,5.21,5.91,6.62,7.32,8.03,7.55,7.08,6.6,6.13,6.29,6.45,6.61,6.77,6.87,6.98,7.08,7.19,7.07,6.96,6.84,6.73,6.79,6.85,6.9,6.96,6.25,5.54,4.83,4.12,4.42,4.71,5.0,5.29,5.18,5.08,4.97,4.87,4.78,4.69,4.6,4.51,4.41,4.31,4.21,4.1,4.08,4.05,4.02,4.0,4.15,4.3,4.45,4.61,4.69,4.77,4.85,4.93,4.71,4.49,4.27,4.05,4.04,4.03,4.03,4.02,3.67,3.33,2.98,2.63,2.54,2.45,2.35,2.26,2.24,2.22,2.2,2.19,2.18,2.17,2.17,2.16,2.03,1.91,1.78,1.65,1.83,2.02,2.2,2.38,2.39,2.4,2.4,2.41,2.7,3.0,3.29,3.59,3.81,4.04,4.26,4.49,4.41,4.33,4.25,4.17,4.48,4.79,5.1,5.42,5.34,5.27,5.19,5.12,4.98,4.85,4.71,4.57,4.53,4.49,4.45,4.4,4.23,4.05,3.88,3.7,3.52,3.34,3.16,2.98,,
2019-03-18T00:00:00+00:00,3.44,3.46,3.48,3.48,3.47,3.46,3.45,3.44,3.43,3.42,3.41,3.31,3.21,3.12,3.02,3.01,3.0,3.0,2.99,2.9,2.81,2.72,2.63,2.74,2.85,2.95,3.06,3.25,3.43,3.62,3.8,3.81,3.82,3.82,3.83,3.92,4.0,4.09,4.17,4.07,3.97,3.87,3.77,3.81,3.85,3.89,3.93,4.0,4.07,4.13,4.2,4.09,3.97,3.86,3.74,4.44,5.15,5.85,6.55,6.15,5.75,5.35,4.95,4.05,3.15,2.25,1.35,1.58,1.81,2.04,2.27,2.22,2.17,2.13,2.08,1.92,1.75,1.59,1.42,1.4,1.37,1.35,1.32,1.21,1.09,0.98,0.86,1.02,1.18,1.35,1.51,1.57,1.64,1.7,1.77,1.83,1.9,1.96,2.03,2.03,2.02,2.02,2.02,1.98,1.95,1.91,1.87,1.6,1.32,1.04,0.76,0.89,1.01,1.14,1.27,1.34,1.41,1.49,1.56,1.51,1.46,1.4,1.35,1.27,1.19,1.12,1.04,1.11,1.19,1.26,1.33,1.43,1.54,1.64,1.74,1.7,1.65,1.6,1.55,1.53,1.5,1.48,1.45,1.56,1.66,1.77,1.88,1.88,1.88,1.88,1.88,1.86,1.84,1.83,1.81,1.73,1.65,1.57,1.49,1.45,1.41,1.36,1.32,,
2019-03-19T00:00:00+00:00,1.68,1.71,1.74,1.83,1.92,2.01,2.1,2.19,2.28,2.37,2.47,2.05,1.63,1.21,0.79,0.94,1.09,1.24,1.4,1.25,1.11,0.96,0.81,0.78,0.75,0.73,0.7,0.63,0.57,0.51,0.45,0.46,0.47,0.48,0.49,0.66,0.83,1.0,1.17,1.22,1.27,1.32,1.37,1.39,1.41,1.43,1.45,1.52,1.59,1.67,1.74,1.67,1.59,1.52,1.45,1.44,1.42,1.41,1.4,1.59,1.79,1.99,2.18,2.06,1.93,1.8,1.68,1.52,1.37,1.21,1.06,0.99,0.93,0.86,0.8,0.96,1.11,1.27,1.43,1.43,1.43,1.44,1.44,1.34,1.24,1.14,1.05,1.07,1.09,1.11,1.13,1.17,1.2,1.24,1.27,1.35,1.43,1.51,1.59,1.51,1.43,1.35,1.26,1.28,1.29,1.3,1.31,1.11,0.91,0.71,0.51,0.49,0.46,0.44,0.41,0.59,0.76,0.93,1.11,1.17,1.22,1.28,1.34,1.33,1.31,1.3,1.28,1.34,1.41,1.47,1.53,1.47,1.42,1.36,1.3,1.38,1.46,1.55,1.63,1.7,1.78,1.85,1.92,2.02,2.11,2.21,2.3,2.56,2.82,3.08,3.34,3.4,3.46,3.52,3.58,3.42,3.26,3.1,2.95,2.83,2.72,2.61,2.5,,
2019-03-20T00:00:00+00:00,1.59,1.65,1.71,1.58,1.44,1.31,1.17,1.09,1.01,0.92,0.84,0.87,0.9,0.94,0.97,0.87,0.78,0.68,0.59,0.68,0.77,0.86,0.96,1.04,1.13,1.21,1.3,1.31,1.31,1.32,1.33,1.35,1.36,1.38,1.4,1.34,1.28,1.22,1.16,1.08,1.0,0.92,0.84,0.92,1.0,1.08,1.16,1.26,1.37,1.48,1.59,1.74,1.9,2.05,2.21,2.2,2.2,2.2,2.2,2.16,2.11,2.07,2.03,2.18,2.33,2.48,2.63,2.33,2.04,1.75,1.45,1.45,1.45,1.45,1.45,1.42,1.4,1.38,1.35,1.39,1.42,1.45,1.48,1.5,1.52,1.53,1.55,1.53,1.5,1.48,1.46,1.42,1.38,1.35,1.31,1.3,1.28,1.27,1.26,1.29,1.33,1.37,1.4,1.46,1.52,1.58,1.63,1.6,1.56,1.53,1.49,1.51,1.53,1.55,1.57,1.48,1.4,1.32,1.23,1.26,1.29,1.32,1.35,1.47,1.59,1.7,1.82,1.96,2.1,2.23,2.37,2.41,2.45,2.49,2.53,2.57,2.62,2.66,2.7,2.73,2.77,2.81,2.84,2.91,2.97,3.04,3.1,3.08,3.07,3.05,3.03,3.1,3.17,3.24,3.32,3.32,3.33,3.33,3.34,3.31,3.29,3.26,3.23,,
2019-03-21T00:00:00+00:00,2.21,2.37,2.54,2.23,1.92,1.6,1.29,1.17,1.05,0.93,0.81,0.81,0.81,0.81,0.81,1.02,1.24,1.45,1.67,1.67,1.67,1.67,1.68,1.7,1.72,1.74,1.76,1.72,1.67,1.62,1.57,1.6,1.64,1.68,1.72,1.8,1.89,1.97,2.05,2.21,2.37,2.53,2.68,2.77,2.86,2.96,3.05,3.08,3.11,3.14,3.18,3.23,3.29,3.34,3.39,3.4,3.4,3.4,3.4,3.36,3.32,3.28,3.24,3.23,3.23,3.22,3.22,3.15,3.09,3.03,2.97,2.91,2.86,2.8,2.75,2.77,2.8,2.82,2.84,2.75,2.66,2.57,2.48,2.39,2.3,2.21,2.12,2.0,1.87,1.75,1.62,1.57,1.52,1.46,1.41,1.39,1.37,1.35,1.34,1.4,1.46,1.52,1.58,1.61,1.64,1.67,1.7,1.5,1.3,1.1,0.9,1.04,1.18,1.33,1.47,1.38,1.28,1.19,1.1,1.09,1.08,1.07,1.06,0.99,0.92,0.85,0.78,0.77,0.77,0.76,0.76,0.79,0.82,0.85,0.88,1.0,1.11,1.23,1.34,1.44,1.53,1.63,1.72,1.84,1.96,2.07,2.19,2.08,1.98,1.88,1.78,1.83,1.88,1.93,1.98,1.99,1.99,2.0,2.01,2.04,2.06,2.09,2.12,,
2019-03-22T00:00:00+00:00,1.99,1.87,1.75,1.66,1.58,1.49,1.4,1.39,1.38,1.37,1.37,1.32,1.28,1.24,1.2,1.17,1.15,1.12,1.1,1.15,1.21,1.26,1.32,1.41,1.5,1.59,1.67,1.38,1.09,0.8,0.5,0.75,0.99,1.24,1.48,1.28,1.08,0.88,0.68,0.87,1.07,1.27,1.46,1.69,1.92,2.14,2.37,2.37,2.38,2.38,2.38,2.41,2.43,2.46,2.48,2.47,2.46,2.44,2.43,2.48,2.52,2.57,2.61,2.63,2.64,2.65,2.67,2.4,2.13,1.86,1.59,1.68,1.76,1.85,1.93,1.95,1.97,1.99,2.01,2.03,2.05,2.06,2.08,2.15,2.21,2.28,2.34,2.39,2.45,2.5,2.55,2.48,2.42,2.35,2.28,2.24,2.2,2.15,2.11,2.27,2.43,2.58,2.74,2.4,2.05,1.71,1.36,1.76,2.15,2.54,2.93,2.89,2.86,2.82,2.78,2.78,2.77,2.77,2.76,2.72,2.69,2.65,2.61,2.51,2.41,2.31,2.22,2.25,2.29,2.33,2.37,2.37,2.37,2.37,2.37,2.55,2.72,2.9,3.07,3.05,3.03,3.01,2.99,3.13,3.27,3.41,3.55,3.6,3.65,3.7,3.76,3.68,3.61,3.54,3.47,3.52,3.58,3.63,3.68,3.66,3.64,3.62,3.6,,
2019-03-23T00:00:00+00:00,0.78,0.7,0.62,1.08,1.54,2.01,2.47,2.34,2.21,2.09,1.96,2.02,2.09,2.15,2.22,2.19,2.16,2.12,2.09,1.94,1.79,1.63,1.48,1.36,1.25,1.13,1.02,1.39,1.75,2.12,2.49,2.63,2.77,2.91,3.05,2.91,2.78,2.64,2.5,2.6,2.7,2.8,2.9,2.94,2.98,3.01,3.05,3.31,3.57,3.83,4.09,3.75,3.41,3.08,2.74,2.81,2.88,2.95,3.02,2.9,2.78,2.66,2.54,2.56,2.58,2.6,2.63,2.67,2.71,2.76,2.8,2.67,2.53,2.4,2.27,2.5,2.74,2.98,3.21,3.13,3.05,2.97,2.9,2.81,2.73,2.65,2.57,2.65,2.72,2.8,2.88,2.89,2.9,2.91,2.92,2.92,2.92,2.92,2.92,2.92,2.92,2.92,2.92,2.95,2.98,3.0,3.03,3.06,3.08,3.11,3.14,3.22,3.29,3.37,3.45,3.35,3.25,3.15,3.04,2.87,2.7,2.53,2.36,2.41,2.45,2.49,2.53,2.78,3.04,3.29,3.55,3.38,3.22,3.05,2.89,2.92,2.95,2.99,3.02,3.25,3.48,3.71,3.94,4.1,4.26,4.42,4.59,4.58,4.58,4.58,4.57,4.44,4.31,4.19,4.06,3.92,3.78,3.64,3.5,3.32,3.14,2.96,2.78,,
2019-03-24T00:00:00+00:00,2.42,2.66,2.89,2.7,2.5,2.31,2.12,1.93,1.73,1.53,1.34,1.3,1.26,1.22,1.18,1.29,1.4,1.52,1.63,1.49,1.34,1.2,1.06,1.29,1.51,1.74,1.97,2.18,2.4,2.61,2.83,2.86,2.88,2.91,2.93,3.16,3.4,3.63,3.86,3.87,3.88,3.9,3.91,3.87,3.83,3.79,3.75,3.87,3.99,4.1,4.22,4.22,4.23,4.24,4.24,4.28,4.33,4.37,4.41,4.31,4.22,4.13,4.03,3.89,3.75,3.62,3.48,3.33,3.18,3.03,2.88,2.64,2.4,2.15,1.91,2.06,2.21,2.36,2.51,2.61,2.7,2.8,2.9,2.89,2.88,2.87,2.86,2.91,2.95,2.99,3.03,2.92,2.82,2.71,2.6,2.62,2.63,2.65,2.67,2.7,2.72,2.75,2.78,2.88,2.98,3.09,3.19,3.13,3.07,3.02,2.96,2.86,2.76,2.67,2.57,2.55,2.54,2.53,2.52,2.79,3.06,3.33,3.61,3.55,3.5,3.44,3.39,3.7,4.0,4.31,4.61,4.66,4.7,4.75,4.79,4.94,5.09,5.24,5.39,5.4,5.42,5.43,5.44,5.5,5.55,5.61,5.66,5.58,5.5,5.42,5.34,5.35,5.36,5.37,5.38,5.39,5.4,5.4,5.41,5.21,5.01,4.81,4.62,,
2019-03-25T00:00:00+00:00,2.88,2.95,3.03,3.09,3.16,3.22,3.29,3.28,3.28,3.27,3.27,3.27,3.26,3.26,3.26,3.1,2.93,2.77,2.61,2.56,2.51,2.46,2.41,2.62,2.83,3.03,3.24,3.86,4.49,5.12,5.75,5.46,5.18,4.9,4.62,4.68,4.74,4.8,4.87,4.86,4.85,4.84,4.83,4.93,5.04,5.15,5.25,5.29,5.33,5.38,5.42,5.41,5.4,5.38,5.37,5.37,5.36,5.36,5.35,5.32,5.28,5.25,5.21,5.06,4.91,4.76,4.61,4.44,4.27,4.1,3.93,3.95,3.96,3.97,3.98,3.92,3.85,3.78,3.72,3.72,3.73,3.74,3.74,3.73,3.73,3.72,3.71,3.87,4.03,4.19,4.35,4.41,4.46,4.52,4.58,4.45,4.32,4.18,4.05,3.88,3.71,3.53,3.36,3.39,3.42,3.45,3.47,3.38,3.29,3.2,3.1,2.94,2.78,2.62,2.46,2.29,2.12,1.96,1.79,1.94,2.09,2.24,2.4,2.63,2.87,3.1,3.33,3.25,3.16,3.07,2.99,2.92,2.85,2.78,2.71,2.71,2.72,2.73,2.73,2.79,2.85,2.9,2.96,3.0,3.04,3.08,3.13,3.21,3.29,3.37,3.46,3.56,3.66,3.76,3.86,3.8,3.75,3.69,3.64,3.46,3.28,3.1,2.92,,
2019-03-26T00:00:00+00:00,4.12,4.06,4.0,3.91,3.82,3.74,3.65,3.64,3.63,3.62,3.61,3.56,3.51,3.46,3.42,3.16,2.91,2.65,2.4,2.28,2.17,2.05,1.94,2.12,2.31,2.5,2.68,2.74,2.8,2.85,2.91,2.92,2.93,2.95,2.96,2.94,2.92,2.89,2.87,2.97,3.07,3.17,3.27,3.44,3.62,3.79,3.97,3.98,3.99,4.0,4.01,3.95,3.88,3.82,3.75,3.73,3.71,3.69,3.67,3.56,3.46,3.35,3.25,3.14,3.02,2.91,2.8,2.7,2.59,2.49,2.38,2.55,2.72,2.89,3.06,3.17,3.28,3.38,3.49,3.41,3.32,3.24,3.16,2.99,2.82,2.66,2.49,2.34,2.19,2.04,1.89,1.91,1.93,1.94,1.96,1.98,1.99,2.0,2.02,2.07,2.13,2.18,2.24,2.37,2.5,2.63,2.76,2.71,2.65,2.6,2.55,2.49,2.44,2.38,2.33,2.21,2.1,1.99,1.87,1.85,1.84,1.82,1.8,1.91,2.01,2.12,2.23,2.36,2.49,2.63,2.76,2.93,3.11,3.28,3.46,3.66,3.87,4.08,4.28,4.24,4.2,4.16,4.12,4.14,4.16,4.18,4.2,4.19,4.19,4.19,4.19,4.17,4.16,4.15,4.14,4.05,3.97,3.88,3.8,3.7,3.59,3.49,3.39,,
2019-03-27T00:00:00+00:00,2.17,2.28,2.39,2.49,2.6,2.71,2.82,2.83,2.84,2.84,2.85,2.66,2.47,2.27,2.08,2.26,2.44,2.63,2.81,2.84,2.88,2.91,2.95,2.8,2.64,2.49,2.34,2.43,2.51,2.59,2.68,2.95,3.22,3.49,3.76,3.8,3.84,3.88,3.92,3.77,3.63,3.48,3.33,3.28,3.23,3.18,3.13,3.22,3.32,3.41,3.5,3.59,3.67,3.76,3.84,3.88,3.93,3.97,4.01,3.99,3.98,3.96,3.95,3.85,3.76,3.67,3.57,3.51,3.44,3.38,3.31,3.46,3.6,3.74,3.89,3.74,3.59,3.44,3.29,3.19,3.09,2.99,2.9,2.94,2.99,3.04,3.09,3.02,2.94,2.86,2.78,2.68,2.57,2.46,2.36,2.42,2.49,2.55,2.62,2.59,2.57,2.54,2.52,2.51,2.51,2.5,2.5,2.52,2.53,2.55,2.57,2.57,2.58,2.59,2.6,2.57,2.54,2.51,2.47,2.58,2.68,2.78,2.88,3.01,3.13,3.26,3.39,3.47,3.55,3.63,3.72,3.68,3.64,3.61,3.57,3.55,3.53,3.5,3.48,3.59,3.7,3.81,3.92,3.93,3.94,3.95,3.96,3.83,3.71,3.58,3.46,3.41,3.36,3.31,3.26,3.29,3.32,3.35,3.39,3.29,3.19,3.09,3.0,,
2019-03-28T00:00:00+00:00,2.13,2.32,2.51,2.42,2.33,2.24,2.15,2.27,2.39,2.52,2.64,2.59,2.54,2.48,2.43,2.5,2.56,2.62,2.69,2.56,2.42,2.29,2.16,2.2,2.25,2.29,2.33,2.51,2.68,2.86,3.04,3.21,3.39,3.56,3.73,3.63,3.53,3.43,3.32,3.32,3.31,3.31,3.3,3.3,3.31,3.31,3.31,3.26,3.21,3.16,3.11,3.05,2.99,2.93,2.87,2.95,3.02,3.09,3.16,3.21,3.25,3.3,3.35,3.41,3.47,3.53,3.59,3.6,3.61,3.62,3.63,3.62,3.61,3.6,3.59,3.56,3.52,3.49,3.46,3.46,3.46,3.46,3.47,3.39,3.32,3.24,3.17,3.11,3.05,3.0,2.94,2.87,2.81,2.74,2.67,2.64,2.6,2.56,2.52,2.53,2.53,2.53,2.54,2.52,2.5,2.48,2.46,2.48,2.51,2.54,2.56,2.55,2.54,2.53,2.51,2.5,2.49,2.47,2.46,2.45,2.45,2.44,2.44,2.37,2.31,2.24,2.18,2.2,2.22,2.24,2.26,2.3,2.33,2.37,2.4,2.56,2.71,2.86,3.01,3.11,3.2,3.3,3.4,3.39,3.39,3.38,3.38,3.38,3.39,3.4,3.4,3.39,3.37,3.35,3.34,3.4,3.47,3.54,3.6,3.51,3.41,3.31,3.21,,
2019-03-29T00:00:00+00:00,3.07,3.0,2.93,2.91,2.88,2.85,2.83,2.78,2.73,2.68,2.64,2.72,2.79,2.87,2.95,2.85,2.75,2.65,2.55,2.57,2.6,2.63,2.65,2.62,2.59,2.57,2.54,2.55,2.56,2.57,2.58,2.55,2.52,2.49,2.47,2.41,2.35,2.29,2.23,2.1,1.97,1.84,1.71,1.9,2.09,2.28,2.47,2.63,2.78,2.94,3.1,3.15,3.19,3.24,3.29,3.31,3.33,3.35,3.36,3.36,3.35,3.34,3.34,3.22,3.1,2.98,2.85,2.55,2.25,1.94,1.64,1.5,1.35,1.21,1.06,0.99,0.92,0.86,0.79,0.79,0.79,0.78,0.78,0.66,0.53,0.4,0.28,0.34,0.41,0.48,0.55,0.54,0.53,0.52,0.52,0.68,0.84,1.0,1.16,1.22,1.29,1.35,1.42,1.46,1.49,1.52,1.56,1.55,1.54,1.54,1.53,1.45,1.36,1.28,1.2,1.17,1.15,1.12,1.1,1.11,1.13,1.15,1.17,1.35,1.53,1.71,1.9,2.03,2.17,2.3,2.44,2.32,2.21,2.09,1.98,2.09,2.19,2.3,2.41,2.48,2.56,2.63,2.71,2.69,2.67,2.65,2.63,2.57,2.51,2.46,2.4,2.28,2.15,2.02,1.9,1.86,1.82,1.79,1.75,1.81,1.87,1.93,1.99,,
2019-03-30T00:00:00+00:00,0.63,0.54,0.45,0.42,0.38,0.35,0.32,0.41,0.49,0.58,0.66,0.69,0.72,0.75,0.79,0.8,0.81,0.82,0.84,0.78,0.72,0.66,0.61,0.75,0.9,1.04,1.19,1.25,1.31,1.38,1.44,1.57,1.7,1.83,1.96,1.88,1.8,1.72,1.64,1.81,1.98,2.14,2.31,2.48,2.65,2.82,2.99,3.01,3.03,3.05,3.07,3.06,3.05,3.04,3.03,2.88,2.73,2.58,2.43,2.24,2.06,1.87,1.68,1.63,1.58,1.54,1.49,1.28,1.08,0.87,0.67,0.57,0.47,0.38,0.28,0.44,0.6,0.76,0.92,0.91,0.9,0.9,0.89,0.85,0.82,0.78,0.75,0.78,0.82,0.85,0.89,0.93,0.97,1.01,1.06,1.14,1.22,1.31,1.39,1.15,0.91,0.67,0.42,0.39,0.36,0.33,0.3,0.4,0.49,0.58,0.68,0.76,0.84,0.92,1.0,0.94,0.88,0.82,0.76,0.77,0.78,0.79,0.8,0.85,0.91,0.96,1.01,1.34,1.67,2.0,2.33,2.64,2.95,3.26,3.57,3.65,3.73,3.81,3.9,3.84,3.78,3.72,3.66,3.66,3.65,3.64,3.63,3.66,3.69,3.72,3.75,3.82,3.89,3.96,4.03,3.99,3.95,3.91,3.87,4.14,4.4,4.67,4.94,,
2019-03-31T00:00:00+00:00,1.7,1.75,1.8,1.67,1.54,1.4,1.27,1.45,1.63,1.81,1.99,2.03,2.07,2.11,2.14,2.08,2.02,1.95,1.89,1.71,1.52,1.34,1.16,1.27,1.38,1.49,1.6,1.68,1.75,1.83,1.9,2.09,2.27,2.46,2.64,2.72,2.8,2.88,2.96,3.12,3.29,3.45,3.62,3.68,3.73,3.79,3.84,3.79,3.74,3.68,3.63,3.66,3.68,3.71,3.74,3.69,3.64,3.59,3.55,3.59,3.63,3.67,3.71,3.72,3.73,3.74,3.74,4.11,4.48,4.84,5.21,5.29,5.36,5.44,5.52,5.47,5.41,5.36,5.3,5.05,4.79,4.53,4.27,4.26,4.25,4.24,4.23,4.22,4.22,4.22,4.21,4.19,4.18,4.16,4.14,4.13,4.13,4.12,4.11,4.13,4.14,4.15,4.16,4.15,4.14,4.14,4.13,4.1,4.08,4.05,4.02,4.02,4.02,4.02,4.02,3.92,3.82,3.71,3.61,3.61,3.61,3.61,3.61,3.53,3.46,3.39,3.31,3.27,3.23,3.19,3.15,3.1,3.05,3.0,2.95,2.97,3.0,3.03,3.05,3.08,3.11,3.14,3.16,3.22,3.28,3.33,3.39,3.36,3.33,3.29,3.26,3.19,3.12,3.05,2.98,2.94,2.9,2.85,2.81,2.79,2.76,2.74,2.72,,
2019-04-01T00:00:00+00:00,4.3,4.35,4.4,4.35,4.3,4.25,4.19,4.16,4.13,4.09,4.06,3.97,3.88,3.79,3.7,3.6,3.5,3.4,3.29,3.39,3.49,3.59,3.69,3.7,3.72,3.73,3.74,3.72,3.7,3.68,3.66,3.53,3.41,3.28,3.16,3.08,3.01,2.93,2.86,2.84,2.82,2.81,2.79,2.87,2.95,3.04,3.12,3.14,3.15,3.16,3.18,3.23,3.29,3.35,3.41,3.37,3.34,3.3,3.27,3.13,2.99,2.85,2.71,2.59,2.47,2.35,2.22,3.34,4.46,5.58,6.7,6.89,7.08,7.27,7.46,6.32,5.18,4.03,2.89,2.46,2.02,1.59,1.16,1.73,2.3,2.87,3.44,3.2,2.95,2.71,2.47,1.91,1.36,0.81,0.25,0.6,0.94,1.28,1.63,1.61,1.59,1.57,1.56,1.8,2.05,2.29,2.54,2.65,2.77,2.88,3.0,3.02,3.04,3.06,3.08,3.17,3.27,3.37,3.47,3.51,3.56,3.61,3.65,3.6,3.55,3.49,3.44,3.69,3.94,4.2,4.45,4.74,5.03,5.31,5.6,5.89,6.17,6.46,6.74,7.18,7.62,8.07,8.51,8.21,7.91,7.61,7.31,6.8,6.29,5.78,5.27,5.75,6.23,6.71,7.19,5.95,4.71,3.48,2.24,2.36,2.48,2.6,2.72,,
2019-04-02T00:00:00+00:00,3.55,4.03,4.51,4.19,3.87,3.56,3.24,3.19,3.13,3.08,3.02,3.46,3.89,4.32,4.76,4.53,4.3,4.06,3.83,3.76,3.69,3.62,3.55,3.49,3.43,3.38,3.32,3.52,3.73,3.94,4.14,4.31,4.47,4.63,4.8,4.42,4.05,3.68,3.31,4.34,5.36,6.39,7.42,7.2,6.99,6.77,6.55,6.5,6.44,6.39,6.34,6.17,6.01,5.85,5.69,5.89,6.1,6.31,6.52,6.11,5.69,5.28,4.87,4.35,3.82,3.3,2.77,2.81,2.85,2.89,2.93,2.74,2.55,2.35,2.16,2.11,2.07,2.02,1.97,2.27,2.56,2.85,3.15,3.19,3.23,3.27,3.31,3.26,3.2,3.15,3.1,3.09,3.09,3.08,3.07,3.08,3.09,3.1,3.1,3.21,3.32,3.43,3.54,3.41,3.27,3.14,3.01,3.38,3.74,4.11,4.47,3.88,3.29,2.7,2.11,2.15,2.19,2.22,2.26,2.51,2.76,3.02,3.27,3.37,3.47,3.57,3.67,3.82,3.96,4.11,4.26,4.32,4.38,4.44,4.5,4.49,4.49,4.49,4.48,4.38,4.28,4.18,4.08,4.12,4.17,4.21,4.25,4.09,3.92,3.76,3.59,3.71,3.83,3.95,4.07,3.6,3.13,2.66,2.18,1.88,1.57,1.27,0.97,,
2019-04-03T00:00:00+00:00,3.89,4.16,4.44,3.94,3.43,2.93,2.42,2.57,2.71,2.86,3.0,3.04,3.07,3.1,3.14,3.28,3.41,3.55,3.69,3.59,3.49,3.39,3.29,3.21,3.13,3.04,2.96,3.01,3.07,3.13,3.18,3.15,3.11,3.08,3.04,3.1,3.16,3.22,3.27,3.48,3.68,3.88,4.08,4.31,4.54,4.78,5.01,4.56,4.11,3.66,3.21,2.96,2.71,2.45,2.2,2.31,2.41,2.52,2.63,2.64,2.66,2.67,2.68,2.68,2.67,2.67,2.66,2.57,2.48,2.39,2.3,2.23,2.16,2.09,2.02,1.82,1.61,1.4,1.19,1.21,1.23,1.25,1.27,1.34,1.41,1.47,1.54,1.68,1.83,1.97,2.11,2.12,2.14,2.15,2.17,1.97,1.76,1.56,1.36,1.52,1.67,1.82,1.98,1.99,2.01,2.03,2.04,1.98,1.92,1.85,1.79,1.81,1.82,1.84,1.85,1.99,2.12,2.25,2.39,2.47,2.56,2.64,2.73,2.99,3.25,3.52,3.78,3.83,3.89,3.94,3.99,3.98,3.97,3.96,3.94,4.21,4.47,4.73,4.99,4.84,4.68,4.53,4.37,4.43,4.49,4.55,4.61,4.63,4.66,4.68,4.7,4.67,4.63,4.59,4.55,4.48,4.41,4.34,4.27,4.05,3.82,3.6,3.38,,
2019-04-04T00:00:00+00:00,1.53,1.81,2.09,2.06,2.03,2.0,1.97,2.08,2.18,2.29,2.4,2.36,2.32,2.28,2.24,2.3,2.36,2.42,2.49,2.59,2.7,2.8,2.91,2.94,2.96,2.99,3.02,3.28,3.54,3.81,4.07,3.89,3.72,3.54,3.37,3.44,3.51,3.58,3.65,3.63,3.6,3.58,3.56,3.65,3.75,3.84,3.94,4.06,4.18,4.29,4.41,4.36,4.31,4.26,4.21,4.1,3.99,3.88,3.77,3.68,3.58,3.49,3.39,3.4,3.41,3.41,3.42,3.27,3.12,2.97,2.81,2.86,2.91,2.96,3.01,3.13,3.26,3.39,3.51,3.39,3.27,3.14,3.02,2.95,2.88,2.81,2.74,2.79,2.84,2.89,2.94,2.83,2.73,2.62,2.51,2.48,2.45,2.42,2.39,2.35,2.31,2.27,2.23,2.12,2.01,1.91,1.8,1.84,1.87,1.91,1.94,2.0,2.06,2.11,2.17,2.16,2.15,2.15,2.14,2.12,2.1,2.08,2.06,2.19,2.33,2.46,2.6,2.72,2.85,2.98,3.11,3.33,3.56,3.78,4.01,4.09,4.16,4.24,4.32,4.23,4.15,4.06,3.98,3.98,3.98,3.98,3.99,4.12,4.26,4.4,4.53,4.5,4.47,4.44,4.4,4.31,4.21,4.11,4.01,3.92,3.82,3.73,3.64,,
2019-04-05T00:00:00+00:00,2.63,2.65,2.66,2.64,2.63,2.61,2.6,2.45,2.31,2.16,2.02,2.12,2.22,2.32,2.42,2.3,2.18,2.05,1.93,2.03,2.13,2.24,2.34,2.27,2.2,2.13,2.06,2.1,2.14,2.18,2.22,2.36,2.5,2.63,2.77,2.94,3.11,3.29,3.46,3.65,3.84,4.02,4.21,4.23,4.25,4.27,4.29,4.29,4.3,4.3,4.3,4.36,4.41,4.47,4.52,4.47,4.41,4.36,4.3,4.3,4.3,4.29,4.29,4.23,4.17,4.1,4.04,3.82,3.6,3.39,3.17,3.06,2.96,2.85,2.75,2.77,2.79,2.82,2.84,2.88,2.91,2.94,2.97,2.96,2.95,2.94,2.93,3.0,3.06,3.13,3.19,3.19,3.19,3.19,3.19,3.18,3.17,3.16,3.16,3.1,3.05,3.0,2.95,2.88,2.81,2.74,2.67,2.83,2.99,3.15,3.31,3.29,3.27,3.25,3.23,3.24,3.25,3.26,3.28,3.36,3.44,3.52,3.61,3.56,3.52,3.48,3.44,3.42,3.41,3.39,3.38,3.45,3.53,3.6,3.67,3.85,4.04,4.22,4.4,4.43,4.47,4.51,4.54,5.37,6.2,7.03,7.86,7.2,6.55,5.89,5.23,5.05,4.87,4.69,4.51,4.32,4.12,3.93,3.73,3.6,3.47,3.35,3.22,,
2019-04-06T00:00:00+00:00,3.16,3.26,3.36,3.12,2.88,2.64,2.4,2.55,2.69,2.84,2.98,2.97,2.95,2.93,2.92,3.05,3.18,3.31,3.44,3.35,3.26,3.17,3.08,3.1,3.11,3.13,3.15,3.29,3.44,3.58,3.72,3.89,4.06,4.22,4.39,4.56,4.74,4.91,5.08,5.09,5.09,5.1,5.1,5.02,4.93,4.85,4.77,4.91,5.06,5.2,5.35,5.43,5.51,5.59,5.66,5.43,5.19,4.95,4.72,4.96,5.2,5.44,5.68,5.17,4.67,4.16,3.66,3.22,2.79,2.35,1.91,2.09,2.28,2.46,2.64,2.55,2.46,2.37,2.28,2.13,1.98,1.83,1.68,1.64,1.6,1.56,1.52,1.43,1.35,1.26,1.18,1.4,1.62,1.84,2.06,2.08,2.1,2.12,2.14,2.25,2.37,2.48,2.6,2.67,2.74,2.81,2.88,2.87,2.87,2.86,2.86,2.93,3.01,3.08,3.15,3.1,3.04,2.99,2.93,2.96,2.99,3.02,3.05,3.13,3.2,3.28,3.35,3.5,3.64,3.79,3.93,3.92,3.9,3.88,3.86,3.81,3.75,3.7,3.65,3.68,3.71,3.74,3.78,3.75,3.73,3.71,3.69,3.71,3.73,3.74,3.76,3.85,3.94,4.03,4.12,4.0,3.88,3.76,3.64,3.55,3.46,3.36,3.27,,
2019-04-07T00:00:00+00:00,2.19,2.28,2.36,2.54,2.72,2.9,3.07,2.94,2.81,2.67,2.54,2.62,2.7,2.78,2.86,2.8,2.75,2.69,2.64,2.63,2.62,2.61,2.6,2.64,2.69,2.73,2.78,2.73,2.68,2.63,2.59,2.07,1.56,1.04,0.52,0.7,0.87,1.04,1.21,1.63,2.05,2.47,2.89,2.77,2.65,2.52,2.4,2.4,2.39,2.38,2.38,2.3,2.22,2.14,2.06,2.11,2.15,2.2,2.24,2.27,2.3,2.32,2.35,2.37,2.39,2.4,2.42,2.16,1.91,1.65,1.4,1.69,1.98,2.27,2.56,2.38,2.2,2.02,1.84,1.91,1.99,2.06,2.14,2.23,2.32,2.41,2.5,2.47,2.44,2.41,2.39,2.44,2.49,2.55,2.6,2.61,2.63,2.64,2.65,2.7,2.75,2.8,2.85,2.71,2.58,2.44,2.31,2.2,2.09,1.99,1.88,1.79,1.71,1.62,1.54,1.5,1.46,1.42,1.38,1.36,1.34,1.32,1.3,1.4,1.5,1.6,1.69,1.89,2.09,2.29,2.49,2.51,2.52,2.54,2.56,2.59,2.62,2.66,2.69,2.64,2.59,2.54,2.49,2.45,2.41,2.38,2.34,2.33,2.33,2.32,2.31,2.36,2.42,2.47,2.53,2.49,2.45,2.41,2.37,2.2,2.03,1.86,1.69,,
2019-04-08T00:00:00+00:00,2.18,2.24,2.31,2.31,2.3,2.29,2.28,2.2,2.12,2.04,1.96,1.65,1.34,1.03,0.73,1.1,1.48,1.86,2.24,2.13,2.02,1.91,1.8,1.78,1.76,1.73,1.71,1.88,2.04,2.21,2.37,2.28,2.19,2.1,2.01,2.05,2.08,2.11,2.14,2.12,2.09,2.07,2.04,2.12,2.19,2.27,2.35,2.28,2.21,2.14,2.07,2.19,2.3,2.42,2.53,2.37,2.21,2.05,1.89,1.82,1.75,1.68,1.61,1.6,1.59,1.58,1.56,1.6,1.64,1.68,1.72,1.91,2.09,2.28,2.47,2.15,1.82,1.5,1.17,1.11,1.05,0.99,0.93,1.07,1.22,1.36,1.5,1.61,1.71,1.81,1.92,1.9,1.89,1.87,1.85,1.77,1.68,1.59,1.5,1.46,1.43,1.39,1.35,1.4,1.44,1.49,1.54,1.36,1.18,1.0,0.82,1.1,1.39,1.67,1.96,1.86,1.76,1.67,1.57,1.52,1.46,1.4,1.35,1.57,1.79,2.01,2.23,2.12,2.02,1.91,1.81,1.86,1.91,1.96,2.02,2.06,2.09,2.13,2.17,2.18,2.19,2.19,2.2,2.36,2.52,2.68,2.84,3.0,3.16,3.32,3.48,3.45,3.42,3.4,3.37,3.43,3.49,3.56,3.62,3.64,3.66,3.68,3.7,,
2019-04-09T00:00:00+00:00,1.31,1.08,0.86,0.93,1.01,1.09,1.17,1.23,1.3,1.37,1.44,1.73,2.02,2.32,2.61,3.01,3.41,3.81,4.21,3.64,3.08,2.52,1.96,1.69,1.42,1.15,0.88,1.29,1.7,2.11,2.52,2.84,3.16,3.48,3.79,3.72,3.65,3.57,3.5,3.36,3.22,3.09,2.95,3.12,3.3,3.47,3.65,3.8,3.96,4.11,4.26,4.12,3.97,3.82,3.68,3.85,4.02,4.19,4.36,4.2,4.03,3.87,3.71,3.56,3.42,3.28,3.14,2.88,2.63,2.37,2.11,2.03,1.95,1.87,1.78,1.83,1.88,1.92,1.97,1.92,1.88,1.83,1.78,1.75,1.72,1.69,1.66,1.78,1.9,2.03,2.15,2.33,2.52,2.7,2.89,2.87,2.85,2.84,2.82,2.72,2.63,2.53,2.44,2.28,2.13,1.97,1.82,1.91,2.0,2.09,2.18,2.18,2.19,2.19,2.19,2.13,2.06,2.0,1.93,2.21,2.49,2.77,3.05,3.08,3.11,3.15,3.18,3.12,3.06,3.0,2.94,3.05,3.16,3.26,3.37,3.6,3.83,4.06,4.29,3.99,3.68,3.38,3.08,3.08,3.09,3.09,3.09,3.05,3.0,2.96,2.92,3.04,3.17,3.3,3.43,3.35,3.28,3.2,3.13,3.14,3.16,3.18,3.2,,
2019-04-10T00:00:00+00:00,1.58,1.54,1.5,1.75,2.0,2.25,2.5,2.42,2.33,2.24,2.15,2.1,2.06,2.02,1.98,1.92,1.85,1.78,1.72,1.78,1.85,1.91,1.97,1.85,1.73,1.61,1.49,1.72,1.96,2.19,2.43,2.85,3.27,3.69,4.11,4.0,3.88,3.77,3.65,3.6,3.55,3.5,3.45,3.45,3.45,3.45,3.45,3.48,3.52,3.55,3.58,3.54,3.51,3.47,3.43,3.57,3.71,3.85,3.99,4.16,4.34,4.51,4.68,4.64,4.6,4.56,4.52,4.63,4.74,4.85,4.97,4.86,4.75,4.64,4.53,4.5,4.46,4.42,4.39,4.41,4.44,4.46,4.48,4.54,4.6,4.66,4.72,4.64,4.55,4.46,4.37,4.24,4.12,3.99,3.86,3.88,3.91,3.93,3.96,4.01,4.06,4.11,4.16,4.19,4.22,4.25,4.28,4.3,4.32,4.34,4.36,4.23,4.1,3.97,3.84,3.76,3.68,3.61,3.53,3.48,3.43,3.39,3.34,3.33,3.33,3.32,3.32,3.4,3.47,3.55,3.62,3.74,3.85,3.96,4.08,4.12,4.17,4.21,4.26,4.33,4.4,4.48,4.55,4.55,4.54,4.54,4.53,4.54,4.56,4.57,4.59,4.62,4.65,4.69,4.72,4.7,4.68,4.66,4.64,4.6,4.56,4.52,4.48,,
2019-04-11T00:00:00+00:00,3.82,3.77,3.72,3.75,3.77,3.8,3.82,3.83,3.84,3.84,3.85,3.79,3.72,3.65,3.59,3.54,3.5,3.45,3.41,3.44,3.47,3.51,3.54,3.66,3.77,3.89,4.01,3.96,3.91,3.86,3.81,3.8,3.78,3.77,3.75,3.82,3.89,3.96,4.02,4.02,4.01,4.01,4.0,4.05,4.1,4.14,4.19,4.24,4.29,4.34,4.38,4.45,4.52,4.58,4.65,4.68,4.72,4.76,4.8,4.72,4.65,4.58,4.5,4.46,4.42,4.38,4.34,4.34,4.35,4.35,4.36,4.32,4.27,4.23,4.19,4.14,4.1,4.06,4.01,4.01,4.0,3.99,3.99,4.05,4.11,4.17,4.22,4.17,4.11,4.05,3.99,3.89,3.8,3.71,3.61,3.44,3.26,3.09,2.92,2.86,2.81,2.76,2.7,2.6,2.5,2.4,2.31,2.23,2.14,2.06,1.98,2.03,2.08,2.13,2.18,2.26,2.34,2.42,2.5,2.66,2.81,2.96,3.11,3.23,3.36,3.48,3.6,3.61,3.61,3.61,3.62,3.57,3.53,3.48,3.44,3.48,3.51,3.55,3.59,3.61,3.64,3.66,3.68,3.78,3.89,3.99,4.09,4.15,4.2,4.26,4.32,4.32,4.33,4.33,4.34,4.28,4.23,4.17,4.12,4.01,3.9,3.79,3.68,,
2019-04-12T00:00:00+00:00,3.55,3.45,3.35,3.26,3.17,3.08,2.99,2.93,2.87,2.81,2.75,2.75,2.75,2.75,2.75,2.7,2.65,2.6,2.55,2.56,2.58,2.59,2.6,2.68,2.76,2.85,2.93,3.3,3.68,4.06,4.43,4.35,4.27,4.19,4.1,4.16,4.21,4.26,4.32,4.28,4.25,4.21,4.17,4.16,4.15,4.14,4.13,4.12,4.1,4.09,4.07,4.13,4.18,4.24,4.29,4.34,4.38,4.43,4.48,4.41,4.34,4.28,4.21,4.14,4.07,3.99,3.92,3.92,3.92,3.92,3.92,3.82,3.72,3.62,3.53,3.43,3.34,3.25,3.15,3.21,3.27,3.32,3.38,3.46,3.54,3.62,3.69,3.66,3.63,3.6,3.57,3.52,3.46,3.41,3.35,3.31,3.27,3.23,3.18,3.26,3.34,3.42,3.5,3.45,3.41,3.36,3.31,3.3,3.29,3.28,3.26,3.25,3.24,3.22,3.21,3.27,3.33,3.4,3.46,3.45,3.44,3.44,3.43,3.63,3.83,4.03,4.23,4.26,4.29,4.32,4.34,4.42,4.49,4.56,4.63,4.56,4.5,4.44,4.38,4.32,4.27,4.22,4.16,4.16,4.16,4.16,4.16,4.21,4.25,4.3,4.35,4.45,4.54,4.64,4.73,4.76,4.79,4.82,4.85,4.78,4.7,4.62,4.54,,
2019-04-13T00:00:00+00:00,2.49,2.62,2.75,2.8,2.86,2.92,2.97,2.92,2.87,2.82,2.76,2.78,2.79,2.8,2.82,2.95,3.08,3.22,3.35,3.28,3.2,3.12,3.05,3.43,3.82,4.21,4.6,4.67,4.74,4.81,4.89,4.96,5.03,5.11,5.18,5.1,5.01,4.93,4.85,4.89,4.94,4.98,5.03,5.0,4.96,4.93,4.9,4.87,4.84,4.81,4.78,4.73,4.67,4.61,4.55,4.62,4.69,4.76,4.83,4.79,4.76,4.73,4.7,4.55,4.41,4.26,4.12,4.05,3.98,3.91,3.84,3.71,3.58,3.45,3.33,3.2,3.07,2.95,2.82,2.94,3.06,3.17,3.29,3.29,3.29,3.29,3.29,3.08,2.87,2.65,2.44,2.57,2.69,2.81,2.93,2.93,2.93,2.93,2.93,2.72,2.5,2.29,2.08,2.14,2.2,2.25,2.31,2.28,2.25,2.22,2.19,2.17,2.15,2.13,2.11,2.14,2.17,2.19,2.22,2.22,2.22,2.22,2.22,2.45,2.68,2.92,3.15,3.09,3.04,2.98,2.92,2.9,2.88,2.85,2.83,2.99,3.15,3.31,3.46,3.52,3.58,3.64,3.7,3.7,3.69,3.69,3.69,3.7,3.7,3.7,3.71,3.77,3.83,3.89,3.95,3.83,3.72,3.6,3.49,3.39,3.29,3.2,3.1,,
2019-04-14T00:00:00+00:00,2.62,2.45,2.27,2.11,1.95,1.78,1.62,1.73,1.83,1.93,2.04,2.15,2.27,2.38,2.5,2.46,2.42,2.38,2.33,2.3,2.27,2.24,2.21,2.28,2.34,2.4,2.46,2.55,2.63,2.71,2.79,2.83,2.87,2.92,2.96,2.92,2.88,2.84,2.8,2.67,2.54,2.42,2.29,2.37,2.45,2.53,2.61,2.74,2.88,3.01,3.15,3.16,3.18,3.2,3.21,3.26,3.31,3.36,3.41,3.33,3.25,3.17,3.09,3.18,3.27,3.37,3.46,3.44,3.43,3.41,3.4,3.23,3.06,2.89,2.72,2.72,2.73,2.73,2.74,2.61,2.48,2.36,2.23,2.18,2.14,2.09,2.04,2.11,2.18,2.24,2.31,2.34,2.36,2.39,2.42,2.45,2.48,2.52,2.55,2.56,2.57,2.59,2.6,2.55,2.51,2.46,2.42,2.4,2.39,2.37,2.35,2.32,2.29,2.26,2.23,2.32,2.4,2.49,2.58,2.66,2.75,2.84,2.93,3.07,3.21,3.36,3.5,3.76,4.02,4.29,4.55,4.68,4.81,4.94,5.07,5.13,5.19,5.25,5.31,5.3,5.29,5.28,5.27,5.2,5.14,5.07,5.01,4.97,4.93,4.89,4.85,4.88,4.9,4.92,4.94,4.89,4.84,4.79,4.74,4.63,4.52,4.42,4.31,,
2019-04-15T00:00:00+00:00,1.93,1.91,1.88,2.02,2.17,2.31,2.45,2.33,2.21,2.09,1.97,2.02,2.07,2.12,2.17,2.36,2.54,2.73,2.92,2.96,3.01,3.06,3.11,3.17,3.23,3.29,3.35,3.49,3.62,3.76,3.89,4.15,4.41,4.67,4.92,4.99,5.05,5.11,5.18,5.08,4.99,4.9,4.81,4.83,4.84,4.86,4.88,5.03,5.19,5.34,5.49,5.39,5.28,5.18,5.07,5.01,4.94,4.88,4.81,4.81,4.81,4.81,4.81,4.65,4.48,4.31,4.14,4.07,4.0,3.92,3.85,3.74,3.63,3.51,3.4,3.47,3.53,3.6,3.67,3.76,3.85,3.94,4.03,3.65,3.28,2.91,2.53,2.48,2.43,2.38,2.33,2.29,2.24,2.19,2.14,2.13,2.12,2.12,2.11,2.0,1.89,1.78,1.67,1.45,1.24,1.02,0.81,0.71,0.61,0.5,0.4,0.62,0.84,1.06,1.28,1.69,2.1,2.5,2.91,2.9,2.89,2.88,2.87,2.8,2.73,2.66,2.59,2.48,2.37,2.25,2.14,2.08,2.03,1.97,1.91,2.18,2.44,2.71,2.97,2.79,2.61,2.42,2.24,2.18,2.12,2.07,2.01,1.9,1.78,1.67,1.56,1.56,1.57,1.57,1.57,1.58,1.59,1.59,1.6,1.61,1.63,1.64,1.66,,
2019-04-16T00:00:00+00:00,1.52,1.52,1.52,1.4,1.29,1.17,1.06,1.13,1.19,1.26,1.33,1.76,2.18,2.61,3.04,2.89,2.74,2.59,2.43,2.48,2.53,2.58,2.63,2.56,2.49,2.42,2.34,2.38,2.42,2.46,2.5,2.38,2.27,2.16,2.05,2.16,2.27,2.38,2.49,2.53,2.58,2.63,2.68,2.57,2.46,2.36,2.25,2.3,2.35,2.4,2.46,2.51,2.57,2.63,2.68,2.66,2.63,2.6,2.58,2.78,2.98,3.18,3.38,3.34,3.29,3.25,3.21,3.09,2.97,2.85,2.73,2.49,2.26,2.02,1.79,1.96,2.13,2.3,2.47,2.39,2.31,2.22,2.14,2.0,1.86,1.71,1.57,1.61,1.64,1.68,1.72,1.67,1.62,1.57,1.53,1.36,1.19,1.02,0.85,1.03,1.21,1.39,1.57,1.3,1.04,0.77,0.5,0.72,0.94,1.16,1.38,1.25,1.13,1.0,0.88,1.05,1.23,1.41,1.58,1.46,1.34,1.23,1.11,1.34,1.57,1.8,2.03,1.98,1.93,1.88,1.83,1.88,1.93,1.98,2.03,1.96,1.89,1.82,1.75,1.87,1.99,2.11,2.22,2.41,2.59,2.77,2.95,3.09,3.22,3.35,3.48,3.59,3.69,3.8,3.9,4.02,4.13,4.25,4.36,4.32,4.27,4.23,4.19,,
2019-04-17T00:00:00+00:00,1.53,1.46,1.39,1.19,0.99,0.8,0.6,0.64,0.69,0.74,0.79,0.7,0.61,0.52,0.43,0.53,0.63,0.72,0.82,0.93,1.04,1.15,1.26,1.36,1.46,1.56,1.66,1.53,1.39,1.26,1.12,1.07,1.01,0.96,0.91,1.06,1.21,1.36,1.52,1.56,1.59,1.63,1.67,1.64,1.6,1.56,1.52,1.93,2.33,2.73,3.14,3.3,3.46,3.62,3.78,3.74,3.7,3.67,3.63,3.76,3.9,4.03,4.17,4.09,4.0,3.92,3.84,3.75,3.65,3.56,3.47,3.42,3.37,3.32,3.27,3.27,3.28,3.28,3.28,3.43,3.58,3.73,3.88,3.67,3.46,3.24,3.03,2.93,2.84,2.74,2.65,2.75,2.85,2.95,3.05,2.96,2.87,2.79,2.7,2.76,2.82,2.88,2.94,2.97,3.0,3.03,3.07,3.01,2.96,2.91,2.85,2.85,2.85,2.86,2.86,2.85,2.84,2.83,2.83,2.95,3.08,3.2,3.33,3.37,3.41,3.46,3.5,3.6,3.7,3.8,3.91,4.01,4.11,4.21,4.31,4.51,4.71,4.91,5.11,5.13,5.15,5.17,5.19,5.26,5.33,5.4,5.46,5.37,5.27,5.17,5.07,5.05,5.04,5.02,5.01,4.94,4.88,4.81,4.74,4.63,4.52,4.41,4.3,,
2019-04-18T00:00:00+00:00,3.15,3.04,2.94,3.03,3.12,3.22,3.31,3.27,3.23,3.2,3.16,3.29,3.42,3.56,3.69,3.34,3.0,2.65,2.31,2.46,2.61,2.77,2.92,2.87,2.82,2.77,2.72,2.64,2.56,2.48,2.4,2.35,2.3,2.25,2.2,2.5,2.79,3.09,3.39,3.64,3.88,4.13,4.38,4.48,4.59,4.69,4.8,4.76,4.73,4.69,4.65,4.65,4.64,4.63,4.63,4.55,4.47,4.39,4.31,4.38,4.45,4.52,4.59,4.42,4.24,4.06,3.88,3.84,3.79,3.74,3.7,3.73,3.76,3.79,3.82,3.8,3.78,3.76,3.73,3.77,3.81,3.84,3.88,3.72,3.57,3.41,3.25,3.19,3.14,3.08,3.02,3.05,3.08,3.11,3.15,3.15,3.16,3.17,3.18,3.16,3.13,3.11,3.09,3.12,3.15,3.17,3.2,3.15,3.1,3.05,3.0,3.06,3.11,3.17,3.22,3.22,3.21,3.2,3.19,3.09,2.99,2.89,2.8,2.81,2.81,2.82,2.83,2.92,3.0,3.08,3.16,3.2,3.23,3.27,3.3,3.37,3.44,3.5,3.57,3.69,3.81,3.93,4.05,4.04,4.03,4.03,4.02,3.99,3.96,3.92,3.89,3.93,3.97,4.01,4.05,4.09,4.14,4.19,4.23,3.61,2.99,2.37,1.75,,
2019-04-19T00:00:00+00:00,2.99,2.93,2.87,2.77,2.68,2.58,2.49,2.38,2.28,2.17,2.06,1.98,1.91,1.83,1.75,1.81,1.86,1.92,1.97,1.89,1.8,1.72,1.63,1.59,1.54,1.49,1.45,1.37,1.3,1.23,1.16,1.1,1.03,0.97,0.91,1.19,1.47,1.75,2.02,2.03,2.03,2.04,2.05,1.85,1.65,1.45,1.25,1.39,1.52,1.65,1.78,1.76,1.75,1.74,1.72,1.68,1.65,1.61,1.57,1.72,1.87,2.02,2.17,2.34,2.52,2.69,2.87,2.41,1.95,1.5,1.04,1.21,1.38,1.55,1.71,1.9,2.08,2.27,2.45,2.77,3.08,3.4,3.72,3.41,3.1,2.8,2.49,2.43,2.37,2.31,2.25,2.41,2.56,2.71,2.87,2.67,2.46,2.26,2.06,2.27,2.47,2.68,2.88,2.88,2.88,2.87,2.87,2.95,3.03,3.11,3.19,3.35,3.51,3.67,3.84,3.88,3.93,3.98,4.03,3.95,3.88,3.8,3.73,3.86,3.99,4.13,4.26,4.16,4.06,3.96,3.86,3.85,3.84,3.83,3.82,3.73,3.65,3.56,3.47,3.34,3.21,3.09,2.96,3.58,4.2,4.82,5.44,4.52,3.6,2.69,1.77,2.3,2.84,3.37,3.91,4.23,4.56,4.88,5.21,5.17,5.14,5.1,5.06,,
2019-04-20T00:00:00+00:00,2.82,2.44,2.05,2.11,2.17,2.23,2.29,2.27,2.25,2.22,2.2,2.43,2.67,2.9,3.13,3.1,3.07,3.04,3.01,2.99,2.97,2.95,2.93,3.01,3.08,3.16,3.24,3.19,3.15,3.1,3.05,3.21,3.37,3.53,3.68,3.83,3.97,4.11,4.26,4.54,4.83,5.12,5.4,5.29,5.17,5.05,4.94,4.83,4.71,4.6,4.49,4.41,4.33,4.25,4.17,4.36,4.55,4.73,4.92,4.85,4.79,4.72,4.66,4.58,4.51,4.43,4.35,4.26,4.16,4.07,3.97,3.84,3.7,3.56,3.42,3.27,3.11,2.96,2.81,2.83,2.85,2.87,2.89,2.97,3.04,3.12,3.2,3.22,3.24,3.26,3.28,3.2,3.12,3.04,2.96,2.87,2.78,2.69,2.59,2.45,2.31,2.17,2.03,1.99,1.94,1.89,1.84,1.96,2.07,2.19,2.31,2.3,2.28,2.27,2.26,2.3,2.34,2.38,2.43,2.45,2.48,2.5,2.53,2.6,2.67,2.74,2.81,2.87,2.92,2.98,3.04,3.34,3.64,3.94,4.24,4.13,4.03,3.92,3.81,3.79,3.77,3.74,3.72,3.77,3.82,3.87,3.92,3.89,3.85,3.82,3.79,3.82,3.85,3.89,3.92,3.95,3.98,4.01,4.05,4.0,3.96,3.92,3.87,,
2019-04-21T00:00:00+00:00,2.56,2.57,2.59,2.69,2.78,2.88,2.98,2.97,2.97,2.96,2.95,2.9,2.84,2.79,2.74,2.74,2.74,2.74,2.75,2.72,2.69,2.66,2.63,2.57,2.51,2.44,2.38,2.31,2.24,2.17,2.09,2.12,2.15,2.17,2.2,2.28,2.36,2.44,2.52,2.71,2.9,3.09,3.28,3.55,3.82,4.08,4.35,4.33,4.31,4.28,4.26,4.14,4.02,3.9,3.78,3.7,3.62,3.53,3.45,3.44,3.43,3.43,3.42,3.27,3.13,2.98,2.83,2.63,2.43,2.23,2.03,1.93,1.83,1.73,1.63,1.55,1.48,1.4,1.33,1.39,1.46,1.52,1.58,1.61,1.64,1.67,1.69,1.59,1.49,1.39,1.29,1.5,1.71,1.92,2.13,2.53,2.93,3.33,3.73,3.69,3.66,3.62,3.59,3.46,3.33,3.2,3.07,3.08,3.09,3.1,3.1,2.86,2.62,2.38,2.13,1.81,1.48,1.15,0.83,1.03,1.24,1.44,1.65,1.61,1.57,1.53,1.49,1.34,1.2,1.05,0.9,1.01,1.12,1.23,1.34,1.63,1.92,2.21,2.5,2.49,2.48,2.47,2.45,2.62,2.78,2.94,3.1,3.03,2.95,2.88,2.8,2.82,2.83,2.84,2.85,2.89,2.93,2.97,3.01,3.09,3.17,3.25,3.34,,
2019-04-22T00:00:00+00:00,0.94,1.06,1.18,1.09,1.0,0.91,0.82,0.83,0.84,0.85,0.86,0.8,0.74,0.68,0.61,0.57,0.53,0.48,0.44,0.54,0.65,0.75,0.86,0.83,0.79,0.76,0.73,0.75,0.77,0.8,0.82,1.11,1.39,1.67,1.96,1.87,1.79,1.71,1.62,1.32,1.03,0.73,0.43,0.37,0.31,0.25,0.19,0.97,1.75,2.53,3.31,3.36,3.41,3.46,3.51,3.57,3.64,3.7,3.77,3.78,3.8,3.81,3.83,3.68,3.54,3.4,3.25,3.13,3.01,2.89,2.76,2.46,2.15,1.84,1.54,1.51,1.47,1.44,1.41,1.41,1.4,1.39,1.39,1.2,1.01,0.82,0.63,0.72,0.81,0.9,1.0,1.09,1.19,1.28,1.38,1.5,1.62,1.75,1.87,1.86,1.84,1.83,1.82,1.8,1.78,1.76,1.74,1.95,2.16,2.37,2.58,2.55,2.53,2.5,2.48,2.31,2.14,1.97,1.8,1.73,1.67,1.61,1.55,1.53,1.51,1.5,1.48,1.44,1.39,1.35,1.3,1.41,1.52,1.63,1.74,1.88,2.01,2.15,2.29,2.57,2.86,3.14,3.43,3.45,3.47,3.49,3.51,3.71,3.91,4.11,4.31,3.56,2.82,2.07,1.32,1.31,1.3,1.3,1.29,1.57,1.85,2.14,2.42,,
2019-04-23T00:00:00+00:00,1.98,2.07,2.16,2.15,2.13,2.11,2.09,1.83,1.58,1.32,1.07,1.26,1.45,1.64,1.83,1.65,1.47,1.29,1.11,1.35,1.6,1.85,2.1,1.94,1.77,1.61,1.44,1.29,1.14,0.98,0.83,0.89,0.95,1.02,1.08,1.24,1.41,1.58,1.75,1.78,1.82,1.85,1.89,1.9,1.91,1.93,1.94,2.0,2.05,2.11,2.17,2.23,2.3,2.37,2.44,2.21,1.97,1.74,1.51,1.96,2.42,2.88,3.34,3.15,2.97,2.79,2.61,2.52,2.43,2.34,2.25,2.42,2.6,2.78,2.96,2.99,3.02,3.05,3.08,2.87,2.67,2.47,2.27,2.3,2.33,2.36,2.38,2.43,2.48,2.53,2.57,2.83,3.09,3.34,3.6,3.71,3.81,3.92,4.03,4.08,4.13,4.19,4.24,4.16,4.07,3.99,3.91,4.02,4.14,4.26,4.37,4.24,4.11,3.98,3.85,4.27,4.7,5.13,5.56,5.58,5.61,5.63,5.66,6.01,6.37,6.73,7.08,7.71,8.33,8.95,9.58,8.93,8.28,7.64,6.99,7.24,7.5,7.75,8.01,7.86,7.72,7.57,7.43,7.04,6.65,6.27,5.88,5.72,5.56,5.4,5.25,5.04,4.84,4.63,4.43,4.59,4.75,4.91,5.08,4.95,4.82,4.69,4.56,,
2019-04-24T00:00:00+00:00,2.91,2.99,3.07,3.09,3.12,3.14,3.16,3.23,3.29,3.36,3.42,3.5,3.59,3.67,3.76,4.3,4.84,5.38,5.92,6.04,6.15,6.27,6.38,6.21,6.05,5.88,5.71,5.37,5.02,4.68,4.34,4.33,4.32,4.31,4.31,4.39,4.48,4.57,4.65,4.4,4.15,3.9,3.65,4.04,4.42,4.8,5.18,5.05,4.92,4.79,4.66,4.62,4.57,4.53,4.49,4.59,4.68,4.78,4.88,4.83,4.79,4.74,4.69,4.38,4.07,3.75,3.44,3.13,2.81,2.5,2.18,2.21,2.24,2.27,2.3,2.59,2.88,3.17,3.47,3.69,3.91,4.14,4.36,4.18,3.99,3.81,3.63,3.63,3.63,3.63,3.63,3.83,4.04,4.24,4.45,4.68,4.92,5.15,5.39,5.68,5.97,6.25,6.54,6.32,6.09,5.87,5.64,5.33,5.01,4.7,4.38,4.39,4.4,4.41,4.42,4.28,4.14,4.0,3.87,4.05,4.23,4.41,4.59,4.52,4.45,4.38,4.32,4.4,4.48,4.56,4.65,4.83,5.02,5.21,5.4,5.45,5.5,5.56,5.61,5.51,5.42,5.32,5.23,5.08,4.93,4.77,4.62,4.78,4.94,5.1,5.26,4.94,4.62,4.3,3.98,4.1,4.23,4.35,4.48,3.9,3.32,2.73,2.15,,
2019-04-25T00:00:00+00:00,4.69,4.42,4.15,4.24,4.33,4.42,4.51,4.42,4.32,4.23,4.13,4.51,4.89,5.27,5.65,5.76,5.87,5.97,6.08,5.28,4.47,3.67,2.86,3.07,3.28,3.49,3.7,3.64,3.59,3.53,3.48,3.73,3.97,4.22,4.46,4.4,4.33,4.27,4.2,4.22,4.25,4.27,4.29,4.2,4.12,4.03,3.94,3.99,4.03,4.08,4.12,4.17,4.21,4.26,4.3,4.05,3.79,3.54,3.28,3.15,3.02,2.89,2.76,2.55,2.34,2.13,1.93,2.13,2.33,2.54,2.74,2.71,2.67,2.64,2.61,2.67,2.73,2.79,2.85,2.99,3.12,3.26,3.4,3.49,3.58,3.66,3.75,3.64,3.53,3.42,3.31,3.19,3.07,2.95,2.82,2.74,2.65,2.56,2.47,2.5,2.52,2.54,2.57,2.32,2.07,1.82,1.57,1.59,1.6,1.61,1.62,1.56,1.49,1.43,1.37,1.28,1.19,1.1,1.01,1.21,1.41,1.61,1.81,1.92,2.04,2.15,2.26,2.3,2.34,2.37,2.41,2.56,2.7,2.85,2.99,3.24,3.48,3.72,3.96,3.91,3.85,3.8,3.74,3.66,3.58,3.5,3.42,3.67,3.92,4.17,4.42,4.73,5.04,5.35,5.66,5.1,4.55,3.99,3.44,3.34,3.25,3.16,3.07,,
2019-04-26T00:00:00+00:00,3.93,3.94,3.95,3.59,3.24,2.88,2.53,2.64,2.76,2.88,2.99,2.56,2.14,1.71,1.28,1.46,1.63,1.81,1.99,1.85,1.72,1.59,1.46,1.59,1.73,1.87,2.0,1.99,1.98,1.96,1.95,2.08,2.2,2.33,2.46,2.67,2.88,3.09,3.3,3.66,4.03,4.39,4.76,4.75,4.74,4.73,4.73,4.69,4.65,4.61,4.57,4.64,4.71,4.78,4.84,4.61,4.37,4.14,3.9,3.98,4.06,4.15,4.23,4.12,4.01,3.9,3.78,3.55,3.32,3.09,2.85,2.9,2.94,2.98,3.03,3.3,3.58,3.86,4.13,4.28,4.43,4.57,4.72,5.08,5.44,5.8,6.16,5.93,5.69,5.46,5.22,5.27,5.32,5.37,5.41,5.53,5.65,5.76,5.88,5.85,5.82,5.78,5.75,6.14,6.53,6.92,7.32,7.02,6.72,6.42,6.12,6.13,6.14,6.15,6.16,6.27,6.38,6.48,6.59,6.88,7.16,7.45,7.74,7.21,6.67,6.14,5.6,6.21,6.82,7.43,8.04,8.36,8.68,9.0,9.33,8.73,8.13,7.53,6.93,7.03,7.13,7.23,7.34,7.18,7.03,6.88,6.73,6.46,6.2,5.93,5.67,6.04,6.41,6.78,7.15,6.5,5.84,5.19,4.53,4.62,4.7,4.78,4.86,,
2019-04-27T00:00:00+00:00
2019-04-28T00:00:00+00:00,3.65,3.55,3.46,3.55,3.65,3.75,3.85,3.83,3.81,3.79,3.77,3.86,3.96,4.05,4.14,4.08,4.02,3.96,3.9,3.94,3.97,4.01,4.05,4.1,4.16,4.21,4.26,4.19,4.11,4.03,3.96,4.0,4.05,4.1,4.14,4.09,4.04,3.98,3.93,4.47,5.02,5.56,6.1,5.82,5.53,5.25,4.96,4.97,4.97,4.98,4.98,4.96,4.93,4.9,4.87,4.91,4.95,4.99,5.03,4.95,4.88,4.81,4.74,4.57,4.39,4.21,4.04,3.86,3.69,3.52,3.34,3.16,2.97,2.78,2.59,2.47,2.34,2.22,2.1,2.14,2.18,2.23,2.27,2.34,2.41,2.48,2.56,2.5,2.45,2.39,2.34,2.18,2.03,1.87,1.71,1.74,1.77,1.79,1.82,1.77,1.71,1.65,1.6,1.61,1.62,1.63,1.64,1.57,1.5,1.42,1.35,1.33,1.31,1.29,1.27,1.21,1.14,1.08,1.01,1.15,1.29,1.43,1.57,1.62,1.67,1.72,1.77,1.77,1.78,1.78,1.79,1.72,1.66,1.6,1.54,1.52,1.5,1.48,1.46,1.54,1.62,1.71,1.79,1.87,1.94,2.02,2.1,2.19,2.28,2.37,2.46,2.55,2.65,2.74,2.84,2.83,2.82,2.81,2.81,2.82,2.83,2.85,2.86,,
2019-04-29T00:00:00+00:00,2.57,2.59,2.61,2.48,2.34,2.21,2.08,1.86,1.64,1.42,1.2,1.28,1.36,1.43,1.51,1.39,1.26,1.14,1.02,0.92,0.82,0.72,0.63,0.97,1.31,1.65,2.0,2.06,2.13,2.19,2.26,2.08,1.9,1.72,1.54,1.54,1.55,1.55,1.55,1.55,1.54,1.53,1.52,1.43,1.34,1.25,1.16,1.16,1.16,1.17,1.17,1.25,1.34,1.42,1.5,1.92,2.34,2.75,3.17,3.2,3.24,3.27,3.3,3.27,3.24,3.2,3.17,3.16,3.15,3.14,3.13,3.05,2.97,2.9,2.82,2.66,2.5,2.33,2.17,2.06,1.95,1.83,1.72,1.75,1.78,1.81,1.84,1.87,1.9,1.93,1.96,1.9,1.84,1.79,1.73,1.8,1.88,1.95,2.03,1.92,1.81,1.7,1.59,1.61,1.63,1.65,1.67,1.69,1.71,1.73,1.76,1.66,1.57,1.48,1.39,1.37,1.34,1.32,1.3,1.33,1.36,1.38,1.41,1.67,1.93,2.18,2.44,2.54,2.63,2.72,2.82,2.86,2.9,2.94,2.98,3.06,3.14,3.22,3.31,3.29,3.28,3.26,3.25,3.25,3.25,3.24,3.24,3.2,3.16,3.12,3.08,3.09,3.09,3.1,3.11,3.19,3.26,3.34,3.42,3.23,3.04,2.85,2.65,,
2019-04-30T00:00:00+00:00,2.01,1.92,1.84,1.88,1.92,1.96,2.0,1.94,1.88,1.82,1.76,1.78,1.81,1.83,1.85,1.78,1.71,1.64,1.57,1.74,1.91,2.07,2.24,2.14,2.03,1.93,1.82,1.99,2.17,2.34,2.51,2.61,2.72,2.82,2.93,3.12,3.32,3.51,3.71,3.72,3.73,3.75,3.76,3.71,3.65,3.6,3.55,3.48,3.41,3.34,3.27,3.22,3.17,3.12,3.07,3.02,2.98,2.94,2.89,2.89,2.89,2.89,2.89,2.97,3.06,3.14,3.23,3.24,3.25,3.26,3.27,3.08,2.9,2.71,2.52,2.45,2.39,2.32,2.25,2.21,2.16,2.12,2.08,2.08,2.08,2.08,2.08,2.07,2.06,2.05,2.04,1.98,1.92,1.87,1.81,1.73,1.66,1.58,1.5,1.51,1.53,1.54,1.56,1.48,1.41,1.33,1.26,1.24,1.22,1.2,1.18,1.19,1.21,1.22,1.23,1.22,1.2,1.19,1.18,1.12,1.07,1.02,0.97,0.88,0.79,0.7,0.61,0.67,0.73,0.79,0.85,0.94,1.04,1.14,1.23,1.3,1.37,1.44,1.51,1.6,1.69,1.78,1.87,2.03,2.18,2.34,2.49,2.61,2.72,2.84,2.95,2.95,2.94,2.94,2.94,3.14,3.35,3.55,3.75,3.57,3.38,3.2,3.01,,
2019-05-01T00:00:00+00:00,2.35,2.36,2.38,2.35,2.32,2.29,2.26,2.17,2.08,2.0,1.91,1.63,1.35,1.07,0.79,0.83,0.87,0.91,0.95,0.91,0.86,0.82,0.77,0.86,0.94,1.02,1.11,1.04,0.97,0.9,0.83,0.82,0.8,0.79,0.78,0.86,0.94,1.01,1.09,1.15,1.21,1.27,1.33,1.48,1.63,1.79,1.94,2.11,2.29,2.47,2.64,2.67,2.7,2.73,2.77,2.79,2.82,2.84,2.87,2.89,2.92,2.94,2.97,2.82,2.67,2.52,2.38,2.38,2.38,2.39,2.39,2.54,2.68,2.83,2.97,2.98,2.99,2.99,3.0,3.08,3.16,3.24,3.32,3.18,3.03,2.89,2.75,2.79,2.83,2.87,2.91,3.06,3.2,3.35,3.49,3.36,3.22,3.09,2.95,3.03,3.1,3.18,3.26,3.14,3.03,2.91,2.8,2.74,2.68,2.62,2.56,2.59,2.62,2.65,2.68,2.63,2.59,2.55,2.51,2.58,2.65,2.72,2.79,3.01,3.22,3.44,3.66,3.64,3.63,3.62,3.6,3.45,3.3,3.16,3.01,3.06,3.11,3.16,3.22,3.58,3.95,4.32,4.69,4.94,5.19,5.45,5.7,5.43,5.16,4.9,4.63,4.61,4.59,4.57,4.56,4.68,4.81,4.93,5.05,4.78,4.51,4.24,3.97,,
2019-05-02T00:00:00+00:00,2.78,2.83,2.87,3.01,3.14,3.28,3.41,3.39,3.37,3.35,3.33,3.26,3.19,3.12,3.05,2.95,2.85,2.75,2.65,2.74,2.82,2.91,3.0,3.0,3.0,3.0,3.0,3.06,3.13,3.19,3.26,3.38,3.5,3.63,3.75,3.47,3.2,2.93,2.66,2.84,3.02,3.2,3.38,3.32,3.27,3.22,3.16,3.22,3.28,3.34,3.4,3.8,4.2,4.6,5.0,4.55,4.11,3.66,3.22,3.22,3.22,3.22,3.22,3.41,3.6,3.79,3.98,3.89,3.8,3.72,3.63,3.17,2.7,2.23,1.77,2.05,2.33,2.6,2.88,2.73,2.58,2.43,2.28,2.3,2.32,2.34,2.36,2.23,2.1,1.97,1.84,1.88,1.93,1.98,2.03,1.9,1.78,1.65,1.53,1.67,1.81,1.96,2.1,1.95,1.79,1.64,1.48,1.71,1.93,2.16,2.38,2.08,1.78,1.48,1.18,1.36,1.54,1.71,1.89,1.76,1.64,1.51,1.38,1.33,1.27,1.21,1.15,1.56,1.96,2.37,2.77,2.52,2.27,2.02,1.77,1.62,1.47,1.32,1.16,1.5,1.84,2.18,2.52,2.51,2.49,2.48,2.46,2.57,2.67,2.77,2.88,2.77,2.65,2.54,2.43,2.79,3.14,3.5,3.85,3.32,2.8,2.27,1.74,,
2019-05-03T00:00:00+00:00,2.28,2.25,2.22,2.25,2.29,2.32,2.35,2.43,2.51,2.59,2.68,2.58,2.48,2.38,2.28,2.27,2.26,2.24,2.23,2.23,2.24,2.24,2.24,2.37,2.5,2.62,2.75,2.55,2.35,2.15,1.95,1.78,1.6,1.42,1.25,1.37,1.49,1.62,1.74,1.73,1.72,1.71,1.7,1.78,1.87,1.95,2.03,2.32,2.6,2.88,3.17,2.84,2.52,2.19,1.87,2.17,2.47,2.76,3.06,3.23,3.4,3.57,3.74,3.56,3.38,3.2,3.02,2.8,2.57,2.34,2.11,2.44,2.76,3.09,3.42,3.24,3.06,2.89,2.71,2.52,2.33,2.14,1.95,2.07,2.19,2.31,2.43,2.61,2.8,2.98,3.17,3.09,3.01,2.94,2.86,2.87,2.87,2.88,2.89,3.06,3.23,3.4,3.57,3.53,3.5,3.46,3.42,3.48,3.54,3.6,3.67,4.11,4.56,5.01,5.46,5.28,5.1,4.93,4.75,4.56,4.37,4.18,3.99,4.0,4.01,4.02,4.03,3.89,3.76,3.62,3.49,3.48,3.47,3.46,3.45,3.64,3.82,4.01,4.19,4.7,5.21,5.73,6.24,6.48,6.71,6.95,7.19,7.15,7.11,7.07,7.03,6.65,6.26,5.88,5.5,5.19,4.88,4.57,4.27,4.21,4.16,4.11,4.05,,
2019-05-04T00:00:00+00:00,3.13,3.2,3.27,3.23,3.18,3.14,3.09,3.08,3.07,3.06,3.04,3.15,3.26,3.36,3.47,3.26,3.05,2.84,2.63,3.5,4.37,5.24,6.11,5.7,5.28,4.87,4.46,4.49,4.52,4.55,4.58,4.45,4.32,4.2,4.07,3.59,3.12,2.64,2.17,2.39,2.61,2.83,3.05,2.83,2.61,2.39,2.17,3.03,3.89,4.76,5.62,5.68,5.75,5.81,5.87,5.99,6.1,6.22,6.33,6.16,6.0,5.83,5.67,5.66,5.66,5.66,5.65,5.71,5.77,5.82,5.88,5.64,5.4,5.17,4.93,4.8,4.67,4.53,4.4,4.37,4.34,4.31,4.27,3.99,3.7,3.42,3.14,3.03,2.93,2.83,2.73,2.79,2.85,2.9,2.96,3.03,3.1,3.17,3.25,3.46,3.66,3.87,4.08,4.0,3.92,3.84,3.76,3.73,3.7,3.67,3.64,3.61,3.58,3.55,3.53,3.44,3.36,3.28,3.2,3.38,3.55,3.73,3.91,4.01,4.1,4.2,4.29,4.97,5.64,6.31,6.98,6.19,5.4,4.6,3.81,4.01,4.2,4.4,4.6,4.41,4.23,4.04,3.86,3.71,3.56,3.4,3.25,3.58,3.92,4.25,4.58,4.3,4.03,3.75,3.47,3.65,3.84,4.02,4.2,4.08,3.96,3.84,3.72,,
2019-05-05T00:00:00+00:00,3.81,3.84,3.87,3.81,3.75,3.69,3.63,3.53,3.43,3.32,3.22,3.26,3.3,3.34,3.38,3.4,3.41,3.42,3.43,3.57,3.72,3.86,4.0,3.99,3.98,3.98,3.97,4.08,4.2,4.31,4.42,4.23,4.04,3.85,3.66,3.73,3.8,3.87,3.94,3.63,3.31,3.0,2.68,3.3,3.92,4.54,5.16,4.77,4.39,4.0,3.61,3.66,3.72,3.78,3.83,3.75,3.68,3.6,3.52,3.4,3.28,3.17,3.05,3.2,3.36,3.52,3.67,3.67,3.67,3.67,3.66,3.74,3.82,3.9,3.98,3.62,3.25,2.89,2.52,2.31,2.09,1.88,1.66,1.66,1.66,1.65,1.65,1.73,1.81,1.89,1.97,1.98,2.0,2.01,2.03,2.04,2.05,2.06,2.07,1.93,1.79,1.65,1.51,1.5,1.5,1.49,1.48,1.47,1.46,1.45,1.43,1.36,1.29,1.23,1.16,1.09,1.03,0.97,0.9,0.94,0.98,1.01,1.05,1.53,2.01,2.49,2.97,2.79,2.6,2.42,2.23,2.18,2.13,2.08,2.03,2.02,2.01,2.0,1.98,2.11,2.23,2.36,2.48,2.56,2.64,2.71,2.79,2.85,2.92,2.98,3.05,3.04,3.04,3.03,3.03,3.01,2.99,2.97,2.95,2.86,2.76,2.66,2.57,,
2019-05-06T00:00:00+00:00,1.41,1.46,1.51,1.48,1.45,1.42,1.39,1.42,1.45,1.48,1.5,1.57,1.63,1.69,1.75,1.71,1.67,1.62,1.58,1.47,1.37,1.26,1.15,1.13,1.11,1.09,1.06,1.18,1.3,1.43,1.55,1.52,1.49,1.46,1.43,1.39,1.35,1.31,1.27,1.31,1.36,1.4,1.45,1.38,1.32,1.25,1.19,1.46,1.73,2.0,2.27,2.38,2.49,2.59,2.7,2.72,2.73,2.75,2.76,2.73,2.69,2.66,2.62,2.51,2.41,2.3,2.19,1.91,1.62,1.33,1.05,1.04,1.03,1.01,1.0,1.26,1.51,1.77,2.03,1.88,1.73,1.58,1.43,1.54,1.64,1.75,1.85,1.65,1.46,1.26,1.06,1.06,1.06,1.06,1.06,1.05,1.03,1.02,1.01,1.27,1.53,1.8,2.06,1.8,1.53,1.27,1.01,1.04,1.08,1.11,1.14,1.19,1.24,1.28,1.33,1.19,1.06,0.92,0.79,1.04,1.3,1.55,1.81,1.98,2.15,2.33,2.5,2.56,2.63,2.7,2.76,2.76,2.75,2.74,2.74,2.74,2.74,2.75,2.75,2.7,2.65,2.61,2.56,2.65,2.75,2.84,2.94,2.74,2.55,2.35,2.16,2.2,2.25,2.29,2.34,2.4,2.47,2.53,2.6,2.59,2.59,2.59,2.58,,
2019-05-07T00:00:00+00:00,0.92,1.18,1.43,1.26,1.09,0.92,0.75,0.71,0.66,0.61,0.56,0.65,0.74,0.83,0.92,1.15,1.37,1.6,1.83,1.87,1.91,1.95,1.99,2.06,2.13,2.2,2.26,2.32,2.37,2.42,2.48,2.52,2.57,2.61,2.65,2.72,2.78,2.84,2.91,2.8,2.7,2.6,2.49,2.31,2.13,1.95,1.77,1.76,1.74,1.73,1.72,1.93,2.14,2.35,2.56,2.62,2.68,2.74,2.8,2.78,2.77,2.75,2.74,2.62,2.5,2.38,2.27,2.09,1.9,1.72,1.54,1.61,1.68,1.75,1.82,2.03,2.24,2.45,2.66,2.67,2.68,2.69,2.7,2.69,2.68,2.67,2.66,2.72,2.79,2.85,2.92,2.89,2.87,2.85,2.83,3.1,3.37,3.65,3.92,3.79,3.66,3.53,3.4,3.3,3.19,3.08,2.97,3.35,3.72,4.1,4.47,4.56,4.65,4.73,4.82,5.15,5.47,5.79,6.12,6.11,6.11,6.1,6.1,6.1,6.09,6.09,6.09,6.17,6.24,6.32,6.4,6.18,5.97,5.76,5.54,5.44,5.33,5.22,5.11,5.49,5.86,6.23,6.61,6.25,5.89,5.53,5.17,5.52,5.86,6.21,6.56,6.65,6.74,6.82,6.91,6.66,6.4,6.14,5.89,5.89,5.89,5.89,5.89,,
2019-05-08T00:00:00+00:00,3.2,3.35,3.5,3.69,3.89,4.08,4.28,4.16,4.05,3.93,3.81,4.09,4.38,4.66,4.94,4.91,4.88,4.84,4.81,4.61,4.41,4.21,4.01,4.03,4.04,4.05,4.06,3.97,3.89,3.8,3.72,4.46,5.2,5.95,6.69,6.13,5.57,5.01,4.45,4.68,4.9,5.13,5.36,5.4,5.44,5.48,5.52,5.45,5.38,5.3,5.23,5.28,5.33,5.37,5.42,5.17,4.93,4.69,4.44,5.1,5.76,6.43,7.09,6.88,6.67,6.47,6.26,5.84,5.41,4.99,4.56,4.46,4.36,4.26,4.16,4.28,4.4,4.52,4.64,4.69,4.73,4.77,4.81,4.88,4.95,5.02,5.09,5.29,5.49,5.68,5.88,6.19,6.51,6.82,7.13,7.03,6.93,6.83,6.74,7.18,7.62,8.06,8.5,8.15,7.79,7.44,7.08,7.58,8.07,8.57,9.06,8.68,8.29,7.9,7.51,7.13,6.75,6.37,5.99,6.06,6.13,6.19,6.26,5.98,5.71,5.43,5.16,5.32,5.48,5.64,5.8,5.84,5.87,5.91,5.94,6.16,6.37,6.58,6.79,6.85,6.91,6.96,7.02,6.78,6.54,6.3,6.06,5.82,5.57,5.33,5.09,5.25,5.42,5.58,5.75,5.54,5.32,5.11,4.9,4.79,4.68,4.57,4.46,,
2019-05-09T00:00:00+00:00,5.84,5.71,5.59,5.54,5.49,5.44,5.39,5.24,5.09,4.95,4.8,5.2,5.61,6.01,6.41,6.25,6.09,5.93,5.77,5.85,5.93,6.01,6.09,5.76,5.44,5.12,4.79,5.04,5.29,5.54,5.79,5.56,5.33,5.1,4.87,5.1,5.32,5.54,5.77,6.0,6.23,6.46,6.69,6.37,6.06,5.74,5.42,5.38,5.34,5.29,5.25,5.24,5.23,5.21,5.2,5.23,5.26,5.28,5.31,5.38,5.44,5.51,5.57,5.46,5.34,5.23,5.11,4.7,4.29,3.88,3.47,3.12,2.76,2.41,2.06,1.99,1.91,1.84,1.77,1.86,1.95,2.04,2.13,2.38,2.63,2.88,3.13,2.83,2.53,2.24,1.94,2.07,2.21,2.34,2.47,2.37,2.28,2.18,2.08,2.13,2.19,2.24,2.3,2.31,2.33,2.34,2.36,2.3,2.25,2.19,2.13,2.19,2.25,2.3,2.36,2.33,2.3,2.27,2.25,2.35,2.45,2.55,2.65,2.67,2.69,2.7,2.72,2.74,2.76,2.78,2.8,2.83,2.87,2.91,2.94,3.04,3.15,3.25,3.35,3.3,3.25,3.2,3.14,3.33,3.52,3.71,3.9,3.75,3.59,3.43,3.27,3.39,3.5,3.61,3.73,3.43,3.13,2.82,2.52,2.4,2.28,2.16,2.04,,
2019-05-10T00:00:00+00:00,2.36,2.27,2.18,2.05,1.92,1.79,1.66,1.51,1.36,1.2,1.05,1.24,1.43,1.61,1.8,1.87,1.94,2.02,2.09,1.99,1.9,1.8,1.71,1.58,1.46,1.33,1.21,1.36,1.52,1.67,1.82,2.08,2.33,2.59,2.85,3.04,3.24,3.43,3.63,3.61,3.58,3.56,3.53,3.44,3.34,3.25,3.16,3.19,3.22,3.26,3.29,3.31,3.32,3.34,3.35,3.18,3.0,2.83,2.65,2.46,2.27,2.08,1.89,1.92,1.95,1.99,2.02,2.19,2.36,2.53,2.7,2.87,3.05,3.22,3.39,3.64,3.9,4.15,4.4,4.65,4.9,5.15,5.4,5.88,6.35,6.82,7.3,7.17,7.05,6.93,6.8,7.06,7.31,7.56,7.82,8.02,8.22,8.41,8.61,8.31,8.02,7.72,7.42,7.31,7.2,7.09,6.98,7.04,7.1,7.16,7.22,6.97,6.72,6.47,6.22,6.01,5.8,5.59,5.39,5.07,4.76,4.45,4.14,4.25,4.36,4.46,4.57,4.47,4.36,4.25,4.14,4.37,4.6,4.84,5.07,5.01,4.96,4.91,4.85,4.75,4.65,4.55,4.44,4.79,5.13,5.48,5.82,5.87,5.92,5.97,6.02,5.87,5.72,5.56,5.41,5.38,5.36,5.34,5.31,5.09,4.86,4.64,4.41,,
2019-05-11T00:00:00+00:00,3.29,3.18,3.07,2.56,2.06,1.55,1.05,1.51,1.97,2.43,2.9,3.21,3.53,3.84,4.16,4.13,4.11,4.09,4.06,4.07,4.08,4.09,4.1,4.17,4.25,4.32,4.39,4.43,4.46,4.49,4.53,4.61,4.7,4.78,4.87,4.63,4.38,4.14,3.9,3.92,3.95,3.98,4.0,4.11,4.22,4.33,4.44,3.98,3.53,3.07,2.62,2.72,2.83,2.93,3.04,3.59,4.14,4.68,5.23,5.18,5.14,5.09,5.04,4.97,4.89,4.82,4.75,4.63,4.52,4.41,4.29,4.2,4.12,4.03,3.94,3.9,3.85,3.8,3.76,3.68,3.59,3.51,3.43,3.34,3.25,3.16,3.07,3.04,3.02,2.99,2.97,2.94,2.9,2.87,2.84,2.8,2.76,2.72,2.68,2.66,2.63,2.61,2.59,2.64,2.69,2.74,2.79,2.78,2.78,2.78,2.77,2.78,2.78,2.78,2.78,2.84,2.91,2.97,3.04,3.14,3.24,3.34,3.45,3.39,3.34,3.28,3.23,3.21,3.19,3.18,3.16,3.22,3.28,3.35,3.41,3.41,3.42,3.43,3.43,3.48,3.53,3.58,3.63,3.69,3.75,3.81,3.86,3.9,3.94,3.97,4.01,4.01,4.01,4.01,4.01,4.06,4.11,4.15,4.2,4.16,4.12,4.07,4.03,,
2019-05-12T00:00:00+00:00,3.36,3.4,3.44,3.35,3.26,3.17,3.08,2.93,2.79,2.64,2.5,2.49,2.48,2.48,2.47,2.57,2.67,2.78,2.88,2.91,2.95,2.98,3.01,3.3,3.58,3.87,4.15,4.16,4.17,4.17,4.18,4.17,4.15,4.14,4.13,4.17,4.2,4.24,4.28,4.3,4.31,4.33,4.35,4.43,4.51,4.6,4.68,4.76,4.83,4.91,4.99,5.02,5.06,5.1,5.13,5.11,5.09,5.06,5.04,5.01,4.99,4.97,4.95,4.8,4.65,4.51,4.36,4.38,4.41,4.43,4.45,4.29,4.12,3.96,3.8,3.88,3.96,4.04,4.12,4.21,4.31,4.41,4.51,4.55,4.59,4.63,4.67,4.61,4.56,4.51,4.45,4.42,4.39,4.36,4.33,4.36,4.39,4.42,4.45,4.43,4.42,4.41,4.4,4.43,4.45,4.47,4.49,4.47,4.45,4.43,4.4,4.35,4.3,4.24,4.19,4.21,4.22,4.24,4.26,4.3,4.35,4.39,4.44,4.64,4.84,5.04,5.24,5.31,5.38,5.45,5.52,5.54,5.57,5.6,5.62,5.68,5.74,5.8,5.85,5.88,5.91,5.93,5.96,5.98,6.01,6.03,6.06,6.1,6.14,6.18,6.22,6.2,6.19,6.18,6.16,6.12,6.08,6.03,5.99,5.87,5.75,5.63,5.51,,
2019-05-13T00:00:00+00:00,4.49,4.39,4.29,4.28,4.28,4.27,4.27,4.18,4.1,4.01,3.92,3.86,3.8,3.74,3.67,3.8,3.92,4.04,4.16,4.18,4.19,4.2,4.22,4.13,4.04,3.95,3.86,4.02,4.17,4.33,4.49,4.71,4.93,5.15,5.37,5.36,5.34,5.32,5.3,5.38,5.46,5.54,5.62,5.63,5.63,5.64,5.65,5.61,5.57,5.53,5.5,5.52,5.54,5.56,5.58,5.58,5.58,5.59,5.59,5.54,5.49,5.44,5.39,5.38,5.36,5.35,5.34,5.31,5.28,5.25,5.22,5.22,5.22,5.23,5.23,5.23,5.22,5.22,5.22,5.25,5.29,5.32,5.36,5.26,5.16,5.06,4.97,4.89,4.81,4.73,4.65,4.63,4.6,4.58,4.56,4.54,4.51,4.49,4.47,4.42,4.36,4.31,4.25,4.22,4.18,4.14,4.1,4.12,4.13,4.15,4.16,4.13,4.09,4.05,4.01,4.05,4.09,4.13,4.17,4.21,4.25,4.29,4.33,4.42,4.5,4.59,4.68,4.8,4.92,5.05,5.17,5.23,5.3,5.37,5.43,5.47,5.5,5.54,5.58,5.49,5.41,5.33,5.25,5.35,5.44,5.54,5.64,5.62,5.59,5.56,5.54,5.52,5.51,5.49,5.48,5.47,5.45,5.44,5.43,5.31,5.2,5.08,4.96,,
2019-05-14T00:00:00+00:00,4.43,4.39,4.35,4.36,4.37,4.38,4.39,4.37,4.35,4.33,4.31,4.28,4.25,4.22,4.19,4.22,4.24,4.27,4.29,4.32,4.35,4.37,4.4,4.36,4.32,4.27,4.23,4.27,4.32,4.36,4.4,4.54,4.68,4.81,4.95,5.01,5.06,5.12,5.17,5.15,5.12,5.1,5.07,5.05,5.03,5.0,4.98,4.94,4.91,4.88,4.84,5.03,5.22,5.4,5.59,5.59,5.59,5.6,5.6,5.54,5.47,5.41,5.35,5.23,5.11,4.98,4.86,4.78,4.7,4.62,4.54,4.55,4.57,4.58,4.6,4.63,4.66,4.69,4.72,4.64,4.55,4.47,4.38,4.32,4.26,4.2,4.15,4.09,4.03,3.97,3.91,3.87,3.82,3.78,3.74,3.74,3.74,3.74,3.74,3.72,3.69,3.67,3.65,3.62,3.59,3.56,3.53,3.48,3.43,3.38,3.33,3.32,3.3,3.28,3.27,3.21,3.16,3.11,3.06,3.17,3.28,3.4,3.51,3.64,3.78,3.92,4.05,4.17,4.28,4.4,4.51,4.51,4.51,4.51,4.5,4.58,4.65,4.73,4.8,4.8,4.8,4.79,4.79,4.72,4.65,4.58,4.5,4.37,4.24,4.1,3.97,4.02,4.08,4.13,4.19,4.27,4.36,4.44,4.52,4.47,4.41,4.35,4.3,,
2019-05-15T00:00:00+00:00,3.45,3.52,3.6,3.62,3.65,3.68,3.7,3.61,3.51,3.41,3.31,3.22,3.12,3.02,2.93,2.98,3.04,3.09,3.15,3.17,3.2,3.22,3.25,3.27,3.3,3.32,3.35,3.59,3.82,4.06,4.3,4.36,4.42,4.48,4.54,4.54,4.55,4.56,4.56,4.7,4.84,4.98,5.12,5.0,4.89,4.77,4.66,4.57,4.48,4.39,4.29,4.37,4.44,4.51,4.58,4.57,4.56,4.56,4.55,4.48,4.42,4.36,4.3,4.27,4.24,4.21,4.18,4.15,4.11,4.08,4.05,4.14,4.23,4.32,4.41,4.34,4.27,4.19,4.12,4.08,4.04,4.0,3.97,3.81,3.66,3.51,3.36,3.23,3.11,2.98,2.86,2.79,2.73,2.67,2.61,2.58,2.55,2.51,2.48,2.48,2.48,2.48,2.48,2.5,2.52,2.55,2.57,2.64,2.71,2.77,2.84,2.6,2.35,2.1,1.86,2.11,2.37,2.62,2.88,2.79,2.71,2.62,2.54,2.68,2.82,2.96,3.1,3.33,3.55,3.77,4.0,3.96,3.93,3.89,3.86,3.85,3.85,3.84,3.84,3.89,3.93,3.98,4.03,4.05,4.06,4.08,4.09,4.03,3.96,3.9,3.83,3.77,3.71,3.65,3.59,3.67,3.75,3.83,3.91,3.94,3.96,3.98,4.01,,
2019-05-16T00:00:00+00:00,1.96,1.99,2.02,2.13,2.24,2.35,2.46,2.46,2.47,2.47,2.48,2.55,2.61,2.68,2.74,2.69,2.64,2.59,2.54,2.48,2.42,2.35,2.29,2.32,2.35,2.37,2.4,2.44,2.47,2.51,2.54,2.87,3.19,3.51,3.83,3.9,3.96,4.02,4.09,4.1,4.1,4.11,4.12,4.12,4.13,4.13,4.14,4.2,4.25,4.31,4.36,4.39,4.42,4.45,4.48,4.42,4.35,4.28,4.21,4.08,3.94,3.8,3.67,3.68,3.7,3.71,3.73,3.69,3.65,3.61,3.57,3.47,3.36,3.26,3.16,3.13,3.11,3.08,3.06,3.11,3.17,3.22,3.28,3.18,3.08,2.99,2.89,2.87,2.86,2.84,2.82,2.81,2.8,2.78,2.77,2.72,2.67,2.62,2.58,2.71,2.84,2.97,3.09,3.01,2.92,2.84,2.75,2.62,2.48,2.35,2.21,2.22,2.24,2.25,2.26,2.28,2.31,2.33,2.36,2.52,2.69,2.85,3.02,3.03,3.04,3.05,3.06,3.2,3.34,3.48,3.62,3.59,3.55,3.52,3.48,3.37,3.25,3.14,3.03,2.95,2.87,2.79,2.71,2.63,2.56,2.48,2.4,2.21,2.03,1.84,1.66,1.8,1.95,2.09,2.23,2.24,2.25,2.26,2.27,2.5,2.74,2.98,3.22,,
2019-05-17T00:00:00+00:00,2.5,2.53,2.56,2.58,2.6,2.62,2.64,2.49,2.34,2.2,2.05,2.15,2.24,2.34,2.44,2.44,2.43,2.43,2.43,2.49,2.56,2.62,2.68,2.64,2.6,2.56,2.51,2.5,2.48,2.47,2.45,2.48,2.5,2.53,2.56,2.31,2.05,1.8,1.54,1.44,1.33,1.23,1.12,1.04,0.95,0.86,0.78,1.04,1.31,1.57,1.84,1.95,2.05,2.16,2.27,2.54,2.81,3.09,3.36,3.22,3.08,2.94,2.8,2.43,2.06,1.69,1.32,1.55,1.79,2.03,2.26,2.4,2.53,2.67,2.8,2.69,2.58,2.47,2.36,1.99,1.62,1.25,0.88,0.96,1.04,1.12,1.2,1.43,1.66,1.89,2.13,2.08,2.04,1.99,1.95,1.59,1.23,0.87,0.52,0.46,0.41,0.35,0.3,0.57,0.85,1.12,1.39,1.31,1.22,1.13,1.04,1.08,1.12,1.16,1.2,1.39,1.58,1.78,1.97,1.95,1.94,1.93,1.91,1.77,1.62,1.48,1.33,1.2,1.07,0.94,0.81,1.09,1.37,1.64,1.92,2.13,2.35,2.56,2.77,2.79,2.81,2.83,2.85,2.96,3.07,3.18,3.29,3.54,3.78,4.03,4.27,3.94,3.6,3.27,2.93,2.66,2.39,2.11,1.84,2.08,2.32,2.57,2.81,,
2019-05-18T00:00:00+00:00,2.07,1.93,1.8,1.79,1.79,1.79,1.79,1.79,1.79,1.8,1.8,1.77,1.74,1.72,1.69,1.58,1.47,1.36,1.26,1.36,1.47,1.58,1.69,1.65,1.61,1.57,1.53,1.53,1.54,1.55,1.55,1.46,1.37,1.28,1.19,1.15,1.11,1.07,1.03,1.25,1.48,1.71,1.93,2.0,2.06,2.13,2.19,2.49,2.79,3.08,3.38,2.81,2.24,1.67,1.1,1.26,1.41,1.57,1.73,1.42,1.11,0.8,0.49,0.68,0.86,1.04,1.22,1.75,2.28,2.81,3.34,3.3,3.26,3.22,3.19,3.03,2.87,2.71,2.56,2.42,2.28,2.15,2.01,1.96,1.91,1.86,1.81,1.86,1.92,1.98,2.03,1.85,1.66,1.48,1.29,1.42,1.55,1.68,1.81,1.8,1.79,1.78,1.76,1.75,1.73,1.72,1.7,1.81,1.92,2.03,2.14,2.09,2.03,1.97,1.92,1.96,2.01,2.05,2.09,2.15,2.22,2.28,2.34,2.4,2.46,2.53,2.59,2.65,2.7,2.76,2.82,2.8,2.79,2.78,2.77,2.73,2.7,2.67,2.63,2.32,2.01,1.7,1.39,1.75,2.12,2.48,2.84,2.51,2.18,1.85,1.51,2.24,2.97,3.7,4.43,3.95,3.48,3.0,2.53,2.48,2.43,2.39,2.34,,
2019-05-19T00:00:00+00:00,1.55,1.56,1.57,1.65,1.74,1.82,1.91,1.96,2.01,2.07,2.12,1.98,1.84,1.7,1.57,1.67,1.78,1.88,1.99,2.1,2.21,2.32,2.43,2.43,2.43,2.42,2.42,2.41,2.41,2.4,2.39,2.28,2.18,2.08,1.98,2.06,2.15,2.24,2.33,2.45,2.58,2.7,2.83,3.23,3.63,4.03,4.43,3.51,2.6,1.68,0.76,1.26,1.76,2.25,2.75,2.6,2.45,2.31,2.16,1.98,1.81,1.63,1.46,2.01,2.56,3.12,3.67,3.63,3.59,3.54,3.5,3.34,3.19,3.04,2.88,2.72,2.56,2.41,2.25,2.35,2.46,2.56,2.66,2.65,2.63,2.62,2.6,2.81,3.02,3.23,3.43,3.41,3.39,3.37,3.35,3.4,3.45,3.5,3.55,3.52,3.49,3.47,3.44,3.41,3.39,3.36,3.33,3.18,3.03,2.88,2.73,2.75,2.77,2.78,2.8,2.89,2.99,3.08,3.17,3.25,3.32,3.39,3.47,3.39,3.3,3.22,3.14,2.98,2.81,2.65,2.49,2.55,2.62,2.69,2.76,2.91,3.07,3.22,3.38,3.4,3.42,3.43,3.45,3.57,3.69,3.81,3.93,3.96,3.99,4.02,4.06,4.15,4.24,4.33,4.41,4.24,4.06,3.89,3.71,3.65,3.6,3.54,3.48,,
2019-05-20T00:00:00+00:00,3.04,3.13,3.22,3.29,3.35,3.41,3.47,3.55,3.64,3.72,3.81,3.7,3.59,3.49,3.38,3.28,3.17,3.06,2.96,2.93,2.89,2.86,2.83,2.82,2.81,2.79,2.78,2.65,2.51,2.37,2.24,2.46,2.69,2.92,3.15,3.23,3.31,3.39,3.47,3.4,3.33,3.26,3.19,3.11,3.04,2.97,2.9,3.24,3.58,3.92,4.27,3.8,3.34,2.88,2.41,2.79,3.17,3.55,3.93,4.03,4.14,4.24,4.34,4.15,3.95,3.76,3.56,3.42,3.28,3.13,2.99,2.97,2.96,2.94,2.92,2.89,2.85,2.82,2.78,2.89,3.0,3.11,3.22,3.18,3.15,3.11,3.08,2.94,2.8,2.66,2.53,2.46,2.38,2.31,2.24,2.15,2.05,1.96,1.87,1.93,2.0,2.07,2.14,1.99,1.84,1.69,1.54,1.63,1.72,1.81,1.9,1.93,1.95,1.98,2.0,2.11,2.21,2.31,2.41,2.42,2.42,2.42,2.42,2.43,2.43,2.44,2.45,2.45,2.46,2.47,2.47,2.56,2.65,2.73,2.82,2.94,3.05,3.17,3.28,3.34,3.4,3.45,3.51,3.57,3.63,3.7,3.76,3.81,3.86,3.91,3.96,4.04,4.12,4.2,4.28,4.3,4.31,4.33,4.34,4.07,3.79,3.51,3.24,,
2019-05-21T00:00:00+00:00,1.89,1.96,2.04,2.22,2.41,2.59,2.78,2.61,2.45,2.28,2.11,2.06,2.01,1.96,1.9,1.98,2.06,2.14,2.22,2.29,2.36,2.44,2.51,2.5,2.5,2.49,2.48,2.6,2.71,2.82,2.93,3.08,3.23,3.39,3.54,3.55,3.56,3.56,3.57,3.7,3.82,3.94,4.06,4.19,4.31,4.44,4.56,4.74,4.93,5.11,5.3,5.16,5.01,4.87,4.72,4.57,4.41,4.25,4.09,3.57,3.05,2.53,2.01,1.87,1.73,1.59,1.44,1.48,1.52,1.56,1.6,1.69,1.79,1.88,1.98,1.6,1.22,0.83,0.45,0.93,1.41,1.89,2.37,2.24,2.11,1.99,1.86,1.76,1.66,1.56,1.46,1.58,1.69,1.81,1.93,1.93,1.94,1.95,1.96,1.92,1.88,1.84,1.8,1.73,1.66,1.58,1.51,1.5,1.5,1.49,1.49,1.36,1.24,1.11,0.98,0.96,0.93,0.91,0.88,0.87,0.86,0.84,0.83,0.95,1.06,1.17,1.29,1.45,1.61,1.77,1.94,2.03,2.13,2.23,2.33,2.34,2.36,2.38,2.39,2.51,2.63,2.74,2.86,2.8,2.74,2.67,2.61,2.55,2.49,2.43,2.37,2.4,2.42,2.45,2.48,2.46,2.44,2.42,2.39,2.22,2.04,1.86,1.68,,
2019-05-22T00:00:00+00:00,1.61,1.73,1.84,1.89,1.94,1.99,2.04,1.98,1.91,1.85,1.78,1.59,1.4,1.2,1.01,0.94,0.87,0.8,0.74,0.65,0.55,0.46,0.37,0.55,0.73,0.9,1.08,1.25,1.42,1.59,1.76,1.79,1.82,1.85,1.88,1.84,1.81,1.77,1.73,1.83,1.93,2.02,2.12,2.1,2.08,2.06,2.04,2.05,2.07,2.08,2.1,2.13,2.16,2.19,2.22,2.13,2.04,1.95,1.86,1.92,1.98,2.05,2.11,1.97,1.83,1.69,1.55,1.53,1.51,1.49,1.47,1.57,1.67,1.78,1.88,1.73,1.57,1.42,1.27,1.14,1.01,0.89,0.76,0.64,0.51,0.39,0.26,0.44,0.61,0.79,0.96,0.91,0.85,0.8,0.75,0.76,0.77,0.78,0.79,0.85,0.91,0.98,1.04,0.91,0.77,0.64,0.51,0.54,0.57,0.6,0.64,0.64,0.65,0.66,0.67,0.77,0.86,0.96,1.06,1.26,1.46,1.66,1.86,2.01,2.15,2.3,2.44,2.41,2.38,2.34,2.31,2.35,2.38,2.42,2.45,2.42,2.39,2.36,2.33,2.38,2.43,2.48,2.53,2.54,2.54,2.55,2.56,2.6,2.64,2.69,2.73,2.71,2.69,2.66,2.64,2.61,2.58,2.55,2.52,2.42,2.32,2.23,2.13,,
2019-05-23T00:00:00+00:00,1.06,0.63,0.2,0.51,0.82,1.14,1.45,1.52,1.59,1.66,1.73,1.61,1.5,1.38,1.26,1.09,0.91,0.73,0.55,0.73,0.92,1.1,1.29,1.34,1.4,1.45,1.5,1.59,1.68,1.77,1.86,1.88,1.9,1.92,1.94,1.98,2.02,2.06,2.1,2.14,2.18,2.22,2.26,2.21,2.16,2.11,2.06,2.09,2.12,2.14,2.17,2.14,2.12,2.09,2.07,2.1,2.14,2.17,2.2,2.12,2.04,1.95,1.87,1.83,1.79,1.75,1.71,1.73,1.75,1.77,1.79,1.6,1.4,1.21,1.02,1.04,1.07,1.09,1.12,1.14,1.17,1.19,1.22,1.33,1.44,1.55,1.66,1.77,1.89,2.01,2.12,2.03,1.94,1.85,1.76,1.71,1.66,1.62,1.57,1.7,1.83,1.96,2.09,2.05,2.01,1.97,1.93,1.67,1.42,1.16,0.9,1.12,1.34,1.55,1.77,1.72,1.68,1.63,1.58,1.53,1.48,1.43,1.38,1.55,1.73,1.9,2.08,2.08,2.09,2.09,2.1,2.22,2.35,2.47,2.6,2.87,3.15,3.42,3.7,3.8,3.9,4.0,4.1,3.99,3.88,3.78,3.67,3.64,3.61,3.58,3.55,3.55,3.54,3.54,3.53,3.5,3.47,3.43,3.4,3.32,3.24,3.15,3.07,,
2019-05-24T00:00:00+00:00,1.41,1.5,1.59,1.53,1.46,1.4,1.33,1.47,1.61,1.75,1.88,2.1,2.32,2.55,2.77,2.69,2.61,2.53,2.46,2.34,2.22,2.1,1.98,2.02,2.07,2.12,2.17,2.21,2.25,2.29,2.33,2.26,2.2,2.13,2.07,2.07,2.07,2.07,2.07,2.1,2.12,2.15,2.18,2.3,2.42,2.54,2.67,2.71,2.75,2.79,2.84,2.91,2.99,3.07,3.14,3.26,3.38,3.5,3.62,3.54,3.45,3.37,3.28,3.2,3.11,3.02,2.93,3.01,3.08,3.16,3.23,2.84,2.45,2.06,1.67,1.91,2.15,2.39,2.63,2.64,2.65,2.66,2.67,2.54,2.42,2.3,2.18,2.26,2.34,2.43,2.51,2.56,2.61,2.67,2.72,2.77,2.82,2.86,2.91,2.88,2.85,2.83,2.8,2.72,2.64,2.56,2.48,2.28,2.08,1.88,1.68,1.64,1.61,1.57,1.54,1.46,1.38,1.31,1.23,1.08,0.93,0.78,0.63,0.55,0.47,0.38,0.3,0.51,0.72,0.93,1.13,1.26,1.39,1.51,1.64,1.73,1.83,1.92,2.02,2.07,2.12,2.18,2.23,2.46,2.7,2.93,3.17,3.15,3.13,3.12,3.1,3.64,4.17,4.71,5.25,4.36,3.47,2.58,1.69,1.78,1.88,1.97,2.07,,
2019-05-25T00:00:00+00:00,3.01,2.62,2.24,2.26,2.28,2.3,2.32,2.48,2.65,2.81,2.97,2.8,2.63,2.45,2.28,2.11,1.95,1.79,1.62,1.46,1.3,1.14,0.98,0.89,0.79,0.7,0.6,0.76,0.91,1.06,1.21,1.42,1.63,1.84,2.05,2.22,2.39,2.56,2.73,2.89,3.04,3.2,3.35,3.37,3.39,3.41,3.42,3.57,3.72,3.87,4.02,4.55,5.09,5.62,6.15,5.42,4.69,3.96,3.23,3.06,2.89,2.72,2.55,2.7,2.86,3.01,3.16,3.08,3.0,2.92,2.84,2.68,2.51,2.35,2.19,2.08,1.98,1.87,1.76,1.82,1.89,1.95,2.02,1.97,1.92,1.87,1.82,2.08,2.34,2.6,2.85,2.44,2.02,1.6,1.18,1.61,2.04,2.46,2.89,2.69,2.48,2.28,2.07,2.19,2.32,2.44,2.56,2.49,2.41,2.34,2.27,2.21,2.15,2.09,2.04,2.01,1.98,1.95,1.93,1.98,2.04,2.09,2.14,2.37,2.59,2.81,3.03,3.08,3.13,3.17,3.22,3.28,3.33,3.38,3.43,3.41,3.39,3.37,3.35,3.21,3.06,2.92,2.78,2.79,2.81,2.83,2.84,3.23,3.62,4.01,4.39,4.12,3.84,3.56,3.29,3.24,3.2,3.16,3.11,3.1,3.1,3.09,3.08,,
2019-05-26T00:00:00+00:00,1.99,1.88,1.76,1.74,1.72,1.71,1.69,1.59,1.49,1.39,1.29,1.52,1.76,1.99,2.22,2.32,2.42,2.52,2.63,2.69,2.76,2.83,2.9,3.14,3.38,3.63,3.87,3.75,3.63,3.51,3.39,3.23,3.07,2.91,2.75,2.69,2.64,2.58,2.52,2.46,2.4,2.33,2.27,2.72,3.17,3.62,4.07,4.22,4.37,4.52,4.66,4.37,4.07,3.78,3.48,3.64,3.8,3.96,4.13,3.94,3.76,3.57,3.39,3.36,3.33,3.31,3.28,3.24,3.2,3.16,3.12,3.01,2.9,2.8,2.69,2.72,2.75,2.78,2.8,2.89,2.98,3.07,3.16,3.21,3.25,3.29,3.34,3.32,3.3,3.28,3.26,3.23,3.2,3.17,3.13,3.05,2.96,2.88,2.79,2.77,2.75,2.72,2.7,2.88,3.07,3.25,3.43,3.25,3.06,2.87,2.69,2.65,2.61,2.58,2.54,2.59,2.63,2.68,2.72,2.74,2.76,2.79,2.81,2.79,2.77,2.76,2.74,2.75,2.76,2.77,2.79,2.96,3.14,3.32,3.49,3.33,3.17,3.01,2.84,2.91,2.98,3.05,3.11,3.13,3.16,3.18,3.2,3.52,3.84,4.16,4.49,4.44,4.39,4.35,4.3,4.44,4.57,4.71,4.85,4.58,4.3,4.03,3.76,,
2019-05-27T00:00:00+00:00,1.85,1.99,2.14,2.0,1.87,1.74,1.61,1.54,1.46,1.39,1.32,1.39,1.46,1.54,1.61,1.87,2.14,2.4,2.66,3.04,3.42,3.79,4.17,3.84,3.5,3.17,2.84,3.0,3.15,3.31,3.46,3.41,3.37,3.32,3.27,3.29,3.3,3.31,3.33,3.41,3.5,3.58,3.67,3.81,3.95,4.09,4.24,3.91,3.59,3.27,2.95,3.27,3.6,3.92,4.24,4.3,4.36,4.42,4.49,4.62,4.75,4.88,5.01,4.76,4.51,4.26,4.01,3.86,3.71,3.56,3.41,3.51,3.61,3.71,3.81,3.65,3.49,3.33,3.17,3.04,2.9,2.76,2.63,2.8,2.97,3.15,3.32,3.62,3.92,4.22,4.52,4.53,4.55,4.56,4.58,4.75,4.92,5.09,5.26,4.95,4.65,4.35,4.05,3.97,3.89,3.82,3.74,3.52,3.29,3.06,2.84,3.02,3.19,3.37,3.55,3.92,4.29,4.66,5.03,4.83,4.63,4.43,4.23,4.23,4.22,4.22,4.21,4.42,4.63,4.84,5.05,4.68,4.31,3.94,3.56,3.72,3.88,4.03,4.19,4.31,4.43,4.55,4.67,4.23,3.8,3.36,2.93,3.42,3.91,4.4,4.89,4.64,4.38,4.13,3.88,3.95,4.03,4.1,4.18,4.14,4.1,4.06,4.02,,
2019-05-28T00:00:00+00:00,2.76,2.94,3.13,3.35,3.56,3.78,4.0,4.04,4.08,4.12,4.16,4.09,4.02,3.95,3.88,3.93,3.99,4.04,4.09,4.16,4.23,4.3,4.36,4.29,4.21,4.13,4.06,4.05,4.04,4.04,4.03,4.04,4.04,4.04,4.05,4.45,4.85,5.25,5.65,5.54,5.42,5.31,5.19,4.58,3.96,3.34,2.72,2.81,2.9,2.99,3.07,3.41,3.75,4.1,4.44,4.59,4.75,4.91,5.07,5.02,4.98,4.93,4.89,4.73,4.58,4.42,4.27,4.1,3.93,3.75,3.58,3.48,3.37,3.27,3.17,3.05,2.92,2.8,2.68,2.74,2.79,2.85,2.91,2.77,2.64,2.51,2.38,2.41,2.43,2.46,2.49,2.49,2.48,2.48,2.48,2.4,2.31,2.22,2.14,2.07,2.01,1.94,1.87,1.9,1.93,1.95,1.98,1.93,1.89,1.84,1.8,1.65,1.49,1.34,1.19,1.08,0.96,0.85,0.73,0.88,1.03,1.19,1.34,1.42,1.51,1.6,1.69,1.84,1.99,2.14,2.29,2.39,2.5,2.6,2.71,2.87,3.03,3.19,3.35,3.44,3.52,3.61,3.69,3.76,3.82,3.89,3.95,3.94,3.94,3.93,3.92,4.17,4.43,4.68,4.93,4.73,4.53,4.32,4.12,3.91,3.7,3.49,3.28,,
2019-05-29T00:00:00+00:00,1.7,1.7,1.7,1.77,1.83,1.9,1.97,1.95,1.93,1.91,1.89,1.83,1.77,1.72,1.66,1.58,1.51,1.43,1.36,1.35,1.34,1.33,1.32,1.39,1.47,1.55,1.62,1.74,1.86,1.98,2.1,2.26,2.43,2.59,2.76,2.82,2.88,2.94,3.01,3.08,3.16,3.24,3.32,3.4,3.49,3.57,3.66,3.73,3.81,3.88,3.96,4.0,4.04,4.08,4.12,4.09,4.07,4.05,4.03,4.19,4.35,4.51,4.67,4.33,3.98,3.64,3.3,3.1,2.9,2.7,2.5,2.57,2.65,2.73,2.8,2.84,2.87,2.91,2.95,3.14,3.33,3.53,3.72,3.76,3.81,3.85,3.89,3.86,3.83,3.8,3.77,3.73,3.69,3.65,3.61,3.65,3.69,3.73,3.77,3.76,3.75,3.73,3.72,3.66,3.59,3.52,3.46,3.29,3.13,2.97,2.81,2.78,2.76,2.73,2.71,2.7,2.7,2.7,2.7,2.74,2.78,2.82,2.86,3.02,3.17,3.33,3.49,3.51,3.54,3.56,3.59,3.56,3.52,3.49,3.46,3.63,3.81,3.98,4.16,4.16,4.16,4.15,4.15,3.97,3.78,3.59,3.41,3.27,3.14,3.0,2.87,2.79,2.7,2.62,2.54,2.69,2.84,3.0,3.15,2.87,2.6,2.32,2.04,,
2019-05-30T00:00:00+00:00,2.62,2.66,2.7,2.83,2.96,3.09,3.22,3.21,3.21,3.2,3.19,3.09,3.0,2.91,2.81,2.89,2.96,3.03,3.1,3.09,3.09,3.08,3.07,3.08,3.1,3.12,3.13,3.3,3.46,3.62,3.79,3.77,3.75,3.74,3.72,3.65,3.57,3.5,3.42,3.27,3.13,2.98,2.83,2.78,2.72,2.66,2.61,2.76,2.91,3.07,3.22,3.21,3.2,3.19,3.19,3.12,3.06,3.0,2.94,2.88,2.83,2.78,2.73,2.74,2.75,2.76,2.78,2.65,2.52,2.39,2.26,2.06,1.86,1.66,1.46,1.38,1.3,1.23,1.15,1.14,1.13,1.13,1.12,1.07,1.02,0.97,0.92,1.16,1.4,1.63,1.87,1.71,1.54,1.38,1.22,1.23,1.25,1.26,1.28,1.25,1.22,1.2,1.17,1.13,1.09,1.05,1.01,1.05,1.09,1.13,1.17,1.11,1.05,0.99,0.93,1.01,1.09,1.18,1.26,1.3,1.34,1.39,1.43,1.27,1.1,0.94,0.77,0.92,1.06,1.21,1.35,1.5,1.65,1.79,1.94,1.94,1.94,1.93,1.93,1.87,1.82,1.77,1.71,1.72,1.73,1.74,1.76,1.78,1.81,1.83,1.86,1.88,1.9,1.92,1.95,1.94,1.93,1.92,1.91,1.93,1.96,1.99,2.01,,
2019-05-31T00:00:00+00:00,1.54,1.29,1.04,0.96,0.88,0.8,0.72,0.64,0.56,0.48,0.4,0.51,0.61,0.72,0.82,0.88,0.95,1.01,1.07,1.13,1.18,1.23,1.28,1.4,1.52,1.64,1.75,1.74,1.72,1.7,1.68,1.69,1.69,1.7,1.7,1.71,1.71,1.71,1.72,1.7,1.68,1.66,1.64,1.62,1.59,1.56,1.53,1.51,1.48,1.45,1.42,1.44,1.45,1.46,1.47,1.56,1.64,1.73,1.81,1.8,1.78,1.76,1.74,1.79,1.83,1.88,1.92,1.96,2.0,2.04,2.08,1.97,1.85,1.74,1.63,1.51,1.4,1.28,1.17,1.2,1.23,1.26,1.3,1.32,1.34,1.37,1.39,1.37,1.34,1.32,1.3,1.27,1.25,1.23,1.21,1.0,0.79,0.58,0.37,0.29,0.21,0.13,0.05,0.1,0.15,0.2,0.25,0.39,0.52,0.66,0.79,0.77,0.75,0.73,0.71,0.82,0.93,1.05,1.16,1.36,1.57,1.77,1.97,2.11,2.25,2.39,2.53,2.42,2.31,2.2,2.09,2.12,2.14,2.17,2.19,2.13,2.07,2.02,1.96,1.96,1.96,1.97,1.97,2.0,2.02,2.05,2.07,2.11,2.15,2.19,2.22,2.29,2.36,2.42,2.49,2.43,2.36,2.3,2.24,2.23,2.23,2.23,2.23,,
2019-06-01T00:00:00+00:00,0.19,0.13,0.07,0.31,0.55,0.8,1.04,0.87,0.71,0.54,0.38,0.43,0.49,0.54,0.6,0.77,0.95,1.12,1.3,1.15,1.0,0.85,0.7,0.85,0.99,1.13,1.28,1.4,1.51,1.63,1.75,1.84,1.92,2.01,2.1,2.15,2.21,2.26,2.32,2.34,2.36,2.37,2.39,2.36,2.33,2.29,2.26,2.2,2.14,2.08,2.02,2.02,2.02,2.03,2.03,1.98,1.93,1.88,1.83,1.84,1.86,1.87,1.88,2.0,2.12,2.24,2.36,2.36,2.35,2.35,2.35,2.14,1.94,1.74,1.53,1.54,1.55,1.55,1.56,1.6,1.64,1.69,1.73,1.79,1.84,1.9,1.96,2.01,2.06,2.11,2.16,2.42,2.68,2.95,3.21,3.02,2.83,2.65,2.46,2.2,1.95,1.69,1.43,1.44,1.44,1.45,1.46,1.36,1.26,1.17,1.07,1.01,0.95,0.89,0.83,0.91,0.99,1.07,1.15,1.32,1.48,1.65,1.81,2.01,2.22,2.42,2.62,2.9,3.19,3.48,3.77,4.07,4.37,4.67,4.98,5.06,5.14,5.23,5.31,5.25,5.2,5.15,5.09,5.13,5.18,5.22,5.27,5.26,5.26,5.25,5.25,5.13,5.0,4.88,4.76,4.61,4.46,4.31,4.16,3.96,3.76,3.56,3.36,,
2019-06-02T00:00:00+00:00,1.54,1.41,1.29,1.39,1.48,1.58,1.68,1.58,1.49,1.4,1.3,1.19,1.07,0.95,0.84,1.03,1.23,1.42,1.62,1.65,1.67,1.7,1.72,2.06,2.4,2.74,3.08,3.09,3.09,3.1,3.11,3.18,3.25,3.32,3.38,3.54,3.7,3.86,4.02,4.25,4.49,4.73,4.96,5.05,5.13,5.22,5.3,5.26,5.21,5.16,5.11,4.97,4.83,4.68,4.54,4.49,4.44,4.39,4.34,4.16,3.98,3.8,3.62,3.38,3.14,2.9,2.66,2.59,2.52,2.46,2.39,2.61,2.84,3.06,3.29,2.75,2.21,1.67,1.13,1.5,1.88,2.25,2.62,2.74,2.85,2.96,3.08,2.92,2.76,2.6,2.44,2.34,2.24,2.14,2.05,2.23,2.42,2.61,2.79,2.64,2.48,2.32,2.16,1.92,1.68,1.43,1.19,1.07,0.95,0.82,0.7,0.92,1.13,1.35,1.57,1.47,1.37,1.27,1.17,1.2,1.24,1.27,1.31,1.31,1.32,1.32,1.33,1.4,1.47,1.55,1.62,1.57,1.52,1.47,1.42,1.54,1.66,1.78,1.9,2.01,2.11,2.21,2.32,2.37,2.42,2.47,2.52,2.58,2.65,2.71,2.78,2.86,2.93,3.01,3.08,2.73,2.38,2.02,1.67,1.57,1.47,1.38,1.28,,
2019-06-03T00:00:00+00:00,2.38,2.57,2.75,2.92,3.08,3.25,3.41,2.77,2.13,1.49,0.85,1.4,1.94,2.49,3.03,3.36,3.68,4.0,4.33,3.49,2.66,1.83,1.0,1.37,1.73,2.1,2.47,2.14,1.82,1.49,1.17,1.6,2.03,2.45,2.88,2.91,2.93,2.95,2.98,2.34,1.71,1.07,0.43,0.55,0.66,0.77,0.89,1.23,1.57,1.91,2.25,2.28,2.31,2.34,2.37,2.6,2.83,3.05,3.28,3.21,3.13,3.05,2.97,2.86,2.74,2.62,2.5,2.21,1.93,1.64,1.36,1.18,1.01,0.84,0.66,0.75,0.83,0.91,1.0,1.24,1.49,1.73,1.98,1.98,1.97,1.97,1.97,1.95,1.94,1.92,1.9,1.9,1.9,1.89,1.89,1.95,2.0,2.06,2.12,2.04,1.96,1.88,1.79,1.96,2.13,2.29,2.46,2.4,2.35,2.29,2.24,2.18,2.13,2.08,2.02,2.22,2.42,2.61,2.81,3.0,3.18,3.37,3.55,3.38,3.21,3.03,2.86,3.0,3.15,3.29,3.44,3.23,3.02,2.81,2.6,2.73,2.86,3.0,3.13,3.15,3.16,3.18,3.2,3.29,3.38,3.47,3.56,3.93,4.29,4.66,5.02,5.19,5.35,5.52,5.68,5.75,5.83,5.9,5.97,6.06,6.16,6.25,6.34,,
2019-06-04T00:00:00+00:00,1.29,1.28,1.27,1.33,1.39,1.45,1.51,1.63,1.75,1.87,1.99,1.98,1.96,1.94,1.92,1.91,1.91,1.9,1.89,1.82,1.75,1.68,1.61,1.64,1.66,1.69,1.72,1.51,1.3,1.1,0.89,0.94,0.99,1.04,1.09,1.25,1.41,1.57,1.73,1.62,1.52,1.42,1.31,1.46,1.62,1.77,1.92,2.06,2.21,2.35,2.5,2.97,3.44,3.91,4.38,4.69,4.99,5.3,5.61,5.05,4.49,3.94,3.38,2.84,2.31,1.77,1.24,1.7,2.16,2.63,3.09,3.09,3.1,3.1,3.11,2.95,2.79,2.63,2.47,2.5,2.52,2.55,2.58,2.31,2.05,1.79,1.52,1.64,1.76,1.87,1.99,2.1,2.2,2.31,2.41,2.74,3.06,3.38,3.7,3.74,3.77,3.81,3.85,3.39,2.93,2.47,2.01,1.74,1.47,1.2,0.93,0.99,1.06,1.13,1.2,1.06,0.93,0.8,0.66,0.71,0.75,0.8,0.84,0.8,0.77,0.73,0.7,0.71,0.71,0.72,0.73,1.17,1.6,2.04,2.48,2.26,2.03,1.81,1.58,1.66,1.74,1.82,1.9,2.0,2.09,2.19,2.29,2.57,2.85,3.13,3.41,3.47,3.54,3.6,3.66,3.91,4.16,4.4,4.65,4.07,3.49,2.9,2.32,,
2019-06-05T00:00:00+00:00,3.84,3.9,3.96,4.02,4.08,4.14,4.2,4.04,3.88,3.72,3.56,3.47,3.37,3.28,3.19,3.09,3.0,2.91,2.82,2.67,2.51,2.35,2.2,1.85,1.51,1.17,0.83,1.01,1.19,1.37,1.55,1.44,1.34,1.24,1.14,0.97,0.81,0.65,0.48,0.8,1.13,1.45,1.77,1.75,1.73,1.72,1.7,2.03,2.36,2.69,3.01,3.05,3.08,3.11,3.14,3.38,3.61,3.84,4.08,4.16,4.24,4.32,4.4,4.24,4.09,3.94,3.79,3.81,3.83,3.85,3.87,3.56,3.24,2.92,2.61,2.4,2.2,1.99,1.78,1.87,1.96,2.05,2.13,2.24,2.34,2.44,2.54,2.81,3.08,3.35,3.62,3.5,3.37,3.24,3.12,3.44,3.76,4.08,4.41,4.21,4.0,3.8,3.6,3.4,3.2,3.0,2.8,2.73,2.66,2.58,2.51,2.54,2.58,2.62,2.65,2.62,2.59,2.55,2.52,2.43,2.35,2.26,2.18,2.2,2.23,2.25,2.27,2.35,2.43,2.51,2.58,2.62,2.65,2.68,2.72,2.7,2.69,2.67,2.66,3.01,3.35,3.7,4.05,3.78,3.52,3.25,2.98,2.98,2.99,3.0,3.0,2.9,2.81,2.71,2.62,2.6,2.58,2.56,2.54,2.68,2.83,2.97,3.12,,
2019-06-06T00:00:00+00:00,3.84,3.7,3.57,3.63,3.7,3.77,3.84,3.79,3.74,3.69,3.64,3.34,3.04,2.74,2.44,2.39,2.34,2.28,2.23,2.33,2.43,2.54,2.64,2.79,2.94,3.09,3.24,3.48,3.73,3.98,4.23,4.08,3.94,3.79,3.64,3.56,3.49,3.41,3.33,3.26,3.18,3.11,3.03,3.28,3.53,3.78,4.03,3.98,3.92,3.86,3.81,3.74,3.66,3.59,3.52,3.47,3.43,3.38,3.34,3.0,2.67,2.34,2.0,2.31,2.62,2.93,3.24,3.29,3.35,3.4,3.45,3.33,3.22,3.1,2.99,2.94,2.89,2.85,2.8,2.82,2.83,2.85,2.86,2.97,3.08,3.18,3.29,3.48,3.67,3.85,4.04,4.06,4.07,4.09,4.11,4.21,4.32,4.42,4.53,4.63,4.74,4.84,4.95,4.98,5.02,5.06,5.09,4.97,4.85,4.73,4.61,4.11,3.61,3.11,2.61,2.87,3.13,3.4,3.66,3.88,4.11,4.33,4.55,5.23,5.9,6.58,7.25,6.84,6.43,6.02,5.61,5.68,5.76,5.83,5.9,6.11,6.32,6.53,6.73,6.7,6.66,6.63,6.59,6.5,6.41,6.32,6.24,6.41,6.58,6.75,6.92,7.32,7.72,8.11,8.51,8.88,9.24,9.61,9.97,9.91,9.84,9.77,9.71,,
2019-06-07T00:00:00+00:00,4.65,4.81,4.98,4.91,4.85,4.78,4.72,4.84,4.96,5.09,5.21,5.22,5.23,5.24,5.25,4.8,4.34,3.88,3.43,3.42,3.4,3.39,3.38,3.47,3.57,3.66,3.76,4.15,4.53,4.92,5.31,5.08,4.85,4.63,4.4,4.89,5.39,5.89,6.38,6.44,6.49,6.54,6.59,6.84,7.09,7.34,7.59,7.62,7.64,7.67,7.69,7.52,7.36,7.19,7.02,7.54,8.07,8.59,9.12,9.28,9.43,9.59,9.74,9.88,10.01,10.15,10.28,10.23,10.17,10.11,10.05,9.48,8.91,8.33,7.76,8.26,8.77,9.27,9.77,9.82,9.87,9.92,9.97,9.65,9.33,9.02,8.7,8.49,8.28,8.08,7.87,7.91,7.95,7.99,8.03,8.02,8.02,8.01,8.01,8.03,8.05,8.07,8.09,7.77,7.45,7.13,6.82,6.85,6.88,6.91,6.94,6.92,6.89,6.86,6.83,6.95,7.06,7.17,7.29,7.16,7.03,6.9,6.78,6.74,6.7,6.66,6.63,6.67,6.72,6.76,6.8,6.83,6.85,6.87,6.9,6.89,6.89,6.89,6.88,6.73,6.58,6.42,6.27,6.33,6.38,6.44,6.5,6.39,6.28,6.17,6.06,5.58,5.1,4.62,4.14,4.08,4.02,3.96,3.9,3.7,3.5,3.31,3.11,,
2019-06-08T00:00:00+00:00,8.22,8.12,8.01,7.96,7.92,7.87,7.82,7.72,7.61,7.51,7.41,7.27,7.14,7.01,6.87,6.9,6.94,6.97,7.0,6.89,6.78,6.68,6.57,6.59,6.61,6.63,6.65,6.5,6.36,6.22,6.07,6.3,6.52,6.74,6.96,6.89,6.81,6.73,6.65,6.66,6.66,6.67,6.68,6.56,6.45,6.34,6.23,6.49,6.75,7.02,7.28,6.55,5.81,5.08,4.34,4.45,4.55,4.65,4.76,4.77,4.77,4.78,4.79,4.3,3.8,3.31,2.81,3.12,3.42,3.72,4.02,3.32,2.62,1.92,1.22,1.32,1.41,1.51,1.6,1.43,1.25,1.07,0.89,0.88,0.86,0.84,0.82,0.79,0.77,0.74,0.72,0.72,0.73,0.73,0.74,0.59,0.44,0.29,0.14,0.29,0.43,0.58,0.73,0.75,0.78,0.8,0.82,0.98,1.13,1.28,1.43,1.38,1.34,1.29,1.25,1.51,1.77,2.03,2.29,2.23,2.17,2.11,2.05,2.13,2.22,2.3,2.39,2.38,2.38,2.37,2.37,2.31,2.25,2.19,2.12,2.17,2.21,2.25,2.29,2.54,2.79,3.04,3.28,2.76,2.23,1.7,1.17,1.42,1.66,1.9,2.14,2.22,2.3,2.38,2.46,2.37,2.27,2.18,2.09,2.08,2.06,2.04,2.03,,
2019-06-09T00:00:00+00:00,0.97,0.99,1.01,0.82,0.63,0.44,0.25,0.35,0.44,0.54,0.63,0.68,0.72,0.77,0.81,0.78,0.76,0.73,0.7,0.92,1.14,1.36,1.58,1.63,1.68,1.73,1.77,1.66,1.55,1.43,1.32,1.39,1.45,1.52,1.59,1.75,1.9,2.06,2.22,2.3,2.39,2.48,2.56,2.11,1.65,1.19,0.73,0.8,0.87,0.93,1.0,1.38,1.76,2.14,2.52,2.43,2.33,2.24,2.14,2.07,2.01,1.94,1.87,1.85,1.83,1.81,1.79,1.81,1.83,1.85,1.87,2.05,2.23,2.41,2.58,2.55,2.52,2.48,2.45,2.13,1.81,1.49,1.17,1.39,1.61,1.82,2.04,2.25,2.46,2.67,2.88,2.66,2.44,2.22,1.99,2.27,2.55,2.82,3.1,2.83,2.55,2.27,2.0,2.1,2.21,2.31,2.42,2.28,2.14,2.01,1.87,2.0,2.12,2.25,2.38,2.45,2.51,2.58,2.65,2.76,2.88,2.99,3.11,3.1,3.1,3.09,3.09,3.17,3.26,3.34,3.42,3.34,3.26,3.18,3.1,2.93,2.76,2.59,2.42,2.52,2.62,2.72,2.82,2.91,3.0,3.09,3.18,3.16,3.15,3.13,3.11,3.0,2.88,2.77,2.66,3.11,3.56,4.01,4.45,4.19,3.93,3.67,3.41,,
2019-06-10T00:00:00+00:00,2.21,2.95,3.7,3.24,2.79,2.33,1.88,1.71,1.53,1.35,1.18,1.38,1.59,1.79,2.0,2.42,2.85,3.27,3.7,3.38,3.07,2.75,2.44,2.5,2.55,2.61,2.67,2.69,2.7,2.72,2.73,2.95,3.16,3.38,3.6,3.52,3.45,3.37,3.3,3.39,3.48,3.58,3.67,4.09,4.51,4.93,5.35,5.11,4.87,4.63,4.4,4.04,3.69,3.34,2.98,3.01,3.05,3.08,3.11,3.27,3.44,3.6,3.77,3.6,3.43,3.26,3.09,3.01,2.93,2.85,2.77,2.75,2.73,2.71,2.69,2.66,2.64,2.61,2.59,2.56,2.53,2.5,2.48,2.44,2.4,2.36,2.32,2.23,2.15,2.06,1.97,1.96,1.95,1.93,1.92,2.03,2.14,2.24,2.35,2.4,2.46,2.51,2.56,2.61,2.67,2.72,2.77,2.65,2.54,2.43,2.31,2.15,1.99,1.82,1.66,1.6,1.53,1.47,1.41,1.6,1.79,1.98,2.16,2.16,2.15,2.14,2.13,2.27,2.41,2.55,2.69,2.64,2.59,2.53,2.48,2.57,2.65,2.74,2.83,2.7,2.57,2.45,2.32,2.82,3.33,3.83,4.34,3.99,3.64,3.3,2.95,2.37,1.8,1.22,0.64,1.04,1.43,1.83,2.22,2.28,2.35,2.41,2.47,,
2019-06-11T00:00:00+00:00,0.74,0.65,0.56,0.76,0.97,1.18,1.39,1.58,1.78,1.97,2.17,1.86,1.54,1.23,0.92,0.78,0.64,0.5,0.36,0.36,0.36,0.36,0.36,0.66,0.96,1.27,1.57,1.71,1.85,1.99,2.13,2.24,2.35,2.46,2.57,2.5,2.43,2.36,2.29,2.23,2.18,2.13,2.07,1.95,1.82,1.7,1.58,1.57,1.56,1.55,1.55,1.71,1.87,2.04,2.2,2.48,2.76,3.04,3.32,2.73,2.14,1.55,0.96,0.86,0.76,0.66,0.56,1.17,1.78,2.39,3.0,2.83,2.66,2.49,2.32,2.2,2.09,1.98,1.86,1.7,1.54,1.37,1.21,1.31,1.41,1.52,1.62,1.6,1.58,1.56,1.54,1.44,1.34,1.25,1.15,1.32,1.5,1.68,1.85,1.92,1.99,2.06,2.12,2.06,1.99,1.92,1.86,1.85,1.85,1.84,1.83,1.86,1.89,1.92,1.95,2.15,2.35,2.55,2.75,2.94,3.12,3.31,3.49,3.46,3.42,3.39,3.35,3.31,3.28,3.24,3.2,2.94,2.67,2.4,2.13,2.36,2.6,2.83,3.06,3.26,3.45,3.64,3.83,3.97,4.11,4.25,4.39,4.15,3.92,3.69,3.46,3.28,3.1,2.93,2.75,2.82,2.89,2.96,3.03,3.14,3.24,3.34,3.45,,
2019-06-12T00:00:00+00:00,0.93,0.92,0.91,0.75,0.59,0.43,0.27,0.41,0.55,0.68,0.82,0.87,0.92,0.97,1.02,1.43,1.85,2.26,2.68,2.47,2.26,2.06,1.85,2.01,2.16,2.31,2.47,2.44,2.42,2.4,2.38,2.55,2.72,2.89,3.06,3.16,3.26,3.36,3.46,3.65,3.84,4.03,4.21,4.26,4.3,4.34,4.39,4.3,4.21,4.13,4.04,4.12,4.21,4.29,4.38,4.12,3.87,3.61,3.35,3.34,3.33,3.32,3.31,3.23,3.14,3.05,2.97,3.35,3.72,4.1,4.47,4.25,4.02,3.79,3.56,3.77,3.98,4.19,4.39,4.5,4.61,4.71,4.82,4.84,4.87,4.89,4.92,4.86,4.8,4.75,4.69,4.62,4.54,4.46,4.39,4.43,4.48,4.52,4.57,4.42,4.27,4.12,3.97,3.78,3.59,3.4,3.22,3.19,3.17,3.14,3.11,3.13,3.14,3.16,3.17,3.2,3.23,3.26,3.29,3.48,3.66,3.84,4.02,4.14,4.26,4.37,4.49,4.51,4.53,4.54,4.56,4.64,4.73,4.81,4.89,4.97,5.05,5.13,5.21,5.25,5.28,5.32,5.35,5.27,5.19,5.11,5.03,4.65,4.28,3.9,3.52,3.63,3.73,3.83,3.93,3.84,3.76,3.67,3.58,3.33,3.07,2.82,2.56,,
2019-06-13T00:00:00+00:00,3.14,3.26,3.38,3.48,3.57,3.66,3.75,3.75,3.75,3.74,3.74,3.65,3.56,3.47,3.38,3.46,3.54,3.62,3.7,3.51,3.31,3.11,2.91,3.13,3.35,3.57,3.79,3.9,4.01,4.13,4.24,4.37,4.5,4.63,4.76,4.87,4.98,5.09,5.21,5.44,5.67,5.9,6.13,5.96,5.78,5.61,5.43,5.36,5.28,5.2,5.13,5.08,5.03,4.99,4.94,4.85,4.76,4.67,4.59,4.55,4.51,4.48,4.44,4.3,4.16,4.03,3.89,3.7,3.51,3.32,3.13,2.92,2.71,2.51,2.3,2.24,2.19,2.13,2.07,1.9,1.72,1.54,1.36,1.19,1.02,0.86,0.69,0.97,1.24,1.52,1.8,1.74,1.68,1.63,1.57,1.62,1.66,1.71,1.75,2.12,2.48,2.85,3.21,2.73,2.24,1.75,1.26,1.32,1.39,1.45,1.51,1.49,1.46,1.44,1.41,1.38,1.36,1.33,1.3,1.44,1.58,1.72,1.86,1.9,1.93,1.97,2.01,1.94,1.88,1.82,1.75,1.87,1.99,2.11,2.23,2.36,2.5,2.64,2.77,2.9,3.03,3.16,3.29,3.1,2.91,2.72,2.54,2.47,2.41,2.35,2.29,2.18,2.08,1.98,1.87,1.82,1.77,1.72,1.67,1.73,1.78,1.84,1.89,,
2019-06-14T00:00:00+00:00,0.67,0.54,0.41,1.26,2.12,2.98,3.84,3.42,3.0,2.59,2.17,2.05,1.92,1.8,1.68,1.71,1.74,1.77,1.8,1.57,1.35,1.12,0.89,0.95,1.0,1.06,1.11,1.03,0.94,0.86,0.77,0.97,1.17,1.36,1.56,1.57,1.58,1.58,1.59,1.63,1.67,1.7,1.74,1.68,1.62,1.57,1.51,1.64,1.78,1.92,2.06,1.95,1.85,1.75,1.64,1.54,1.44,1.34,1.23,1.18,1.13,1.08,1.03,1.02,1.0,0.99,0.98,1.32,1.66,2.0,2.34,2.24,2.14,2.04,1.94,2.03,2.12,2.21,2.3,2.09,1.88,1.67,1.46,1.47,1.49,1.5,1.51,1.2,0.89,0.58,0.26,0.64,1.01,1.39,1.76,1.48,1.2,0.92,0.64,0.98,1.33,1.67,2.01,2.32,2.63,2.94,3.25,3.17,3.09,3.01,2.93,2.98,3.02,3.07,3.12,3.04,2.96,2.89,2.81,2.86,2.9,2.94,2.98,3.01,3.05,3.09,3.12,3.38,3.63,3.89,4.14,4.13,4.13,4.12,4.11,4.3,4.49,4.68,4.87,4.93,5.0,5.06,5.13,5.16,5.19,5.22,5.25,5.29,5.34,5.38,5.43,5.34,5.25,5.17,5.08,5.04,5.0,4.96,4.93,4.86,4.79,4.72,4.65,,
2019-06-15T00:00:00+00:00,2.03,2.01,1.99,1.91,1.84,1.77,1.7,1.78,1.87,1.95,2.04,2.06,2.08,2.11,2.13,2.15,2.18,2.2,2.23,2.33,2.43,2.53,2.63,2.78,2.92,3.07,3.22,3.29,3.36,3.43,3.5,3.67,3.84,4.01,4.18,4.31,4.44,4.57,4.71,4.7,4.7,4.7,4.7,4.69,4.69,4.69,4.68,4.72,4.75,4.78,4.82,4.87,4.93,4.98,5.03,4.87,4.72,4.56,4.4,4.24,4.07,3.91,3.75,3.97,4.19,4.41,4.63,4.42,4.21,4.0,3.78,3.48,3.18,2.88,2.57,2.53,2.49,2.45,2.41,2.38,2.36,2.34,2.31,2.21,2.1,1.99,1.89,1.87,1.86,1.85,1.84,2.03,2.23,2.43,2.63,2.65,2.67,2.69,2.71,2.76,2.8,2.85,2.9,2.85,2.81,2.77,2.72,2.68,2.64,2.6,2.56,2.49,2.42,2.35,2.27,2.52,2.77,3.02,3.26,3.42,3.58,3.74,3.91,3.95,4.0,4.05,4.1,4.06,4.01,3.97,3.93,3.99,4.05,4.11,4.17,4.06,3.94,3.83,3.71,3.66,3.61,3.56,3.51,3.46,3.42,3.37,3.33,3.4,3.47,3.55,3.62,3.36,3.1,2.84,2.59,2.51,2.44,2.37,2.3,2.32,2.33,2.35,2.37,,
2019-06-16T00:00:00+00:00,3.86,3.71,3.57,3.57,3.56,3.55,3.54,3.42,3.3,3.18,3.06,2.83,2.6,2.38,2.15,2.3,2.45,2.59,2.74,2.77,2.8,2.83,2.85,2.79,2.73,2.67,2.61,2.65,2.7,2.75,2.79,2.83,2.87,2.91,2.95,2.89,2.83,2.76,2.7,2.76,2.82,2.89,2.95,2.9,2.85,2.8,2.75,2.84,2.93,3.01,3.1,3.09,3.08,3.08,3.07,3.07,3.07,3.06,3.06,3.16,3.25,3.34,3.43,3.16,2.88,2.6,2.32,2.3,2.29,2.27,2.25,2.03,1.81,1.58,1.36,1.16,0.95,0.74,0.53,0.59,0.64,0.7,0.75,0.9,1.04,1.18,1.33,1.26,1.19,1.13,1.06,1.02,0.99,0.95,0.91,0.75,0.58,0.42,0.25,0.22,0.19,0.17,0.14,0.16,0.19,0.22,0.25,0.63,1.01,1.39,1.78,1.63,1.48,1.33,1.18,1.08,0.98,0.88,0.78,0.82,0.87,0.91,0.95,1.05,1.15,1.25,1.35,1.35,1.36,1.37,1.37,1.42,1.48,1.53,1.58,1.55,1.52,1.49,1.46,1.5,1.53,1.56,1.6,1.63,1.67,1.7,1.73,1.74,1.74,1.74,1.74,1.76,1.79,1.81,1.83,1.81,1.78,1.75,1.73,1.74,1.75,1.76,1.77,,
2019-06-17T00:00:00+00:00,0.35,0.18,0.02,0.41,0.8,1.19,1.58,1.51,1.44,1.37,1.3,1.07,0.84,0.61,0.38,0.43,0.48,0.53,0.57,0.7,0.83,0.95,1.08,1.11,1.15,1.18,1.21,1.29,1.37,1.45,1.53,1.56,1.59,1.62,1.65,1.59,1.54,1.48,1.42,1.51,1.59,1.68,1.76,1.74,1.71,1.69,1.67,1.72,1.77,1.82,1.87,1.84,1.8,1.77,1.73,1.76,1.78,1.81,1.84,1.78,1.73,1.68,1.63,1.58,1.52,1.47,1.42,1.46,1.5,1.55,1.59,1.59,1.58,1.58,1.57,1.37,1.16,0.96,0.75,0.68,0.62,0.55,0.48,0.46,0.44,0.43,0.41,1.1,1.79,2.48,3.17,3.03,2.9,2.76,2.63,2.54,2.44,2.35,2.26,2.18,2.1,2.02,1.93,1.75,1.56,1.37,1.18,1.2,1.22,1.24,1.26,1.37,1.49,1.61,1.72,1.76,1.8,1.84,1.88,1.9,1.92,1.94,1.96,1.89,1.82,1.74,1.67,1.92,2.16,2.4,2.65,2.72,2.79,2.85,2.92,2.89,2.86,2.82,2.79,2.78,2.78,2.78,2.77,3.0,3.22,3.45,3.68,3.5,3.33,3.15,2.98,2.78,2.58,2.39,2.19,2.25,2.3,2.36,2.41,2.46,2.51,2.56,2.61,,
2019-06-18T00:00:00+00:00
2019-06-19T00:00:00+00:00
2019-06-20T00:00:00+00:00
2019-06-21T00:00:00+00:00
2019-06-22T00:00:00+00:00
2019-06-23T00:00:00+00:00
2019-06-24T00:00:00+00:00
2019-06-25T00:00:00+00:00
2019-06-26T00:00:00+00:00,3.31,3.22,3.14,3.11,3.08,3.05,3.02,3.15,3.27,3.4,3.52,3.39,3.26,3.13,3.0,2.99,2.99,2.99,2.98,3.05,3.12,3.18,3.25,3.36,3.47,3.57,3.68,3.83,3.97,4.12,4.26,4.18,4.09,4.01,3.92,4.05,4.18,4.31,4.45,4.44,4.43,4.42,4.41,4.5,4.58,4.67,4.75,4.8,4.85,4.91,4.96,4.89,4.81,4.74,4.67,4.59,4.51,4.43,4.35,4.34,4.34,4.33,4.32,4.2,4.08,3.96,3.84,4.0,4.17,4.33,4.49,4.55,4.61,4.66,4.72,4.71,4.7,4.69,4.68,4.69,4.69,4.7,4.71,4.74,4.78,4.81,4.85,4.9,4.96,5.01,5.06,5.02,4.97,4.92,4.87,4.87,4.87,4.86,4.86,4.79,4.72,4.66,4.59,4.63,4.66,4.7,4.74,4.52,4.29,4.07,3.85,3.88,3.91,3.93,3.96,3.97,3.99,4.0,4.01,4.03,4.05,4.07,4.09,4.15,4.21,4.28,4.34,4.35,4.35,4.36,4.36,4.36,4.36,4.35,4.35,4.38,4.41,4.44,4.47,4.55,4.62,4.69,4.76,4.82,4.87,4.92,4.97,5.03,5.09,5.15,5.21,5.24,5.28,5.32,5.36,5.38,5.41,5.43,5.46,5.44,5.43,5.41,5.4,,
2019-06-27T00:00:00+00:00,4.79,4.69,4.6,4.64,4.68,4.73,4.77,4.7,4.63,4.57,4.5,4.54,4.59,4.64,4.68,4.48,4.29,4.09,3.89,3.82,3.75,3.68,3.61,3.62,3.63,3.63,3.64,3.66,3.69,3.71,3.74,3.84,3.95,4.06,4.16,4.13,4.09,4.06,4.02,4.15,4.27,4.39,4.51,4.51,4.51,4.51,4.5,4.58,4.67,4.75,4.83,4.84,4.85,4.86,4.87,4.89,4.9,4.91,4.93,4.97,5.01,5.05,5.09,5.15,5.2,5.26,5.32,5.31,5.31,5.3,5.3,5.25,5.21,5.17,5.12,5.1,5.08,5.06,5.04,4.98,4.92,4.86,4.8,4.8,4.8,4.8,4.8,4.74,4.68,4.62,4.56,4.57,4.58,4.59,4.61,4.56,4.52,4.48,4.44,4.42,4.41,4.39,4.38,4.34,4.3,4.25,4.21,4.18,4.14,4.11,4.07,4.02,3.97,3.91,3.86,3.78,3.7,3.62,3.55,3.5,3.45,3.4,3.35,3.33,3.31,3.29,3.27,3.25,3.23,3.21,3.19,3.2,3.21,3.22,3.22,3.41,3.59,3.78,3.97,3.98,4.0,4.01,4.03,3.98,3.93,3.88,3.83,3.81,3.8,3.78,3.77,3.74,3.71,3.68,3.65,3.59,3.54,3.49,3.44,3.39,3.35,3.3,3.26,,
2019-06-28T00:00:00+00:00,4.26,4.27,4.29,4.23,4.17,4.1,4.04,4.09,4.14,4.19,4.24,4.24,4.25,4.25,4.26,4.17,4.09,4.0,3.91,3.79,3.67,3.55,3.43,3.13,2.82,2.52,2.21,2.3,2.39,2.48,2.57,2.73,2.9,3.06,3.23,3.37,3.51,3.65,3.79,3.81,3.84,3.86,3.89,3.91,3.93,3.95,3.97,3.91,3.86,3.81,3.76,3.63,3.51,3.38,3.26,3.35,3.44,3.54,3.63,3.66,3.69,3.72,3.75,3.85,3.95,4.05,4.16,4.14,4.12,4.1,4.08,3.95,3.83,3.7,3.57,3.37,3.17,2.97,2.77,2.69,2.62,2.54,2.46,2.56,2.65,2.74,2.84,2.86,2.87,2.89,2.91,2.88,2.85,2.83,2.8,2.8,2.8,2.8,2.8,2.8,2.79,2.78,2.77,2.81,2.85,2.89,2.92,2.95,2.99,3.02,3.05,2.99,2.93,2.87,2.81,2.73,2.65,2.57,2.49,2.53,2.57,2.62,2.66,2.62,2.58,2.54,2.5,2.49,2.49,2.48,2.47,2.43,2.4,2.36,2.32,2.38,2.44,2.5,2.55,2.53,2.5,2.47,2.44,2.46,2.49,2.51,2.53,2.59,2.66,2.72,2.78,2.86,2.95,3.03,3.12,3.24,3.37,3.49,3.62,3.65,3.68,3.71,3.75,,
2019-06-29T00:00:00+00:00,2.73,2.67,2.62,2.77,2.92,3.07,3.22,3.16,3.1,3.04,2.98,2.91,2.83,2.76,2.69,2.61,2.52,2.44,2.36,2.22,2.08,1.94,1.8,1.9,1.99,2.09,2.18,2.25,2.32,2.38,2.45,2.34,2.24,2.13,2.02,2.05,2.09,2.12,2.15,2.25,2.36,2.46,2.57,2.65,2.74,2.82,2.91,2.92,2.94,2.95,2.96,2.97,2.98,2.99,3.0,2.98,2.95,2.93,2.91,2.84,2.77,2.7,2.63,2.5,2.37,2.24,2.11,2.09,2.06,2.03,2.01,2.13,2.26,2.38,2.51,2.38,2.25,2.12,1.99,1.94,1.9,1.85,1.8,1.77,1.75,1.72,1.69,1.61,1.52,1.43,1.34,2.27,3.19,4.11,5.03,4.89,4.76,4.62,4.49,4.33,4.18,4.02,3.87,3.96,4.06,4.15,4.25,4.28,4.32,4.35,4.39,4.32,4.25,4.18,4.11,3.8,3.49,3.18,2.88,2.88,2.88,2.88,2.88,2.81,2.74,2.67,2.6,2.65,2.7,2.75,2.8,2.86,2.92,2.98,3.04,3.38,3.71,4.05,4.38,4.32,4.26,4.21,4.15,3.78,3.41,3.03,2.66,2.69,2.72,2.75,2.78,2.81,2.85,2.89,2.92,2.97,3.01,3.06,3.1,3.16,3.21,3.26,3.31,,
2019-06-30T00:00:00+00:00,4.16,4.21,4.27,4.2,4.14,4.07,4.01,3.85,3.7,3.54,3.39,3.49,3.6,3.71,3.82,3.76,3.71,3.65,3.59,3.41,3.22,3.04,2.85,2.71,2.56,2.42,2.28,2.42,2.57,2.72,2.87,2.83,2.79,2.75,2.71,2.73,2.76,2.78,2.81,2.7,2.6,2.5,2.4,2.41,2.43,2.44,2.46,2.52,2.58,2.64,2.7,2.69,2.68,2.67,2.66,2.7,2.74,2.78,2.82,2.83,2.85,2.86,2.87,2.94,3.0,3.06,3.13,3.31,3.48,3.66,3.84,3.84,3.84,3.85,3.85,3.79,3.73,3.67,3.61,3.65,3.69,3.72,3.76,3.69,3.63,3.56,3.49,3.3,3.11,2.92,2.73,2.9,3.07,3.24,3.41,3.32,3.23,3.15,3.06,3.1,3.15,3.19,3.24,2.76,2.29,1.82,1.35,1.45,1.55,1.65,1.75,1.68,1.62,1.56,1.5,1.65,1.79,1.94,2.09,2.3,2.52,2.74,2.96,2.82,2.69,2.56,2.43,2.65,2.87,3.1,3.32,3.15,2.99,2.82,2.65,2.62,2.58,2.54,2.5,2.47,2.44,2.41,2.38,2.56,2.75,2.93,3.11,3.18,3.25,3.31,3.38,3.24,3.1,2.96,2.83,2.9,2.97,3.03,3.1,3.48,3.85,4.22,4.59,,
2019-07-01T00:00:00+00:00,3.68,3.9,4.13,4.16,4.19,4.23,4.26,3.5,2.73,1.97,1.2,1.25,1.31,1.36,1.41,1.3,1.18,1.07,0.96,1.28,1.61,1.93,2.25,2.04,1.84,1.63,1.43,1.43,1.43,1.43,1.44,1.76,2.08,2.4,2.73,2.77,2.81,2.85,2.89,2.88,2.87,2.85,2.84,2.82,2.8,2.78,2.76,2.72,2.67,2.62,2.58,2.7,2.82,2.94,3.06,3.11,3.16,3.21,3.25,3.32,3.39,3.46,3.53,3.72,3.92,4.11,4.31,4.29,4.28,4.26,4.24,4.31,4.37,4.44,4.5,4.37,4.24,4.11,3.98,3.85,3.72,3.59,3.46,3.37,3.28,3.18,3.09,2.99,2.9,2.8,2.7,2.63,2.56,2.49,2.41,2.1,1.79,1.48,1.17,1.27,1.36,1.46,1.55,1.59,1.63,1.66,1.7,1.77,1.84,1.91,1.99,2.03,2.07,2.11,2.15,2.24,2.32,2.4,2.49,2.54,2.6,2.66,2.71,2.73,2.74,2.76,2.77,2.8,2.83,2.86,2.89,2.71,2.53,2.35,2.18,2.18,2.18,2.18,2.18,2.29,2.4,2.5,2.61,2.78,2.94,3.11,3.27,3.4,3.53,3.66,3.79,3.84,3.88,3.92,3.97,3.98,3.99,4.0,4.01,3.96,3.91,3.86,3.81,,
2019-07-03T00:00:00+00:00
2019-07-04T00:00:00+00:00
2019-07-08T00:00:00+00:00
2019-07-09T00:00:00+00:00,3.52,3.54,3.56,3.65,3.75,3.84,3.94,3.75,3.57,3.38,3.2,3.19,3.19,3.18,3.18,3.22,3.26,3.31,3.35,3.53,3.7,3.88,4.05,4.17,4.28,4.39,4.51,4.57,4.62,4.68,4.74,4.7,4.66,4.62,4.58,4.54,4.51,4.47,4.43,4.51,4.58,4.66,4.74,4.67,4.6,4.53,4.47,4.53,4.59,4.65,4.71,4.76,4.81,4.86,4.91,4.9,4.88,4.87,4.86,4.81,4.75,4.7,4.65,4.64,4.63,4.61,4.6,4.56,4.52,4.48,4.44,4.46,4.47,4.49,4.51,4.42,4.33,4.24,4.16,3.99,3.83,3.67,3.5,3.4,3.29,3.18,3.08,3.0,2.92,2.83,2.75,2.72,2.68,2.65,2.61,2.7,2.79,2.88,2.96,2.91,2.86,2.81,2.76,2.61,2.47,2.32,2.17,2.11,2.05,1.98,1.92,1.77,1.63,1.48,1.34,1.51,1.67,1.84,2.0,2.01,2.02,2.02,2.03,1.93,1.84,1.74,1.64,1.72,1.79,1.87,1.95,1.88,1.82,1.76,1.69,1.63,1.56,1.5,1.44,1.32,1.2,1.08,0.97,1.23,1.49,1.76,2.02,1.96,1.9,1.84,1.78,1.75,1.72,1.69,1.66,1.68,1.71,1.74,1.76,1.55,1.33,1.11,0.9,1.36,1.81,2.27,2.72,2.58,2.43,2.28,2.13,1.97,1.81,1.66,1.5,1.49,1.48,1.48,1.47,1.31,1.15,1.0,0.84,0.78,0.72,0.66,0.61,,
