run,P0DT1H0M0S,P0DT1H15M0S,P0DT1H30M0S,P0DT1H45M0S,P0DT2H0M0S,P0DT2H15M0S,P0DT2H30M0S,P0DT2H45M0S,P0DT3H0M0S,P0DT3H15M0S,P0DT3H30M0S,P0DT3H45M0S,P0DT4H0M0S,P0DT4H15M0S,P0DT4H30M0S,P0DT4H45M0S,P0DT5H0M0S,P0DT5H15M0S,P0DT5H30M0S,P0DT5H45M0S,P0DT6H0M0S,P0DT6H15M0S,P0DT6H30M0S,P0DT6H45M0S,P0DT7H0M0S,P0DT7H15M0S,P0DT7H30M0S,P0DT7H45M0S,P0DT8H0M0S,P0DT8H15M0S,P0DT8H30M0S,P0DT8H45M0S,P0DT9H0M0S,P0DT9H15M0S,P0DT9H30M0S,P0DT9H45M0S,P0DT10H0M0S,P0DT10H15M0S,P0DT10H30M0S,P0DT10H45M0S,P0DT11H0M0S,P0DT11H15M0S,P0DT11H30M0S,P0DT11H45M0S,P0DT12H0M0S,P0DT12H15M0S,P0DT12H30M0S,P0DT12H45M0S,P0DT13H0M0S,P0DT13H15M0S,P0DT13H30M0S,P0DT13H45M0S,P0DT14H0M0S,P0DT14H15M0S,P0DT14H30M0S,P0DT14H45M0S,P0DT15H0M0S,P0DT15H15M0S,P0DT15H30M0S,P0DT15H45M0S,P0DT16H0M0S,P0DT16H15M0S,P0DT16H30M0S,P0DT16H45M0S,P0DT17H0M0S,P0DT17H15M0S,P0DT17H30M0S,P0DT17H45M0S,P0DT18H0M0S,P0DT18H15M0S,P0DT18H30M0S,P0DT18H45M0S,P0DT19H0M0S,P0DT19H15M0S,P0DT19H30M0S,P0DT19H45M0S,P0DT20H0M0S,P0DT20H15M0S,P0DT20H30M0S,P0DT20H45M0S,P0DT21H0M0S,P0DT21H15M0S,P0DT21H30M0S,P0DT21H45M0S,P0DT22H0M0S,P0DT22H15M0S,P0DT22H30M0S,P0DT22H45M0S,P0DT23H0M0S,P0DT23H15M0S,P0DT23H30M0S,P0DT23H45M0S,P1DT0H0M0S,P1DT0H15M0S,P1DT0H30M0S,P1DT0H45M0S,P1DT1H0M0S,P1DT1H15M0S,P1DT1H30M0S,P1DT1H45M0S,P1DT2H0M0S,P1DT2H15M0S,P1DT2H30M0S,P1DT2H45M0S,P1DT3H0M0S,P1DT3H15M0S,P1DT3H30M0S,P1DT3H45M0S,P1DT4H0M0S,P1DT4H15M0S,P1DT4H30M0S,P1DT4H45M0S,P1DT5H0M0S,P1DT5H15M0S,P1DT5H30M0S,P1DT5H45M0S,P1DT6H0M0S,P1DT6H15M0S,P1DT6H30M0S,P1DT6H45M0S,P1DT7H0M0S,P1DT7H15M0S,P1DT7H30M0S,P1DT7H45M0S,P1DT8H0M0S,P1DT8H15M0S,P1DT8H30M0S,P1DT8H45M0S,P1DT9H0M0S,P1DT9H15M0S,P1DT9H30M0S,P1DT9H45M0S,P1DT10H0M0S,P1DT10H15M0S,P1DT10H30M0S,P1DT10H45M0S,P1DT11H0M0S,P1DT11H15M0S,P1DT11H30M0S,P1DT11H45M0S,P1DT12H0M0S,P1DT12H15M0S,P1DT12H30M0S,P1DT12H45M0S,P1DT13H0M0S,P1DT13H15M0S,P1DT13H30M0S,P1DT13H45M0S,P1DT14H0M0S,P1DT14H15M0S,P1DT14H30M0S,P1DT14H45M0S,P1DT15H0M0S,P1DT15H15M0S,P1DT15H30M0S,P1DT15H45M0S,P1DT16H0M0S,P1DT16H15M0S,P1DT16H30M0S,P1DT16H45M0S,P1DT17H0M0S,P1DT17H15M0S,P1DT17H30M0S,P1DT17H45M0S,P1DT18H0M0S
2016-01-01T00:00:00+00:00,6.22,6.0,5.78,5.64,5.5,5.35,5.21,5.06,4.91,4.76,4.61,4.45,4.3,4.14,3.99,3.93,3.87,3.8,3.74,3.58,3.42,3.25,3.09,3.03,2.97,2.91,2.85,2.93,3.01,3.09,3.18,3.28,3.39,3.5,3.6,3.72,3.84,3.96,4.08,4.21,4.35,4.49,4.62,4.75,4.87,4.99,5.12,5.14,5.16,5.18,5.2,5.27,5.34,5.41,5.48,5.5,5.53,5.56,5.58,5.61,5.64,5.67,5.7,5.72,5.75,5.77,5.8,5.87,5.94,6.01,6.08,6.12,6.17,6.21,6.26,6.18,6.09,6.01,5.92,5.87,5.82,5.77,5.72,5.76,5.8,5.84,5.88,5.96,6.04,6.12,6.2,6.25,6.3,6.35,6.4,6.49,6.58,6.67,6.76,6.89,7.02,7.15,7.27,7.35,7.43,7.5,7.58,7.76,7.94,8.12,8.3,8.45,8.6,8.75,8.9,8.99,9.08,9.17,9.26,9.2,9.14,9.08,9.02,9.13,9.24,9.35,9.45,9.57,9.68,9.79,9.91,9.89,9.88,9.87,9.85,9.91,9.96,10.01,10.06,10.13,10.2,10.28,10.35,10.22,10.09,9.97,9.84,9.77,9.71,9.64,9.57,9.48,9.38,9.29,9.2,9.16,9.12,9.09,9.05,8.89,8.72,8.56,8.39,,
2016-01-02T00:00:00+00:00,7.29,7.28,7.26,7.48,7.7,7.92,8.14,8.26,8.38,8.5,8.62,8.71,8.8,8.89,8.98,9.01,9.04,9.07,9.1,9.11,9.13,9.14,9.16,9.17,9.18,9.19,9.2,9.29,9.38,9.47,9.56,9.59,9.61,9.64,9.67,9.82,9.97,10.12,10.28,10.34,10.41,10.47,10.54,10.48,10.42,10.36,10.29,10.27,10.24,10.22,10.19,9.96,9.74,9.51,9.28,9.18,9.07,8.97,8.86,8.83,8.79,8.76,8.72,8.7,8.67,8.65,8.62,8.6,8.59,8.57,8.55,8.52,8.48,8.45,8.41,8.26,8.11,7.96,7.81,7.63,7.46,7.29,7.11,6.89,6.67,6.45,6.23,6.07,5.9,5.74,5.58,5.43,5.28,5.14,4.99,4.87,4.75,4.63,4.51,4.36,4.2,4.05,3.89,3.78,3.68,3.57,3.46,3.47,3.49,3.5,3.52,3.74,3.97,4.2,4.42,4.53,4.63,4.73,4.84,4.88,4.93,4.98,5.03,5.2,5.37,5.55,5.72,5.87,6.03,6.18,6.33,6.48,6.62,6.76,6.91,7.01,7.11,7.22,7.32,7.36,7.41,7.45,7.5,7.51,7.51,7.52,7.53,7.54,7.56,7.57,7.59,7.61,7.63,7.66,7.68,7.69,7.7,7.71,7.72,7.68,7.65,7.62,7.59,,
2016-01-03T00:00:00+00:00,6.62,6.38,6.15,5.98,5.81,5.64,5.47,5.33,5.18,5.03,4.88,4.81,4.74,4.68,4.61,4.61,4.62,4.62,4.63,4.63,4.63,4.62,4.62,4.71,4.81,4.9,4.99,5.1,5.21,5.31,5.42,5.62,5.82,6.02,6.22,6.47,6.72,6.97,7.23,7.36,7.5,7.63,7.76,7.85,7.94,8.03,8.12,8.0,7.89,7.77,7.66,7.54,7.43,7.31,7.19,7.18,7.17,7.16,7.15,7.16,7.17,7.19,7.2,7.25,7.3,7.35,7.41,7.47,7.53,7.59,7.65,7.7,7.75,7.8,7.85,7.71,7.57,7.44,7.3,7.2,7.1,7.01,6.91,6.96,7.01,7.06,7.11,6.99,6.88,6.77,6.66,6.62,6.57,6.52,6.47,6.44,6.4,6.37,6.33,6.23,6.12,6.02,5.91,5.92,5.92,5.92,5.92,5.89,5.86,5.83,5.8,5.74,5.67,5.61,5.54,5.59,5.64,5.7,5.75,5.84,5.93,6.02,6.12,6.12,6.12,6.12,6.12,6.31,6.5,6.69,6.88,7.07,7.25,7.44,7.63,7.88,8.14,8.39,8.65,8.8,8.94,9.09,9.24,9.32,9.4,9.48,9.57,9.61,9.66,9.71,9.75,9.67,9.58,9.5,9.41,9.21,9.02,8.82,8.62,8.39,8.16,7.92,7.69,,
2016-01-04T00:00:00+00:00,7.17,6.98,6.79,6.64,6.49,6.34,6.19,6.09,5.99,5.89,5.8,5.76,5.72,5.68,5.64,5.72,5.8,5.88,5.97,6.04,6.12,6.19,6.27,6.38,6.5,6.61,6.72,6.78,6.83,6.88,6.93,7.09,7.25,7.41,7.57,7.75,7.93,8.11,8.29,8.46,8.62,8.78,8.94,9.03,9.12,9.22,9.31,9.39,9.47,9.55,9.63,9.62,9.61,9.6,9.59,9.53,9.46,9.4,9.33,9.27,9.22,9.16,9.1,8.93,8.76,8.59,8.41,8.35,8.29,8.23,8.16,8.0,7.84,7.68,7.52,7.25,6.97,6.7,6.42,6.24,6.05,5.87,5.68,5.58,5.48,5.38,5.27,5.23,5.2,5.16,5.12,5.16,5.21,5.25,5.3,5.29,5.29,5.28,5.27,5.23,5.18,5.14,5.09,5.11,5.13,5.15,5.17,5.23,5.29,5.35,5.41,5.45,5.49,5.53,5.57,5.59,5.61,5.63,5.65,5.66,5.67,5.68,5.69,5.84,5.98,6.13,6.28,6.38,6.47,6.57,6.67,6.83,6.99,7.15,7.31,7.26,7.21,7.16,7.11,7.06,7.02,6.97,6.92,7.02,7.11,7.2,7.3,7.34,7.39,7.43,7.48,7.48,7.48,7.48,7.48,7.4,7.32,7.25,7.17,7.12,7.08,7.04,6.99,,
2016-01-05T00:00:00+00:00,5.33,5.4,5.48,5.5,5.52,5.55,5.57,5.52,5.47,5.43,5.38,5.4,5.43,5.45,5.47,5.52,5.57,5.62,5.67,5.73,5.78,5.84,5.89,5.95,6.0,6.06,6.11,6.17,6.23,6.28,6.34,6.47,6.61,6.75,6.88,6.88,6.88,6.88,6.88,7.0,7.12,7.24,7.35,7.48,7.61,7.74,7.87,7.96,8.05,8.14,8.23,8.08,7.92,7.77,7.62,7.64,7.66,7.69,7.71,7.7,7.69,7.67,7.66,7.61,7.56,7.51,7.46,7.37,7.27,7.18,7.08,7.05,7.01,6.98,6.95,6.89,6.83,6.77,6.72,6.69,6.67,6.65,6.63,6.61,6.6,6.58,6.57,6.56,6.54,6.53,6.51,6.48,6.45,6.42,6.39,6.35,6.32,6.28,6.25,6.2,6.16,6.11,6.07,6.09,6.1,6.12,6.14,6.13,6.13,6.12,6.12,6.13,6.13,6.14,6.15,6.16,6.17,6.18,6.19,6.22,6.24,6.27,6.29,6.31,6.33,6.36,6.38,6.39,6.39,6.4,6.41,6.59,6.76,6.94,7.12,7.27,7.43,7.59,7.74,7.77,7.79,7.82,7.84,8.0,8.15,8.31,8.46,8.51,8.55,8.59,8.63,8.59,8.56,8.52,8.49,8.37,8.25,8.13,8.01,7.83,7.65,7.47,7.29,,
2016-01-06T00:00:00+00:00,6.26,6.29,6.32,6.35,6.38,6.4,6.43,6.4,6.36,6.33,6.29,6.25,6.21,6.17,6.13,6.08,6.04,5.99,5.95,5.93,5.92,5.9,5.88,5.92,5.95,5.98,6.01,6.03,6.05,6.07,6.08,6.19,6.3,6.41,6.52,6.67,6.81,6.95,7.09,7.24,7.38,7.53,7.67,7.71,7.75,7.79,7.83,7.96,8.09,8.21,8.34,8.32,8.3,8.28,8.26,8.21,8.16,8.11,8.06,7.93,7.8,7.67,7.54,7.38,7.23,7.07,6.92,6.93,6.94,6.95,6.96,6.97,6.98,6.99,7.0,6.88,6.76,6.63,6.51,6.43,6.34,6.26,6.17,6.11,6.05,5.98,5.92,6.02,6.11,6.2,6.3,6.33,6.37,6.41,6.44,6.54,6.65,6.75,6.85,6.86,6.87,6.89,6.9,6.85,6.8,6.75,6.7,6.66,6.62,6.58,6.54,6.53,6.51,6.49,6.47,6.57,6.66,6.76,6.86,6.99,7.13,7.26,7.4,7.67,7.95,8.22,8.5,8.79,9.08,9.37,9.66,10.14,10.63,11.11,11.6,11.64,11.69,11.74,11.79,11.48,11.16,10.85,10.54,10.38,10.22,10.07,9.91,9.9,9.89,9.88,9.87,9.66,9.46,9.25,9.04,8.55,8.06,7.57,7.08,6.85,6.62,6.39,6.16,,
2016-01-07T00:00:00+00:00,6.36,6.34,6.31,6.33,6.35,6.36,6.38,6.46,6.55,6.63,6.71,6.76,6.8,6.84,6.88,6.95,7.01,7.08,7.15,7.15,7.14,7.14,7.14,7.13,7.11,7.1,7.08,7.22,7.35,7.48,7.61,8.0,8.38,8.76,9.14,9.7,10.25,10.81,11.36,11.21,11.06,10.92,10.77,10.69,10.61,10.53,10.45,10.29,10.14,9.98,9.82,9.63,9.44,9.24,9.05,8.75,8.46,8.17,7.88,7.76,7.63,7.51,7.39,7.11,6.84,6.57,6.3,6.11,5.93,5.75,5.56,5.39,5.22,5.05,4.88,4.74,4.6,4.45,4.31,4.25,4.19,4.13,4.07,4.03,3.99,3.95,3.91,3.84,3.78,3.71,3.65,3.58,3.52,3.45,3.39,3.38,3.37,3.37,3.36,3.32,3.28,3.24,3.21,3.16,3.12,3.08,3.04,3.08,3.11,3.15,3.19,3.21,3.23,3.24,3.26,3.31,3.36,3.4,3.45,3.4,3.35,3.29,3.24,3.35,3.45,3.55,3.66,3.93,4.19,4.46,4.73,4.86,4.98,5.11,5.23,5.38,5.53,5.67,5.82,5.96,6.11,6.25,6.39,6.46,6.54,6.61,6.68,6.67,6.67,6.66,6.65,6.65,6.64,6.63,6.62,6.52,6.42,6.32,6.22,6.05,5.88,5.72,5.55,,
2016-01-08T00:00:00+00:00,4.23,4.05,3.86,3.76,3.67,3.57,3.47,3.51,3.55,3.6,3.64,3.56,3.48,3.4,3.32,3.38,3.44,3.49,3.55,3.63,3.7,3.78,3.85,3.89,3.92,3.95,3.98,4.24,4.49,4.74,4.99,5.13,5.27,5.41,5.55,5.69,5.83,5.97,6.11,6.33,6.54,6.76,6.97,7.16,7.36,7.55,7.74,7.91,8.08,8.25,8.42,8.38,8.33,8.28,8.23,8.09,7.94,7.79,7.64,7.51,7.39,7.26,7.14,6.94,6.74,6.54,6.34,6.11,5.89,5.67,5.44,5.31,5.18,5.05,4.91,4.76,4.61,4.46,4.3,4.33,4.35,4.37,4.4,4.54,4.68,4.82,4.96,4.91,4.87,4.82,4.77,4.71,4.65,4.59,4.54,4.62,4.7,4.78,4.87,4.93,4.99,5.06,5.12,5.12,5.12,5.11,5.11,5.13,5.15,5.16,5.18,5.28,5.38,5.49,5.59,5.62,5.64,5.67,5.7,5.65,5.6,5.56,5.51,5.63,5.74,5.85,5.97,5.93,5.9,5.86,5.82,5.87,5.92,5.96,6.01,6.13,6.25,6.37,6.49,6.66,6.82,6.98,7.14,7.32,7.49,7.67,7.85,7.99,8.13,8.28,8.42,8.52,8.62,8.73,8.83,8.77,8.72,8.67,8.61,8.63,8.64,8.66,8.68,,
2016-01-09T00:00:00+00:00,3.26,2.87,2.48,2.11,1.75,1.38,1.01,1.14,1.27,1.4,1.53,1.59,1.65,1.71,1.77,2.01,2.26,2.5,2.74,3.04,3.35,3.65,3.95,4.17,4.39,4.61,4.83,5.03,5.23,5.43,5.62,5.81,6.0,6.19,6.38,6.64,6.89,7.15,7.4,7.67,7.94,8.21,8.48,8.62,8.76,8.9,9.04,9.24,9.44,9.64,9.84,9.85,9.87,9.88,9.89,9.74,9.6,9.45,9.3,9.07,8.83,8.6,8.37,8.28,8.2,8.11,8.02,7.93,7.84,7.74,7.65,7.7,7.74,7.79,7.84,8.06,8.27,8.48,8.7,8.88,9.05,9.23,9.41,9.46,9.51,9.57,9.62,9.15,8.69,8.22,7.76,7.52,7.28,7.04,6.8,6.67,6.54,6.4,6.27,6.16,6.05,5.94,5.83,5.68,5.54,5.39,5.25,5.1,4.95,4.81,4.66,4.56,4.47,4.38,4.28,4.31,4.33,4.35,4.38,4.37,4.37,4.36,4.36,4.44,4.53,4.61,4.7,5.04,5.39,5.74,6.09,6.32,6.55,6.79,7.02,6.9,6.79,6.67,6.55,6.53,6.51,6.49,6.47,6.62,6.77,6.92,7.07,7.03,6.99,6.95,6.92,6.93,6.94,6.95,6.96,6.93,6.9,6.88,6.85,6.82,6.79,6.77,6.74,,
2016-01-10T00:00:00+00:00,7.06,7.1,7.15,7.13,7.11,7.09,7.07,6.87,6.68,6.48,6.28,6.1,5.91,5.73,5.54,5.59,5.64,5.7,5.75,5.87,6.0,6.12,6.25,6.28,6.32,6.35,6.39,6.36,6.33,6.3,6.27,6.43,6.59,6.75,6.91,7.19,7.47,7.75,8.03,8.08,8.13,8.17,8.22,8.16,8.11,8.05,7.99,7.94,7.89,7.84,7.79,7.82,7.84,7.87,7.89,7.76,7.63,7.5,7.36,7.25,7.14,7.03,6.91,6.8,6.7,6.59,6.48,6.34,6.2,6.06,5.92,5.75,5.58,5.41,5.24,5.15,5.05,4.95,4.86,4.94,5.03,5.11,5.19,5.27,5.35,5.43,5.51,5.63,5.76,5.88,6.0,5.97,5.93,5.9,5.87,5.9,5.94,5.97,6.0,6.04,6.07,6.1,6.14,6.13,6.12,6.11,6.1,6.04,5.99,5.93,5.88,5.85,5.83,5.81,5.79,5.78,5.78,5.77,5.76,5.72,5.68,5.64,5.59,5.83,6.06,6.29,6.52,6.6,6.68,6.76,6.84,6.88,6.91,6.95,6.98,6.89,6.8,6.71,6.62,6.56,6.5,6.44,6.37,6.47,6.57,6.67,6.77,6.88,6.99,7.1,7.21,7.19,7.18,7.17,7.15,6.94,6.73,6.52,6.31,6.16,6.01,5.86,5.72,,
2016-01-11T00:00:00+00:00,6.04,6.25,6.46,6.55,6.65,6.75,6.84,6.68,6.53,6.37,6.21,6.24,6.27,6.3,6.33,6.39,6.45,6.52,6.58,6.63,6.69,6.74,6.8,6.83,6.87,6.91,6.95,6.91,6.86,6.81,6.77,6.79,6.81,6.83,6.85,6.93,7.01,7.09,7.17,7.21,7.25,7.29,7.33,7.35,7.37,7.39,7.41,7.44,7.46,7.48,7.51,7.49,7.48,7.47,7.45,7.33,7.21,7.1,6.98,6.91,6.85,6.79,6.73,6.56,6.38,6.21,6.03,5.94,5.84,5.75,5.66,5.59,5.53,5.47,5.41,5.46,5.51,5.57,5.62,5.6,5.57,5.55,5.53,5.45,5.37,5.29,5.21,5.23,5.25,5.27,5.29,5.3,5.31,5.32,5.33,5.28,5.23,5.17,5.12,5.16,5.19,5.22,5.25,5.29,5.34,5.38,5.42,5.47,5.51,5.56,5.61,5.62,5.63,5.64,5.64,5.62,5.59,5.56,5.54,5.52,5.51,5.49,5.47,5.55,5.63,5.71,5.79,5.88,5.97,6.06,6.15,6.18,6.22,6.26,6.29,6.42,6.54,6.66,6.78,6.73,6.68,6.62,6.57,6.68,6.8,6.91,7.03,7.01,7.0,6.98,6.97,6.81,6.66,6.5,6.35,6.13,5.92,5.71,5.5,5.51,5.53,5.54,5.56,,
2016-01-12T00:00:00+00:00,5.3,5.15,4.99,5.03,5.06,5.1,5.13,5.2,5.27,5.33,5.4,5.44,5.48,5.52,5.56,5.67,5.78,5.89,6.0,6.06,6.13,6.2,6.27,6.24,6.2,6.17,6.13,6.13,6.13,6.13,6.13,6.16,6.18,6.21,6.24,6.23,6.22,6.21,6.2,6.16,6.11,6.06,6.02,6.09,6.15,6.22,6.29,6.44,6.59,6.74,6.89,6.88,6.86,6.85,6.84,6.76,6.67,6.58,6.5,6.32,6.14,5.96,5.78,5.82,5.86,5.91,5.95,5.83,5.72,5.61,5.5,5.44,5.38,5.33,5.27,5.33,5.4,5.46,5.52,5.42,5.32,5.21,5.11,5.13,5.16,5.18,5.2,5.17,5.15,5.12,5.09,5.09,5.08,5.08,5.08,4.94,4.8,4.66,4.52,4.46,4.39,4.32,4.25,4.21,4.16,4.12,4.07,3.78,3.5,3.21,2.92,2.81,2.71,2.6,2.5,2.46,2.43,2.39,2.36,2.25,2.14,2.03,1.92,1.95,1.97,1.99,2.01,2.31,2.61,2.91,3.21,3.54,3.88,4.22,4.56,4.9,5.25,5.59,5.94,6.16,6.37,6.59,6.81,6.83,6.85,6.87,6.89,6.86,6.83,6.81,6.78,6.6,6.42,6.24,6.06,5.81,5.56,5.31,5.06,4.87,4.69,4.5,4.31,,
2016-01-13T00:00:00+00:00,5.04,4.91,4.78,4.65,4.53,4.4,4.28,3.99,3.71,3.42,3.13,2.99,2.85,2.71,2.57,2.51,2.46,2.4,2.34,2.31,2.27,2.24,2.2,2.16,2.12,2.08,2.04,2.15,2.27,2.38,2.5,2.67,2.84,3.01,3.19,3.44,3.7,3.95,4.21,4.49,4.78,5.06,5.35,5.59,5.84,6.09,6.34,6.5,6.66,6.82,6.97,6.97,6.97,6.97,6.96,6.76,6.57,6.37,6.17,5.94,5.71,5.48,5.26,5.08,4.9,4.73,4.55,4.46,4.37,4.28,4.18,4.17,4.15,4.13,4.12,4.19,4.26,4.34,4.41,4.36,4.31,4.26,4.21,4.2,4.2,4.2,4.19,4.18,4.17,4.15,4.14,4.09,4.05,4.0,3.96,3.94,3.92,3.9,3.87,3.88,3.89,3.9,3.91,3.99,4.07,4.15,4.23,4.22,4.2,4.19,4.18,4.14,4.1,4.06,4.02,4.06,4.1,4.14,4.18,4.19,4.21,4.22,4.23,4.31,4.39,4.46,4.54,4.64,4.75,4.85,4.95,5.1,5.24,5.38,5.53,5.62,5.72,5.81,5.9,5.86,5.82,5.78,5.74,5.98,6.21,6.45,6.68,6.73,6.77,6.82,6.87,6.69,6.51,6.33,6.15,5.95,5.75,5.55,5.35,5.16,4.97,4.77,4.58,,
2016-01-14T00:00:00+00:00,2.77,2.74,2.71,2.71,2.7,2.7,2.7,2.62,2.55,2.48,2.4,2.34,2.28,2.23,2.17,2.18,2.19,2.21,2.22,2.31,2.41,2.5,2.6,2.59,2.59,2.59,2.58,2.7,2.81,2.93,3.04,3.11,3.17,3.24,3.3,3.38,3.45,3.53,3.6,3.78,3.95,4.13,4.3,4.56,4.81,5.07,5.32,5.54,5.75,5.96,6.18,6.29,6.41,6.53,6.64,6.36,6.08,5.8,5.52,5.33,5.14,4.95,4.76,4.53,4.3,4.07,3.84,3.8,3.76,3.71,3.67,3.6,3.54,3.47,3.41,3.32,3.24,3.15,3.07,3.02,2.97,2.92,2.87,2.74,2.6,2.47,2.34,2.27,2.2,2.12,2.05,2.0,1.96,1.91,1.87,1.82,1.78,1.73,1.69,1.67,1.64,1.62,1.6,1.55,1.5,1.45,1.4,1.37,1.35,1.32,1.29,1.36,1.43,1.5,1.57,1.38,1.19,1.0,0.81,0.75,0.7,0.65,0.6,0.77,0.93,1.1,1.26,1.58,1.91,2.23,2.55,2.82,3.09,3.36,3.63,3.83,4.03,4.22,4.42,4.59,4.76,4.93,5.09,5.14,5.18,5.22,5.27,5.07,4.88,4.69,4.5,4.2,3.91,3.62,3.33,3.08,2.83,2.58,2.33,2.16,1.99,1.81,1.64,,
2016-01-15T00:00:00+00:00,2.55,2.52,2.49,2.42,2.36,2.29,2.23,2.19,2.14,2.1,2.05,1.84,1.63,1.42,1.21,1.23,1.25,1.27,1.29,1.31,1.34,1.36,1.38,1.32,1.25,1.18,1.12,1.06,1.01,0.95,0.9,1.1,1.3,1.5,1.7,1.79,1.89,1.98,2.07,2.37,2.66,2.95,3.24,3.24,3.25,3.25,3.25,3.35,3.46,3.56,3.67,3.73,3.79,3.85,3.91,3.78,3.65,3.53,3.4,3.25,3.09,2.94,2.78,2.65,2.52,2.39,2.26,2.22,2.18,2.13,2.09,2.06,2.03,2.0,1.97,1.93,1.88,1.83,1.78,1.71,1.65,1.58,1.52,1.46,1.4,1.35,1.29,1.28,1.27,1.25,1.24,1.1,0.96,0.82,0.68,0.66,0.64,0.62,0.6,0.59,0.58,0.57,0.56,0.45,0.33,0.22,0.1,0.09,0.08,0.06,0.05,0.06,0.08,0.09,0.11,0.26,0.41,0.57,0.72,0.68,0.65,0.61,0.57,0.67,0.76,0.85,0.94,1.39,1.85,2.3,2.76,3.05,3.35,3.64,3.93,4.07,4.21,4.34,4.48,4.58,4.69,4.79,4.9,4.95,5.0,5.06,5.11,5.09,5.08,5.07,5.05,4.96,4.87,4.79,4.7,4.56,4.42,4.29,4.15,3.87,3.59,3.3,3.02,,
2016-01-16T00:00:00+00:00,0.74,0.7,0.67,0.62,0.58,0.53,0.49,0.47,0.45,0.44,0.42,0.37,0.32,0.27,0.22,0.16,0.1,0.04,-0.02,0.04,0.11,0.17,0.24,0.35,0.45,0.56,0.66,0.81,0.96,1.1,1.25,1.54,1.82,2.11,2.4,2.69,2.97,3.26,3.55,3.73,3.91,4.09,4.27,4.38,4.49,4.61,4.72,4.79,4.85,4.92,4.99,4.97,4.95,4.94,4.92,4.83,4.74,4.66,4.57,4.26,3.96,3.65,3.35,3.19,3.02,2.86,2.69,2.54,2.39,2.24,2.09,2.05,2.02,1.98,1.95,1.82,1.7,1.57,1.45,1.35,1.26,1.16,1.06,1.0,0.94,0.88,0.82,0.75,0.67,0.6,0.52,0.49,0.45,0.42,0.38,0.38,0.39,0.39,0.39,0.43,0.47,0.51,0.55,0.56,0.57,0.58,0.58,0.68,0.78,0.87,0.97,0.98,0.99,1.01,1.02,1.05,1.09,1.12,1.16,1.19,1.23,1.26,1.3,1.42,1.54,1.66,1.78,2.0,2.22,2.45,2.67,2.8,2.94,3.07,3.21,3.25,3.3,3.34,3.39,3.52,3.65,3.78,3.92,4.01,4.11,4.21,4.31,4.29,4.28,4.26,4.25,4.09,3.93,3.77,3.6,3.33,3.05,2.77,2.49,2.33,2.17,2.01,1.85,,
2016-01-17T00:00:00+00:00,0.37,0.31,0.25,0.3,0.35,0.4,0.45,0.44,0.43,0.42,0.41,0.3,0.19,0.08,-0.03,-0.02,-0.02,-0.01,-0.01,-0.06,-0.12,-0.17,-0.23,-0.18,-0.13,-0.08,-0.03,0.15,0.33,0.51,0.69,0.84,0.99,1.14,1.29,1.37,1.45,1.54,1.62,1.68,1.73,1.79,1.84,1.9,1.96,2.01,2.07,2.11,2.14,2.18,2.22,2.21,2.2,2.19,2.18,2.02,1.87,1.71,1.55,1.45,1.35,1.25,1.15,1.07,1.0,0.92,0.85,0.72,0.59,0.47,0.34,0.32,0.3,0.28,0.26,0.07,-0.12,-0.31,-0.49,-0.49,-0.49,-0.48,-0.48,-0.5,-0.52,-0.53,-0.55,-0.55,-0.54,-0.54,-0.53,-0.59,-0.64,-0.7,-0.76,-0.88,-1.0,-1.12,-1.24,-1.26,-1.27,-1.28,-1.29,-1.38,-1.46,-1.55,-1.63,-1.64,-1.65,-1.66,-1.67,-1.62,-1.56,-1.51,-1.45,-1.4,-1.34,-1.28,-1.22,-1.22,-1.21,-1.21,-1.2,-1.17,-1.14,-1.1,-1.07,-0.99,-0.9,-0.81,-0.73,-0.6,-0.47,-0.34,-0.21,-0.04,0.13,0.3,0.47,0.53,0.59,0.64,0.7,0.7,0.7,0.7,0.7,0.68,0.66,0.63,0.61,0.57,0.53,0.5,0.46,0.39,0.32,0.25,0.18,0.14,0.1,0.06,0.02,,
2016-01-18T00:00:00+00:00,-1.4,-1.55,-1.71,-1.82,-1.92,-2.02,-2.13,-2.18,-2.24,-2.29,-2.35,-2.42,-2.5,-2.58,-2.65,-2.7,-2.75,-2.79,-2.84,-2.79,-2.73,-2.68,-2.62,-2.6,-2.58,-2.55,-2.53,-2.46,-2.4,-2.34,-2.28,-2.12,-1.96,-1.8,-1.64,-1.4,-1.16,-0.91,-0.67,-0.5,-0.33,-0.16,0.01,0.19,0.36,0.54,0.72,0.77,0.82,0.87,0.92,0.92,0.92,0.92,0.92,0.82,0.73,0.64,0.55,0.4,0.25,0.11,-0.04,-0.1,-0.15,-0.21,-0.26,-0.28,-0.29,-0.31,-0.32,-0.33,-0.34,-0.35,-0.36,-0.36,-0.37,-0.38,-0.38,-0.36,-0.33,-0.31,-0.28,-0.31,-0.34,-0.37,-0.39,-0.48,-0.57,-0.66,-0.74,-0.75,-0.75,-0.76,-0.76,-0.74,-0.73,-0.71,-0.7,-0.67,-0.65,-0.62,-0.59,-0.59,-0.59,-0.59,-0.59,-0.63,-0.67,-0.7,-0.74,-0.73,-0.73,-0.73,-0.72,-0.67,-0.62,-0.57,-0.51,-0.5,-0.49,-0.47,-0.46,-0.37,-0.28,-0.2,-0.11,0.0,0.11,0.22,0.32,0.39,0.46,0.54,0.61,0.67,0.73,0.8,0.86,0.91,0.97,1.02,1.07,1.13,1.19,1.25,1.31,1.35,1.39,1.43,1.47,1.47,1.47,1.47,1.47,1.43,1.38,1.34,1.3,1.27,1.24,1.22,1.19,,
2016-01-19T00:00:00+00:00,-2.63,-2.6,-2.57,-2.61,-2.65,-2.69,-2.73,-2.75,-2.78,-2.8,-2.82,-2.93,-3.05,-3.16,-3.28,-3.33,-3.38,-3.43,-3.48,-3.36,-3.25,-3.13,-3.01,-3.0,-2.99,-2.97,-2.96,-2.88,-2.81,-2.73,-2.65,-2.42,-2.19,-1.96,-1.73,-1.5,-1.28,-1.06,-0.84,-0.67,-0.5,-0.33,-0.17,0.02,0.2,0.39,0.57,0.69,0.82,0.94,1.06,1.1,1.13,1.16,1.19,1.11,1.03,0.94,0.86,0.7,0.54,0.38,0.21,0.07,-0.07,-0.22,-0.36,-0.48,-0.61,-0.73,-0.85,-0.92,-0.98,-1.05,-1.12,-1.18,-1.24,-1.3,-1.36,-1.49,-1.62,-1.75,-1.88,-1.97,-2.06,-2.15,-2.24,-2.33,-2.42,-2.51,-2.6,-2.7,-2.79,-2.88,-2.97,-3.05,-3.13,-3.21,-3.29,-3.37,-3.44,-3.52,-3.6,-3.67,-3.74,-3.81,-3.88,-3.95,-4.01,-4.08,-4.14,-4.19,-4.24,-4.29,-4.34,-4.29,-4.24,-4.19,-4.14,-4.12,-4.1,-4.09,-4.07,-3.82,-3.57,-3.31,-3.06,-2.7,-2.34,-1.99,-1.63,-1.32,-1.02,-0.72,-0.41,-0.12,0.17,0.46,0.75,1.0,1.25,1.49,1.74,1.92,2.09,2.26,2.43,2.49,2.55,2.61,2.67,2.57,2.47,2.37,2.28,2.05,1.83,1.61,1.38,1.26,1.14,1.02,0.89,,
2016-01-20T00:00:00+00:00,-1.41,-1.7,-1.99,-2.2,-2.42,-2.63,-2.84,-2.97,-3.1,-3.23,-3.36,-3.5,-3.63,-3.76,-3.9,-4.01,-4.12,-4.23,-4.34,-4.37,-4.41,-4.44,-4.48,-4.47,-4.45,-4.43,-4.42,-4.21,-4.01,-3.8,-3.59,-3.22,-2.85,-2.48,-2.11,-1.77,-1.42,-1.07,-0.72,-0.43,-0.14,0.15,0.44,0.67,0.9,1.13,1.36,1.52,1.68,1.84,2.0,2.08,2.17,2.25,2.34,2.28,2.23,2.18,2.12,1.88,1.64,1.4,1.16,1.01,0.85,0.7,0.55,0.39,0.23,0.08,-0.08,-0.17,-0.26,-0.35,-0.44,-0.53,-0.63,-0.72,-0.81,-0.86,-0.91,-0.96,-1.01,-1.06,-1.11,-1.16,-1.22,-1.32,-1.42,-1.52,-1.63,-1.71,-1.79,-1.87,-1.95,-2.01,-2.08,-2.14,-2.21,-2.27,-2.32,-2.38,-2.44,-2.51,-2.59,-2.67,-2.74,-2.81,-2.87,-2.94,-3.0,-3.08,-3.16,-3.24,-3.32,-3.27,-3.23,-3.18,-3.13,-3.26,-3.39,-3.51,-3.64,-3.59,-3.54,-3.49,-3.43,-3.06,-2.68,-2.3,-1.92,-1.52,-1.11,-0.71,-0.31,0.02,0.34,0.66,0.98,1.21,1.44,1.67,1.9,2.06,2.22,2.38,2.54,2.63,2.71,2.8,2.89,2.85,2.81,2.78,2.74,2.5,2.27,2.03,1.8,1.69,1.59,1.49,1.38,,
2016-01-21T00:00:00+00:00,-5.36,-5.5,-5.63,-5.69,-5.76,-5.82,-5.88,-5.89,-5.9,-5.91,-5.92,-5.9,-5.88,-5.86,-5.84,-5.84,-5.85,-5.85,-5.85,-5.72,-5.6,-5.47,-5.34,-5.39,-5.44,-5.49,-5.53,-5.3,-5.07,-4.84,-4.61,-4.2,-3.79,-3.38,-2.97,-2.48,-1.98,-1.49,-1.0,-0.7,-0.4,-0.1,0.2,0.39,0.58,0.78,0.97,1.13,1.28,1.44,1.6,1.7,1.8,1.9,2.01,1.96,1.92,1.88,1.83,1.67,1.5,1.34,1.17,1.02,0.87,0.71,0.56,0.42,0.28,0.15,0.01,-0.07,-0.16,-0.24,-0.32,-0.37,-0.43,-0.48,-0.54,-0.57,-0.61,-0.65,-0.68,-0.72,-0.76,-0.8,-0.84,-0.93,-1.02,-1.11,-1.21,-1.25,-1.28,-1.32,-1.36,-1.43,-1.51,-1.58,-1.65,-1.72,-1.79,-1.86,-1.92,-1.94,-1.95,-1.97,-1.98,-1.88,-1.78,-1.68,-1.58,-1.66,-1.74,-1.82,-1.9,-1.71,-1.52,-1.34,-1.15,-1.08,-1.02,-0.96,-0.89,-0.69,-0.48,-0.28,-0.08,0.19,0.45,0.72,0.98,1.29,1.6,1.91,2.22,2.56,2.9,3.24,3.58,3.73,3.88,4.03,4.18,4.18,4.18,4.18,4.18,4.19,4.19,4.19,4.2,4.2,4.19,4.19,4.19,4.29,4.39,4.5,4.6,4.61,4.62,4.63,4.63,,
2016-02-11T00:00:00+00:00,3.01,2.82,2.63,2.66,2.68,2.71,2.74,2.8,2.85,2.91,2.96,2.78,2.59,2.4,2.22,1.98,1.75,1.52,1.28,1.18,1.08,0.97,0.87,0.91,0.94,0.98,1.02,1.38,1.74,2.1,2.46,2.92,3.38,3.83,4.29,4.55,4.81,5.08,5.34,5.64,5.95,6.25,6.55,6.7,6.85,7.0,7.15,7.17,7.19,7.2,7.22,7.11,7.01,6.9,6.79,6.58,6.36,6.15,5.94,5.77,5.6,5.44,5.27,5.08,4.89,4.7,4.51,4.38,4.25,4.12,3.99,3.92,3.86,3.79,3.72,3.51,3.31,3.1,2.9,2.85,2.79,2.74,2.69,2.72,2.75,2.78,2.81,2.66,2.52,2.37,2.23,2.18,2.13,2.08,2.03,2.02,2.01,2.0,1.99,1.86,1.74,1.62,1.49,1.47,1.44,1.41,1.38,1.39,1.39,1.4,1.41,1.54,1.68,1.81,1.95,1.88,1.82,1.76,1.69,1.5,1.3,1.11,0.92,0.85,0.78,0.72,0.65,0.68,0.71,0.74,0.78,0.86,0.95,1.04,1.13,1.25,1.37,1.49,1.61,1.69,1.77,1.86,1.94,2.18,2.42,2.66,2.9,3.06,3.22,3.38,3.53,3.62,3.7,3.78,3.86,3.83,3.79,3.76,3.73,3.7,3.67,3.64,3.61,,
2016-02-12T00:00:00+00:00,2.3,2.26,2.22,2.08,1.94,1.8,1.66,1.47,1.27,1.08,0.88,0.65,0.42,0.19,-0.04,0.09,0.21,0.34,0.47,0.69,0.9,1.11,1.33,1.33,1.33,1.33,1.33,1.48,1.64,1.79,1.95,2.21,2.47,2.73,2.99,3.06,3.14,3.22,3.29,3.39,3.49,3.59,3.69,3.77,3.85,3.92,4.0,4.0,4.01,4.01,4.02,4.0,3.99,3.97,3.95,3.97,3.99,4.02,4.04,4.1,4.16,4.22,4.29,4.28,4.28,4.28,4.28,4.21,4.13,4.05,3.98,3.91,3.84,3.78,3.71,3.69,3.67,3.65,3.64,3.63,3.62,3.61,3.61,3.56,3.51,3.46,3.41,3.22,3.03,2.85,2.66,2.67,2.69,2.7,2.71,2.66,2.61,2.56,2.52,2.51,2.51,2.5,2.5,2.58,2.67,2.76,2.85,2.95,3.06,3.17,3.27,3.41,3.54,3.67,3.8,3.93,4.06,4.19,4.32,4.37,4.42,4.46,4.51,4.62,4.74,4.85,4.96,5.11,5.26,5.42,5.57,5.95,6.33,6.7,7.08,7.69,8.3,8.9,9.51,9.52,9.54,9.56,9.58,9.81,10.05,10.28,10.52,10.53,10.54,10.55,10.56,10.38,10.2,10.01,9.83,9.75,9.66,9.58,9.5,9.38,9.27,9.16,9.04,,
2016-02-13T00:00:00+00:00,3.0,2.89,2.79,2.63,2.47,2.31,2.16,2.14,2.12,2.11,2.09,2.15,2.21,2.27,2.34,2.37,2.41,2.45,2.49,2.56,2.62,2.69,2.75,2.9,3.05,3.2,3.35,3.59,3.82,4.06,4.29,4.36,4.42,4.49,4.55,4.7,4.85,5.0,5.14,6.02,6.9,7.78,8.66,8.77,8.88,8.98,9.09,8.98,8.87,8.76,8.65,8.75,8.85,8.95,9.06,8.93,8.81,8.69,8.57,8.46,8.35,8.24,8.13,8.02,7.91,7.8,7.69,7.66,7.62,7.58,7.55,7.48,7.41,7.34,7.27,7.21,7.15,7.1,7.04,6.91,6.77,6.63,6.49,6.33,6.16,5.99,5.83,5.73,5.63,5.53,5.44,5.35,5.27,5.19,5.11,5.11,5.11,5.11,5.11,5.15,5.19,5.23,5.26,5.3,5.34,5.37,5.41,5.32,5.23,5.14,5.06,4.94,4.82,4.71,4.59,4.43,4.26,4.09,3.92,3.91,3.89,3.87,3.85,3.98,4.1,4.23,4.36,4.67,4.98,5.29,5.6,5.86,6.13,6.4,6.66,6.95,7.23,7.52,7.8,8.0,8.2,8.39,8.59,8.66,8.72,8.79,8.85,8.85,8.85,8.85,8.85,8.71,8.56,8.42,8.28,7.87,7.45,7.04,6.63,6.26,5.89,5.52,5.15,,
2016-02-14T00:00:00+00:00,6.2,6.03,5.86,5.62,5.38,5.14,4.9,4.69,4.49,4.29,4.08,3.92,3.75,3.59,3.43,3.3,3.18,3.06,2.93,2.93,2.92,2.92,2.92,3.09,3.25,3.42,3.59,3.85,4.12,4.38,4.65,4.83,5.02,5.2,5.39,5.51,5.64,5.76,5.89,6.15,6.42,6.68,6.95,7.0,7.05,7.1,7.14,7.19,7.24,7.28,7.33,7.01,6.69,6.38,6.06,5.93,5.8,5.67,5.54,5.48,5.42,5.37,5.31,5.22,5.14,5.06,4.97,4.84,4.7,4.56,4.43,4.3,4.17,4.03,3.9,3.81,3.72,3.62,3.53,3.47,3.42,3.36,3.31,3.24,3.17,3.1,3.03,3.04,3.04,3.05,3.05,3.0,2.94,2.89,2.83,2.75,2.68,2.6,2.52,2.47,2.42,2.37,2.33,2.32,2.32,2.31,2.31,2.23,2.15,2.07,1.99,1.88,1.77,1.66,1.55,1.58,1.61,1.65,1.68,1.72,1.77,1.82,1.86,2.09,2.32,2.55,2.78,3.02,3.25,3.49,3.73,3.94,4.16,4.37,4.59,4.75,4.9,5.06,5.22,5.32,5.42,5.52,5.62,5.66,5.7,5.74,5.79,5.79,5.78,5.78,5.78,5.7,5.62,5.54,5.46,5.04,4.62,4.2,3.78,3.66,3.54,3.42,3.3,,
2016-02-15T00:00:00+00:00,2.76,2.75,2.74,2.7,2.66,2.62,2.58,2.47,2.36,2.24,2.13,2.04,1.94,1.85,1.75,1.72,1.69,1.67,1.64,1.77,1.9,2.04,2.17,2.31,2.45,2.59,2.73,2.88,3.04,3.19,3.35,3.56,3.76,3.97,4.18,4.29,4.39,4.5,4.61,4.78,4.95,5.12,5.29,5.43,5.58,5.73,5.88,5.85,5.81,5.78,5.75,5.83,5.91,5.99,6.08,5.57,5.06,4.55,4.04,3.96,3.87,3.78,3.7,3.54,3.38,3.22,3.06,2.98,2.89,2.81,2.72,2.56,2.4,2.23,2.07,1.98,1.88,1.78,1.68,1.63,1.58,1.53,1.48,1.36,1.24,1.12,1.0,0.93,0.86,0.79,0.71,0.67,0.63,0.59,0.55,0.52,0.5,0.47,0.44,0.39,0.33,0.28,0.22,0.19,0.16,0.13,0.1,0.09,0.08,0.07,0.06,0.01,-0.04,-0.09,-0.15,-0.06,0.02,0.1,0.19,0.27,0.34,0.42,0.5,0.78,1.06,1.34,1.63,1.85,2.08,2.31,2.53,2.77,3.0,3.23,3.46,3.67,3.88,4.1,4.31,4.45,4.59,4.73,4.87,4.95,5.02,5.09,5.17,5.19,5.21,5.24,5.26,5.2,5.13,5.06,5.0,4.73,4.47,4.21,3.95,3.64,3.33,3.01,2.7,,
2016-02-16T00:00:00+00:00,0.62,0.63,0.64,0.56,0.49,0.42,0.35,0.29,0.23,0.17,0.11,0.08,0.05,0.01,-0.02,-0.09,-0.16,-0.23,-0.29,-0.33,-0.37,-0.4,-0.44,-0.34,-0.24,-0.14,-0.04,0.16,0.37,0.57,0.77,0.99,1.22,1.44,1.66,1.89,2.12,2.34,2.57,2.84,3.11,3.38,3.64,3.86,4.08,4.3,4.52,4.67,4.81,4.96,5.1,5.14,5.18,5.22,5.26,5.17,5.08,4.99,4.9,4.65,4.39,4.14,3.88,3.6,3.32,3.04,2.76,2.53,2.31,2.08,1.86,1.68,1.5,1.32,1.15,1.06,0.97,0.88,0.79,0.64,0.49,0.34,0.18,0.04,-0.11,-0.25,-0.4,-0.43,-0.46,-0.49,-0.52,-0.65,-0.78,-0.91,-1.04,-1.13,-1.23,-1.33,-1.42,-1.54,-1.65,-1.77,-1.88,-1.99,-2.1,-2.22,-2.33,-2.42,-2.52,-2.62,-2.72,-2.8,-2.88,-2.96,-3.04,-3.01,-2.98,-2.95,-2.92,-2.71,-2.5,-2.29,-2.08,-1.67,-1.25,-0.84,-0.43,-0.05,0.33,0.71,1.09,1.46,1.83,2.2,2.57,2.84,3.12,3.39,3.67,3.91,4.15,4.39,4.63,4.75,4.87,4.98,5.1,5.16,5.23,5.29,5.35,5.24,5.12,5.01,4.9,4.64,4.39,4.13,3.88,3.61,3.34,3.07,2.8,,
2016-02-18T00:00:00+00:00,-1.74,-1.58,-1.43,-1.41,-1.39,-1.37,-1.36,-1.34,-1.33,-1.31,-1.29,-1.19,-1.08,-0.98,-0.87,-0.83,-0.78,-0.74,-0.69,-0.58,-0.47,-0.36,-0.25,-0.11,0.02,0.16,0.3,0.46,0.63,0.79,0.96,1.24,1.52,1.8,2.08,2.3,2.52,2.74,2.96,2.97,2.97,2.97,2.98,2.94,2.9,2.87,2.83,3.04,3.25,3.46,3.66,3.8,3.94,4.08,4.22,4.28,4.35,4.41,4.48,4.5,4.52,4.54,4.55,4.39,4.23,4.06,3.9,3.78,3.66,3.54,3.43,3.31,3.2,3.09,2.98,2.85,2.71,2.58,2.45,2.37,2.28,2.2,2.12,1.96,1.81,1.65,1.5,1.41,1.32,1.23,1.13,1.07,1.0,0.93,0.86,0.72,0.57,0.42,0.27,0.17,0.08,-0.02,-0.12,-0.2,-0.28,-0.37,-0.45,-0.5,-0.55,-0.6,-0.65,-0.69,-0.73,-0.77,-0.81,-0.76,-0.7,-0.64,-0.58,-0.31,-0.05,0.21,0.48,0.82,1.16,1.5,1.83,1.99,2.15,2.31,2.47,2.81,3.15,3.5,3.84,3.98,4.11,4.25,4.39,4.52,4.65,4.79,4.92,5.19,5.45,5.72,5.99,6.15,6.31,6.47,6.64,6.64,6.64,6.64,6.65,6.46,6.27,6.09,5.9,5.57,5.23,4.9,4.56,,
2016-02-19T00:00:00+00:00,0.39,0.29,0.19,0.09,-0.01,-0.1,-0.2,-0.25,-0.3,-0.35,-0.4,-0.38,-0.37,-0.36,-0.35,-0.27,-0.19,-0.12,-0.04,-0.03,-0.02,-0.01,0.0,0.19,0.39,0.58,0.77,1.02,1.27,1.52,1.77,2.03,2.29,2.55,2.81,3.04,3.28,3.51,3.74,4.09,4.44,4.79,5.14,5.55,5.95,6.36,6.77,6.92,7.07,7.22,7.37,7.35,7.32,7.3,7.28,7.27,7.26,7.25,7.24,7.08,6.92,6.76,6.59,6.39,6.18,5.98,5.77,5.56,5.35,5.14,4.93,4.84,4.74,4.64,4.55,4.5,4.44,4.39,4.34,4.3,4.26,4.23,4.19,4.24,4.28,4.32,4.37,4.41,4.45,4.49,4.53,4.6,4.67,4.74,4.81,4.95,5.1,5.25,5.4,5.41,5.42,5.43,5.44,5.48,5.52,5.56,5.6,5.7,5.81,5.91,6.01,6.16,6.31,6.46,6.61,6.72,6.83,6.94,7.05,7.17,7.29,7.42,7.54,7.7,7.87,8.03,8.2,8.33,8.46,8.58,8.71,8.73,8.75,8.77,8.8,9.39,9.99,10.59,11.19,11.3,11.42,11.54,11.66,11.75,11.84,11.93,12.02,11.93,11.84,11.76,11.67,11.6,11.54,11.47,11.41,11.31,11.21,11.11,11.01,11.05,11.1,11.14,11.19,,
2016-02-20T00:00:00+00:00,6.78,6.73,6.67,6.66,6.65,6.64,6.63,6.64,6.66,6.67,6.69,6.65,6.62,6.58,6.55,6.51,6.47,6.43,6.39,6.4,6.42,6.44,6.46,6.65,6.84,7.03,7.22,7.34,7.46,7.58,7.7,7.88,8.05,8.22,8.4,8.5,8.61,8.72,8.83,9.1,9.38,9.65,9.93,10.02,10.11,10.21,10.3,10.35,10.41,10.46,10.51,10.5,10.49,10.48,10.47,10.53,10.6,10.66,10.72,10.68,10.63,10.58,10.53,10.55,10.57,10.59,10.6,10.56,10.52,10.49,10.45,10.46,10.48,10.5,10.52,10.52,10.52,10.53,10.53,10.54,10.56,10.57,10.59,10.52,10.46,10.39,10.33,10.29,10.25,10.22,10.18,10.12,10.07,10.02,9.96,9.9,9.85,9.79,9.73,9.69,9.65,9.62,9.58,9.57,9.57,9.57,9.57,9.6,9.63,9.66,9.69,9.78,9.87,9.96,10.05,10.02,10.0,9.97,9.94,9.89,9.84,9.78,9.73,9.81,9.9,9.98,10.06,10.12,10.18,10.24,10.29,10.34,10.38,10.42,10.47,10.7,10.93,11.17,11.4,11.34,11.27,11.21,11.15,11.18,11.22,11.25,11.29,11.18,11.07,10.96,10.85,10.92,10.98,11.04,11.1,11.09,11.08,11.06,11.05,10.95,10.85,10.75,10.65,,
2016-02-21T00:00:00+00:00,10.63,10.61,10.58,10.54,10.49,10.45,10.41,10.29,10.17,10.05,9.93,9.85,9.76,9.68,9.6,9.59,9.57,9.56,9.54,9.48,9.42,9.37,9.31,9.29,9.28,9.26,9.25,9.27,9.29,9.31,9.33,9.42,9.5,9.59,9.68,9.86,10.05,10.24,10.43,10.66,10.88,11.11,11.34,11.31,11.29,11.26,11.23,11.12,11.01,10.9,10.79,10.9,11.01,11.12,11.23,11.39,11.54,11.69,11.85,11.86,11.88,11.89,11.91,11.87,11.83,11.79,11.75,11.68,11.62,11.55,11.49,11.4,11.3,11.21,11.12,11.1,11.08,11.06,11.04,10.96,10.87,10.78,10.69,10.66,10.62,10.59,10.56,10.5,10.43,10.37,10.31,10.23,10.14,10.06,9.98,9.92,9.86,9.8,9.73,9.64,9.54,9.44,9.34,9.31,9.29,9.26,9.24,9.19,9.15,9.11,9.06,9.0,8.94,8.88,8.82,8.79,8.76,8.73,8.71,8.74,8.77,8.8,8.84,8.94,9.05,9.15,9.26,9.22,9.18,9.15,9.11,9.31,9.52,9.72,9.93,10.05,10.17,10.3,10.42,10.79,11.15,11.51,11.88,11.68,11.48,11.28,11.09,11.0,10.92,10.84,10.76,10.75,10.74,10.73,10.72,10.62,10.53,10.43,10.33,10.33,10.34,10.34,10.34,,
2016-02-22T00:00:00+00:00,9.69,9.72,9.75,9.44,9.13,8.82,8.51,8.23,7.95,7.66,7.38,7.23,7.08,6.93,6.78,6.64,6.49,6.34,6.2,6.16,6.12,6.08,6.04,6.21,6.39,6.57,6.75,6.93,7.11,7.29,7.47,7.73,8.0,8.26,8.53,8.87,9.22,9.56,9.91,10.03,10.14,10.26,10.38,10.3,10.22,10.13,10.05,10.14,10.22,10.3,10.39,10.39,10.4,10.41,10.42,10.48,10.53,10.59,10.65,10.59,10.53,10.47,10.41,10.33,10.26,10.18,10.1,10.11,10.12,10.13,10.14,10.03,9.91,9.79,9.68,9.43,9.18,8.93,8.68,8.46,8.25,8.03,7.82,7.63,7.44,7.25,7.06,6.94,6.82,6.7,6.59,6.5,6.42,6.34,6.25,6.18,6.11,6.04,5.97,5.87,5.76,5.66,5.55,5.45,5.35,5.24,5.14,5.07,5.0,4.92,4.85,4.78,4.71,4.64,4.57,4.58,4.6,4.61,4.63,4.72,4.81,4.9,4.99,5.16,5.33,5.51,5.68,5.88,6.08,6.28,6.48,6.67,6.85,7.04,7.22,7.36,7.5,7.64,7.77,7.87,7.96,8.05,8.15,8.27,8.4,8.52,8.65,8.74,8.84,8.93,9.03,8.98,8.93,8.89,8.84,8.67,8.49,8.32,8.14,7.86,7.58,7.29,7.01,,
2016-02-23T00:00:00+00:00,9.71,9.7,9.68,9.0,8.32,7.64,6.96,6.88,6.8,6.72,6.64,6.45,6.27,6.08,5.9,5.82,5.75,5.67,5.6,5.47,5.33,5.2,5.07,5.1,5.13,5.16,5.18,5.28,5.37,5.47,5.56,5.62,5.67,5.73,5.78,6.05,6.33,6.6,6.87,7.06,7.25,7.44,7.63,7.76,7.88,8.01,8.13,8.24,8.35,8.46,8.57,8.62,8.67,8.72,8.78,8.26,7.74,7.22,6.7,6.77,6.84,6.91,6.98,6.62,6.26,5.9,5.53,5.44,5.34,5.25,5.15,4.97,4.79,4.6,4.42,4.24,4.06,3.88,3.7,3.54,3.39,3.24,3.08,2.97,2.85,2.73,2.61,2.53,2.44,2.35,2.26,2.23,2.2,2.17,2.14,2.09,2.04,1.99,1.95,1.89,1.84,1.78,1.73,1.64,1.56,1.48,1.4,1.32,1.24,1.17,1.09,1.13,1.17,1.21,1.25,1.24,1.24,1.23,1.22,1.4,1.57,1.74,1.92,2.13,2.35,2.56,2.78,2.96,3.13,3.31,3.49,3.68,3.88,4.07,4.27,4.54,4.81,5.08,5.36,5.58,5.81,6.03,6.26,6.38,6.51,6.64,6.77,6.81,6.84,6.88,6.91,6.91,6.91,6.91,6.91,6.79,6.67,6.55,6.43,6.28,6.13,5.98,5.83,,
2016-02-24T00:00:00+00:00,1.56,1.56,1.55,1.48,1.4,1.33,1.26,1.16,1.06,0.96,0.86,0.75,0.64,0.53,0.42,0.4,0.37,0.34,0.32,0.34,0.35,0.37,0.39,0.5,0.62,0.74,0.85,1.05,1.25,1.45,1.65,1.96,2.28,2.59,2.9,3.3,3.7,4.11,4.51,4.87,5.24,5.61,5.97,6.11,6.25,6.39,6.53,6.51,6.48,6.45,6.42,6.07,5.71,5.35,4.99,4.6,4.21,3.82,3.43,3.17,2.91,2.65,2.39,2.2,2.01,1.83,1.64,1.6,1.57,1.53,1.5,1.38,1.26,1.14,1.02,1.05,1.07,1.1,1.12,1.2,1.28,1.36,1.44,1.47,1.49,1.52,1.55,1.48,1.42,1.36,1.29,1.2,1.11,1.01,0.92,0.86,0.8,0.73,0.67,0.61,0.55,0.49,0.43,0.26,0.09,-0.08,-0.25,-0.3,-0.34,-0.39,-0.43,-0.42,-0.41,-0.41,-0.4,-0.31,-0.23,-0.14,-0.06,0.2,0.45,0.7,0.95,1.28,1.61,1.94,2.27,2.59,2.91,3.23,3.55,3.76,3.98,4.2,4.41,4.63,4.84,5.06,5.27,5.41,5.55,5.69,5.83,5.89,5.95,6.01,6.07,6.1,6.12,6.14,6.16,6.11,6.07,6.02,5.98,5.82,5.66,5.49,5.33,5.05,4.76,4.48,4.19,,
2016-02-25T00:00:00+00:00,1.63,1.4,1.17,1.04,0.92,0.79,0.67,0.68,0.68,0.69,0.7,0.76,0.83,0.89,0.96,0.83,0.71,0.58,0.46,0.39,0.32,0.25,0.18,0.19,0.2,0.22,0.23,0.47,0.72,0.96,1.21,1.59,1.98,2.36,2.75,3.02,3.3,3.57,3.85,4.19,4.52,4.86,5.2,5.41,5.62,5.84,6.05,6.2,6.35,6.5,6.65,6.64,6.63,6.62,6.62,6.57,6.52,6.47,6.42,6.23,6.03,5.84,5.65,5.36,5.07,4.78,4.49,4.24,3.98,3.72,3.47,3.45,3.44,3.42,3.4,3.3,3.19,3.09,2.99,2.76,2.53,2.3,2.08,2.11,2.14,2.17,2.2,2.13,2.07,2.01,1.95,1.84,1.74,1.64,1.54,1.55,1.55,1.55,1.56,1.43,1.3,1.18,1.05,1.02,1.0,0.97,0.95,0.97,0.99,1.01,1.04,0.91,0.78,0.65,0.52,0.59,0.66,0.72,0.79,0.93,1.06,1.19,1.33,1.61,1.89,2.18,2.46,2.86,3.26,3.65,4.05,4.38,4.7,5.03,5.35,5.48,5.61,5.74,5.87,5.78,5.7,5.61,5.52,5.83,6.13,6.43,6.73,6.74,6.74,6.75,6.75,6.66,6.56,6.47,6.38,6.15,5.93,5.71,5.49,5.21,4.92,4.64,4.36,,
2016-02-26T00:00:00+00:00,-0.73,-0.61,-0.48,-0.53,-0.57,-0.61,-0.66,-0.59,-0.52,-0.46,-0.39,-0.51,-0.62,-0.74,-0.85,-1.01,-1.16,-1.32,-1.48,-1.39,-1.31,-1.22,-1.14,-0.72,-0.31,0.11,0.52,0.94,1.35,1.77,2.18,2.44,2.69,2.95,3.2,3.54,3.88,4.21,4.55,4.92,5.29,5.66,6.03,6.18,6.34,6.49,6.64,6.74,6.85,6.95,7.05,7.06,7.07,7.08,7.09,7.02,6.94,6.87,6.79,6.59,6.38,6.18,5.97,5.64,5.3,4.96,4.62,4.29,3.96,3.63,3.3,3.1,2.89,2.69,2.49,2.35,2.22,2.08,1.94,1.82,1.69,1.57,1.45,1.36,1.27,1.18,1.09,1.02,0.94,0.87,0.8,0.64,0.49,0.33,0.18,0.04,-0.1,-0.24,-0.38,-0.45,-0.52,-0.6,-0.67,-0.71,-0.75,-0.79,-0.83,-0.85,-0.86,-0.88,-0.89,-0.91,-0.92,-0.93,-0.95,-0.93,-0.92,-0.91,-0.89,-0.62,-0.35,-0.08,0.19,0.56,0.92,1.29,1.66,2.06,2.46,2.86,3.27,3.7,4.13,4.56,4.99,5.38,5.77,6.16,6.55,6.83,7.1,7.38,7.66,7.85,8.05,8.25,8.45,8.53,8.62,8.71,8.8,8.68,8.56,8.44,8.32,8.06,7.8,7.53,7.27,6.98,6.69,6.4,6.11,,
2016-02-27T00:00:00+00:00,0.53,0.47,0.41,0.28,0.15,0.02,-0.11,-0.17,-0.24,-0.3,-0.36,-0.42,-0.49,-0.55,-0.61,-0.63,-0.64,-0.65,-0.66,-0.59,-0.53,-0.46,-0.39,-0.19,0.0,0.2,0.39,0.68,0.96,1.24,1.52,1.86,2.2,2.55,2.89,3.27,3.65,4.03,4.41,4.75,5.08,5.41,5.75,5.95,6.16,6.37,6.58,6.71,6.85,6.98,7.12,7.17,7.21,7.26,7.3,7.19,7.08,6.96,6.85,6.62,6.39,6.15,5.92,5.73,5.54,5.34,5.15,4.97,4.78,4.6,4.42,4.23,4.04,3.85,3.66,3.48,3.29,3.11,2.93,2.76,2.6,2.44,2.28,2.15,2.02,1.89,1.76,1.65,1.53,1.41,1.29,1.18,1.06,0.94,0.82,0.74,0.65,0.57,0.48,0.44,0.4,0.35,0.31,0.24,0.17,0.1,0.04,-0.01,-0.07,-0.12,-0.17,-0.21,-0.26,-0.31,-0.35,-0.33,-0.31,-0.28,-0.26,-0.06,0.14,0.34,0.55,0.85,1.16,1.46,1.77,2.14,2.51,2.88,3.24,3.63,4.01,4.39,4.77,5.06,5.35,5.64,5.93,6.15,6.38,6.6,6.82,6.93,7.04,7.14,7.25,7.24,7.23,7.22,7.21,7.05,6.9,6.74,6.59,6.35,6.12,5.88,5.65,5.37,5.09,4.81,4.53,,
2016-02-28T00:00:00+00:00,2.01,1.86,1.7,1.54,1.39,1.23,1.07,0.99,0.91,0.83,0.75,0.64,0.54,0.44,0.33,0.24,0.15,0.05,-0.04,-0.08,-0.12,-0.16,-0.2,-0.04,0.13,0.29,0.46,0.76,1.06,1.36,1.66,2.04,2.41,2.79,3.16,3.55,3.93,4.31,4.69,5.09,5.49,5.89,6.29,6.55,6.8,7.05,7.3,7.38,7.47,7.55,7.64,7.57,7.51,7.44,7.38,7.17,6.97,6.76,6.56,6.33,6.11,5.89,5.67,5.41,5.15,4.89,4.62,4.4,4.19,3.97,3.75,3.57,3.39,3.22,3.04,2.88,2.72,2.56,2.4,2.29,2.17,2.05,1.93,1.79,1.66,1.52,1.38,1.26,1.14,1.02,0.9,0.79,0.68,0.57,0.46,0.39,0.33,0.26,0.2,0.17,0.14,0.11,0.07,0.05,0.02,-0.01,-0.04,-0.04,-0.05,-0.06,-0.07,-0.09,-0.11,-0.13,-0.15,-0.17,-0.2,-0.22,-0.24,-0.06,0.12,0.3,0.48,0.81,1.15,1.48,1.81,2.17,2.54,2.9,3.26,3.62,3.97,4.32,4.68,4.94,5.2,5.46,5.72,5.89,6.07,6.24,6.42,6.49,6.56,6.64,6.71,6.68,6.65,6.62,6.59,6.47,6.36,6.24,6.12,5.87,5.62,5.38,5.13,4.86,4.6,4.33,4.06,,
2016-02-29T00:00:00+00:00,1.27,1.22,1.17,1.09,1.01,0.93,0.85,0.74,0.62,0.51,0.39,0.31,0.23,0.15,0.07,0.03,-0.02,-0.06,-0.1,-0.06,-0.01,0.04,0.09,0.3,0.51,0.73,0.94,1.23,1.52,1.81,2.1,2.54,2.97,3.4,3.83,4.22,4.61,4.99,5.38,5.69,6.0,6.3,6.61,6.79,6.97,7.15,7.33,7.41,7.49,7.57,7.65,7.62,7.59,7.56,7.53,7.38,7.23,7.07,6.92,6.66,6.41,6.16,5.91,5.58,5.24,4.9,4.57,4.35,4.13,3.91,3.69,3.52,3.36,3.2,3.04,2.92,2.81,2.7,2.58,2.42,2.26,2.1,1.94,1.82,1.69,1.56,1.43,1.28,1.13,0.98,0.83,0.75,0.66,0.57,0.49,0.33,0.18,0.02,-0.13,-0.16,-0.18,-0.21,-0.23,-0.31,-0.39,-0.46,-0.54,-0.5,-0.46,-0.43,-0.39,-0.36,-0.33,-0.3,-0.27,0.03,0.32,0.61,0.91,1.14,1.37,1.6,1.84,2.01,2.18,2.36,2.53,2.64,2.76,2.88,2.99,3.15,3.31,3.47,3.63,3.62,3.62,3.61,3.61,3.86,4.12,4.38,4.64,4.71,4.78,4.85,4.92,5.02,5.11,5.21,5.31,5.41,5.5,5.6,5.7,5.89,6.09,6.29,6.48,6.73,6.97,7.22,7.46,,
2016-03-01T00:00:00+00:00,0.72,0.61,0.5,0.47,0.45,0.42,0.39,0.39,0.38,0.38,0.37,0.44,0.5,0.56,0.63,0.84,1.05,1.26,1.47,1.64,1.81,1.98,2.15,2.29,2.43,2.58,2.72,2.82,2.92,3.02,3.12,3.47,3.82,4.17,4.52,4.97,5.42,5.87,6.32,6.57,6.83,7.08,7.33,7.33,7.34,7.34,7.35,7.33,7.32,7.3,7.29,7.25,7.22,7.18,7.15,7.17,7.19,7.21,7.23,7.29,7.36,7.42,7.48,7.62,7.76,7.9,8.04,8.07,8.1,8.13,8.16,8.14,8.12,8.1,8.08,8.09,8.09,8.1,8.11,8.19,8.27,8.35,8.42,8.62,8.81,9.01,9.2,9.14,9.08,9.02,8.96,8.97,8.99,9.0,9.01,8.88,8.75,8.62,8.49,8.31,8.13,7.95,7.77,7.71,7.66,7.6,7.55,7.46,7.38,7.29,7.21,7.19,7.17,7.16,7.14,6.99,6.83,6.68,6.52,6.55,6.57,6.59,6.61,6.64,6.67,6.7,6.73,6.9,7.08,7.25,7.42,7.52,7.62,7.71,7.81,8.1,8.4,8.69,8.98,8.9,8.82,8.74,8.66,7.1,5.54,3.99,2.43,3.17,3.92,4.67,5.41,5.48,5.55,5.62,5.69,5.67,5.65,5.63,5.6,5.51,5.41,5.31,5.22,,
2016-03-02T00:00:00+00:00,9.39,9.26,9.12,8.99,8.85,8.71,8.58,8.57,8.57,8.56,8.56,8.42,8.28,8.13,7.99,7.79,7.6,7.4,7.2,7.15,7.1,7.05,6.99,6.82,6.64,6.46,6.29,6.25,6.2,6.16,6.12,6.35,6.58,6.8,7.03,7.31,7.59,7.86,8.14,8.42,8.7,8.97,9.25,8.86,8.47,8.08,7.68,7.87,8.05,8.24,8.42,8.36,8.29,8.23,8.17,7.65,7.13,6.61,6.1,5.63,5.16,4.69,4.22,3.64,3.06,2.47,1.89,2.02,2.14,2.27,2.39,2.62,2.84,3.06,3.29,3.05,2.81,2.58,2.34,2.41,2.49,2.57,2.64,2.86,3.07,3.28,3.5,3.77,4.05,4.32,4.6,4.77,4.95,5.13,5.31,5.28,5.24,5.21,5.18,5.28,5.38,5.48,5.59,5.51,5.43,5.35,5.27,5.34,5.41,5.47,5.54,5.53,5.52,5.51,5.5,5.52,5.55,5.58,5.6,5.72,5.84,5.96,6.08,6.13,6.18,6.24,6.29,6.37,6.44,6.52,6.6,6.89,7.19,7.49,7.79,7.23,6.67,6.1,5.54,5.61,5.68,5.75,5.83,6.02,6.21,6.4,6.6,6.66,6.72,6.78,6.84,7.06,7.28,7.5,7.72,7.69,7.66,7.63,7.61,7.44,7.28,7.12,6.95,,
2016-03-03T00:00:00+00:00,5.47,5.64,5.81,5.79,5.76,5.74,5.72,5.69,5.65,5.61,5.58,5.55,5.53,5.5,5.48,5.44,5.4,5.36,5.32,5.24,5.15,5.07,4.99,5.14,5.3,5.45,5.6,5.76,5.92,6.07,6.23,6.08,5.93,5.79,5.64,5.85,6.06,6.28,6.49,6.57,6.65,6.74,6.82,6.97,7.13,7.28,7.44,7.5,7.57,7.64,7.71,7.73,7.76,7.78,7.81,7.77,7.73,7.7,7.66,7.51,7.35,7.2,7.05,6.79,6.53,6.26,6.0,5.75,5.49,5.23,4.97,4.75,4.54,4.32,4.1,4.01,3.92,3.83,3.74,3.66,3.59,3.52,3.44,3.43,3.42,3.41,3.4,3.5,3.61,3.71,3.81,3.94,4.08,4.21,4.34,4.38,4.42,4.47,4.51,4.58,4.66,4.74,4.81,4.89,4.97,5.05,5.13,5.24,5.35,5.46,5.57,5.77,5.97,6.17,6.37,6.61,6.85,7.09,7.33,7.09,6.84,6.6,6.35,6.07,5.78,5.5,5.22,5.32,5.43,5.53,5.64,5.72,5.8,5.88,5.96,6.07,6.18,6.29,6.4,6.25,6.1,5.96,5.81,6.17,6.53,6.89,7.25,7.01,6.77,6.52,6.28,6.43,6.58,6.73,6.88,6.86,6.84,6.83,6.81,6.36,5.91,5.46,5.01,,
2016-03-04T00:00:00+00:00,6.34,6.38,6.43,6.37,6.31,6.26,6.2,6.29,6.38,6.48,6.57,6.62,6.67,6.72,6.77,6.82,6.88,6.93,6.98,7.0,7.02,7.03,7.05,7.05,7.06,7.06,7.06,6.53,6.01,5.48,4.95,4.97,5.0,5.03,5.05,5.35,5.65,5.94,6.24,6.64,7.04,7.44,7.83,7.88,7.92,7.97,8.01,8.04,8.07,8.1,8.12,8.14,8.15,8.16,8.17,7.97,7.78,7.58,7.38,7.35,7.32,7.29,7.26,7.1,6.95,6.79,6.64,6.28,5.91,5.55,5.19,5.11,5.04,4.97,4.89,4.79,4.7,4.6,4.5,4.35,4.21,4.07,3.93,3.86,3.8,3.74,3.68,3.69,3.7,3.72,3.73,3.61,3.49,3.37,3.25,3.16,3.07,2.99,2.9,2.75,2.6,2.45,2.31,2.21,2.11,2.02,1.92,1.96,2.01,2.05,2.09,2.08,2.06,2.04,2.02,1.99,1.96,1.92,1.89,1.99,2.09,2.19,2.29,2.37,2.45,2.53,2.62,2.88,3.14,3.4,3.66,3.67,3.69,3.7,3.72,3.98,4.24,4.51,4.77,5.16,5.54,5.93,6.31,6.51,6.7,6.89,7.09,7.08,7.08,7.08,7.08,6.63,6.18,5.73,5.28,5.18,5.09,4.99,4.89,4.71,4.53,4.35,4.17,,
2016-03-05T00:00:00+00:00,2.91,2.51,2.12,1.99,1.85,1.72,1.58,1.52,1.45,1.38,1.31,1.42,1.53,1.65,1.76,1.89,2.03,2.17,2.31,2.37,2.44,2.5,2.57,2.52,2.47,2.42,2.37,2.29,2.2,2.12,2.03,2.3,2.56,2.82,3.08,3.36,3.64,3.93,4.21,4.43,4.66,4.89,5.11,5.44,5.77,6.09,6.42,6.52,6.63,6.74,6.84,6.96,7.07,7.19,7.31,7.37,7.44,7.5,7.57,7.47,7.38,7.28,7.18,6.9,6.62,6.34,6.06,5.58,5.11,4.63,4.15,3.99,3.82,3.66,3.5,3.36,3.22,3.08,2.94,2.89,2.83,2.78,2.72,2.65,2.58,2.51,2.44,2.37,2.31,2.24,2.18,2.12,2.07,2.02,1.96,1.9,1.85,1.79,1.74,1.79,1.84,1.9,1.95,2.03,2.12,2.2,2.29,2.15,2.01,1.87,1.73,1.49,1.26,1.02,0.78,0.8,0.82,0.84,0.86,1.2,1.53,1.87,2.21,2.49,2.78,3.07,3.35,3.61,3.86,4.12,4.37,4.58,4.78,4.99,5.2,5.41,5.62,5.84,6.05,6.16,6.27,6.39,6.5,6.63,6.75,6.88,7.01,7.06,7.11,7.17,7.22,7.21,7.19,7.18,7.17,7.06,6.96,6.85,6.75,6.42,6.09,5.76,5.43,,
2016-03-06T00:00:00+00:00,2.19,2.03,1.88,1.89,1.89,1.9,1.9,2.01,2.12,2.22,2.33,2.14,1.95,1.76,1.57,1.47,1.36,1.26,1.16,1.17,1.19,1.21,1.23,1.46,1.69,1.93,2.16,2.29,2.42,2.54,2.67,2.95,3.22,3.5,3.77,4.21,4.65,5.1,5.54,5.77,6.01,6.24,6.48,6.2,5.92,5.63,5.35,5.83,6.31,6.78,7.26,6.86,6.46,6.06,5.65,5.95,6.24,6.53,6.82,6.34,5.85,5.37,4.88,4.37,3.86,3.35,2.84,2.86,2.89,2.91,2.93,2.98,3.02,3.06,3.11,3.08,3.05,3.02,2.99,2.98,2.97,2.96,2.95,2.83,2.7,2.58,2.46,2.27,2.08,1.89,1.71,1.72,1.74,1.76,1.78,1.79,1.81,1.82,1.83,1.75,1.66,1.58,1.5,1.5,1.5,1.51,1.51,1.39,1.26,1.14,1.02,0.99,0.97,0.94,0.91,0.92,0.92,0.93,0.94,1.13,1.32,1.51,1.7,1.82,1.94,2.06,2.18,2.28,2.38,2.48,2.58,2.62,2.66,2.7,2.73,2.92,3.1,3.28,3.47,3.68,3.88,4.09,4.3,4.58,4.85,5.13,5.41,5.46,5.52,5.57,5.63,4.73,3.82,2.92,2.02,2.33,2.64,2.95,3.27,3.25,3.24,3.23,3.22,,
2016-03-07T00:00:00+00:00,1.99,1.91,1.84,1.81,1.78,1.75,1.72,1.6,1.48,1.36,1.24,1.19,1.15,1.1,1.05,1.07,1.1,1.12,1.14,1.1,1.06,1.03,0.99,1.25,1.5,1.76,2.02,2.28,2.55,2.81,3.07,3.12,3.16,3.2,3.25,3.61,3.96,4.32,4.68,4.75,4.82,4.89,4.96,4.82,4.67,4.53,4.38,4.6,4.82,5.04,5.26,5.2,5.14,5.08,5.01,5.04,5.07,5.09,5.12,5.0,4.87,4.75,4.63,4.26,3.89,3.52,3.15,2.82,2.49,2.15,1.82,1.74,1.66,1.57,1.49,1.47,1.45,1.44,1.42,1.49,1.56,1.63,1.7,1.72,1.74,1.76,1.77,1.79,1.8,1.81,1.82,1.77,1.71,1.66,1.61,1.61,1.61,1.61,1.61,1.52,1.43,1.34,1.25,1.22,1.18,1.14,1.1,1.0,0.9,0.8,0.7,0.45,0.21,-0.04,-0.28,-0.32,-0.36,-0.4,-0.44,-0.25,-0.05,0.14,0.34,0.85,1.37,1.88,2.39,2.84,3.28,3.72,4.17,4.45,4.73,5.01,5.29,5.51,5.73,5.96,6.18,6.34,6.5,6.65,6.81,6.99,7.18,7.36,7.54,7.58,7.63,7.67,7.71,7.73,7.74,7.75,7.76,7.57,7.38,7.2,7.01,6.67,6.33,5.99,5.65,,
2016-03-16T00:00:00+00:00,-273.15,-273.15,-273.15,-273.15,-273.15,-273.15,-273.15,-273.15,-273.15,-273.15,-273.15,-273.15,-273.15,-273.15,-273.15,-273.15,-273.15,-273.15,-273.15,-273.15,-273.15,-273.15,-273.15,-273.15,-273.15,-273.15,-273.15,-273.15,-273.15,-273.15,-273.15,-273.15,-273.15,-273.15,-273.15,-273.15,-273.15,-273.15,-273.15,-273.15,-273.15,-273.15,-273.15,-273.15,-273.15,-273.15,-273.15,-273.15,-273.15,-273.15,-273.15,-273.15,-273.15,-273.15,-273.15,-273.15,-273.15,-273.15,-273.15,-273.15,-273.15,-273.15,-273.15,-273.15,-273.15,-273.15,-273.15,-273.15,-273.15,-273.15,-273.15,-273.15,-273.15,-273.15,-273.15,-273.15,-273.15,-273.15,-273.15,-273.15,-273.15,-273.15,-273.15,-273.15,-273.15,-273.15,-273.15,-273.15,-273.15,-273.15,-273.15,-273.15,-273.15,-273.15,-273.15,-273.15,-273.15,-273.15,-273.15,-273.15,-273.15,-273.15,-273.15,-273.15,-273.15,-273.15,-273.15,-273.15,-273.15,-273.15,-273.15,-273.15,-273.15,-273.15,-273.15,-273.15,-273.15,-273.15,-273.15,-273.15,-273.15,-273.15,-273.15,-273.15,-273.15,-273.15,-273.15,-273.15,-273.15,-273.15,-273.15,-273.15,-273.15,-273.15,-273.15,-273.15,-273.15,-273.15,-273.15,-273.15,-273.15,-273.15,-273.15,-273.15,-273.15,-273.15,-273.15,-273.15,-273.15,-273.15,-273.15,-273.15,-273.15,-273.15,-273.15,-273.15,-273.15,-273.15,-273.15,-273.15,-273.15,-273.15,-273.15,,
2016-03-18T00:00:00+00:00,3.42,3.34,3.27,3.26,3.24,3.22,3.21,3.06,2.9,2.75,2.6,2.48,2.37,2.25,2.13,1.96,1.78,1.61,1.44,1.52,1.61,1.7,1.78,2.3,2.82,3.34,3.86,4.38,4.89,5.41,5.93,6.31,6.68,7.06,7.44,7.83,8.22,8.62,9.01,9.25,9.48,9.72,9.96,10.21,10.46,10.72,10.97,11.16,11.36,11.56,11.75,11.84,11.93,12.02,12.11,12.11,12.1,12.1,12.1,11.94,11.79,11.64,11.48,11.1,10.72,10.33,9.95,9.41,8.88,8.34,7.8,7.53,7.26,7.0,6.73,6.54,6.35,6.15,5.96,5.83,5.7,5.56,5.43,5.32,5.2,5.09,4.98,4.74,4.49,4.24,4.0,4.01,4.03,4.04,4.06,4.08,4.11,4.14,4.16,4.04,3.92,3.8,3.68,3.7,3.72,3.73,3.75,3.83,3.92,4.0,4.08,4.11,4.14,4.16,4.19,4.28,4.36,4.45,4.54,4.65,4.77,4.88,4.99,5.24,5.49,5.74,5.99,6.01,6.02,6.04,6.06,6.4,6.74,7.08,7.42,7.78,8.15,8.52,8.88,8.95,9.02,9.08,9.15,9.26,9.36,9.46,9.57,9.54,9.52,9.49,9.46,9.35,9.23,9.12,9.0,8.96,8.92,8.88,8.84,8.68,8.52,8.36,8.2,,
2016-03-19T00:00:00+00:00,4.06,4.06,4.05,4.05,4.05,4.05,4.05,4.03,4.0,3.98,3.96,3.99,4.02,4.05,4.08,4.02,3.96,3.89,3.83,3.82,3.8,3.78,3.77,3.84,3.92,4.0,4.07,4.27,4.47,4.68,4.88,5.18,5.48,5.79,6.09,6.39,6.69,6.99,7.29,7.63,7.98,8.32,8.66,8.9,9.14,9.39,9.63,9.8,9.98,10.16,10.33,10.42,10.5,10.58,10.67,10.62,10.58,10.53,10.48,10.3,10.12,9.95,9.77,9.47,9.16,8.86,8.56,8.32,8.07,7.83,7.59,7.52,7.45,7.38,7.31,7.22,7.14,7.05,6.96,6.79,6.62,6.45,6.28,6.09,5.9,5.71,5.52,5.34,5.17,5.0,4.82,4.63,4.44,4.26,4.07,3.91,3.76,3.6,3.44,3.34,3.24,3.13,3.03,2.97,2.92,2.86,2.8,2.74,2.68,2.62,2.56,2.5,2.45,2.4,2.34,2.47,2.6,2.72,2.85,3.14,3.43,3.73,4.02,4.21,4.4,4.59,4.78,5.06,5.34,5.62,5.9,6.16,6.42,6.67,6.93,7.36,7.78,8.21,8.64,8.92,9.2,9.48,9.76,9.95,10.14,10.33,10.52,10.6,10.67,10.74,10.82,10.76,10.7,10.63,10.57,10.34,10.1,9.86,9.63,9.31,8.98,8.66,8.34,,
2016-03-20T00:00:00+00:00,4.79,4.65,4.51,4.61,4.72,4.82,4.92,5.03,5.14,5.26,5.37,5.24,5.12,5.0,4.87,4.58,4.29,4.0,3.71,3.63,3.54,3.46,3.38,3.61,3.84,4.08,4.31,4.62,4.92,5.22,5.53,5.82,6.12,6.41,6.7,6.98,7.26,7.53,7.81,8.12,8.44,8.75,9.06,9.27,9.48,9.7,9.91,10.09,10.27,10.45,10.63,10.73,10.83,10.93,11.03,10.92,10.82,10.72,10.61,10.32,10.02,9.73,9.44,9.13,8.82,8.52,8.21,7.96,7.7,7.45,7.2,7.02,6.84,6.66,6.48,6.42,6.36,6.29,6.23,6.2,6.18,6.16,6.13,6.03,5.93,5.83,5.73,5.64,5.56,5.47,5.38,5.08,4.79,4.5,4.2,4.16,4.12,4.08,4.04,4.1,4.16,4.23,4.29,4.32,4.35,4.37,4.4,4.37,4.34,4.31,4.28,4.23,4.19,4.14,4.09,4.14,4.19,4.24,4.29,4.47,4.65,4.84,5.02,5.31,5.6,5.89,6.18,6.36,6.54,6.72,6.9,7.09,7.28,7.47,7.66,7.78,7.9,8.02,8.14,8.41,8.68,8.95,9.22,9.4,9.57,9.75,9.92,9.76,9.61,9.46,9.3,9.45,9.6,9.75,9.9,9.78,9.66,9.54,9.42,9.21,9.0,8.78,8.57,,
2016-03-21T00:00:00+00:00,5.26,5.24,5.23,5.12,5.0,4.88,4.77,4.64,4.5,4.37,4.24,4.14,4.04,3.95,3.85,3.73,3.61,3.49,3.37,3.47,3.56,3.66,3.76,3.94,4.13,4.31,4.5,4.7,4.89,5.09,5.29,5.48,5.66,5.85,6.04,6.37,6.7,7.04,7.37,7.67,7.97,8.27,8.57,8.7,8.84,8.97,9.1,9.27,9.44,9.62,9.79,9.93,10.07,10.22,10.36,10.42,10.47,10.52,10.58,10.5,10.43,10.35,10.28,9.98,9.69,9.4,9.1,8.74,8.38,8.01,7.65,7.4,7.14,6.88,6.63,6.42,6.22,6.01,5.8,5.62,5.45,5.28,5.1,4.93,4.76,4.58,4.41,4.26,4.11,3.96,3.81,3.72,3.64,3.55,3.46,3.42,3.38,3.33,3.29,3.2,3.1,3.01,2.92,2.94,2.96,2.98,3.0,3.07,3.14,3.21,3.28,3.26,3.25,3.24,3.22,3.32,3.41,3.5,3.6,4.11,4.62,5.13,5.64,6.11,6.57,7.04,7.51,7.75,7.99,8.23,8.47,8.74,9.0,9.27,9.54,9.79,10.04,10.28,10.53,10.72,10.9,11.08,11.27,11.36,11.46,11.56,11.65,11.65,11.64,11.64,11.64,11.58,11.53,11.48,11.42,11.28,11.14,11.0,10.86,10.55,10.24,9.93,9.62,,
2016-03-22T00:00:00+00:00,4.94,4.82,4.71,4.59,4.47,4.35,4.23,4.2,4.16,4.12,4.09,4.3,4.5,4.7,4.91,4.92,4.92,4.92,4.93,4.97,5.0,5.04,5.08,5.4,5.73,6.06,6.38,6.66,6.94,7.22,7.5,7.79,8.08,8.37,8.66,8.92,9.18,9.44,9.7,9.96,10.21,10.46,10.72,10.92,11.12,11.31,11.51,11.61,11.72,11.82,11.92,11.96,12.0,12.03,12.07,12.03,11.98,11.94,11.9,11.75,11.6,11.45,11.3,10.98,10.66,10.35,10.03,9.76,9.49,9.22,8.95,8.73,8.52,8.3,8.08,7.97,7.86,7.75,7.64,7.54,7.43,7.32,7.22,7.12,7.03,6.94,6.84,6.72,6.59,6.46,6.34,6.15,5.97,5.78,5.6,5.42,5.25,5.08,4.9,4.76,4.62,4.47,4.33,4.12,3.9,3.68,3.47,3.29,3.12,2.94,2.76,2.74,2.72,2.69,2.67,2.83,2.99,3.15,3.31,3.77,4.22,4.68,5.14,5.42,5.7,5.97,6.25,6.58,6.9,7.22,7.55,7.76,7.98,8.2,8.41,8.67,8.93,9.19,9.45,9.64,9.83,10.02,10.21,10.3,10.4,10.5,10.59,10.67,10.75,10.83,10.91,10.78,10.66,10.54,10.41,10.36,10.3,10.24,10.19,9.93,9.66,9.4,9.13,,
2016-03-23T00:00:00+00:00,5.71,5.54,5.36,5.21,5.06,4.91,4.76,4.6,4.45,4.3,4.14,4.03,3.92,3.81,3.7,3.64,3.57,3.5,3.44,3.5,3.56,3.63,3.69,3.9,4.12,4.33,4.54,4.84,5.13,5.42,5.72,6.17,6.62,7.07,7.52,7.9,8.27,8.64,9.02,9.34,9.67,10.0,10.32,10.42,10.52,10.62,10.72,10.82,10.92,11.01,11.11,11.23,11.36,11.48,11.6,11.64,11.68,11.71,11.75,11.6,11.46,11.32,11.17,10.87,10.57,10.27,9.97,9.72,9.46,9.2,8.95,8.69,8.43,8.18,7.92,7.65,7.38,7.11,6.84,6.7,6.56,6.42,6.28,6.28,6.27,6.26,6.26,6.06,5.85,5.64,5.44,5.16,4.88,4.6,4.32,4.08,3.84,3.6,3.36,3.25,3.14,3.02,2.91,2.86,2.8,2.75,2.7,2.64,2.58,2.52,2.46,2.43,2.41,2.38,2.35,2.61,2.87,3.13,3.39,3.94,4.48,5.03,5.57,6.17,6.78,7.38,7.98,8.3,8.62,8.94,9.26,9.44,9.62,9.81,9.99,10.14,10.28,10.43,10.58,10.73,10.88,11.04,11.19,11.01,10.82,10.64,10.46,10.39,10.32,10.24,10.17,10.27,10.38,10.48,10.58,10.55,10.52,10.48,10.45,10.24,10.02,9.81,9.6,,
2016-03-24T00:00:00+00:00,6.38,6.36,6.34,6.1,5.86,5.62,5.38,5.18,4.98,4.78,4.58,4.36,4.14,3.92,3.7,3.6,3.5,3.41,3.31,3.54,3.76,3.99,4.22,4.68,5.14,5.61,6.07,6.56,7.06,7.55,8.04,8.4,8.76,9.13,9.49,9.44,9.39,9.34,9.29,9.39,9.49,9.6,9.7,9.94,10.19,10.44,10.68,10.8,10.93,11.06,11.18,11.23,11.28,11.33,11.38,11.38,11.38,11.38,11.38,11.29,11.2,11.12,11.03,10.81,10.58,10.36,10.14,9.9,9.66,9.42,9.18,9.09,9.0,8.91,8.82,8.68,8.54,8.39,8.25,8.1,7.96,7.82,7.67,7.56,7.44,7.33,7.22,7.15,7.08,7.02,6.95,6.9,6.85,6.79,6.74,6.72,6.69,6.66,6.64,6.67,6.7,6.72,6.75,6.76,6.76,6.76,6.77,6.78,6.8,6.81,6.82,6.85,6.88,6.91,6.94,6.97,7.0,7.03,7.06,7.13,7.2,7.27,7.34,7.44,7.53,7.62,7.72,7.86,8.0,8.15,8.29,8.42,8.54,8.67,8.8,9.02,9.25,9.48,9.7,10.29,10.88,11.46,12.05,12.21,12.38,12.54,12.7,12.77,12.84,12.91,12.98,12.96,12.94,12.92,12.9,12.77,12.64,12.52,12.39,12.03,11.67,11.31,10.95,,
2016-03-25T00:00:00+00:00,8.0,7.89,7.78,7.71,7.64,7.57,7.5,7.42,7.34,7.25,7.17,7.12,7.08,7.03,6.98,6.98,6.99,7.0,7.0,7.03,7.06,7.1,7.13,7.17,7.22,7.26,7.3,7.37,7.44,7.52,7.59,7.85,8.11,8.37,8.63,8.89,9.15,9.41,9.67,9.85,10.02,10.2,10.38,10.82,11.26,11.7,12.14,12.36,12.58,12.79,13.01,13.0,13.0,13.0,12.99,12.94,12.9,12.86,12.81,12.63,12.45,12.27,12.09,11.72,11.35,10.98,10.61,10.24,9.88,9.51,9.14,8.87,8.6,8.34,8.07,7.9,7.72,7.55,7.38,7.29,7.2,7.1,7.01,6.94,6.86,6.79,6.72,6.63,6.54,6.46,6.37,6.44,6.52,6.59,6.66,6.66,6.66,6.67,6.67,6.36,6.05,5.74,5.43,5.76,6.09,6.42,6.75,6.86,6.98,7.1,7.21,7.29,7.38,7.46,7.54,7.67,7.8,7.94,8.07,8.25,8.43,8.61,8.79,8.92,9.06,9.2,9.33,9.7,10.07,10.43,10.8,11.21,11.62,12.04,12.45,12.54,12.63,12.72,12.81,12.8,12.78,12.77,12.76,12.75,12.74,12.72,12.71,12.91,13.12,13.32,13.52,13.71,13.9,14.1,14.29,14.27,14.26,14.24,14.22,14.15,14.08,14.0,13.93,,
2016-03-26T00:00:00+00:00,5.58,5.34,5.11,5.02,4.93,4.84,4.75,4.86,4.96,5.07,5.18,5.33,5.48,5.64,5.79,6.06,6.32,6.58,6.85,7.12,7.4,7.68,7.95,8.32,8.68,9.04,9.41,9.29,9.18,9.06,8.94,9.04,9.13,9.22,9.32,10.07,10.82,11.57,12.32,12.65,12.98,13.31,13.64,13.68,13.73,13.78,13.82,13.81,13.8,13.79,13.78,13.73,13.68,13.62,13.57,13.55,13.52,13.5,13.48,13.64,13.81,13.98,14.14,14.08,14.01,13.94,13.88,13.72,13.56,13.4,13.24,13.18,13.12,13.05,12.99,13.04,13.09,13.14,13.19,13.3,13.41,13.52,13.63,12.33,11.03,9.73,8.43,8.21,7.98,7.76,7.54,7.46,7.37,7.28,7.2,7.06,6.92,6.77,6.63,6.57,6.52,6.46,6.4,6.35,6.3,6.26,6.21,6.23,6.26,6.28,6.3,6.42,6.54,6.65,6.77,6.86,6.95,7.04,7.13,7.19,7.26,7.32,7.38,7.5,7.62,7.73,7.85,8.12,8.38,8.64,8.91,9.22,9.54,9.86,10.17,10.47,10.78,11.08,11.38,11.51,11.64,11.78,11.91,11.97,12.03,12.09,12.15,11.89,11.64,11.38,11.12,10.56,10.01,9.46,8.9,8.59,8.28,7.98,7.67,7.65,7.63,7.61,7.59,,
2016-03-27T00:00:00+00:00,7.37,7.42,7.47,7.46,7.46,7.45,7.44,7.46,7.49,7.52,7.54,7.43,7.32,7.22,7.11,7.1,7.1,7.09,7.08,7.16,7.24,7.32,7.4,7.57,7.74,7.92,8.09,8.34,8.58,8.83,9.07,9.24,9.41,9.58,9.75,10.02,10.28,10.54,10.81,10.99,11.17,11.35,11.53,11.43,11.34,11.24,11.15,11.49,11.83,12.17,12.51,11.48,10.46,9.44,8.41,9.01,9.62,10.22,10.82,10.62,10.41,10.2,10.0,9.93,9.86,9.79,9.72,9.7,9.69,9.68,9.66,9.56,9.46,9.36,9.26,9.14,9.02,8.9,8.78,8.76,8.75,8.73,8.71,8.62,8.52,8.43,8.34,8.3,8.25,8.21,8.17,8.17,8.18,8.18,8.18,8.04,7.9,7.76,7.62,7.71,7.8,7.9,7.99,7.96,7.94,7.91,7.88,8.03,8.18,8.32,8.47,8.67,8.88,9.08,9.28,9.39,9.5,9.61,9.72,9.75,9.78,9.8,9.83,9.88,9.93,9.98,10.03,10.3,10.57,10.84,11.11,10.99,10.86,10.74,10.62,10.78,10.94,11.11,11.27,11.4,11.54,11.68,11.81,11.41,11.0,10.6,10.2,10.18,10.17,10.15,10.14,9.61,9.08,8.55,8.02,8.01,8.0,8.0,7.99,7.99,8.0,8.0,8.0,,
2016-03-28T00:00:00+00:00,8.52,8.46,8.4,8.36,8.32,8.29,8.25,8.32,8.4,8.47,8.54,8.7,8.86,9.02,9.18,9.35,9.52,9.68,9.85,10.03,10.2,10.38,10.56,10.58,10.6,10.62,10.64,10.82,10.99,11.16,11.34,11.0,10.66,10.32,9.98,10.44,10.9,11.35,11.81,11.98,12.15,12.32,12.49,12.25,12.0,11.76,11.52,11.64,11.75,11.86,11.98,11.58,11.17,10.76,10.36,10.02,9.68,9.35,9.01,8.86,8.72,8.57,8.43,7.66,6.9,6.14,5.37,5.48,5.59,5.7,5.81,5.81,5.8,5.8,5.8,5.66,5.52,5.39,5.25,5.37,5.48,5.6,5.72,5.73,5.74,5.76,5.77,5.65,5.53,5.41,5.29,5.26,5.23,5.2,5.17,5.33,5.48,5.64,5.8,5.77,5.74,5.71,5.68,5.56,5.44,5.31,5.19,5.12,5.06,4.99,4.92,4.86,4.79,4.72,4.66,4.92,5.18,5.44,5.7,6.08,6.45,6.82,7.2,7.64,8.08,8.52,8.96,9.25,9.54,9.83,10.12,10.3,10.48,10.65,10.83,11.08,11.34,11.6,11.85,11.46,11.06,10.66,10.27,10.48,10.68,10.89,11.1,11.02,10.94,10.87,10.79,10.96,11.14,11.31,11.48,11.6,11.73,11.85,11.97,11.86,11.74,11.62,11.51,,
2016-03-29T00:00:00+00:00,6.12,6.09,6.05,5.94,5.83,5.72,5.61,5.53,5.46,5.38,5.3,5.16,5.02,4.87,4.73,4.84,4.95,5.06,5.17,5.48,5.78,6.08,6.39,6.66,6.94,7.21,7.48,7.71,7.94,8.16,8.39,8.75,9.1,9.46,9.81,10.04,10.26,10.49,10.71,10.95,11.18,11.42,11.66,11.82,11.99,12.16,12.32,12.43,12.54,12.64,12.75,12.42,12.1,11.77,11.45,11.52,11.6,11.68,11.75,11.64,11.53,11.42,11.31,11.15,10.99,10.83,10.67,10.56,10.44,10.33,10.22,10.23,10.24,10.25,10.26,10.25,10.24,10.22,10.21,10.14,10.06,9.98,9.91,9.83,9.75,9.68,9.6,9.53,9.46,9.38,9.31,9.24,9.18,9.11,9.04,8.89,8.74,8.58,8.43,8.32,8.21,8.1,7.99,7.93,7.86,7.8,7.73,7.69,7.65,7.61,7.57,7.54,7.52,7.49,7.46,7.57,7.68,7.78,7.89,8.08,8.27,8.46,8.65,8.84,9.02,9.2,9.39,9.58,9.76,9.94,10.13,10.23,10.32,10.42,10.51,10.47,10.43,10.39,10.35,10.32,10.3,10.28,10.25,10.14,10.02,9.9,9.79,9.75,9.72,9.68,9.65,9.4,9.16,8.91,8.67,8.6,8.54,8.48,8.41,8.19,7.96,7.74,7.52,,
2016-03-30T00:00:00+00:00,9.04,9.05,9.06,9.1,9.14,9.18,9.22,9.29,9.36,9.43,9.5,9.3,9.11,8.92,8.72,8.67,8.62,8.57,8.52,8.54,8.56,8.59,8.61,8.69,8.77,8.85,8.93,9.0,9.06,9.13,9.2,9.29,9.38,9.47,9.56,9.77,9.98,10.2,10.41,10.33,10.24,10.16,10.08,10.1,10.13,10.15,10.18,10.1,10.02,9.94,9.86,9.93,10.0,10.06,10.13,10.15,10.17,10.19,10.21,10.21,10.21,10.21,10.21,10.11,10.01,9.9,9.8,9.69,9.58,9.47,9.36,9.33,9.3,9.26,9.23,9.19,9.16,9.12,9.08,9.03,8.98,8.94,8.89,8.8,8.72,8.64,8.55,8.49,8.44,8.38,8.32,8.27,8.23,8.18,8.13,8.07,8.01,7.95,7.89,7.82,7.76,7.7,7.63,7.6,7.57,7.55,7.52,7.48,7.44,7.39,7.35,7.35,7.34,7.34,7.34,7.28,7.22,7.16,7.1,7.08,7.06,7.05,7.03,6.94,6.85,6.76,6.67,6.46,6.24,6.02,5.81,5.79,5.78,5.76,5.74,5.8,5.86,5.93,5.99,6.17,6.36,6.54,6.72,6.82,6.92,7.02,7.12,7.29,7.46,7.62,7.79,7.72,7.65,7.58,7.51,7.47,7.44,7.4,7.36,7.28,7.21,7.14,7.06,,
2016-03-31T00:00:00+00:00,6.24,6.1,5.96,5.96,5.96,5.97,5.97,6.04,6.1,6.17,6.24,6.2,6.17,6.14,6.1,6.09,6.08,6.08,6.07,6.09,6.12,6.14,6.16,6.24,6.32,6.41,6.49,6.66,6.83,7.0,7.17,7.32,7.46,7.61,7.76,7.73,7.7,7.66,7.63,7.68,7.72,7.76,7.81,7.83,7.85,7.87,7.89,7.92,7.94,7.96,7.99,7.93,7.88,7.82,7.76,7.84,7.92,8.01,8.09,7.99,7.89,7.79,7.69,7.6,7.51,7.41,7.32,7.22,7.11,7.01,6.9,6.9,6.9,6.9,6.9,6.82,6.74,6.67,6.59,6.5,6.42,6.33,6.24,6.12,6.0,5.89,5.77,5.64,5.52,5.39,5.26,5.32,5.38,5.43,5.49,5.28,5.08,4.88,4.67,4.56,4.46,4.36,4.25,4.3,4.36,4.41,4.46,4.49,4.52,4.55,4.58,4.6,4.62,4.64,4.66,4.76,4.85,4.94,5.04,5.24,5.45,5.66,5.86,6.19,6.52,6.84,7.17,7.47,7.76,8.06,8.36,8.68,9.01,9.34,9.66,9.96,10.26,10.55,10.85,11.0,11.15,11.3,11.45,11.63,11.82,12.0,12.18,12.12,12.06,11.99,11.93,11.76,11.58,11.41,11.24,11.17,11.1,11.04,10.97,10.73,10.5,10.26,10.02,,
2016-04-01T00:00:00+00:00,4.84,4.72,4.61,4.48,4.35,4.22,4.09,4.02,3.96,3.89,3.82,3.67,3.51,3.36,3.21,3.31,3.41,3.51,3.61,3.76,3.92,4.08,4.23,4.43,4.64,4.84,5.04,5.32,5.6,5.88,6.16,6.39,6.62,6.84,7.07,7.32,7.56,7.81,8.05,8.42,8.8,9.17,9.54,9.72,9.9,10.07,10.25,10.48,10.72,10.95,11.18,11.37,11.56,11.74,11.93,11.96,11.98,12.01,12.04,12.03,12.02,12.0,11.99,11.91,11.82,11.74,11.66,11.33,11.0,10.66,10.33,10.0,9.66,9.33,9.0,8.75,8.51,8.26,8.02,7.68,7.35,7.02,6.68,6.6,6.52,6.45,6.37,6.24,6.12,5.99,5.86,5.78,5.71,5.64,5.56,5.42,5.28,5.14,5.0,4.86,4.71,4.57,4.42,4.31,4.2,4.1,3.99,3.77,3.56,3.34,3.12,3.03,2.93,2.84,2.74,2.99,3.24,3.49,3.74,4.05,4.36,4.68,4.99,5.75,6.5,7.26,8.02,8.74,9.45,10.17,10.88,11.29,11.7,12.1,12.51,12.82,13.13,13.44,13.75,13.58,13.4,13.23,13.06,13.22,13.37,13.52,13.68,13.9,14.13,14.36,14.58,14.68,14.77,14.86,14.96,14.92,14.87,14.82,14.78,14.65,14.52,14.39,14.26,,
2016-04-02T00:00:00+00:00,4.64,4.57,4.49,4.48,4.46,4.45,4.44,4.39,4.35,4.3,4.25,4.14,4.04,3.93,3.82,3.71,3.6,3.48,3.37,3.81,4.26,4.7,5.14,5.62,6.11,6.6,7.08,7.66,8.25,8.83,9.41,9.8,10.2,10.6,10.99,11.24,11.5,11.76,12.01,12.13,12.26,12.38,12.5,12.71,12.92,13.12,13.33,13.56,13.79,14.02,14.25,14.58,14.9,15.23,15.55,15.48,15.42,15.36,15.29,15.21,15.13,15.05,14.97,14.96,14.95,14.94,14.93,14.79,14.65,14.51,14.37,14.22,14.08,13.93,13.79,13.7,13.6,13.5,13.41,13.3,13.18,13.07,12.96,12.84,12.72,12.6,12.48,12.4,12.32,12.25,12.17,12.11,12.05,11.99,11.93,11.84,11.74,11.65,11.56,11.5,11.44,11.38,11.32,11.23,11.14,11.04,10.95,10.88,10.82,10.76,10.69,10.68,10.67,10.66,10.65,10.82,11.0,11.17,11.34,11.78,12.22,12.66,13.1,13.47,13.84,14.2,14.57,14.91,15.25,15.59,15.93,16.34,16.75,17.16,17.57,17.84,18.12,18.39,18.66,18.87,19.08,19.3,19.51,19.64,19.77,19.91,20.04,20.02,19.99,19.97,19.95,19.9,19.86,19.81,19.77,19.55,19.32,19.1,18.88,18.04,17.2,16.35,15.51,,
2016-04-03T00:00:00+00:00,10.27,10.24,10.22,10.3,10.39,10.47,10.55,10.34,10.14,9.93,9.72,9.54,9.36,9.17,8.99,8.83,8.68,8.52,8.36,8.72,9.07,9.42,9.78,10.34,10.9,11.46,12.02,12.56,13.1,13.63,14.17,14.58,15.0,15.41,15.82,16.2,16.58,16.96,17.34,17.59,17.84,18.1,18.35,18.53,18.7,18.88,19.06,19.14,19.22,19.3,19.38,19.34,19.3,19.25,19.21,18.22,17.24,16.25,15.26,15.25,15.24,15.24,15.23,15.26,15.29,15.32,15.35,14.95,14.55,14.15,13.75,13.51,13.26,13.02,12.78,12.5,12.22,11.93,11.65,11.55,11.44,11.34,11.24,11.12,11.0,10.88,10.76,10.7,10.63,10.56,10.5,10.42,10.34,10.27,10.19,10.07,9.96,9.84,9.72,9.73,9.74,9.74,9.75,9.73,9.71,9.69,9.67,9.59,9.51,9.43,9.35,9.34,9.34,9.34,9.33,9.38,9.43,9.47,9.52,9.59,9.66,9.74,9.81,10.24,10.68,11.11,11.54,11.93,12.32,12.72,13.11,13.33,13.56,13.78,14.0,14.2,14.41,14.62,14.82,15.0,15.18,15.35,15.53,15.61,15.69,15.77,15.85,15.9,15.95,16.01,16.06,15.96,15.86,15.75,15.65,15.63,15.6,15.58,15.56,15.23,14.89,14.56,14.22,,
2016-04-04T00:00:00+00:00,10.13,10.18,10.23,10.12,10.02,9.91,9.8,9.77,9.74,9.71,9.68,9.7,9.72,9.75,9.77,9.75,9.74,9.72,9.71,9.8,9.88,9.96,10.05,10.24,10.42,10.61,10.8,10.96,11.11,11.26,11.42,11.64,11.86,12.07,12.29,12.61,12.94,13.26,13.59,13.73,13.86,14.0,14.14,14.32,14.5,14.69,14.87,14.98,15.1,15.21,15.32,15.34,15.36,15.39,15.41,15.37,15.34,15.3,15.26,15.15,15.04,14.93,14.82,14.55,14.28,14.02,13.75,13.65,13.55,13.45,13.35,13.22,13.08,12.95,12.82,12.75,12.68,12.61,12.54,12.4,12.25,12.1,11.96,11.95,11.94,11.94,11.93,11.79,11.66,11.52,11.38,11.24,11.1,10.95,10.81,10.73,10.64,10.56,10.48,10.43,10.38,10.32,10.27,10.09,9.92,9.75,9.57,9.52,9.48,9.43,9.38,9.41,9.44,9.46,9.49,9.68,9.86,10.05,10.24,10.54,10.83,11.12,11.42,11.7,11.99,12.28,12.56,12.9,13.24,13.58,13.92,14.07,14.22,14.36,14.51,14.71,14.91,15.11,15.31,15.27,15.23,15.19,15.15,15.24,15.34,15.43,15.52,15.48,15.44,15.4,15.36,15.23,15.1,14.97,14.84,14.69,14.54,14.38,14.23,13.92,13.62,13.31,13.0,,
2016-04-05T00:00:00+00:00,10.48,10.42,10.35,10.4,10.44,10.49,10.54,10.36,10.18,9.99,9.81,9.71,9.61,9.51,9.41,9.57,9.73,9.89,10.05,10.17,10.28,10.4,10.51,10.63,10.74,10.86,10.98,11.14,11.3,11.45,11.61,11.78,11.96,12.14,12.31,12.52,12.74,12.95,13.16,13.32,13.48,13.64,13.8,14.0,14.2,14.4,14.6,14.67,14.74,14.82,14.89,14.95,15.0,15.06,15.12,15.08,15.04,15.0,14.96,14.75,14.55,14.34,14.13,13.74,13.35,12.96,12.57,12.23,11.89,11.55,11.21,11.14,11.08,11.02,10.95,10.7,10.44,10.19,9.94,9.75,9.56,9.36,9.17,9.0,8.84,8.68,8.51,8.32,8.12,7.93,7.74,7.59,7.44,7.28,7.13,7.01,6.9,6.78,6.66,6.57,6.48,6.4,6.31,6.24,6.16,6.08,6.01,5.93,5.85,5.77,5.69,5.66,5.62,5.59,5.56,5.6,5.63,5.66,5.7,5.96,6.23,6.5,6.76,7.36,7.96,8.57,9.17,9.57,9.98,10.38,10.78,10.94,11.11,11.27,11.44,11.54,11.65,11.76,11.86,11.59,11.32,11.06,10.79,10.78,10.77,10.77,10.76,10.83,10.9,10.97,11.04,11.09,11.14,11.18,11.23,11.18,11.12,11.07,11.02,10.84,10.67,10.5,10.32,,
2016-04-06T00:00:00+00:00,6.98,6.9,6.81,6.68,6.54,6.4,6.27,6.13,5.98,5.84,5.7,5.74,5.77,5.8,5.84,5.82,5.8,5.78,5.76,6.16,6.56,6.96,7.36,7.82,8.28,8.75,9.21,9.62,10.03,10.44,10.85,11.03,11.21,11.39,11.57,11.72,11.86,12.01,12.16,12.44,12.71,12.98,13.26,13.19,13.12,13.06,12.99,12.94,12.89,12.84,12.79,12.5,12.2,11.9,11.61,11.42,11.24,11.06,10.87,10.85,10.84,10.82,10.81,10.57,10.32,10.08,9.84,9.64,9.44,9.25,9.05,8.9,8.74,8.58,8.43,8.4,8.36,8.32,8.29,8.11,7.93,7.75,7.57,7.39,7.2,7.02,6.84,6.62,6.4,6.18,5.96,5.79,5.62,5.45,5.28,5.11,4.94,4.77,4.6,4.44,4.28,4.12,3.96,3.82,3.68,3.53,3.39,3.3,3.22,3.13,3.04,3.07,3.1,3.12,3.15,3.44,3.72,4.0,4.29,4.64,4.98,5.32,5.67,5.89,6.1,6.32,6.54,6.86,7.18,7.5,7.82,8.17,8.52,8.86,9.21,9.42,9.63,9.84,10.05,10.28,10.5,10.72,10.95,10.36,9.76,9.16,8.57,9.01,9.44,9.88,10.31,9.98,9.66,9.33,9.0,9.0,9.01,9.02,9.02,8.86,8.71,8.56,8.4,,
2016-04-07T00:00:00+00:00,6.2,6.04,5.89,5.72,5.54,5.37,5.2,4.99,4.77,4.56,4.34,4.2,4.07,3.93,3.8,3.86,3.92,3.98,4.04,4.28,4.53,4.77,5.01,5.38,5.76,6.13,6.5,6.75,7.0,7.26,7.51,7.57,7.64,7.7,7.76,8.04,8.32,8.6,8.88,9.17,9.46,9.75,10.04,10.5,10.96,11.43,11.89,11.64,11.39,11.13,10.88,10.89,10.9,10.92,10.93,10.92,10.92,10.92,10.91,10.84,10.76,10.68,10.61,10.38,10.15,9.93,9.7,9.34,8.98,8.62,8.26,8.01,7.76,7.5,7.25,7.01,6.77,6.53,6.29,6.1,5.9,5.7,5.51,5.34,5.16,4.98,4.81,4.74,4.67,4.6,4.53,4.58,4.63,4.68,4.73,4.73,4.74,4.74,4.74,4.65,4.56,4.47,4.38,4.29,4.2,4.1,4.01,3.94,3.88,3.82,3.75,3.78,3.82,3.86,3.89,4.24,4.59,4.94,5.29,5.84,6.4,6.96,7.51,7.88,8.24,8.6,8.97,9.19,9.41,9.64,9.86,10.01,10.16,10.32,10.47,10.72,10.98,11.23,11.48,11.69,11.9,12.11,12.32,12.3,12.28,12.25,12.23,11.79,11.34,10.9,10.46,10.29,10.12,9.96,9.79,10.01,10.22,10.44,10.66,10.36,10.07,9.77,9.47,,
2016-04-08T00:00:00+00:00,5.5,5.3,5.1,4.95,4.8,4.65,4.5,4.48,4.46,4.44,4.42,4.36,4.3,4.25,4.19,4.16,4.12,4.09,4.06,4.44,4.82,5.21,5.59,6.13,6.67,7.21,7.75,8.17,8.59,9.0,9.42,9.7,9.97,10.24,10.52,10.77,11.02,11.26,11.51,11.68,11.86,12.03,12.2,12.4,12.61,12.82,13.02,13.11,13.2,13.29,13.38,13.39,13.39,13.4,13.4,13.38,13.36,13.33,13.31,13.07,12.84,12.6,12.36,12.03,11.7,11.36,11.03,10.61,10.2,9.78,9.37,9.37,9.36,9.36,9.36,9.11,8.86,8.62,8.37,8.14,7.91,7.68,7.45,7.21,6.96,6.72,6.48,6.24,6.01,5.77,5.53,5.42,5.3,5.19,5.08,4.98,4.88,4.79,4.69,4.67,4.64,4.62,4.6,4.26,3.93,3.6,3.26,3.12,2.99,2.86,2.72,2.83,2.94,3.04,3.15,3.46,3.78,4.1,4.41,4.54,4.68,4.81,4.94,5.25,5.56,5.88,6.19,6.5,6.81,7.12,7.43,7.9,8.37,8.84,9.31,9.38,9.46,9.53,9.6,9.7,9.8,9.9,10.0,9.91,9.82,9.72,9.63,9.59,9.54,9.49,9.45,9.03,8.61,8.19,7.77,7.64,7.52,7.4,7.27,7.16,7.04,6.93,6.82,,
2016-04-09T00:00:00+00:00,4.93,4.93,4.93,4.78,4.64,4.49,4.34,4.36,4.38,4.41,4.43,4.56,4.7,4.84,4.97,5.02,5.07,5.12,5.17,5.48,5.8,6.11,6.42,6.91,7.4,7.9,8.39,8.81,9.24,9.66,10.08,10.33,10.58,10.83,11.08,11.37,11.66,11.95,12.24,12.17,12.1,12.03,11.96,12.13,12.3,12.48,12.65,12.93,13.2,13.48,13.76,13.34,12.93,12.52,12.1,11.9,11.7,11.5,11.3,10.46,9.62,8.78,7.94,7.62,7.31,7.0,6.68,6.54,6.4,6.26,6.12,5.98,5.84,5.7,5.56,5.38,5.2,5.03,4.85,4.68,4.5,4.33,4.16,4.09,4.02,3.95,3.88,3.84,3.81,3.78,3.74,3.61,3.47,3.34,3.2,3.12,3.05,2.98,2.9,2.83,2.76,2.7,2.63,2.56,2.48,2.41,2.34,2.32,2.31,2.3,2.28,2.33,2.38,2.43,2.48,2.48,2.49,2.5,2.5,2.91,3.32,3.74,4.15,4.32,4.5,4.68,4.85,5.29,5.73,6.17,6.61,7.41,8.21,9.01,9.81,10.29,10.78,11.26,11.74,12.04,12.33,12.62,12.92,13.19,13.46,13.73,14.0,14.21,14.42,14.63,14.84,14.92,15.0,15.09,15.17,15.15,15.13,15.11,15.09,14.95,14.82,14.68,14.54,,
2016-04-10T00:00:00+00:00,4.08,3.91,3.75,3.64,3.52,3.4,3.29,2.94,2.6,2.26,1.91,1.98,2.04,2.11,2.18,2.28,2.39,2.5,2.6,2.73,2.86,2.99,3.12,3.32,3.53,3.74,3.94,4.32,4.7,5.07,5.45,6.04,6.62,7.21,7.8,8.52,9.24,9.95,10.67,11.24,11.8,12.36,12.93,13.33,13.72,14.12,14.52,14.72,14.92,15.12,15.32,15.45,15.58,15.72,15.85,15.87,15.89,15.91,15.93,15.91,15.9,15.88,15.86,15.65,15.44,15.23,15.02,14.69,14.36,14.02,13.69,13.47,13.24,13.02,12.8,12.6,12.41,12.22,12.02,11.85,11.68,11.52,11.35,11.3,11.26,11.22,11.17,10.8,10.44,10.08,9.71,9.63,9.55,9.47,9.39,9.27,9.14,9.02,8.9,8.71,8.52,8.33,8.14,8.01,7.88,7.75,7.62,7.68,7.75,7.82,7.88,7.94,7.99,8.04,8.1,8.38,8.67,8.96,9.24,9.34,9.44,9.54,9.64,9.72,9.8,9.87,9.95,10.24,10.52,10.81,11.1,11.29,11.48,11.68,11.87,12.01,12.16,12.3,12.45,12.88,13.3,13.73,14.16,14.63,15.1,15.57,16.04,15.72,15.39,15.06,14.74,14.42,14.1,13.79,13.47,13.26,13.06,12.85,12.64,12.44,12.25,12.06,11.86,,
2016-04-11T00:00:00+00:00,10.28,10.09,9.89,9.78,9.66,9.55,9.44,9.32,9.19,9.07,8.95,9.06,9.16,9.26,9.37,9.43,9.5,9.57,9.63,9.8,9.98,10.16,10.33,10.52,10.72,10.91,11.1,10.94,10.78,10.63,10.47,10.62,10.78,10.94,11.09,11.29,11.48,11.68,11.88,11.94,12.01,12.08,12.14,12.22,12.3,12.38,12.46,12.62,12.78,12.95,13.11,12.93,12.76,12.58,12.41,12.44,12.47,12.5,12.53,12.47,12.42,12.36,12.3,12.11,11.92,11.74,11.55,11.27,10.98,10.7,10.42,10.32,10.23,10.14,10.04,9.84,9.65,9.46,9.26,9.08,8.91,8.73,8.55,8.4,8.25,8.09,7.94,7.85,7.76,7.66,7.57,7.58,7.59,7.6,7.61,7.35,7.08,6.82,6.55,6.34,6.12,5.91,5.7,5.63,5.56,5.5,5.43,5.48,5.53,5.58,5.63,5.64,5.64,5.64,5.65,5.96,6.26,6.56,6.87,7.44,8.02,8.59,9.16,9.44,9.72,10.01,10.29,10.75,11.2,11.66,12.12,12.46,12.8,13.14,13.48,13.84,14.2,14.57,14.93,14.69,14.46,14.22,13.98,14.25,14.52,14.78,15.05,15.25,15.45,15.65,15.85,15.52,15.2,14.87,14.54,14.5,14.45,14.41,14.37,14.07,13.77,13.48,13.18,,
2016-04-12T00:00:00+00:00,6.88,6.81,6.74,6.75,6.76,6.76,6.77,6.68,6.6,6.51,6.42,6.3,6.18,6.05,5.93,5.95,5.97,5.99,6.01,6.44,6.86,7.28,7.71,8.02,8.34,8.65,8.96,9.44,9.93,10.42,10.9,10.38,9.87,9.36,8.84,9.42,10.0,10.58,11.16,11.72,12.28,12.84,13.4,13.62,13.85,14.08,14.3,14.55,14.8,15.05,15.3,14.26,13.23,12.2,11.16,11.4,11.64,11.87,12.11,12.27,12.42,12.58,12.74,12.67,12.6,12.54,12.47,11.7,10.92,10.14,9.37,9.27,9.18,9.08,8.98,8.78,8.59,8.4,8.2,8.07,7.95,7.82,7.7,7.58,7.46,7.33,7.21,7.03,6.85,6.67,6.49,6.4,6.31,6.22,6.13,6.1,6.07,6.05,6.02,5.99,5.96,5.94,5.91,5.86,5.8,5.74,5.69,5.54,5.4,5.26,5.11,5.26,5.41,5.56,5.71,6.2,6.68,7.17,7.66,8.22,8.78,9.34,9.9,10.31,10.72,11.12,11.53,12.04,12.54,13.04,13.55,13.89,14.23,14.56,14.9,15.04,15.19,15.34,15.48,15.46,15.44,15.43,15.41,15.32,15.24,15.16,15.07,14.85,14.62,14.4,14.18,14.24,14.3,14.36,14.42,14.5,14.59,14.68,14.76,14.32,13.87,13.42,12.98,,
2016-04-14T00:00:00+00:00,9.62,9.61,9.6,9.38,9.16,8.94,8.72,8.52,8.31,8.1,7.9,7.74,7.58,7.43,7.27,7.28,7.3,7.32,7.33,7.76,8.2,8.64,9.07,9.56,10.06,10.55,11.04,11.44,11.84,12.25,12.65,12.96,13.28,13.6,13.91,14.1,14.28,14.47,14.66,14.73,14.8,14.87,14.94,15.03,15.12,15.21,15.3,15.4,15.49,15.58,15.68,15.71,15.74,15.78,15.81,15.84,15.86,15.89,15.92,15.77,15.62,15.47,15.32,15.15,14.98,14.8,14.63,14.31,13.99,13.67,13.35,13.02,12.68,12.35,12.02,11.92,11.82,11.73,11.63,11.54,11.46,11.37,11.28,11.3,11.32,11.33,11.35,11.3,11.24,11.19,11.14,11.09,11.04,10.98,10.93,10.91,10.9,10.88,10.86,10.73,10.6,10.47,10.34,10.29,10.24,10.19,10.14,10.01,9.87,9.74,9.6,9.54,9.47,9.4,9.34,9.38,9.43,9.48,9.52,9.78,10.04,10.31,10.57,10.68,10.78,10.89,11.0,11.18,11.35,11.52,11.7,11.99,12.27,12.56,12.85,13.0,13.14,13.29,13.44,13.46,13.48,13.49,13.51,13.4,13.28,13.16,13.05,12.89,12.73,12.57,12.41,12.65,12.9,13.14,13.38,13.33,13.28,13.24,13.19,13.02,12.86,12.69,12.52,,
2016-04-15T00:00:00+00:00,9.62,9.57,9.52,9.33,9.14,8.95,8.76,8.71,8.66,8.62,8.57,8.58,8.59,8.59,8.6,8.69,8.78,8.87,8.96,9.11,9.26,9.42,9.57,9.77,9.97,10.17,10.37,10.68,10.98,11.29,11.6,11.66,11.72,11.77,11.83,12.14,12.45,12.76,13.07,13.29,13.52,13.74,13.96,14.11,14.26,14.41,14.56,14.62,14.69,14.76,14.82,14.92,15.01,15.1,15.2,15.15,15.1,15.06,15.01,14.53,14.04,13.56,13.08,13.03,12.98,12.93,12.88,12.66,12.44,12.22,12.0,11.83,11.66,11.5,11.33,11.12,10.9,10.69,10.48,10.33,10.18,10.03,9.88,9.71,9.55,9.38,9.21,9.12,9.04,8.96,8.87,8.83,8.8,8.76,8.73,8.72,8.7,8.68,8.67,8.67,8.67,8.67,8.67,8.71,8.75,8.8,8.84,8.78,8.71,8.64,8.58,8.65,8.72,8.79,8.86,8.96,9.05,9.14,9.24,9.35,9.46,9.58,9.69,9.87,10.05,10.23,10.41,10.68,10.95,11.22,11.49,11.68,11.87,12.06,12.25,12.46,12.68,12.89,13.1,13.22,13.35,13.48,13.6,13.71,13.82,13.92,14.03,14.08,14.14,14.19,14.24,13.91,13.58,13.24,12.91,12.44,11.98,11.51,11.04,10.84,10.64,10.43,10.23,,
2016-04-16T00:00:00+00:00,9.12,8.98,8.85,8.73,8.62,8.5,8.38,8.27,8.16,8.05,7.94,7.81,7.68,7.56,7.43,7.42,7.42,7.42,7.41,7.64,7.86,8.09,8.31,8.71,9.12,9.52,9.92,10.21,10.5,10.78,11.07,11.28,11.49,11.7,11.91,12.11,12.3,12.5,12.7,12.69,12.68,12.68,12.67,12.31,11.96,11.6,11.24,11.71,12.18,12.66,13.13,13.0,12.86,12.72,12.59,12.14,11.69,11.24,10.79,10.66,10.53,10.4,10.27,10.19,10.11,10.03,9.95,9.73,9.51,9.29,9.07,8.83,8.59,8.34,8.1,7.94,7.77,7.6,7.44,7.16,6.87,6.58,6.3,6.09,5.88,5.68,5.47,5.28,5.1,4.91,4.72,4.56,4.39,4.22,4.06,3.96,3.86,3.77,3.67,3.77,3.87,3.97,4.07,3.99,3.9,3.82,3.73,3.74,3.75,3.76,3.77,3.87,3.97,4.08,4.18,4.43,4.68,4.92,5.17,5.48,5.8,6.11,6.42,6.56,6.71,6.86,7.0,7.28,7.56,7.84,8.12,8.41,8.71,9.01,9.3,9.51,9.72,9.93,10.14,10.23,10.32,10.42,10.51,10.7,10.9,11.09,11.28,11.35,11.42,11.5,11.57,11.13,10.68,10.24,9.8,9.82,9.84,9.86,9.88,9.52,9.16,8.81,8.45,,
2016-04-17T00:00:00+00:00,4.92,4.75,4.58,4.42,4.26,4.09,3.93,3.92,3.91,3.9,3.89,3.86,3.84,3.82,3.79,3.9,4.02,4.13,4.24,4.68,5.12,5.56,6.0,6.2,6.41,6.62,6.82,7.16,7.49,7.82,8.16,8.44,8.73,9.02,9.3,9.54,9.78,10.03,10.27,10.31,10.36,10.4,10.44,9.91,9.38,8.84,8.31,8.23,8.14,8.06,7.98,8.06,8.14,8.21,8.29,8.32,8.35,8.38,8.41,7.96,7.5,7.05,6.6,6.65,6.7,6.74,6.79,6.54,6.28,6.03,5.78,5.73,5.68,5.62,5.57,5.5,5.43,5.35,5.28,5.24,5.2,5.17,5.13,5.0,4.87,4.74,4.61,4.45,4.3,4.14,3.98,3.88,3.78,3.69,3.59,3.46,3.32,3.18,3.05,2.94,2.82,2.71,2.6,2.49,2.38,2.28,2.17,2.11,2.06,2.0,1.95,2.13,2.32,2.5,2.68,3.2,3.71,4.22,4.74,5.26,5.78,6.31,6.83,7.25,7.67,8.09,8.51,8.83,9.16,9.48,9.8,10.09,10.38,10.67,10.96,11.24,11.51,11.78,12.06,12.27,12.48,12.69,12.9,13.01,13.12,13.23,13.34,13.38,13.42,13.46,13.5,13.47,13.44,13.42,13.39,13.3,13.22,13.13,13.04,12.82,12.6,12.38,12.16,,
2016-04-18T00:00:00+00:00,2.84,2.79,2.74,2.65,2.57,2.48,2.39,2.29,2.19,2.09,1.99,1.91,1.82,1.74,1.66,1.83,2.0,2.17,2.34,2.88,3.41,3.94,4.48,5.09,5.7,6.32,6.93,7.4,7.87,8.34,8.81,9.2,9.59,9.98,10.37,10.64,10.92,11.2,11.47,11.68,11.89,12.09,12.3,12.4,12.49,12.58,12.68,12.72,12.77,12.82,12.86,12.84,12.82,12.8,12.78,12.74,12.69,12.64,12.6,12.47,12.34,12.2,12.07,11.8,11.52,11.25,10.98,10.54,10.11,9.68,9.24,8.92,8.6,8.29,7.97,7.73,7.49,7.25,7.01,6.88,6.74,6.6,6.47,6.3,6.13,5.96,5.79,5.74,5.69,5.64,5.59,5.46,5.34,5.21,5.08,4.94,4.81,4.68,4.54,4.42,4.3,4.17,4.05,3.95,3.86,3.76,3.66,3.6,3.53,3.46,3.4,3.62,3.85,4.08,4.3,4.87,5.44,6.01,6.58,7.12,7.67,8.22,8.76,9.24,9.72,10.2,10.68,11.15,11.62,12.1,12.57,12.88,13.18,13.49,13.8,14.03,14.26,14.5,14.73,14.92,15.12,15.32,15.51,15.61,15.7,15.8,15.9,15.94,15.99,16.04,16.08,15.97,15.87,15.76,15.66,15.5,15.34,15.17,15.01,14.7,14.38,14.06,13.75,,
2016-04-19T00:00:00+00:00,4.97,4.9,4.83,4.84,4.84,4.84,4.85,4.77,4.7,4.62,4.55,4.45,4.35,4.25,4.15,4.37,4.6,4.82,5.04,5.62,6.21,6.8,7.38,7.95,8.52,9.1,9.67,10.06,10.44,10.83,11.22,11.55,11.89,12.22,12.55,12.83,13.12,13.4,13.68,13.96,14.25,14.54,14.82,15.07,15.32,15.58,15.83,15.86,15.9,15.93,15.96,15.91,15.86,15.81,15.76,15.68,15.6,15.51,15.43,15.27,15.11,14.95,14.79,14.53,14.27,14.02,13.76,13.46,13.16,12.85,12.55,12.31,12.08,11.84,11.6,11.46,11.31,11.16,11.02,10.83,10.64,10.46,10.27,10.11,9.95,9.79,9.63,9.46,9.3,9.14,8.97,8.78,8.59,8.39,8.2,7.98,7.77,7.56,7.34,7.22,7.09,6.96,6.84,6.72,6.6,6.49,6.37,6.26,6.14,6.02,5.91,6.04,6.16,6.29,6.42,6.79,7.15,7.52,7.89,8.38,8.88,9.37,9.86,10.5,11.13,11.76,12.4,12.84,13.28,13.71,14.15,14.51,14.86,15.22,15.58,15.88,16.18,16.47,16.77,17.02,17.26,17.51,17.76,17.9,18.04,18.17,18.31,18.26,18.22,18.17,18.13,18.04,17.94,17.84,17.75,17.56,17.38,17.19,17.0,16.73,16.45,16.18,15.9,,
2016-04-20T00:00:00+00:00,7.86,7.68,7.5,7.36,7.21,7.06,6.92,6.73,6.54,6.35,6.16,6.04,5.93,5.81,5.69,5.86,6.02,6.18,6.35,6.84,7.33,7.82,8.31,8.82,9.32,9.83,10.34,10.81,11.28,11.74,12.21,12.66,13.12,13.57,14.02,14.36,14.69,15.02,15.36,15.61,15.87,16.12,16.38,16.61,16.85,17.08,17.32,17.44,17.56,17.69,17.81,17.81,17.81,17.81,17.81,17.73,17.66,17.58,17.5,17.33,17.16,16.98,16.81,16.53,16.25,15.97,15.69,15.4,15.11,14.83,14.54,14.34,14.14,13.95,13.75,13.51,13.26,13.02,12.78,12.57,12.36,12.15,11.94,11.81,11.68,11.56,11.43,11.31,11.18,11.06,10.94,10.94,10.94,10.94,10.94,10.79,10.64,10.49,10.34,10.18,10.01,9.84,9.68,9.52,9.35,9.18,9.02,8.97,8.93,8.88,8.83,8.96,9.1,9.24,9.37,9.6,9.84,10.07,10.31,10.68,11.06,11.43,11.8,12.14,12.49,12.84,13.18,13.51,13.84,14.17,14.5,15.03,15.56,16.08,16.61,17.16,17.7,18.24,18.79,19.18,19.58,19.98,20.37,20.68,21.0,21.32,21.63,21.58,21.54,21.49,21.44,21.39,21.34,21.28,21.23,21.1,20.97,20.84,20.71,20.45,20.2,19.94,19.68,,
2016-04-21T00:00:00+00:00,12.3,12.17,12.03,11.92,11.8,11.68,11.57,11.23,10.89,10.55,10.21,10.01,9.8,9.6,9.4,9.46,9.52,9.59,9.65,10.01,10.38,10.74,11.1,11.21,11.32,11.43,11.54,11.97,12.4,12.83,13.26,13.74,14.22,14.69,15.17,15.55,15.93,16.32,16.7,17.1,17.5,17.91,18.31,18.72,19.13,19.55,19.96,20.08,20.2,20.32,20.44,20.64,20.84,21.04,21.24,21.19,21.14,21.08,21.03,20.86,20.7,20.54,20.37,20.08,19.79,19.5,19.21,18.83,18.44,18.06,17.68,17.29,16.9,16.52,16.13,15.91,15.7,15.48,15.26,15.06,14.87,14.68,14.48,14.43,14.38,14.33,14.28,13.9,13.51,13.12,12.74,12.75,12.76,12.76,12.77,12.72,12.66,12.61,12.56,12.44,12.32,12.21,12.09,12.0,11.9,11.81,11.72,11.56,11.4,11.23,11.07,11.26,11.44,11.62,11.81,11.97,12.12,12.28,12.44,12.77,13.1,13.43,13.76,14.18,14.59,15.0,15.42,15.8,16.18,16.55,16.93,17.26,17.58,17.91,18.24,18.28,18.32,18.36,18.4,18.67,18.93,19.2,19.47,19.39,19.3,19.22,19.14,18.95,18.77,18.58,18.4,17.57,16.74,15.9,15.07,15.04,15.0,14.96,14.93,14.75,14.57,14.39,14.21,,
2016-04-22T00:00:00+00:00,13.11,13.08,13.04,13.2,13.36,13.52,13.68,13.51,13.34,13.18,13.01,12.76,12.5,12.24,11.99,12.12,12.24,12.36,12.49,12.76,13.02,13.29,13.56,13.87,14.18,14.49,14.8,15.07,15.33,15.6,15.86,16.23,16.6,16.97,17.34,17.62,17.89,18.16,18.44,18.74,19.04,19.33,19.63,19.53,19.43,19.33,19.23,19.12,19.01,18.9,18.79,18.3,17.81,17.32,16.83,16.91,16.99,17.08,17.16,16.56,15.96,15.35,14.75,14.6,14.44,14.29,14.14,14.08,14.02,13.95,13.89,13.86,13.82,13.79,13.76,13.68,13.6,13.52,13.44,13.31,13.18,13.04,12.91,12.92,12.93,12.94,12.95,12.78,12.61,12.45,12.28,12.08,11.88,11.68,11.48,11.22,10.96,10.69,10.43,10.34,10.24,10.15,10.06,9.99,9.92,9.85,9.78,9.63,9.48,9.34,9.19,9.18,9.16,9.15,9.14,9.21,9.28,9.35,9.42,9.4,9.38,9.36,9.34,9.48,9.62,9.76,9.9,9.92,9.93,9.94,9.96,10.01,10.06,10.1,10.15,10.06,9.98,9.89,9.8,9.9,10.01,10.11,10.21,10.4,10.6,10.8,10.99,11.19,11.4,11.6,11.8,11.68,11.55,11.42,11.3,11.14,10.98,10.83,10.67,10.36,10.06,9.75,9.44,,
2016-04-23T00:00:00+00:00,10.32,10.34,10.37,10.12,9.87,9.62,9.37,9.15,8.93,8.7,8.48,8.37,8.25,8.14,8.03,7.97,7.9,7.84,7.78,7.72,7.66,7.6,7.54,7.53,7.52,7.52,7.51,7.6,7.68,7.77,7.86,7.86,7.86,7.85,7.85,7.86,7.87,7.88,7.89,8.11,8.32,8.54,8.76,8.95,9.14,9.32,9.51,9.67,9.82,9.98,10.14,10.31,10.48,10.66,10.83,10.8,10.76,10.73,10.7,10.52,10.34,10.15,9.97,9.52,9.07,8.63,8.18,8.02,7.86,7.69,7.53,7.28,7.03,6.78,6.53,6.35,6.16,5.98,5.79,5.61,5.42,5.24,5.06,4.83,4.6,4.36,4.13,3.94,3.75,3.56,3.37,3.23,3.09,2.95,2.81,2.7,2.58,2.47,2.36,2.21,2.06,1.92,1.77,1.76,1.75,1.74,1.73,1.73,1.73,1.73,1.73,2.01,2.28,2.56,2.84,3.28,3.72,4.17,4.61,5.14,5.68,6.21,6.74,6.88,7.02,7.17,7.31,7.21,7.1,7.0,6.9,6.7,6.5,6.29,6.09,6.48,6.88,7.28,7.67,7.84,8.02,8.19,8.36,8.02,7.68,7.33,6.99,7.47,7.94,8.42,8.9,8.85,8.8,8.75,8.7,8.66,8.63,8.6,8.56,8.36,8.16,7.96,7.76,,
2016-04-24T00:00:00+00:00,2.12,1.95,1.77,1.65,1.52,1.4,1.28,1.24,1.19,1.14,1.1,1.05,1.0,0.95,0.9,1.24,1.57,1.91,2.24,2.77,3.3,3.82,4.35,4.89,5.42,5.96,6.5,6.93,7.36,7.8,8.23,8.25,8.28,8.3,8.32,8.52,8.72,8.92,9.12,8.32,7.52,6.73,5.93,6.34,6.76,7.17,7.58,7.55,7.52,7.49,7.46,7.68,7.9,8.11,8.33,8.22,8.12,8.02,7.91,7.92,7.92,7.92,7.93,7.77,7.62,7.46,7.3,6.97,6.64,6.3,5.97,5.77,5.57,5.37,5.17,4.92,4.66,4.41,4.16,3.91,3.66,3.4,3.15,3.04,2.92,2.81,2.7,2.56,2.42,2.28,2.14,2.12,2.1,2.08,2.06,2.07,2.08,2.1,2.11,2.24,2.38,2.51,2.65,2.9,3.14,3.38,3.63,3.68,3.72,3.77,3.82,4.03,4.24,4.44,4.65,4.83,5.02,5.2,5.38,5.63,5.88,6.12,6.37,6.74,7.1,7.47,7.84,8.12,8.41,8.7,8.98,9.21,9.44,9.67,9.9,9.72,9.55,9.38,9.2,9.34,9.48,9.62,9.76,9.94,10.12,10.31,10.49,10.6,10.71,10.82,10.93,10.73,10.54,10.34,10.14,9.94,9.75,9.55,9.35,9.21,9.07,8.94,8.8,,
2016-04-25T00:00:00+00:00,1.44,1.42,1.4,1.47,1.54,1.6,1.67,1.79,1.9,2.02,2.14,2.23,2.33,2.42,2.51,2.71,2.91,3.11,3.31,3.67,4.03,4.38,4.74,5.24,5.74,6.25,6.75,7.12,7.48,7.85,8.22,8.11,8.01,7.9,7.79,8.32,8.86,9.39,9.92,9.9,9.88,9.86,9.84,10.0,10.15,10.31,10.46,10.29,10.12,9.96,9.79,9.9,10.0,10.11,10.22,9.93,9.64,9.36,9.07,9.11,9.16,9.2,9.24,8.99,8.74,8.48,8.23,8.13,8.02,7.92,7.82,7.66,7.5,7.33,7.17,7.08,6.99,6.9,6.81,6.71,6.6,6.5,6.4,6.55,6.7,6.84,6.99,6.9,6.8,6.71,6.62,6.5,6.37,6.24,6.12,5.95,5.78,5.61,5.44,5.28,5.11,4.94,4.78,4.45,4.12,3.8,3.47,3.54,3.62,3.7,3.77,3.79,3.82,3.84,3.86,4.11,4.35,4.6,4.85,5.08,5.32,5.55,5.78,5.8,5.81,5.82,5.84,6.27,6.7,7.13,7.56,7.4,7.24,7.09,6.93,7.57,8.22,8.86,9.51,9.3,9.09,8.87,8.66,8.53,8.4,8.27,8.14,7.87,7.6,7.33,7.06,6.73,6.4,6.06,5.73,5.48,5.22,4.96,4.71,4.8,4.88,4.96,5.05,,
2016-04-27T00:00:00+00:00,1.55,1.46,1.37,1.44,1.52,1.59,1.66,1.64,1.63,1.62,1.6,1.59,1.58,1.58,1.57,1.76,1.95,2.14,2.33,2.76,3.18,3.61,4.04,4.47,4.9,5.33,5.76,6.16,6.56,6.95,7.35,7.6,7.86,8.12,8.37,8.68,9.0,9.32,9.63,9.9,10.16,10.42,10.69,10.38,10.08,9.78,9.47,9.14,8.82,8.49,8.16,8.07,7.99,7.9,7.82,7.82,7.82,7.83,7.83,7.92,8.0,8.09,8.17,7.93,7.7,7.46,7.22,6.54,5.86,5.19,4.51,4.44,4.36,4.29,4.22,4.17,4.12,4.06,4.01,3.97,3.93,3.9,3.86,3.84,3.81,3.78,3.76,3.79,3.82,3.85,3.88,3.75,3.62,3.48,3.35,3.22,3.08,2.94,2.81,2.63,2.45,2.27,2.09,1.92,1.76,1.59,1.42,1.33,1.24,1.15,1.06,1.32,1.58,1.84,2.1,2.61,3.12,3.64,4.15,4.51,4.87,5.23,5.59,5.84,6.1,6.35,6.6,6.87,7.14,7.42,7.69,7.94,8.18,8.43,8.68,8.9,9.12,9.33,9.55,9.71,9.87,10.03,10.19,10.32,10.44,10.57,10.7,10.76,10.81,10.86,10.92,10.93,10.94,10.96,10.97,10.88,10.79,10.7,10.61,10.3,10.0,9.7,9.39,,
2016-05-03T00:00:00+00:00,10.97,10.64,10.3,9.96,9.63,9.3,8.96,8.72,8.47,8.22,7.98,7.84,7.7,7.56,7.42,7.54,7.65,7.77,7.89,8.13,8.38,8.62,8.86,9.23,9.59,9.96,10.33,10.7,11.08,11.45,11.82,12.12,12.42,12.73,13.03,13.24,13.46,13.68,13.89,14.13,14.38,14.62,14.86,14.9,14.93,14.96,15.0,15.03,15.06,15.08,15.11,15.12,15.14,15.16,15.17,15.15,15.12,15.1,15.08,14.95,14.82,14.69,14.56,14.33,14.1,13.87,13.64,13.26,12.87,12.48,12.1,11.81,11.52,11.24,10.95,10.59,10.22,9.86,9.5,9.31,9.12,8.93,8.74,8.53,8.32,8.12,7.91,7.79,7.66,7.54,7.42,7.33,7.24,7.16,7.07,6.92,6.76,6.6,6.45,6.28,6.11,5.94,5.77,5.66,5.56,5.45,5.34,5.29,5.24,5.18,5.13,5.54,5.95,6.36,6.77,7.38,7.99,8.6,9.21,9.7,10.2,10.69,11.18,11.61,12.04,12.46,12.89,13.25,13.62,13.98,14.34,14.66,14.99,15.32,15.64,15.88,16.12,16.37,16.61,16.76,16.92,17.08,17.23,17.36,17.49,17.62,17.75,17.78,17.8,17.83,17.86,17.78,17.7,17.62,17.54,17.38,17.22,17.06,16.9,16.67,16.45,16.23,16.0,,
2016-05-04T00:00:00+00:00,6.72,6.75,6.78,6.72,6.66,6.61,6.55,6.39,6.23,6.07,5.91,5.88,5.84,5.8,5.77,6.13,6.49,6.85,7.21,7.83,8.44,9.06,9.68,10.16,10.64,11.11,11.59,11.95,12.32,12.68,13.04,13.43,13.82,14.2,14.59,14.88,15.18,15.48,15.77,16.01,16.25,16.49,16.73,16.9,17.08,17.25,17.42,17.5,17.58,17.67,17.75,17.7,17.65,17.6,17.55,17.47,17.39,17.31,17.23,17.11,16.98,16.86,16.74,16.52,16.29,16.07,15.85,15.5,15.16,14.81,14.46,14.16,13.86,13.57,13.27,13.0,12.73,12.46,12.19,11.94,11.7,11.46,11.21,11.03,10.84,10.66,10.48,10.26,10.04,9.83,9.61,9.4,9.19,8.98,8.77,8.61,8.44,8.28,8.12,8.04,7.97,7.9,7.82,7.69,7.56,7.42,7.29,7.18,7.06,6.95,6.84,7.06,7.28,7.51,7.73,8.2,8.66,9.12,9.59,10.1,10.6,11.11,11.62,12.13,12.64,13.15,13.66,14.12,14.58,15.05,15.51,15.81,16.11,16.41,16.71,16.99,17.26,17.54,17.82,18.0,18.17,18.34,18.52,18.62,18.72,18.82,18.92,18.94,18.97,19.0,19.02,18.98,18.94,18.89,18.85,18.72,18.58,18.45,18.32,18.07,17.82,17.58,17.33,,
2016-05-05T00:00:00+00:00,8.53,8.32,8.12,8.07,8.02,7.97,7.92,7.85,7.78,7.7,7.63,7.44,7.24,7.04,6.85,7.12,7.38,7.64,7.91,8.37,8.82,9.28,9.74,10.24,10.73,11.23,11.72,12.24,12.75,13.26,13.78,14.3,14.83,15.36,15.88,16.25,16.62,16.98,17.35,17.56,17.77,17.98,18.19,18.35,18.51,18.66,18.82,18.93,19.04,19.14,19.25,19.25,19.26,19.26,19.26,19.17,19.08,19.0,18.91,18.76,18.62,18.47,18.33,18.11,17.88,17.66,17.44,17.15,16.85,16.56,16.26,15.94,15.62,15.31,14.99,14.72,14.44,14.17,13.9,13.67,13.44,13.22,12.99,12.8,12.61,12.42,12.23,12.04,11.86,11.68,11.49,11.35,11.2,11.06,10.92,10.73,10.54,10.35,10.16,10.02,9.89,9.75,9.62,9.44,9.27,9.09,8.92,8.8,8.69,8.58,8.46,8.73,8.99,9.25,9.52,9.93,10.34,10.76,11.17,11.8,12.42,13.04,13.67,14.34,15.0,15.66,16.33,17.11,17.9,18.68,19.46,19.71,19.96,20.21,20.46,20.69,20.92,21.14,21.37,21.62,21.88,22.14,22.39,22.51,22.64,22.76,22.88,22.93,22.98,23.04,23.09,23.07,23.06,23.04,23.02,22.88,22.74,22.61,22.47,22.22,21.98,21.74,21.49,,
2016-05-06T00:00:00+00:00,10.53,10.36,10.18,10.04,9.91,9.77,9.63,9.4,9.17,8.94,8.71,8.51,8.31,8.11,7.91,8.14,8.38,8.61,8.84,9.38,9.91,10.44,10.98,11.81,12.64,13.46,14.29,15.11,15.92,16.74,17.56,17.98,18.4,18.81,19.23,19.52,19.81,20.1,20.39,20.64,20.89,21.14,21.39,21.62,21.86,22.1,22.33,22.49,22.65,22.81,22.97,23.0,23.03,23.06,23.09,22.98,22.88,22.77,22.66,22.55,22.44,22.33,22.22,21.92,21.63,21.34,21.04,20.7,20.35,20.0,19.66,19.33,19.01,18.68,18.35,18.1,17.86,17.62,17.37,17.17,16.96,16.76,16.56,16.4,16.24,16.07,15.91,15.75,15.6,15.44,15.28,15.15,15.02,14.88,14.75,14.57,14.38,14.2,14.02,13.93,13.84,13.76,13.67,13.4,13.14,12.87,12.6,12.45,12.3,12.16,12.01,12.26,12.52,12.78,13.03,13.49,13.95,14.41,14.87,15.3,15.73,16.16,16.59,16.94,17.3,17.65,18.0,18.41,18.82,19.23,19.64,20.02,20.4,20.77,21.15,21.4,21.66,21.92,22.17,22.38,22.59,22.8,23.01,23.15,23.28,23.42,23.55,23.58,23.61,23.64,23.67,23.63,23.6,23.56,23.52,23.38,23.24,23.09,22.95,22.7,22.44,22.19,21.94,,
2016-05-07T00:00:00+00:00,13.02,12.97,12.91,12.84,12.77,12.7,12.63,12.6,12.58,12.56,12.53,12.51,12.5,12.48,12.47,12.69,12.9,13.12,13.34,13.89,14.44,15.0,15.55,15.89,16.23,16.57,16.91,17.19,17.46,17.74,18.01,18.39,18.77,19.15,19.53,19.87,20.21,20.55,20.89,21.12,21.36,21.6,21.83,22.0,22.17,22.35,22.52,22.62,22.73,22.84,22.94,22.99,23.04,23.1,23.15,23.15,23.14,23.14,23.14,23.04,22.93,22.82,22.72,22.46,22.21,21.96,21.7,21.37,21.04,20.7,20.37,20.04,19.71,19.38,19.05,18.72,18.38,18.05,17.72,17.44,17.17,16.9,16.62,16.41,16.2,16.0,15.79,15.6,15.42,15.23,15.04,14.89,14.74,14.59,14.44,14.24,14.04,13.84,13.64,13.57,13.49,13.42,13.34,13.21,13.08,12.96,12.83,12.74,12.66,12.57,12.48,12.85,13.22,13.58,13.95,14.54,15.14,15.74,16.33,16.84,17.35,17.86,18.37,18.73,19.09,19.45,19.81,20.24,20.66,21.08,21.51,21.86,22.2,22.54,22.89,23.18,23.47,23.76,24.05,24.22,24.4,24.58,24.75,24.84,24.94,25.03,25.12,25.12,25.12,25.12,25.12,25.02,24.92,24.82,24.72,24.55,24.38,24.22,24.05,23.8,23.54,23.28,23.03,,
2016-05-08T00:00:00+00:00,13.5,13.24,12.98,12.71,12.44,12.18,11.91,11.75,11.6,11.44,11.28,11.29,11.3,11.3,11.31,11.72,12.13,12.54,12.95,13.52,14.1,14.68,15.25,15.89,16.53,17.17,17.81,18.28,18.75,19.22,19.69,20.08,20.48,20.88,21.27,21.59,21.9,22.22,22.54,22.84,23.13,23.42,23.72,23.86,23.99,24.12,24.26,24.35,24.43,24.52,24.6,24.52,24.45,24.38,24.3,24.22,24.15,24.08,24.0,23.9,23.8,23.69,23.59,23.4,23.21,23.02,22.83,22.39,21.96,21.52,21.08,20.86,20.64,20.43,20.21,20.1,20.0,19.9,19.79,19.77,19.74,19.72,19.7,19.68,19.67,19.66,19.64,19.6,19.55,19.51,19.46,19.38,19.3,19.23,19.15,19.1,19.05,18.99,18.94,18.77,18.6,18.44,18.27,18.14,18.0,17.87,17.74,17.63,17.52,17.41,17.3,17.34,17.38,17.43,17.47,17.58,17.69,17.8,17.91,18.11,18.31,18.52,18.72,18.91,19.1,19.3,19.49,19.66,19.84,20.02,20.19,20.15,20.1,20.06,20.02,20.0,19.98,19.96,19.94,20.06,20.17,20.28,20.4,20.71,21.02,21.32,21.63,21.19,20.76,20.32,19.88,20.05,20.22,20.39,20.56,20.67,20.79,20.9,21.02,20.64,20.26,19.87,19.49,,
2016-05-09T00:00:00+00:00,16.27,16.05,15.82,15.68,15.53,15.38,15.24,15.14,15.04,14.93,14.83,14.74,14.66,14.58,14.49,14.66,14.82,14.98,15.15,15.46,15.78,16.1,16.41,16.63,16.86,17.08,17.3,17.62,17.95,18.28,18.6,18.85,19.1,19.34,19.59,19.6,19.6,19.6,19.61,19.56,19.51,19.46,19.41,19.57,19.72,19.88,20.03,19.72,19.4,19.09,18.78,18.77,18.76,18.74,18.73,19.04,19.34,19.65,19.96,19.9,19.84,19.78,19.72,19.66,19.6,19.54,19.48,18.95,18.43,17.9,17.38,17.22,17.05,16.88,16.72,16.57,16.42,16.26,16.11,16.1,16.08,16.07,16.05,15.84,15.62,15.4,15.19,15.16,15.12,15.08,15.05,15.06,15.07,15.07,15.08,15.1,15.13,15.16,15.18,15.16,15.14,15.12,15.1,15.1,15.11,15.11,15.12,15.13,15.14,15.14,15.15,15.22,15.29,15.36,15.43,15.46,15.49,15.52,15.55,15.6,15.66,15.71,15.76,15.84,15.92,16.01,16.09,16.38,16.66,16.95,17.24,17.33,17.42,17.5,17.59,17.72,17.84,17.97,18.1,18.28,18.45,18.62,18.8,18.8,18.8,18.8,18.8,18.79,18.78,18.78,18.77,18.92,19.08,19.23,19.38,19.08,18.77,18.47,18.17,18.04,17.92,17.79,17.66,,
2016-05-10T00:00:00+00:00,14.79,14.69,14.59,14.56,14.54,14.51,14.48,14.41,14.34,14.27,14.2,14.24,14.29,14.34,14.38,14.51,14.64,14.77,14.9,15.06,15.22,15.38,15.54,15.73,15.92,16.11,16.3,16.4,16.51,16.61,16.72,16.67,16.62,16.56,16.51,16.69,16.88,17.06,17.24,17.37,17.5,17.63,17.76,17.8,17.84,17.89,17.93,18.06,18.19,18.31,18.44,18.39,18.34,18.3,18.25,18.3,18.36,18.41,18.46,18.41,18.36,18.31,18.26,18.2,18.14,18.08,18.02,17.89,17.76,17.62,17.49,17.27,17.06,16.84,16.62,16.39,16.15,15.92,15.68,15.52,15.35,15.18,15.02,14.85,14.68,14.51,14.34,14.24,14.14,14.05,13.95,13.84,13.73,13.62,13.51,13.31,13.1,12.9,12.7,12.62,12.54,12.47,12.39,12.27,12.15,12.03,11.91,11.84,11.78,11.72,11.65,11.96,12.28,12.59,12.9,13.28,13.66,14.04,14.42,15.02,15.62,16.23,16.83,17.28,17.74,18.19,18.64,18.38,18.12,17.87,17.61,18.02,18.42,18.82,19.23,19.56,19.88,20.21,20.54,20.38,20.21,20.04,19.88,19.78,19.69,19.6,19.5,19.67,19.84,20.01,20.18,19.97,19.76,19.55,19.34,19.47,19.6,19.73,19.86,19.78,19.7,19.63,19.55,,
2016-05-11T00:00:00+00:00,14.1,14.08,14.06,13.99,13.92,13.84,13.77,13.66,13.56,13.45,13.34,13.29,13.24,13.18,13.13,13.21,13.29,13.37,13.45,13.7,13.94,14.18,14.43,14.86,15.3,15.73,16.16,16.48,16.8,17.11,17.43,17.72,18.0,18.29,18.58,18.98,19.38,19.77,20.17,20.5,20.83,21.16,21.49,21.15,20.82,20.48,20.15,19.16,18.16,17.17,16.18,16.56,16.94,17.31,17.69,17.66,17.63,17.6,17.57,17.63,17.7,17.76,17.83,17.66,17.48,17.31,17.14,17.01,16.88,16.76,16.63,16.45,16.26,16.08,15.9,15.85,15.8,15.74,15.69,15.56,15.42,15.28,15.15,15.19,15.24,15.28,15.32,15.26,15.2,15.13,15.07,15.08,15.08,15.08,15.09,14.95,14.82,14.68,14.54,14.5,14.45,14.41,14.37,14.37,14.38,14.38,14.38,14.36,14.34,14.31,14.29,14.35,14.42,14.48,14.54,14.62,14.71,14.8,14.88,15.09,15.3,15.51,15.72,16.02,16.32,16.63,16.93,17.06,17.2,17.33,17.46,17.68,17.9,18.12,18.34,18.58,18.83,19.08,19.32,19.17,19.02,18.86,18.71,18.27,17.84,17.4,16.97,16.89,16.8,16.72,16.64,16.62,16.6,16.57,16.55,16.58,16.6,16.63,16.66,16.62,16.58,16.55,16.51,,
2016-05-12T00:00:00+00:00,12.48,12.31,12.14,12.19,12.24,12.28,12.33,12.33,12.33,12.33,12.33,12.45,12.56,12.68,12.8,13.06,13.32,13.59,13.85,14.18,14.5,14.82,15.15,15.26,15.36,15.47,15.58,15.78,15.99,16.2,16.4,16.72,17.05,17.38,17.7,17.92,18.14,18.37,18.59,18.22,17.86,17.49,17.12,17.41,17.7,17.99,18.28,18.12,17.97,17.82,17.66,17.26,16.86,16.45,16.05,16.07,16.08,16.1,16.11,16.04,15.97,15.9,15.83,15.67,15.5,15.34,15.18,15.2,15.22,15.23,15.25,15.26,15.26,15.26,15.27,15.29,15.31,15.33,15.35,15.28,15.22,15.15,15.08,14.97,14.86,14.76,14.65,14.48,14.32,14.15,13.98,13.9,13.82,13.73,13.65,13.56,13.48,13.39,13.3,13.25,13.2,13.14,13.09,13.07,13.06,13.04,13.02,13.02,13.02,13.02,13.02,13.05,13.08,13.12,13.15,13.24,13.32,13.4,13.49,13.5,13.52,13.54,13.55,13.76,13.96,14.17,14.38,14.78,15.18,15.57,15.97,16.24,16.5,16.77,17.04,17.18,17.32,17.46,17.6,17.55,17.51,17.46,17.41,17.98,18.56,19.13,19.7,19.64,19.58,19.52,19.46,18.74,18.02,17.3,16.58,16.28,15.99,15.7,15.4,15.17,14.94,14.7,14.47,,
2016-05-13T00:00:00+00:00,14.24,14.21,14.18,14.15,14.12,14.08,14.05,14.04,14.04,14.04,14.03,14.01,13.99,13.97,13.95,14.05,14.14,14.24,14.34,14.64,14.95,15.26,15.56,15.67,15.78,15.89,16.0,16.22,16.44,16.66,16.88,17.1,17.31,17.52,17.74,18.16,18.58,19.01,19.43,19.87,20.31,20.75,21.19,21.39,21.58,21.78,21.98,21.1,20.21,19.33,18.44,18.66,18.88,19.11,19.33,19.22,19.11,19.01,18.9,18.2,17.5,16.81,16.11,16.01,15.9,15.8,15.7,15.68,15.67,15.66,15.64,15.46,15.28,15.09,14.91,14.98,15.04,15.11,15.18,14.8,14.42,14.04,13.66,13.31,12.96,12.62,12.27,11.95,11.63,11.31,10.99,10.73,10.47,10.21,9.95,9.7,9.46,9.22,8.97,8.77,8.57,8.37,8.17,8.04,7.91,7.78,7.65,7.64,7.62,7.6,7.59,7.76,7.92,8.09,8.26,8.49,8.72,8.94,9.17,9.42,9.67,9.92,10.17,10.26,10.36,10.45,10.54,10.64,10.75,10.86,10.96,11.38,11.8,12.21,12.63,13.0,13.36,13.72,14.09,14.27,14.44,14.62,14.8,14.86,14.91,14.96,15.02,15.02,15.02,15.01,15.01,14.95,14.89,14.83,14.77,14.64,14.5,14.36,14.23,13.95,13.68,13.4,13.12,,
2016-05-14T00:00:00+00:00,9.38,9.2,9.02,9.03,9.04,9.05,9.06,9.09,9.12,9.15,9.18,9.09,9.0,8.9,8.81,8.85,8.88,8.91,8.95,9.13,9.31,9.49,9.67,9.9,10.14,10.37,10.6,10.81,11.02,11.23,11.44,11.67,11.9,12.14,12.37,12.46,12.54,12.62,12.71,12.7,12.7,12.69,12.68,12.93,13.18,13.44,13.69,13.88,14.08,14.27,14.46,14.58,14.71,14.84,14.96,14.93,14.9,14.88,14.85,14.71,14.57,14.43,14.29,14.04,13.8,13.55,13.3,12.92,12.54,12.17,11.79,11.46,11.14,10.81,10.48,10.26,10.04,9.82,9.6,9.41,9.22,9.03,8.84,8.64,8.44,8.24,8.04,7.85,7.66,7.48,7.29,7.09,6.88,6.68,6.48,6.21,5.94,5.67,5.4,5.21,5.03,4.84,4.65,4.5,4.35,4.19,4.04,4.07,4.11,4.14,4.17,4.67,5.16,5.66,6.16,6.75,7.34,7.94,8.53,8.93,9.34,9.74,10.14,10.49,10.84,11.18,11.53,11.84,12.14,12.45,12.76,13.01,13.26,13.5,13.75,13.81,13.86,13.92,13.98,14.24,14.49,14.74,15.0,14.83,14.66,14.48,14.31,14.48,14.66,14.84,15.01,15.12,15.22,15.32,15.43,15.29,15.16,15.02,14.88,14.76,14.64,14.52,14.4,,
2016-05-15T00:00:00+00:00,4.97,4.89,4.81,4.71,4.62,4.52,4.42,4.24,4.07,3.9,3.72,3.7,3.68,3.65,3.63,4.16,4.69,5.21,5.74,6.42,7.1,7.78,8.46,8.85,9.25,9.64,10.03,10.37,10.7,11.04,11.38,11.61,11.84,12.06,12.29,12.55,12.81,13.07,13.33,13.46,13.58,13.71,13.84,13.88,13.92,13.97,14.01,13.89,13.76,13.64,13.52,13.7,13.89,14.08,14.26,14.05,13.84,13.62,13.41,13.54,13.68,13.82,13.95,13.87,13.8,13.72,13.64,13.46,13.28,13.11,12.93,12.64,12.36,12.08,11.79,11.6,11.41,11.22,11.03,10.91,10.78,10.66,10.54,10.4,10.26,10.12,9.98,9.98,9.98,9.98,9.98,9.77,9.56,9.35,9.14,8.99,8.84,8.68,8.53,8.5,8.48,8.45,8.42,8.38,8.35,8.32,8.28,8.14,8.01,7.88,7.74,8.05,8.36,8.66,8.97,9.51,10.05,10.59,11.13,11.17,11.2,11.24,11.28,11.68,12.08,12.47,12.87,13.19,13.5,13.82,14.14,14.24,14.35,14.46,14.56,14.88,15.2,15.52,15.84,15.63,15.42,15.21,15.0,15.44,15.89,16.34,16.78,15.94,15.1,14.25,13.41,13.91,14.42,14.92,15.42,15.42,15.42,15.41,15.41,15.2,15.0,14.8,14.59,,
2016-05-16T00:00:00+00:00,7.68,7.51,7.34,7.14,6.94,6.75,6.55,6.42,6.3,6.17,6.04,6.08,6.12,6.16,6.2,6.68,7.17,7.65,8.13,8.7,9.26,9.83,10.4,10.99,11.58,12.16,12.75,13.12,13.5,13.87,14.24,14.49,14.73,14.98,15.22,15.27,15.32,15.37,15.42,15.7,15.98,16.27,16.55,16.34,16.12,15.91,15.7,16.03,16.36,16.68,17.01,17.11,17.21,17.31,17.41,17.38,17.34,17.31,17.28,17.09,16.9,16.7,16.51,16.29,16.07,15.85,15.63,15.24,14.84,14.44,14.05,13.64,13.23,12.82,12.41,12.07,11.73,11.39,11.05,10.77,10.48,10.2,9.92,9.72,9.51,9.3,9.1,8.91,8.73,8.54,8.36,8.21,8.06,7.91,7.76,7.62,7.48,7.34,7.2,7.02,6.84,6.66,6.48,6.35,6.22,6.1,5.97,6.1,6.22,6.35,6.48,6.95,7.42,7.88,8.35,8.9,9.45,10.0,10.55,11.13,11.72,12.3,12.88,13.18,13.47,13.76,14.06,14.19,14.32,14.45,14.58,14.87,15.16,15.44,15.73,15.94,16.14,16.35,16.56,16.65,16.74,16.83,16.92,17.06,17.19,17.33,17.46,17.36,17.26,17.17,17.07,16.82,16.56,16.31,16.06,16.22,16.38,16.55,16.71,16.38,16.06,15.73,15.4,,
2016-05-17T00:00:00+00:00,7.38,7.23,7.08,6.98,6.87,6.76,6.66,6.55,6.44,6.32,6.21,6.24,6.28,6.32,6.35,6.83,7.31,7.79,8.27,8.91,9.56,10.2,10.85,11.37,11.89,12.41,12.93,13.32,13.7,14.08,14.47,14.76,15.06,15.36,15.65,15.86,16.08,16.3,16.51,16.7,16.88,17.07,17.25,17.38,17.52,17.66,17.79,17.55,17.3,17.06,16.82,16.88,16.95,17.02,17.08,17.25,17.42,17.6,17.77,17.75,17.73,17.7,17.68,17.54,17.39,17.24,17.1,16.79,16.48,16.17,15.86,15.72,15.59,15.46,15.32,14.98,14.64,14.29,13.95,13.79,13.63,13.47,13.31,13.16,13.01,12.86,12.71,12.55,12.4,12.24,12.08,11.88,11.69,11.5,11.3,11.15,11.0,10.85,10.7,10.63,10.56,10.49,10.42,10.44,10.47,10.5,10.52,10.59,10.66,10.74,10.81,11.1,11.4,11.69,11.98,11.9,11.82,11.73,11.65,11.94,12.24,12.53,12.82,12.93,13.04,13.14,13.25,13.18,13.1,13.02,12.95,13.1,13.26,13.42,13.57,13.73,13.89,14.05,14.21,14.1,13.98,13.87,13.76,13.9,14.04,14.19,14.33,14.12,13.9,13.69,13.48,13.62,13.76,13.91,14.05,13.5,12.96,12.41,11.86,11.9,11.94,11.98,12.02,,
2016-05-18T00:00:00+00:00,12.84,12.56,12.28,12.06,11.84,11.62,11.4,11.34,11.28,11.21,11.15,11.13,11.1,11.08,11.06,11.36,11.65,11.94,12.24,12.52,12.8,13.09,13.37,13.35,13.34,13.32,13.3,13.6,13.89,14.18,14.48,14.68,14.88,15.07,15.27,15.42,15.58,15.74,15.89,15.88,15.88,15.88,15.87,15.64,15.42,15.19,14.96,14.8,14.64,14.47,14.31,14.04,13.77,13.5,13.23,13.46,13.7,13.93,14.16,13.52,12.89,12.26,11.62,11.48,11.33,11.18,11.04,10.88,10.72,10.57,10.41,10.22,10.02,9.83,9.63,9.61,9.59,9.57,9.55,9.56,9.57,9.57,9.58,9.48,9.39,9.3,9.2,9.16,9.12,9.09,9.05,9.05,9.05,9.05,9.05,8.98,8.91,8.85,8.78,8.77,8.76,8.75,8.74,8.78,8.82,8.86,8.9,8.98,9.05,9.12,9.2,9.34,9.48,9.62,9.76,9.94,10.11,10.28,10.46,10.66,10.85,11.04,11.24,11.27,11.3,11.34,11.37,11.64,11.9,12.16,12.43,12.52,12.6,12.69,12.78,13.29,13.8,14.32,14.83,15.17,15.52,15.86,16.2,16.42,16.64,16.87,17.09,17.02,16.94,16.86,16.79,16.9,17.02,17.13,17.25,17.19,17.13,17.08,17.02,16.85,16.67,16.5,16.33,,
2016-05-19T00:00:00+00:00,9.32,9.27,9.23,9.25,9.27,9.29,9.31,9.24,9.16,9.09,9.02,9.03,9.04,9.06,9.07,9.16,9.24,9.32,9.41,9.57,9.74,9.9,10.06,10.2,10.33,10.46,10.6,10.7,10.8,10.89,10.99,11.1,11.21,11.32,11.43,11.47,11.51,11.55,11.59,11.76,11.92,12.09,12.26,12.44,12.63,12.82,13.0,13.11,13.22,13.32,13.43,13.96,14.5,15.04,15.57,15.73,15.9,16.06,16.22,16.2,16.17,16.14,16.12,15.98,15.84,15.7,15.56,15.32,15.09,14.86,14.62,14.36,14.11,13.85,13.6,13.35,13.1,12.85,12.6,12.44,12.29,12.14,11.98,12.09,12.2,12.3,12.41,12.52,12.64,12.76,12.87,12.89,12.92,12.94,12.96,12.94,12.92,12.91,12.89,12.74,12.6,12.46,12.31,12.24,12.17,12.1,12.03,12.07,12.1,12.14,12.18,12.25,12.32,12.38,12.45,12.42,12.38,12.34,12.31,12.35,12.4,12.44,12.48,12.8,13.12,13.45,13.77,14.12,14.46,14.8,15.15,15.32,15.48,15.65,15.82,16.43,17.04,17.65,18.26,18.51,18.76,19.01,19.26,19.41,19.57,19.72,19.87,19.97,20.07,20.17,20.27,20.19,20.1,20.02,19.94,19.9,19.87,19.83,19.79,19.57,19.35,19.13,18.91,,
2016-05-20T00:00:00+00:00,10.37,10.26,10.16,10.01,9.86,9.7,9.55,9.48,9.4,9.32,9.25,9.57,9.88,10.2,10.52,10.74,10.95,11.16,11.38,11.52,11.66,11.79,11.93,12.18,12.44,12.7,12.95,13.12,13.29,13.46,13.63,13.79,13.96,14.12,14.28,14.63,14.98,15.34,15.69,16.2,16.7,17.21,17.71,17.6,17.5,17.39,17.28,17.79,18.3,18.82,19.33,19.46,19.58,19.71,19.84,19.4,18.96,18.52,18.08,18.29,18.5,18.72,18.93,18.74,18.54,18.34,18.15,17.9,17.65,17.4,17.15,16.86,16.56,16.27,15.98,15.76,15.54,15.31,15.09,14.91,14.73,14.55,14.37,14.21,14.06,13.9,13.74,13.62,13.49,13.36,13.24,13.23,13.22,13.2,13.19,13.22,13.26,13.3,13.33,13.17,13.0,12.84,12.68,12.7,12.73,12.76,12.78,12.79,12.8,12.81,12.82,13.02,13.23,13.44,13.64,14.0,14.37,14.74,15.1,15.58,16.07,16.55,17.03,17.42,17.82,18.22,18.61,19.01,19.41,19.81,20.21,20.46,20.72,20.98,21.23,21.47,21.72,21.96,22.2,22.18,22.15,22.12,22.1,22.01,21.92,21.84,21.75,21.96,22.18,22.39,22.6,22.7,22.79,22.88,22.98,22.86,22.74,22.62,22.5,22.38,22.26,22.14,22.02,,
2016-05-21T00:00:00+00:00,14.7,14.45,14.19,14.07,13.95,13.83,13.71,13.59,13.48,13.36,13.24,13.23,13.22,13.22,13.21,13.49,13.78,14.06,14.34,14.78,15.22,15.65,16.09,16.53,16.96,17.4,17.84,18.22,18.59,18.96,19.34,19.66,19.98,20.3,20.62,20.9,21.18,21.46,21.74,21.86,21.99,22.12,22.24,22.42,22.6,22.79,22.97,23.13,23.28,23.44,23.6,23.69,23.78,23.87,23.96,23.96,23.96,23.95,23.95,23.86,23.76,23.66,23.57,23.4,23.22,23.04,22.87,22.65,22.43,22.21,21.99,21.72,21.45,21.18,20.91,20.76,20.6,20.45,20.3,19.33,18.36,17.38,16.41,16.3,16.2,16.1,15.99,15.98,15.98,15.97,15.96,15.96,15.96,15.96,15.96,15.9,15.84,15.77,15.71,15.6,15.48,15.36,15.25,15.18,15.11,15.04,14.97,14.96,14.94,14.93,14.92,14.84,14.77,14.69,14.62,14.53,14.43,14.34,14.25,14.36,14.46,14.56,14.67,14.77,14.86,14.96,15.06,15.14,15.23,15.32,15.4,15.49,15.58,15.67,15.76,15.71,15.66,15.61,15.56,15.78,16.0,16.22,16.44,16.46,16.48,16.51,16.53,16.1,15.66,15.22,14.79,14.54,14.3,14.06,13.81,13.92,14.02,14.13,14.24,14.12,14.01,13.9,13.78,,
2016-05-22T00:00:00+00:00,15.36,15.35,15.34,15.32,15.3,15.27,15.25,15.22,15.2,15.18,15.15,15.07,14.98,14.9,14.81,14.85,14.89,14.93,14.97,15.01,15.04,15.08,15.12,15.2,15.27,15.34,15.42,15.32,15.22,15.13,15.03,15.24,15.45,15.66,15.87,16.12,16.37,16.62,16.87,16.54,16.21,15.88,15.55,15.36,15.16,14.96,14.77,15.02,15.28,15.54,15.79,15.93,16.06,16.2,16.34,15.88,15.42,14.95,14.49,14.46,14.43,14.4,14.37,14.36,14.35,14.34,14.33,14.27,14.22,14.16,14.1,13.82,13.54,13.26,12.98,12.61,12.24,11.87,11.5,11.48,11.46,11.44,11.42,11.41,11.4,11.38,11.37,11.22,11.08,10.93,10.78,10.7,10.62,10.54,10.46,10.43,10.4,10.36,10.33,10.32,10.31,10.3,10.29,10.22,10.15,10.08,10.01,10.02,10.04,10.05,10.06,10.12,10.18,10.23,10.29,10.45,10.61,10.78,10.94,11.16,11.39,11.62,11.84,12.05,12.26,12.48,12.69,12.84,13.0,13.16,13.31,13.38,13.46,13.53,13.6,13.95,14.3,14.65,15.0,14.58,14.16,13.74,13.32,13.58,13.85,14.12,14.38,14.72,15.07,15.41,15.75,15.68,15.62,15.55,15.48,15.43,15.38,15.33,15.28,15.16,15.04,14.93,14.81,,
2016-05-23T00:00:00+00:00,10.43,10.36,10.3,10.24,10.17,10.1,10.04,10.09,10.14,10.19,10.24,10.37,10.5,10.63,10.76,10.73,10.7,10.66,10.63,10.61,10.58,10.56,10.54,10.62,10.7,10.77,10.85,10.97,11.08,11.2,11.32,11.44,11.57,11.7,11.82,11.94,12.07,12.2,12.32,12.59,12.86,13.14,13.41,13.78,14.14,14.51,14.88,15.12,15.35,15.58,15.82,15.86,15.9,15.95,15.99,16.07,16.14,16.22,16.29,16.21,16.13,16.05,15.97,15.78,15.6,15.41,15.22,14.92,14.61,14.3,14.0,13.68,13.36,13.05,12.73,12.44,12.16,11.88,11.59,11.32,11.05,10.78,10.51,10.32,10.14,9.96,9.77,9.62,9.46,9.31,9.16,9.08,9.0,8.91,8.83,8.7,8.58,8.46,8.33,8.21,8.08,7.96,7.84,7.71,7.58,7.46,7.33,7.43,7.54,7.64,7.74,8.08,8.42,8.76,9.1,9.25,9.4,9.55,9.7,10.05,10.4,10.76,11.11,11.6,12.08,12.57,13.06,13.46,13.87,14.28,14.68,14.95,15.22,15.5,15.77,15.95,16.13,16.32,16.5,16.65,16.8,16.94,17.09,17.16,17.23,17.29,17.36,17.38,17.4,17.42,17.44,17.41,17.38,17.35,17.32,17.22,17.12,17.03,16.93,16.72,16.52,16.31,16.1,,
2016-05-24T00:00:00+00:00,8.36,8.29,8.23,8.19,8.16,8.12,8.08,7.97,7.86,7.75,7.64,7.7,7.75,7.8,7.86,8.32,8.77,9.22,9.68,10.19,10.7,11.21,11.72,12.02,12.31,12.6,12.9,13.22,13.54,13.85,14.17,14.42,14.67,14.92,15.17,15.51,15.84,16.18,16.52,16.7,16.88,17.06,17.24,17.26,17.28,17.31,17.33,17.27,17.22,17.16,17.11,17.05,16.99,16.94,16.88,16.87,16.86,16.85,16.84,16.8,16.76,16.71,16.67,16.53,16.38,16.24,16.09,15.83,15.58,15.32,15.06,14.73,14.4,14.07,13.74,13.52,13.29,13.06,12.84,12.83,12.82,12.8,12.79,12.66,12.54,12.41,12.28,12.02,11.76,11.5,11.24,10.97,10.7,10.43,10.16,9.94,9.72,9.49,9.27,9.11,8.94,8.78,8.62,8.48,8.34,8.19,8.05,8.04,8.03,8.02,8.01,8.32,8.62,8.93,9.24,9.66,10.09,10.52,10.94,11.48,12.02,12.57,13.11,13.64,14.16,14.69,15.22,15.62,16.03,16.43,16.84,17.14,17.44,17.75,18.05,18.26,18.48,18.69,18.9,18.91,18.92,18.92,18.93,19.16,19.39,19.62,19.85,19.88,19.9,19.93,19.96,20.06,20.15,20.24,20.34,20.28,20.23,20.17,20.11,20.02,19.94,19.86,19.77,,
2016-05-25T00:00:00+00:00,9.09,8.88,8.68,8.57,8.46,8.35,8.24,8.26,8.28,8.31,8.33,8.27,8.2,8.14,8.08,8.31,8.54,8.78,9.01,9.38,9.76,10.14,10.51,11.08,11.64,12.2,12.77,13.3,13.82,14.35,14.88,15.33,15.78,16.24,16.69,17.02,17.34,17.67,18.0,18.23,18.45,18.67,18.9,19.08,19.26,19.43,19.61,19.71,19.81,19.92,20.02,20.09,20.16,20.22,20.29,20.29,20.3,20.3,20.3,20.24,20.18,20.11,20.05,19.87,19.69,19.51,19.33,19.08,18.82,18.56,18.31,18.06,17.8,17.55,17.3,17.12,16.93,16.74,16.56,16.27,15.98,15.68,15.39,15.33,15.26,15.2,15.14,14.96,14.77,14.58,14.4,14.33,14.26,14.2,14.13,14.04,13.96,13.88,13.79,13.7,13.62,13.54,13.45,13.3,13.16,13.01,12.86,12.82,12.77,12.72,12.68,13.02,13.36,13.7,14.04,14.38,14.72,15.07,15.41,15.82,16.23,16.63,17.04,17.51,17.98,18.45,18.92,19.32,19.72,20.12,20.52,20.85,21.18,21.52,21.85,22.25,22.65,23.04,23.44,23.57,23.7,23.83,23.96,23.85,23.74,23.63,23.52,23.42,23.32,23.21,23.11,23.2,23.29,23.38,23.47,22.95,22.42,21.9,21.38,21.24,21.1,20.97,20.83,,
2016-05-26T00:00:00+00:00,12.28,12.26,12.23,12.19,12.16,12.12,12.08,12.12,12.16,12.19,12.23,12.3,12.37,12.44,12.51,12.82,13.12,13.42,13.73,14.19,14.65,15.11,15.57,16.05,16.53,17.01,17.49,17.89,18.29,18.69,19.09,19.45,19.81,20.18,20.54,20.79,21.04,21.29,21.54,21.61,21.68,21.76,21.83,22.06,22.3,22.54,22.77,22.54,22.3,22.06,21.83,21.82,21.8,21.79,21.78,21.48,21.18,20.89,20.59,20.63,20.68,20.72,20.76,20.6,20.44,20.28,20.12,19.9,19.68,19.46,19.24,19.11,18.98,18.84,18.71,18.56,18.41,18.26,18.11,18.1,18.09,18.08,18.07,17.9,17.73,17.55,17.38,17.24,17.1,16.95,16.81,16.59,16.37,16.15,15.93,15.8,15.67,15.54,15.41,15.3,15.18,15.07,14.96,14.87,14.78,14.7,14.61,14.67,14.73,14.79,14.85,15.25,15.65,16.05,16.45,16.61,16.78,16.94,17.11,17.4,17.69,17.97,18.26,18.46,18.66,18.85,19.05,19.27,19.5,19.73,19.95,20.33,20.71,21.09,21.47,21.17,20.87,20.57,20.27,21.07,21.86,22.66,23.46,23.39,23.32,23.24,23.17,23.36,23.54,23.73,23.92,23.33,22.74,22.16,21.57,21.74,21.9,22.06,22.23,22.18,22.12,22.06,22.01,,
2016-05-27T00:00:00+00:00,15.26,15.24,15.22,15.19,15.16,15.12,15.09,14.96,14.84,14.72,14.59,14.38,14.18,13.97,13.76,14.18,14.6,15.02,15.44,15.89,16.34,16.8,17.25,17.6,17.95,18.3,18.65,19.05,19.44,19.84,20.24,20.58,20.91,21.24,21.58,21.89,22.2,22.52,22.83,23.21,23.6,23.98,24.36,24.54,24.72,24.89,25.07,25.14,25.2,25.26,25.33,24.8,24.26,23.73,23.2,23.28,23.36,23.44,23.52,23.38,23.24,23.09,22.95,22.8,22.66,22.52,22.37,21.78,21.18,20.59,20.0,19.7,19.39,19.08,18.78,18.63,18.48,18.34,18.19,18.01,17.84,17.66,17.48,17.35,17.23,17.1,16.97,16.84,16.7,16.56,16.43,16.3,16.16,16.03,15.9,15.67,15.44,15.21,14.98,14.81,14.64,14.46,14.29,14.1,13.9,13.7,13.51,13.63,13.76,13.88,14.0,14.53,15.06,15.58,16.11,16.46,16.82,17.18,17.53,17.92,18.32,18.72,19.11,19.49,19.88,20.26,20.65,21.1,21.56,22.02,22.47,22.57,22.66,22.76,22.86,23.29,23.72,24.15,24.58,24.58,24.58,24.57,24.57,24.51,24.45,24.39,24.33,24.23,24.13,24.03,23.93,23.6,23.28,22.96,22.63,22.24,21.84,21.44,21.05,20.69,20.33,19.97,19.61,,
2016-05-28T00:00:00+00:00,14.74,14.69,14.65,14.7,14.74,14.78,14.83,14.72,14.6,14.49,14.38,14.67,14.96,15.25,15.54,15.73,15.92,16.1,16.29,16.78,17.27,17.77,18.26,18.66,19.07,19.47,19.87,20.23,20.59,20.95,21.31,21.54,21.76,21.98,22.21,22.14,22.08,22.01,21.94,21.06,20.19,19.31,18.43,18.2,17.96,17.72,17.49,17.6,17.72,17.83,17.94,18.08,18.22,18.35,18.49,19.02,19.54,20.06,20.59,20.22,19.86,19.49,19.12,18.86,18.6,18.35,18.09,17.8,17.51,17.22,16.93,16.71,16.48,16.26,16.04,16.01,15.98,15.94,15.91,15.91,15.9,15.9,15.9,15.83,15.76,15.69,15.62,15.62,15.61,15.61,15.61,15.62,15.64,15.65,15.66,15.33,15.0,14.66,14.33,14.4,14.46,14.53,14.6,14.67,14.74,14.82,14.89,14.87,14.84,14.82,14.8,14.74,14.68,14.62,14.56,14.58,14.6,14.63,14.65,14.68,14.72,14.76,14.79,15.08,15.38,15.67,15.96,15.98,16.01,16.04,16.06,16.17,16.27,16.38,16.49,16.82,17.16,17.49,17.82,18.3,18.79,19.28,19.76,19.91,20.06,20.2,20.35,20.35,20.34,20.34,20.34,20.39,20.44,20.48,20.53,19.84,19.14,18.44,17.75,17.31,16.87,16.43,15.99,,
2016-05-29T00:00:00+00:00,15.89,15.72,15.55,15.42,15.28,15.14,15.01,15.02,15.02,15.03,15.04,14.93,14.82,14.71,14.6,14.55,14.5,14.45,14.4,14.42,14.45,14.48,14.5,14.46,14.42,14.39,14.35,14.5,14.65,14.8,14.95,15.15,15.35,15.55,15.75,15.98,16.22,16.45,16.68,16.84,17.0,17.17,17.33,17.8,18.27,18.74,19.21,19.08,18.95,18.83,18.7,18.39,18.08,17.78,17.47,17.62,17.76,17.91,18.06,18.26,18.45,18.64,18.84,18.88,18.92,18.97,19.01,18.73,18.45,18.18,17.9,17.36,16.81,16.26,15.72,15.39,15.06,14.72,14.39,14.33,14.27,14.21,14.15,14.18,14.22,14.25,14.28,14.23,14.18,14.12,14.07,13.84,13.62,13.39,13.16,12.99,12.82,12.66,12.49,12.39,12.3,12.2,12.1,12.1,12.11,12.11,12.12,12.15,12.18,12.21,12.24,12.28,12.32,12.36,12.4,12.46,12.52,12.58,12.64,12.68,12.72,12.76,12.8,12.79,12.78,12.77,12.76,12.8,12.84,12.88,12.92,12.94,12.96,12.99,13.01,13.06,13.1,13.14,13.19,13.22,13.24,13.27,13.3,13.41,13.52,13.63,13.74,13.87,14.0,14.12,14.25,14.24,14.22,14.21,14.2,14.13,14.06,13.98,13.91,13.87,13.83,13.79,13.75,,
2016-05-30T00:00:00+00:00,14.52,14.29,14.05,13.71,13.38,13.04,12.7,12.53,12.36,12.19,12.02,12.01,12.0,11.98,11.97,12.09,12.2,12.32,12.44,12.5,12.57,12.64,12.7,12.86,13.02,13.18,13.34,13.51,13.68,13.85,14.02,14.2,14.38,14.57,14.75,14.68,14.6,14.53,14.46,14.49,14.52,14.55,14.58,14.57,14.56,14.54,14.53,14.45,14.38,14.3,14.22,14.07,13.92,13.76,13.61,13.57,13.53,13.49,13.45,13.44,13.44,13.43,13.43,13.44,13.46,13.47,13.48,13.49,13.5,13.5,13.51,13.48,13.44,13.41,13.38,13.33,13.28,13.22,13.17,13.13,13.08,13.04,13.0,12.96,12.92,12.87,12.83,12.78,12.72,12.67,12.62,12.57,12.52,12.47,12.42,12.37,12.32,12.27,12.22,12.18,12.14,12.09,12.05,11.94,11.84,11.73,11.62,11.59,11.56,11.52,11.49,11.5,11.5,11.5,11.51,11.5,11.5,11.49,11.48,11.46,11.43,11.4,11.38,11.44,11.5,11.57,11.63,11.6,11.58,11.56,11.53,11.62,11.72,11.81,11.9,11.96,12.03,12.1,12.16,12.08,12.0,11.93,11.85,11.88,11.91,11.94,11.97,11.98,11.99,12.0,12.01,12.09,12.17,12.25,12.33,12.32,12.31,12.3,12.29,12.33,12.36,12.4,12.44,,
2016-05-31T00:00:00+00:00,12.57,12.56,12.54,12.44,12.34,12.25,12.15,12.06,11.98,11.89,11.8,11.74,11.67,11.6,11.54,11.56,11.59,11.62,11.64,11.67,11.7,11.74,11.77,11.83,11.9,11.96,12.02,12.02,12.01,12.0,12.0,11.95,11.9,11.86,11.81,11.86,11.92,11.97,12.02,12.1,12.18,12.25,12.33,12.32,12.32,12.31,12.3,12.36,12.41,12.46,12.52,12.53,12.54,12.56,12.57,12.55,12.54,12.52,12.5,12.66,12.82,12.97,13.13,13.21,13.29,13.37,13.45,13.43,13.41,13.39,13.37,13.33,13.3,13.26,13.22,13.18,13.14,13.11,13.07,13.09,13.12,13.14,13.16,13.28,13.4,13.52,13.64,13.62,13.6,13.58,13.56,13.48,13.39,13.3,13.22,13.22,13.23,13.23,13.23,13.23,13.23,13.23,13.23,13.24,13.24,13.24,13.25,13.32,13.4,13.47,13.54,13.62,13.7,13.78,13.86,14.01,14.16,14.31,14.46,14.66,14.86,15.07,15.27,15.38,15.49,15.6,15.71,16.1,16.48,16.87,17.25,17.24,17.23,17.22,17.21,17.18,17.15,17.12,17.09,16.92,16.75,16.58,16.41,16.27,16.13,16.0,15.86,16.58,17.3,18.02,18.74,18.42,18.1,17.77,17.45,17.62,17.79,17.96,18.13,17.74,17.34,16.95,16.56,,
2016-06-01T00:00:00+00:00,13.37,13.29,13.21,13.14,13.07,13.0,12.93,12.88,12.83,12.78,12.73,12.73,12.72,12.72,12.71,12.85,13.0,13.14,13.28,13.29,13.3,13.32,13.33,13.43,13.52,13.62,13.72,13.74,13.76,13.78,13.8,13.96,14.12,14.27,14.43,14.98,15.54,16.09,16.64,16.94,17.24,17.53,17.83,18.26,18.7,19.13,19.57,19.6,19.63,19.66,19.69,20.0,20.3,20.61,20.92,20.79,20.66,20.53,20.4,20.35,20.3,20.25,20.2,19.96,19.73,19.49,19.25,18.95,18.66,18.36,18.06,17.63,17.2,16.78,16.35,15.96,15.58,15.19,14.8,14.57,14.33,14.1,13.86,13.83,13.8,13.76,13.73,13.68,13.62,13.56,13.51,13.4,13.3,13.2,13.09,12.97,12.85,12.73,12.61,12.52,12.42,12.33,12.24,12.17,12.1,12.02,11.95,11.95,11.94,11.94,11.94,11.93,11.92,11.92,11.91,11.9,11.88,11.86,11.85,11.9,11.96,12.02,12.07,12.2,12.33,12.46,12.59,12.64,12.69,12.74,12.79,12.9,13.02,13.13,13.24,13.25,13.26,13.26,13.27,13.26,13.26,13.26,13.25,13.3,13.35,13.4,13.45,13.42,13.38,13.35,13.32,13.29,13.26,13.22,13.19,13.09,12.99,12.89,12.79,12.68,12.56,12.44,12.33,,
2016-06-02T00:00:00+00:00,13.0,12.94,12.88,12.82,12.76,12.7,12.64,12.67,12.7,12.74,12.77,12.75,12.73,12.71,12.69,12.65,12.61,12.57,12.53,12.66,12.78,12.9,13.03,13.06,13.1,13.13,13.16,13.14,13.12,13.09,13.07,13.17,13.28,13.38,13.48,13.38,13.28,13.18,13.08,13.17,13.26,13.36,13.45,13.4,13.34,13.29,13.24,13.27,13.3,13.34,13.37,13.49,13.62,13.74,13.86,13.83,13.8,13.76,13.73,13.65,13.57,13.48,13.4,13.26,13.11,12.96,12.82,12.74,12.65,12.57,12.48,12.34,12.21,12.08,11.94,11.84,11.74,11.63,11.53,11.46,11.39,11.32,11.25,11.18,11.12,11.05,10.98,10.92,10.86,10.79,10.73,10.67,10.62,10.56,10.5,10.47,10.43,10.4,10.37,10.34,10.3,10.26,10.23,10.21,10.18,10.16,10.14,10.14,10.14,10.14,10.14,10.18,10.22,10.26,10.3,10.34,10.37,10.4,10.44,10.46,10.48,10.49,10.51,10.61,10.71,10.81,10.91,11.1,11.3,11.49,11.68,11.91,12.14,12.36,12.59,12.79,13.0,13.2,13.4,13.67,13.94,14.22,14.49,14.6,14.72,14.84,14.95,15.15,15.36,15.56,15.76,15.66,15.55,15.44,15.34,15.28,15.22,15.16,15.1,14.99,14.88,14.76,14.65,,
2016-06-03T00:00:00+00:00,10.88,10.87,10.86,10.82,10.78,10.74,10.7,10.66,10.62,10.58,10.54,10.52,10.5,10.49,10.47,10.5,10.52,10.54,10.57,10.63,10.68,10.74,10.8,10.82,10.83,10.84,10.86,10.9,10.94,10.99,11.03,11.13,11.23,11.33,11.43,11.63,11.84,12.04,12.24,12.43,12.62,12.81,13.0,13.35,13.7,14.05,14.4,14.26,14.12,13.98,13.84,13.86,13.88,13.9,13.92,14.09,14.26,14.42,14.59,14.58,14.57,14.56,14.55,14.41,14.28,14.14,14.0,13.95,13.9,13.85,13.8,13.71,13.62,13.52,13.43,13.38,13.33,13.28,13.23,13.2,13.16,13.12,13.09,13.05,13.0,12.96,12.92,12.89,12.86,12.84,12.81,12.78,12.76,12.74,12.71,12.66,12.62,12.58,12.53,12.48,12.43,12.39,12.34,12.3,12.26,12.22,12.18,12.2,12.22,12.25,12.27,12.43,12.6,12.76,12.93,13.04,13.14,13.25,13.36,13.61,13.86,14.12,14.37,14.64,14.92,15.19,15.46,15.43,15.4,15.37,15.34,15.48,15.63,15.78,15.92,16.1,16.28,16.46,16.64,16.98,17.31,17.64,17.98,18.12,18.27,18.42,18.56,18.61,18.66,18.7,18.75,18.98,19.22,19.46,19.69,19.79,19.88,19.98,20.08,19.98,19.88,19.77,19.67,,
2016-06-04T00:00:00+00:00,12.0,11.98,11.96,11.91,11.86,11.8,11.75,11.64,11.54,11.43,11.32,11.34,11.36,11.38,11.4,11.47,11.54,11.6,11.67,11.96,12.26,12.56,12.85,13.13,13.42,13.7,13.98,14.28,14.57,14.86,15.16,15.6,16.05,16.49,16.93,17.19,17.45,17.72,17.98,18.33,18.68,19.02,19.37,19.42,19.46,19.51,19.56,19.48,19.4,19.31,19.23,19.18,19.12,19.07,19.02,18.96,18.9,18.85,18.79,18.61,18.43,18.26,18.08,18.13,18.18,18.23,18.28,18.08,17.89,17.7,17.5,17.2,16.9,16.59,16.29,16.18,16.08,15.97,15.86,15.83,15.8,15.76,15.73,15.64,15.56,15.47,15.38,15.28,15.17,15.07,14.96,14.91,14.86,14.8,14.75,14.69,14.64,14.58,14.52,14.43,14.34,14.24,14.15,14.07,13.98,13.9,13.82,13.86,13.9,13.95,13.99,14.09,14.19,14.29,14.39,14.61,14.83,15.05,15.27,15.4,15.54,15.68,15.81,16.1,16.4,16.69,16.98,17.27,17.56,17.86,18.15,18.31,18.46,18.62,18.78,19.05,19.31,19.58,19.84,20.18,20.53,20.88,21.22,21.52,21.81,22.1,22.4,22.62,22.83,23.04,23.26,23.36,23.47,23.58,23.68,23.6,23.51,23.42,23.34,23.21,23.08,22.94,22.81,,
2016-06-05T00:00:00+00:00,13.55,13.38,13.21,13.08,12.95,12.82,12.69,12.56,12.42,12.29,12.16,12.38,12.6,12.82,13.04,13.11,13.18,13.24,13.31,13.42,13.54,13.66,13.77,14.16,14.56,14.96,15.35,15.6,15.86,16.12,16.37,16.64,16.92,17.19,17.46,17.84,18.23,18.61,18.99,19.43,19.88,20.32,20.77,21.03,21.28,21.54,21.8,21.62,21.45,21.28,21.1,21.49,21.88,22.27,22.66,22.56,22.45,22.34,22.24,22.37,22.5,22.64,22.77,22.63,22.48,22.34,22.2,21.99,21.78,21.58,21.37,21.06,20.76,20.45,20.14,19.92,19.7,19.48,19.26,18.98,18.7,18.41,18.13,17.92,17.72,17.51,17.3,17.28,17.26,17.24,17.22,17.09,16.96,16.83,16.7,16.83,16.95,17.08,17.21,17.12,17.02,16.93,16.84,16.66,16.48,16.31,16.13,16.1,16.08,16.05,16.02,16.29,16.56,16.82,17.09,17.37,17.65,17.93,18.21,18.66,19.12,19.57,20.02,20.43,20.84,21.26,21.67,22.02,22.38,22.74,23.09,23.48,23.88,24.28,24.67,24.7,24.74,24.78,24.81,25.22,25.64,26.05,26.46,26.16,25.86,25.57,25.27,25.55,25.84,26.12,26.4,26.34,26.28,26.22,26.16,26.12,26.07,26.02,25.98,25.66,25.34,25.02,24.7,,
2016-06-06T00:00:00+00:00,13.46,13.36,13.26,13.3,13.34,13.38,13.42,13.55,13.68,13.81,13.94,14.02,14.1,14.19,14.27,14.56,14.86,15.15,15.44,15.72,16.0,16.27,16.55,16.96,17.36,17.76,18.17,18.61,19.05,19.48,19.92,20.32,20.72,21.11,21.51,21.92,22.34,22.75,23.16,23.66,24.17,24.68,25.18,25.37,25.56,25.76,25.95,26.14,26.32,26.51,26.69,26.32,25.96,25.59,25.22,24.88,24.53,24.18,23.84,23.97,24.1,24.24,24.37,23.96,23.54,23.12,22.71,22.4,22.1,21.8,21.49,21.24,20.99,20.74,20.49,20.32,20.16,19.99,19.83,19.73,19.63,19.54,19.44,19.33,19.22,19.1,18.99,18.83,18.67,18.52,18.36,18.26,18.16,18.05,17.95,17.79,17.63,17.48,17.32,17.23,17.13,17.04,16.94,16.84,16.74,16.64,16.54,16.66,16.77,16.88,17.0,17.51,18.02,18.53,19.04,19.51,19.98,20.44,20.91,21.25,21.58,21.92,22.26,22.53,22.8,23.08,23.35,23.17,22.98,22.8,22.62,22.34,22.07,21.8,21.52,21.86,22.2,22.54,22.88,23.06,23.24,23.41,23.59,23.39,23.19,22.99,22.79,23.26,23.74,24.21,24.68,24.8,24.92,25.04,25.16,24.54,23.91,23.28,22.66,21.54,20.42,19.31,18.19,,
2016-06-07T00:00:00+00:00,15.58,15.52,15.46,15.24,15.03,14.82,14.6,14.55,14.5,14.44,14.39,14.35,14.3,14.26,14.22,14.8,15.37,15.94,16.52,17.29,18.06,18.82,19.59,20.18,20.78,21.37,21.96,22.34,22.73,23.12,23.5,23.78,24.06,24.33,24.61,24.87,25.13,25.39,25.65,25.81,25.96,26.12,26.28,26.35,26.42,26.49,26.56,26.55,26.54,26.53,26.52,26.52,26.51,26.5,26.5,26.26,26.01,25.76,25.52,25.29,25.06,24.83,24.6,24.17,23.74,23.3,22.87,22.53,22.2,21.86,21.52,21.24,20.95,20.66,20.38,20.17,19.96,19.75,19.54,19.3,19.06,18.83,18.59,18.28,17.96,17.65,17.34,17.18,17.03,16.88,16.72,16.7,16.69,16.68,16.66,16.68,16.69,16.7,16.72,16.69,16.66,16.63,16.6,16.5,16.4,16.29,16.19,16.04,15.88,15.72,15.57,15.49,15.41,15.33,15.25,15.31,15.38,15.44,15.5,15.75,16.0,16.25,16.5,16.94,17.38,17.81,18.25,18.76,19.26,19.76,20.27,20.64,21.0,21.36,21.73,22.02,22.32,22.62,22.91,23.11,23.32,23.52,23.72,23.91,24.1,24.28,24.47,24.49,24.52,24.54,24.56,24.42,24.28,24.14,24.0,23.77,23.54,23.3,23.07,22.94,22.8,22.66,22.53,,
2016-06-08T00:00:00+00:00,15.56,15.45,15.34,15.2,15.06,14.93,14.79,14.62,14.46,14.3,14.13,14.09,14.06,14.02,13.98,14.13,14.28,14.43,14.58,14.94,15.3,15.66,16.02,16.44,16.87,17.29,17.72,18.23,18.74,19.25,19.76,20.14,20.51,20.88,21.26,21.56,21.86,22.15,22.45,22.7,22.94,23.18,23.43,23.53,23.63,23.73,23.83,23.85,23.88,23.9,23.92,23.91,23.9,23.9,23.89,23.86,23.83,23.8,23.77,23.68,23.59,23.5,23.41,23.26,23.11,22.96,22.81,22.66,22.5,22.35,22.2,21.66,21.12,20.57,20.03,19.83,19.63,19.43,19.23,19.02,18.8,18.58,18.37,18.22,18.07,17.92,17.77,17.61,17.45,17.3,17.14,16.96,16.78,16.6,16.42,16.21,16.0,15.79,15.58,15.31,15.04,14.78,14.51,14.34,14.17,14.0,13.83,13.87,13.91,13.95,13.99,14.18,14.38,14.57,14.76,14.9,15.03,15.16,15.3,15.63,15.96,16.3,16.63,17.06,17.48,17.9,18.33,18.77,19.21,19.65,20.09,20.58,21.08,21.57,22.06,22.49,22.92,23.36,23.79,24.07,24.35,24.63,24.91,25.06,25.22,25.37,25.52,25.57,25.62,25.68,25.73,25.68,25.64,25.59,25.54,25.42,25.3,25.17,25.05,24.8,24.55,24.3,24.05,,
2016-06-09T00:00:00+00:00,14.89,14.7,14.5,14.34,14.18,14.02,13.86,13.68,13.5,13.33,13.15,13.13,13.12,13.1,13.08,13.13,13.18,13.22,13.27,13.46,13.66,13.86,14.05,14.47,14.89,15.3,15.72,16.2,16.67,17.14,17.62,18.06,18.49,18.92,19.36,19.84,20.31,20.78,21.26,21.62,21.98,22.33,22.69,23.01,23.33,23.65,23.97,24.19,24.42,24.64,24.86,24.96,25.06,25.16,25.26,25.22,25.17,25.12,25.08,24.9,24.72,24.53,24.35,24.12,23.88,23.64,23.41,23.04,22.68,22.32,21.95,21.56,21.17,20.79,20.4,20.15,19.9,19.64,19.39,19.18,18.96,18.74,18.53,18.35,18.17,17.99,17.81,17.64,17.48,17.31,17.14,16.94,16.74,16.55,16.35,16.18,16.02,15.85,15.68,15.55,15.42,15.29,15.16,15.06,14.96,14.87,14.77,14.87,14.96,15.06,15.16,15.48,15.81,16.14,16.46,16.8,17.13,17.46,17.8,18.19,18.57,18.95,19.34,19.7,20.07,20.44,20.8,21.02,21.25,21.48,21.7,21.93,22.16,22.4,22.63,22.72,22.8,22.88,22.97,23.0,23.02,23.05,23.08,23.26,23.44,23.63,23.81,23.78,23.74,23.7,23.67,23.61,23.54,23.48,23.42,23.32,23.21,23.1,23.0,22.8,22.61,22.42,22.22,,
2016-06-10T00:00:00+00:00,14.97,14.91,14.85,14.83,14.81,14.79,14.77,14.66,14.54,14.42,14.31,14.34,14.38,14.42,14.45,14.79,15.13,15.47,15.81,16.14,16.48,16.81,17.14,17.6,18.06,18.51,18.97,19.36,19.75,20.14,20.53,20.75,20.98,21.2,21.42,21.57,21.72,21.87,22.02,22.26,22.51,22.76,23.0,23.1,23.21,23.32,23.42,23.37,23.33,23.28,23.23,23.22,23.2,23.18,23.17,23.13,23.09,23.05,23.01,22.97,22.93,22.89,22.85,22.72,22.58,22.44,22.31,22.13,21.95,21.77,21.59,21.38,21.18,20.97,20.76,20.66,20.55,20.44,20.34,19.98,19.61,19.24,18.88,18.4,17.91,17.42,16.94,16.9,16.86,16.81,16.77,16.72,16.67,16.62,16.57,16.54,16.51,16.47,16.44,16.37,16.29,16.22,16.14,16.08,16.02,15.96,15.9,15.89,15.88,15.88,15.87,15.88,15.88,15.89,15.9,15.89,15.88,15.86,15.85,15.8,15.75,15.7,15.65,15.71,15.76,15.82,15.88,15.98,16.08,16.18,16.28,16.26,16.24,16.22,16.2,16.28,16.37,16.45,16.53,16.52,16.5,16.48,16.47,17.0,17.54,18.08,18.61,18.1,17.59,17.08,16.57,16.5,16.43,16.36,16.29,16.45,16.6,16.76,16.92,17.02,17.12,17.21,17.31,,
2016-06-11T00:00:00+00:00,15.37,15.28,15.2,15.21,15.22,15.22,15.23,15.21,15.2,15.18,15.16,15.26,15.37,15.48,15.58,15.74,15.9,16.07,16.23,16.34,16.44,16.54,16.65,16.82,16.99,17.16,17.33,17.69,18.05,18.41,18.77,18.75,18.73,18.71,18.69,18.94,19.2,19.46,19.71,19.57,19.44,19.3,19.16,19.02,18.88,18.73,18.59,18.62,18.64,18.66,18.69,18.87,19.05,19.23,19.41,19.69,19.96,20.24,20.52,20.29,20.06,19.82,19.59,19.46,19.34,19.22,19.09,19.02,18.95,18.88,18.81,18.37,17.93,17.49,17.05,17.04,17.04,17.03,17.02,16.95,16.88,16.82,16.75,16.48,16.21,15.94,15.67,15.56,15.44,15.33,15.22,15.18,15.14,15.09,15.05,14.96,14.86,14.76,14.67,14.4,14.14,13.87,13.6,13.68,13.76,13.85,13.93,13.88,13.84,13.8,13.75,13.88,14.02,14.15,14.28,14.42,14.56,14.7,14.84,15.06,15.28,15.49,15.71,15.84,15.98,16.12,16.25,16.03,15.82,15.6,15.38,15.82,16.26,16.71,17.15,16.84,16.54,16.23,15.92,16.11,16.3,16.48,16.67,16.52,16.37,16.21,16.06,16.52,16.98,17.45,17.91,18.27,18.63,19.0,19.36,19.0,18.63,18.27,17.91,18.01,18.1,18.2,18.3,,
2016-06-12T00:00:00+00:00,15.0,14.88,14.76,14.84,14.91,14.99,15.06,14.78,14.5,14.22,13.94,13.95,13.96,13.97,13.98,14.16,14.33,14.5,14.68,14.92,15.15,15.38,15.62,15.86,16.1,16.34,16.58,16.46,16.35,16.24,16.12,16.32,16.52,16.73,16.93,17.1,17.27,17.45,17.62,17.35,17.08,16.8,16.53,16.47,16.41,16.35,16.29,16.19,16.1,16.0,15.9,15.95,16.0,16.06,16.11,16.34,16.56,16.78,17.01,17.34,17.66,17.98,18.31,18.34,18.37,18.4,18.43,18.2,17.96,17.72,17.49,17.43,17.38,17.32,17.26,17.21,17.15,17.1,17.04,16.92,16.8,16.69,16.57,16.5,16.42,16.35,16.28,16.03,15.77,15.52,15.26,15.0,14.74,14.48,14.22,13.96,13.7,13.43,13.17,13.08,12.98,12.89,12.8,12.78,12.77,12.76,12.74,12.76,12.77,12.78,12.8,12.78,12.76,12.73,12.71,12.79,12.88,12.96,13.04,13.19,13.34,13.49,13.64,13.69,13.74,13.79,13.84,13.9,13.96,14.03,14.09,14.17,14.25,14.33,14.41,14.48,14.54,14.6,14.67,14.88,15.08,15.29,15.5,15.44,15.39,15.34,15.28,15.66,16.05,16.43,16.82,16.7,16.58,16.45,16.33,16.16,16.0,15.83,15.66,15.88,16.09,16.3,16.52,,
2016-06-13T00:00:00+00:00,13.22,13.04,12.87,12.73,12.59,12.45,12.31,12.25,12.19,12.13,12.07,12.15,12.24,12.32,12.4,12.48,12.55,12.62,12.7,12.82,12.94,13.07,13.19,13.35,13.51,13.67,13.83,14.04,14.24,14.45,14.66,14.99,15.32,15.64,15.97,15.89,15.8,15.72,15.64,15.87,16.1,16.32,16.55,16.32,16.08,15.85,15.62,15.5,15.38,15.27,15.15,15.06,14.98,14.89,14.8,15.08,15.37,15.66,15.94,16.04,16.15,16.26,16.36,16.31,16.26,16.22,16.17,16.09,16.01,15.93,15.85,15.76,15.68,15.59,15.5,15.4,15.31,15.22,15.12,15.04,14.95,14.87,14.79,14.76,14.72,14.69,14.66,14.6,14.54,14.49,14.43,14.45,14.46,14.48,14.5,14.3,14.1,13.91,13.71,13.58,13.44,13.3,13.17,13.1,13.02,12.95,12.88,12.87,12.86,12.84,12.83,12.93,13.04,13.14,13.24,13.33,13.42,13.5,13.59,13.7,13.81,13.92,14.03,14.24,14.45,14.66,14.87,15.14,15.4,15.67,15.94,16.14,16.34,16.54,16.74,16.98,17.22,17.46,17.7,17.34,16.98,16.63,16.27,16.61,16.94,17.28,17.62,17.27,16.93,16.58,16.24,16.36,16.48,16.61,16.73,16.85,16.96,17.08,17.2,16.88,16.56,16.24,15.92,,
2016-06-14T00:00:00+00:00,14.07,14.02,13.98,13.86,13.75,13.64,13.52,13.48,13.44,13.4,13.36,13.36,13.35,13.34,13.34,13.34,13.34,13.35,13.35,13.39,13.43,13.48,13.52,13.59,13.66,13.74,13.81,14.09,14.38,14.66,14.94,15.33,15.73,16.12,16.51,16.64,16.77,16.91,17.04,16.65,16.26,15.86,15.47,15.97,16.46,16.96,17.46,17.46,17.46,17.47,17.47,17.54,17.61,17.68,17.75,17.18,16.62,16.06,15.49,15.66,15.84,16.01,16.18,16.16,16.13,16.1,16.08,15.94,15.8,15.67,15.53,15.35,15.18,15.0,14.82,14.57,14.31,14.06,13.8,13.72,13.63,13.55,13.46,13.39,13.31,13.24,13.16,13.0,12.83,12.66,12.5,12.48,12.46,12.44,12.42,12.46,12.5,12.55,12.59,12.6,12.6,12.6,12.61,12.47,12.32,12.18,12.04,12.04,12.04,12.03,12.03,12.22,12.41,12.6,12.79,12.87,12.94,13.02,13.1,13.18,13.26,13.33,13.41,13.84,14.26,14.69,15.12,15.45,15.77,16.1,16.43,16.26,16.08,15.9,15.73,16.38,17.02,17.66,18.31,18.29,18.27,18.25,18.23,18.44,18.66,18.87,19.08,18.76,18.43,18.11,17.79,18.0,18.22,18.43,18.64,18.52,18.4,18.29,18.17,17.46,16.76,16.06,15.35,,
2016-06-15T00:00:00+00:00,11.71,11.72,11.74,11.79,11.84,11.9,11.95,11.96,11.98,11.99,12.0,12.04,12.07,12.1,12.14,12.23,12.32,12.42,12.51,12.6,12.68,12.76,12.85,12.92,12.98,13.05,13.12,13.24,13.36,13.48,13.6,14.03,14.46,14.88,15.31,15.55,15.78,16.02,16.26,15.96,15.66,15.37,15.07,15.74,16.4,17.07,17.74,17.27,16.8,16.34,15.87,16.44,17.02,17.59,18.16,18.24,18.31,18.39,18.47,17.7,16.93,16.17,15.4,15.7,16.01,16.32,16.62,16.6,16.58,16.55,16.53,16.23,15.93,15.63,15.33,15.12,14.92,14.72,14.51,14.19,13.86,13.54,13.22,13.09,12.96,12.83,12.7,12.55,12.4,12.26,12.11,12.0,11.89,11.78,11.67,11.6,11.53,11.46,11.39,11.42,11.44,11.46,11.49,11.36,11.24,11.11,10.98,11.13,11.28,11.44,11.59,12.07,12.54,13.02,13.5,13.74,13.99,14.24,14.48,14.83,15.18,15.54,15.89,16.06,16.23,16.39,16.56,16.56,16.56,16.55,16.55,16.3,16.05,15.79,15.54,15.6,15.67,15.74,15.8,15.78,15.76,15.73,15.71,15.05,14.38,13.72,13.05,13.41,13.76,14.12,14.48,14.64,14.79,14.94,15.1,15.34,15.58,15.82,16.06,16.06,16.06,16.05,16.05,,
2016-06-16T00:00:00+00:00,13.08,13.06,13.03,12.93,12.82,12.72,12.62,12.5,12.39,12.28,12.16,12.23,12.3,12.36,12.43,12.7,12.97,13.24,13.51,13.94,14.38,14.82,15.25,15.5,15.76,16.02,16.27,16.5,16.72,16.94,17.17,17.43,17.69,17.94,18.2,18.06,17.92,17.77,17.63,17.35,17.08,16.8,16.52,16.46,16.41,16.36,16.3,16.1,15.9,15.69,15.49,15.4,15.3,15.21,15.12,15.43,15.74,16.04,16.35,16.32,16.29,16.26,16.23,16.3,16.37,16.43,16.5,16.42,16.34,16.27,16.19,15.9,15.6,15.31,15.02,14.85,14.68,14.52,14.35,14.14,13.93,13.72,13.51,13.31,13.12,12.92,12.72,12.62,12.53,12.44,12.34,12.24,12.14,12.03,11.93,11.92,11.9,11.89,11.88,11.9,11.91,11.92,11.94,11.93,11.93,11.92,11.92,11.92,11.92,11.92,11.92,12.06,12.2,12.34,12.48,12.59,12.7,12.8,12.91,13.26,13.6,13.95,14.3,14.57,14.84,15.11,15.38,15.4,15.41,15.42,15.44,15.94,16.43,16.92,17.42,17.04,16.65,16.26,15.88,16.42,16.96,17.51,18.05,17.86,17.67,17.48,17.29,17.84,18.38,18.93,19.48,19.36,19.24,19.11,18.99,18.84,18.69,18.54,18.39,18.24,18.1,17.95,17.8,,
2016-06-17T00:00:00+00:00,11.96,11.86,11.76,11.63,11.5,11.37,11.24,11.14,11.03,10.92,10.82,10.93,11.04,11.14,11.25,11.41,11.57,11.73,11.89,12.22,12.54,12.86,13.19,13.74,14.28,14.82,15.37,15.66,15.94,16.23,16.51,16.76,17.02,17.28,17.53,17.78,18.04,18.3,18.55,18.75,18.95,19.15,19.35,19.48,19.6,19.73,19.86,19.87,19.88,19.9,19.91,20.09,20.27,20.45,20.63,20.4,20.17,19.95,19.72,19.61,19.49,19.38,19.27,18.62,17.96,17.31,16.66,16.5,16.34,16.18,16.02,15.74,15.47,15.2,14.92,14.71,14.5,14.3,14.09,13.92,13.74,13.57,13.39,13.24,13.1,12.96,12.81,12.7,12.58,12.47,12.36,12.29,12.22,12.15,12.08,12.16,12.25,12.34,12.42,12.39,12.36,12.33,12.3,12.17,12.04,11.9,11.77,11.84,11.92,11.99,12.06,12.3,12.54,12.77,13.01,13.24,13.48,13.72,13.95,14.04,14.12,14.2,14.29,14.53,14.77,15.02,15.26,15.72,16.18,16.65,17.11,17.0,16.9,16.8,16.69,16.87,17.05,17.23,17.41,18.01,18.6,19.2,19.8,20.0,20.2,20.39,20.59,20.08,19.57,19.06,18.55,18.82,19.1,19.37,19.64,19.58,19.51,19.44,19.38,19.13,18.88,18.62,18.37,,
2016-06-18T00:00:00+00:00,12.0,11.88,11.77,11.56,11.35,11.14,10.93,11.13,11.34,11.54,11.74,11.88,12.02,12.15,12.29,12.49,12.7,12.9,13.1,13.1,13.1,13.11,13.11,13.51,13.91,14.31,14.71,15.12,15.52,15.93,16.34,16.64,16.94,17.23,17.53,17.67,17.8,17.94,18.08,18.24,18.39,18.54,18.7,18.8,18.9,19.0,19.1,18.75,18.4,18.06,17.71,17.29,16.88,16.46,16.04,16.58,17.11,17.64,18.18,17.84,17.49,17.15,16.81,16.64,16.48,16.31,16.14,16.08,16.02,15.97,15.91,15.79,15.68,15.56,15.44,15.46,15.47,15.48,15.5,15.19,14.88,14.57,14.26,13.99,13.72,13.46,13.19,13.13,13.08,13.02,12.96,12.88,12.8,12.72,12.64,12.66,12.68,12.71,12.73,12.71,12.7,12.68,12.66,12.64,12.62,12.59,12.57,12.53,12.48,12.44,12.4,12.6,12.79,12.98,13.18,13.47,13.76,14.06,14.35,14.71,15.08,15.44,15.8,16.11,16.42,16.72,17.03,17.31,17.59,17.87,18.15,18.42,18.68,18.94,19.21,19.32,19.42,19.53,19.64,19.82,20.01,20.19,20.37,20.59,20.8,21.02,21.24,21.17,21.1,21.02,20.95,20.8,20.65,20.5,20.35,20.37,20.39,20.41,20.43,20.31,20.2,20.08,19.96,,
2016-06-19T00:00:00+00:00,11.84,11.7,11.56,11.43,11.3,11.17,11.04,10.94,10.84,10.73,10.63,10.83,11.02,11.22,11.42,11.94,12.45,12.96,13.48,13.88,14.28,14.68,15.08,15.39,15.7,16.02,16.33,16.55,16.77,17.0,17.22,17.22,17.22,17.21,17.21,17.62,18.02,18.42,18.83,18.4,17.98,17.56,17.13,17.63,18.12,18.62,19.12,19.17,19.23,19.28,19.33,19.44,19.56,19.67,19.78,19.83,19.88,19.92,19.97,19.99,20.01,20.03,20.05,19.96,19.86,19.76,19.67,19.46,19.24,19.02,18.81,18.51,18.2,17.9,17.6,17.24,16.88,16.51,16.15,15.98,15.81,15.64,15.47,15.36,15.26,15.15,15.04,14.84,14.64,14.43,14.23,14.09,13.95,13.81,13.67,13.6,13.52,13.44,13.37,13.35,13.34,13.32,13.31,13.33,13.35,13.37,13.39,13.46,13.54,13.62,13.69,13.78,13.88,13.98,14.07,14.31,14.55,14.79,15.03,15.05,15.06,15.08,15.1,15.1,15.1,15.1,15.1,15.05,15.0,14.94,14.89,14.81,14.74,14.66,14.58,14.57,14.56,14.55,14.54,14.52,14.51,14.5,14.48,14.68,14.88,15.08,15.28,15.45,15.62,15.79,15.96,15.99,16.02,16.04,16.07,16.18,16.29,16.4,16.51,16.47,16.42,16.38,16.34,,
2016-06-20T00:00:00+00:00,14.36,14.41,14.46,14.45,14.44,14.42,14.41,14.44,14.46,14.49,14.52,14.48,14.45,14.42,14.38,14.41,14.44,14.46,14.49,14.6,14.71,14.82,14.93,14.97,15.0,15.04,15.08,15.22,15.36,15.51,15.65,15.64,15.64,15.64,15.63,15.66,15.7,15.73,15.76,15.66,15.56,15.47,15.37,15.35,15.34,15.32,15.3,15.29,15.28,15.28,15.27,15.36,15.44,15.52,15.61,15.68,15.75,15.82,15.89,16.02,16.14,16.26,16.39,16.37,16.35,16.33,16.31,16.29,16.26,16.24,16.22,16.17,16.12,16.08,16.03,15.99,15.94,15.9,15.86,15.82,15.77,15.72,15.68,15.65,15.62,15.59,15.56,15.54,15.51,15.49,15.46,15.44,15.42,15.39,15.37,15.33,15.28,15.24,15.2,15.17,15.14,15.1,15.07,15.06,15.06,15.05,15.04,15.05,15.06,15.06,15.07,15.12,15.17,15.22,15.27,15.38,15.5,15.61,15.72,15.74,15.75,15.76,15.78,15.84,15.9,15.95,16.01,16.13,16.24,16.36,16.48,16.59,16.7,16.8,16.91,17.1,17.28,17.46,17.65,18.36,19.08,19.79,20.5,20.26,20.03,19.79,19.56,20.0,20.44,20.88,21.32,21.24,21.16,21.08,21.0,20.77,20.54,20.32,20.09,20.2,20.31,20.42,20.53,,
2016-06-21T00:00:00+00:00,15.74,15.76,15.79,15.75,15.71,15.67,15.63,15.61,15.58,15.56,15.54,15.46,15.38,15.31,15.23,15.32,15.4,15.49,15.58,15.64,15.71,15.78,15.84,16.09,16.34,16.59,16.84,16.68,16.52,16.36,16.2,16.18,16.16,16.13,16.11,16.42,16.74,17.05,17.36,17.77,18.19,18.6,19.02,19.14,19.27,19.4,19.52,19.4,19.29,19.17,19.06,19.13,19.2,19.27,19.34,19.52,19.69,19.86,20.04,20.1,20.16,20.23,20.29,20.16,20.04,19.92,19.79,19.7,19.6,19.5,19.41,19.34,19.27,19.2,19.13,19.07,19.01,18.95,18.89,18.84,18.78,18.73,18.67,18.42,18.18,17.93,17.68,17.55,17.42,17.3,17.17,17.0,16.83,16.66,16.49,16.38,16.28,16.18,16.07,16.1,16.12,16.15,16.17,16.1,16.04,15.98,15.91,15.91,15.92,15.92,15.92,16.01,16.1,16.19,16.28,16.56,16.84,17.13,17.41,17.89,18.37,18.84,19.32,19.96,20.6,21.25,21.89,22.56,23.22,23.88,24.55,24.93,25.31,25.69,26.07,26.39,26.72,27.04,27.36,27.5,27.64,27.78,27.92,27.99,28.06,28.12,28.19,28.25,28.32,28.38,28.44,27.88,27.33,26.77,26.21,25.78,25.35,24.92,24.49,24.48,24.48,24.48,24.47,,
2016-06-28T00:00:00+00:00,14.52,14.38,14.24,14.14,14.04,13.94,13.84,13.66,13.48,13.29,13.11,13.18,13.24,13.3,13.37,13.86,14.34,14.83,15.32,15.82,16.32,16.83,17.33,17.63,17.93,18.23,18.53,18.85,19.17,19.49,19.81,20.09,20.38,20.66,20.94,21.19,21.44,21.7,21.95,22.08,22.2,22.32,22.45,22.45,22.44,22.44,22.44,21.98,21.52,21.05,20.59,20.67,20.76,20.84,20.92,20.75,20.58,20.42,20.25,20.38,20.52,20.65,20.78,20.7,20.62,20.53,20.45,20.3,20.14,19.99,19.84,19.52,19.2,18.88,18.56,18.34,18.12,17.89,17.67,17.53,17.4,17.26,17.12,16.91,16.7,16.5,16.29,16.1,15.92,15.74,15.55,15.44,15.33,15.22,15.11,14.86,14.62,14.38,14.13,13.92,13.7,13.48,13.27,13.28,13.28,13.29,13.3,13.32,13.35,13.38,13.4,13.51,13.62,13.73,13.84,14.04,14.25,14.46,14.66,14.92,15.18,15.45,15.71,16.04,16.37,16.69,17.02,17.33,17.64,17.96,18.27,18.52,18.78,19.04,19.29,19.49,19.68,19.88,20.08,20.26,20.44,20.63,20.81,20.93,21.04,21.16,21.28,21.33,21.37,21.42,21.46,21.34,21.22,21.11,20.99,21.07,21.14,21.22,21.3,21.1,20.91,20.72,20.52,,
2016-06-29T00:00:00+00:00,15.02,14.74,14.47,14.24,14.0,13.77,13.54,13.37,13.2,13.04,12.87,12.81,12.74,12.68,12.62,12.85,13.08,13.3,13.53,13.8,14.08,14.35,14.62,14.97,15.32,15.67,16.02,16.33,16.64,16.95,17.26,17.64,18.02,18.4,18.78,19.08,19.38,19.67,19.97,20.13,20.3,20.46,20.62,20.72,20.83,20.93,21.03,21.08,21.12,21.17,21.22,21.28,21.34,21.4,21.46,21.54,21.62,21.71,21.79,21.65,21.52,21.38,21.24,21.1,20.96,20.82,20.68,20.42,20.16,19.91,19.65,19.34,19.02,18.71,18.4,18.3,18.2,18.09,17.99,17.78,17.58,17.38,17.17,17.09,17.01,16.93,16.85,16.82,16.8,16.77,16.74,16.66,16.58,16.49,16.41,16.3,16.18,16.06,15.95,15.79,15.63,15.47,15.31,15.29,15.27,15.25,15.23,15.22,15.2,15.18,15.17,15.19,15.2,15.22,15.24,15.28,15.32,15.37,15.41,15.47,15.52,15.58,15.64,15.87,16.1,16.33,16.56,16.79,17.02,17.24,17.47,17.42,17.36,17.3,17.25,17.36,17.46,17.57,17.67,17.99,18.32,18.64,18.96,18.9,18.85,18.79,18.74,18.97,19.2,19.44,19.67,19.43,19.19,18.94,18.7,18.89,19.08,19.28,19.47,19.4,19.32,19.25,19.18,,
2016-06-30T00:00:00+00:00,15.54,15.51,15.48,15.33,15.18,15.03,14.88,14.86,14.83,14.8,14.78,14.8,14.82,14.85,14.87,14.98,15.09,15.2,15.31,15.54,15.77,16.01,16.24,16.28,16.32,16.36,16.4,16.72,17.03,17.34,17.66,17.82,17.98,18.13,18.29,18.46,18.62,18.79,18.96,19.41,19.86,20.3,20.75,20.48,20.21,19.94,19.67,19.74,19.81,19.88,19.95,20.04,20.12,20.21,20.3,19.98,19.65,19.32,19.0,18.95,18.9,18.86,18.81,18.85,18.88,18.92,18.96,18.89,18.81,18.74,18.66,18.63,18.6,18.58,18.55,18.37,18.19,18.01,17.83,17.76,17.68,17.61,17.54,17.48,17.42,17.37,17.31,17.24,17.16,17.08,17.01,17.06,17.11,17.16,17.21,17.17,17.12,17.08,17.04,17.01,16.98,16.96,16.93,16.9,16.88,16.85,16.82,16.8,16.77,16.75,16.73,16.74,16.74,16.75,16.76,16.81,16.86,16.91,16.96,16.93,16.9,16.88,16.85,17.22,17.58,17.94,18.31,18.37,18.42,18.48,18.54,18.83,19.12,19.41,19.7,19.79,19.88,19.98,20.07,20.0,19.92,19.85,19.78,19.9,20.03,20.16,20.28,20.16,20.04,19.92,19.8,19.9,20.0,20.09,20.19,20.34,20.48,20.62,20.77,20.24,19.72,19.19,18.66,,
2016-07-01T00:00:00+00:00,16.27,16.13,15.98,15.96,15.94,15.93,15.91,15.98,16.05,16.11,16.18,16.15,16.12,16.1,16.07,16.18,16.28,16.38,16.49,16.65,16.81,16.97,17.13,17.36,17.58,17.8,18.03,18.22,18.4,18.58,18.77,18.85,18.94,19.02,19.1,19.4,19.7,20.0,20.3,20.26,20.22,20.17,20.13,19.91,19.69,19.47,19.25,19.38,19.52,19.65,19.78,20.12,20.45,20.79,21.13,21.1,21.07,21.04,21.01,20.9,20.79,20.68,20.57,20.48,20.38,20.29,20.2,20.06,19.92,19.79,19.65,19.22,18.78,18.34,17.91,17.27,16.64,16.0,15.37,15.2,15.04,14.87,14.7,14.55,14.4,14.25,14.1,14.05,14.0,13.96,13.91,13.8,13.68,13.57,13.46,13.4,13.34,13.28,13.22,13.2,13.19,13.18,13.16,13.12,13.09,13.06,13.02,13.03,13.04,13.06,13.07,13.18,13.29,13.4,13.51,13.66,13.8,13.95,14.1,14.23,14.36,14.5,14.63,14.83,15.04,15.24,15.44,15.72,16.01,16.29,16.58,16.69,16.8,16.92,17.03,16.58,16.14,15.7,15.25,15.7,16.15,16.6,17.05,16.77,16.5,16.22,15.94,16.42,16.91,17.4,17.88,17.08,16.29,15.5,14.7,15.18,15.66,16.14,16.62,16.55,16.48,16.41,16.34,,
2016-07-02T00:00:00+00:00,12.99,12.91,12.83,12.85,12.88,12.9,12.92,12.91,12.9,12.9,12.89,12.98,13.08,13.17,13.26,13.39,13.52,13.66,13.79,13.92,14.06,14.19,14.32,14.59,14.86,15.12,15.39,15.62,15.85,16.08,16.31,16.51,16.71,16.91,17.11,17.03,16.94,16.86,16.78,17.08,17.39,17.7,18.0,18.12,18.25,18.38,18.5,18.38,18.26,18.13,18.01,18.07,18.12,18.18,18.23,18.34,18.44,18.54,18.65,18.58,18.5,18.43,18.36,17.92,17.48,17.05,16.61,16.61,16.61,16.61,16.61,16.31,16.01,15.71,15.41,15.26,15.11,14.96,14.81,14.66,14.52,14.37,14.22,14.26,14.3,14.34,14.38,14.32,14.26,14.2,14.14,14.04,13.94,13.85,13.75,13.73,13.72,13.7,13.68,13.57,13.46,13.34,13.23,13.17,13.11,13.05,12.99,12.96,12.94,12.92,12.89,12.93,12.96,13.0,13.04,13.1,13.16,13.22,13.28,13.26,13.25,13.24,13.22,13.23,13.24,13.25,13.26,13.42,13.59,13.76,13.92,13.94,13.95,13.96,13.98,13.95,13.92,13.89,13.86,13.8,13.74,13.67,13.61,13.56,13.52,13.47,13.42,13.42,13.43,13.43,13.44,13.51,13.58,13.64,13.71,13.76,13.8,13.84,13.89,13.94,13.98,14.02,14.07,,
2016-07-03T00:00:00+00:00,13.66,13.6,13.54,13.42,13.3,13.19,13.07,12.89,12.7,12.52,12.34,12.38,12.42,12.46,12.5,12.8,13.09,13.38,13.68,14.01,14.34,14.67,15.0,15.26,15.52,15.78,16.04,16.37,16.7,17.02,17.35,17.28,17.2,17.12,17.05,16.92,16.79,16.66,16.53,16.52,16.51,16.5,16.49,16.32,16.16,16.0,15.83,15.64,15.44,15.25,15.06,14.98,14.89,14.8,14.72,14.7,14.68,14.66,14.64,14.69,14.74,14.78,14.83,14.81,14.79,14.77,14.75,14.78,14.81,14.84,14.87,14.84,14.8,14.77,14.74,14.74,14.74,14.73,14.73,14.69,14.66,14.62,14.58,14.54,14.5,14.46,14.42,14.4,14.38,14.35,14.33,14.34,14.36,14.38,14.39,14.4,14.41,14.42,14.43,14.42,14.42,14.41,14.4,14.38,14.36,14.33,14.31,14.36,14.4,14.45,14.5,14.67,14.84,15.01,15.18,15.33,15.48,15.62,15.77,15.98,16.19,16.39,16.6,17.0,17.4,17.81,18.21,18.41,18.62,18.82,19.02,19.05,19.08,19.11,19.14,19.31,19.48,19.66,19.83,20.42,21.01,21.6,22.19,22.3,22.42,22.53,22.64,22.73,22.82,22.9,22.99,22.98,22.96,22.95,22.94,22.84,22.75,22.66,22.56,22.21,21.86,21.51,21.16,,
2016-07-04T00:00:00+00:00,15.47,15.31,15.15,14.88,14.62,14.36,14.09,13.95,13.82,13.68,13.54,13.67,13.8,13.92,14.05,14.17,14.28,14.4,14.52,14.6,14.68,14.77,14.85,15.14,15.43,15.72,16.01,16.02,16.04,16.05,16.06,16.47,16.89,17.3,17.72,17.9,18.08,18.26,18.44,18.83,19.22,19.61,20.0,20.26,20.51,20.76,21.02,21.22,21.43,21.64,21.84,21.94,22.03,22.12,22.22,22.27,22.32,22.38,22.43,22.36,22.3,22.23,22.16,22.04,21.93,21.82,21.7,21.51,21.32,21.13,20.94,20.66,20.39,20.12,19.84,19.6,19.37,19.13,18.9,18.8,18.7,18.59,18.49,18.36,18.24,18.11,17.98,17.73,17.48,17.23,16.98,16.87,16.76,16.65,16.54,16.51,16.48,16.45,16.42,16.49,16.56,16.62,16.69,16.7,16.71,16.72,16.73,16.61,16.49,16.37,16.25,16.21,16.18,16.14,16.1,16.27,16.44,16.61,16.78,17.1,17.41,17.73,18.04,18.27,18.5,18.73,18.96,19.2,19.44,19.68,19.92,20.12,20.33,20.53,20.73,20.98,21.22,21.47,21.72,21.86,22.01,22.16,22.3,22.28,22.26,22.24,22.22,22.31,22.4,22.5,22.59,22.44,22.28,22.13,21.98,21.62,21.26,20.91,20.55,20.62,20.7,20.77,20.84,,
2016-07-05T00:00:00+00:00,15.5,15.39,15.28,15.12,14.96,14.81,14.65,14.53,14.41,14.29,14.17,14.24,14.32,14.4,14.47,14.93,15.4,15.86,16.32,16.42,16.52,16.62,16.72,16.86,17.0,17.14,17.28,17.46,17.64,17.82,18.0,18.34,18.68,19.02,19.36,19.4,19.44,19.49,19.53,19.74,19.95,20.16,20.37,20.6,20.82,21.04,21.27,21.38,21.49,21.61,21.72,21.62,21.52,21.42,21.32,21.33,21.34,21.35,21.36,21.23,21.1,20.97,20.84,20.6,20.36,20.11,19.87,19.52,19.18,18.83,18.48,18.3,18.13,17.96,17.78,17.54,17.3,17.05,16.81,16.58,16.36,16.13,15.9,15.58,15.26,14.93,14.61,14.34,14.08,13.81,13.54,13.28,13.02,12.76,12.5,12.36,12.21,12.06,11.92,11.81,11.7,11.6,11.49,11.42,11.34,11.26,11.19,11.44,11.69,11.94,12.19,12.53,12.87,13.21,13.55,13.94,14.34,14.73,15.12,15.57,16.02,16.47,16.92,17.28,17.64,18.0,18.36,18.61,18.86,19.1,19.35,19.62,19.9,20.17,20.44,20.67,20.9,21.13,21.36,21.51,21.66,21.8,21.95,22.0,22.06,22.11,22.16,22.26,22.35,22.44,22.54,22.52,22.49,22.47,22.45,22.32,22.2,22.07,21.94,21.81,21.68,21.55,21.42,,
2016-07-06T00:00:00+00:00,12.77,12.61,12.45,12.22,11.98,11.75,11.52,11.37,11.22,11.06,10.91,10.95,10.99,11.03,11.07,11.48,11.89,12.3,12.71,13.21,13.7,14.2,14.7,15.16,15.63,16.1,16.56,16.88,17.2,17.51,17.83,18.14,18.44,18.75,19.06,19.36,19.66,19.96,20.26,20.51,20.76,21.0,21.25,21.47,21.7,21.92,22.14,22.3,22.47,22.64,22.8,22.86,22.92,22.99,23.05,23.04,23.02,23.0,22.99,22.88,22.78,22.68,22.57,22.41,22.24,22.08,21.92,21.6,21.29,20.98,20.66,20.38,20.09,19.8,19.52,19.41,19.3,19.2,19.09,18.78,18.48,18.17,17.86,17.67,17.48,17.3,17.11,16.91,16.71,16.51,16.31,16.15,15.98,15.82,15.66,15.49,15.32,15.14,14.97,14.78,14.6,14.42,14.23,14.01,13.8,13.58,13.36,13.46,13.57,13.68,13.78,14.27,14.76,15.24,15.73,16.31,16.89,17.47,18.05,18.58,19.11,19.64,20.17,20.52,20.86,21.21,21.56,21.84,22.13,22.42,22.7,22.93,23.16,23.38,23.61,23.83,24.05,24.27,24.49,24.64,24.8,24.95,25.1,25.24,25.38,25.52,25.66,25.7,25.74,25.79,25.83,25.78,25.74,25.69,25.64,25.58,25.51,25.44,25.38,25.24,25.1,24.97,24.83,,
2016-07-07T00:00:00+00:00,14.53,14.47,14.41,14.27,14.14,14.0,13.86,13.75,13.64,13.52,13.41,13.4,13.4,13.39,13.38,13.89,14.4,14.92,15.43,15.98,16.54,17.09,17.64,18.13,18.62,19.12,19.61,20.06,20.52,20.98,21.43,21.76,22.1,22.43,22.76,23.08,23.4,23.71,24.03,24.23,24.44,24.64,24.84,25.0,25.16,25.31,25.47,25.57,25.67,25.77,25.87,25.92,25.96,26.01,26.06,26.04,26.02,26.01,25.99,25.94,25.88,25.82,25.77,25.62,25.46,25.31,25.16,24.91,24.66,24.41,24.16,23.85,23.54,23.23,22.92,22.6,22.29,21.98,21.66,21.37,21.08,20.78,20.49,20.25,20.0,19.76,19.52,19.27,19.03,18.78,18.54,18.33,18.12,17.9,17.69,17.51,17.32,17.13,16.95,16.89,16.82,16.76,16.7,16.66,16.63,16.6,16.56,16.54,16.52,16.5,16.48,16.91,17.34,17.76,18.19,18.9,19.62,20.34,21.05,21.62,22.2,22.77,23.34,23.62,23.9,24.18,24.46,24.72,24.99,25.26,25.52,25.71,25.9,26.08,26.27,26.42,26.58,26.74,26.89,27.03,27.16,27.3,27.44,27.5,27.55,27.6,27.66,27.72,27.78,27.84,27.9,27.92,27.94,27.95,27.97,27.42,26.87,26.32,25.77,25.57,25.38,25.18,24.98,,
2016-07-08T00:00:00+00:00,16.95,16.91,16.87,16.83,16.78,16.74,16.7,16.66,16.62,16.58,16.54,16.61,16.68,16.75,16.82,17.28,17.74,18.2,18.66,19.21,19.76,20.3,20.85,21.29,21.74,22.18,22.62,23.08,23.54,24.0,24.46,24.79,25.12,25.45,25.78,25.99,26.2,26.41,26.62,26.78,26.94,27.11,27.27,27.08,26.9,26.71,26.52,26.32,26.12,25.93,25.73,25.61,25.49,25.37,25.25,25.04,24.84,24.63,24.42,24.2,23.99,23.78,23.56,23.35,23.14,22.92,22.71,22.47,22.24,22.0,21.76,21.44,21.13,20.82,20.5,20.24,19.99,19.74,19.48,19.33,19.18,19.02,18.87,18.67,18.46,18.26,18.06,17.89,17.73,17.56,17.39,17.24,17.1,16.95,16.8,16.66,16.53,16.4,16.26,16.16,16.05,15.94,15.84,15.76,15.68,15.61,15.53,15.62,15.7,15.79,15.88,16.17,16.46,16.76,17.05,17.26,17.47,17.68,17.89,18.28,18.66,19.05,19.44,19.75,20.06,20.36,20.67,20.91,21.16,21.4,21.64,21.7,21.77,21.84,21.9,22.28,22.67,23.06,23.44,23.82,24.19,24.56,24.94,25.21,25.48,25.75,26.02,26.16,26.31,26.46,26.6,26.66,26.73,26.8,26.86,26.86,26.86,26.87,26.87,26.79,26.7,26.62,26.54,,
2016-07-09T00:00:00+00:00,15.88,15.73,15.59,15.49,15.39,15.29,15.19,15.1,15.01,14.92,14.83,14.9,14.97,15.04,15.11,15.5,15.88,16.27,16.66,17.02,17.39,17.76,18.12,18.54,18.95,19.37,19.78,20.22,20.66,21.1,21.54,21.88,22.22,22.55,22.89,23.16,23.43,23.7,23.97,24.22,24.46,24.7,24.95,25.18,25.4,25.63,25.86,26.03,26.2,26.37,26.54,26.65,26.76,26.86,26.97,27.01,27.06,27.1,27.14,27.09,27.04,27.0,26.95,26.81,26.66,26.52,26.38,26.15,25.92,25.7,25.47,25.18,24.9,24.61,24.32,24.1,23.89,23.68,23.46,23.29,23.12,22.96,22.79,22.59,22.39,22.19,21.99,21.84,21.68,21.53,21.38,21.25,21.12,20.98,20.85,20.8,20.75,20.7,20.65,20.27,19.89,19.51,19.13,19.28,19.43,19.59,19.74,19.84,19.95,20.06,20.16,20.5,20.84,21.19,21.53,21.69,21.85,22.01,22.17,22.47,22.76,23.06,23.36,23.56,23.76,23.97,24.17,24.53,24.9,25.26,25.62,26.06,26.51,26.96,27.4,27.6,27.81,28.02,28.22,28.34,28.46,28.58,28.7,28.74,28.78,28.82,28.86,28.82,28.77,28.72,28.68,28.6,28.52,28.43,28.35,28.25,28.16,28.06,27.96,27.8,27.65,27.5,27.34,,
2016-07-10T00:00:00+00:00,19.4,19.33,19.26,19.04,18.82,18.59,18.37,18.24,18.11,17.98,17.85,17.81,17.76,17.72,17.68,18.07,18.46,18.85,19.24,19.55,19.86,20.17,20.48,20.89,21.3,21.72,22.13,22.52,22.92,23.31,23.7,24.2,24.69,25.18,25.68,25.98,26.29,26.6,26.9,27.1,27.31,27.52,27.72,27.84,27.96,28.08,28.2,28.26,28.32,28.39,28.45,28.44,28.44,28.43,28.42,28.32,28.22,28.12,28.02,27.8,27.58,27.37,27.15,26.96,26.78,26.6,26.41,26.14,25.88,25.61,25.34,24.98,24.62,24.25,23.89,23.25,22.6,21.96,21.32,21.19,21.06,20.94,20.81,20.67,20.54,20.4,20.26,20.1,19.94,19.77,19.61,19.42,19.22,19.02,18.83,18.65,18.46,18.28,18.1,17.92,17.74,17.55,17.37,17.16,16.95,16.74,16.53,16.43,16.34,16.24,16.14,16.26,16.38,16.5,16.62,16.86,17.1,17.33,17.57,17.79,18.01,18.22,18.44,18.36,18.28,18.21,18.13,18.66,19.18,19.71,20.24,20.55,20.86,21.18,21.49,21.55,21.6,21.66,21.72,21.92,22.12,22.32,22.52,22.62,22.73,22.84,22.94,23.01,23.08,23.16,23.23,23.25,23.27,23.29,23.31,23.14,22.96,22.79,22.62,22.48,22.34,22.21,22.07,,
2016-07-11T00:00:00+00:00,17.82,17.69,17.56,17.45,17.34,17.22,17.11,16.98,16.85,16.72,16.59,16.54,16.48,16.42,16.37,16.52,16.66,16.8,16.95,17.16,17.36,17.56,17.77,17.98,18.2,18.41,18.62,18.9,19.18,19.45,19.73,19.96,20.2,20.44,20.67,20.83,20.99,21.15,21.31,21.3,21.3,21.29,21.28,21.39,21.51,21.62,21.73,21.89,22.04,22.2,22.36,22.49,22.63,22.76,22.9,22.94,22.98,23.01,23.05,22.97,22.88,22.8,22.72,22.6,22.48,22.37,22.25,22.06,21.88,21.69,21.5,21.18,20.85,20.52,20.2,20.08,19.95,19.82,19.7,19.42,19.14,18.87,18.59,18.36,18.13,17.9,17.67,17.48,17.3,17.11,16.92,16.72,16.52,16.31,16.11,15.88,15.66,15.43,15.2,15.0,14.8,14.61,14.41,14.37,14.34,14.3,14.26,14.3,14.35,14.4,14.44,14.66,14.88,15.1,15.32,15.6,15.88,16.16,16.44,16.73,17.02,17.31,17.6,17.79,17.98,18.17,18.36,18.59,18.82,19.05,19.28,19.52,19.76,20.01,20.25,20.44,20.62,20.81,21.0,21.01,21.02,21.03,21.04,20.98,20.92,20.87,20.81,20.8,20.8,20.79,20.78,20.98,21.19,21.4,21.6,21.19,20.78,20.38,19.97,19.1,18.22,17.34,16.47,,
2016-07-12T00:00:00+00:00,14.61,14.45,14.29,14.16,14.03,13.9,13.77,13.63,13.5,13.36,13.22,13.18,13.13,13.08,13.04,13.32,13.6,13.87,14.15,14.64,15.12,15.6,16.09,16.54,16.98,17.42,17.87,18.21,18.56,18.9,19.24,19.47,19.7,19.92,20.15,20.31,20.47,20.63,20.79,21.01,21.22,21.44,21.66,20.89,20.12,19.35,18.58,18.66,18.74,18.82,18.9,19.14,19.38,19.63,19.87,19.32,18.77,18.23,17.68,18.01,18.34,18.68,19.01,18.71,18.4,18.1,17.79,17.38,16.98,16.57,16.16,16.03,15.9,15.76,15.63,15.42,15.2,14.98,14.77,14.7,14.62,14.55,14.48,14.32,14.15,13.98,13.82,13.72,13.62,13.52,13.42,13.32,13.22,13.13,13.03,12.89,12.76,12.62,12.48,12.38,12.27,12.16,12.06,11.86,11.65,11.44,11.24,11.15,11.06,10.97,10.88,11.07,11.26,11.45,11.64,11.96,12.27,12.58,12.9,13.17,13.44,13.72,13.99,13.71,13.42,13.14,12.86,12.98,13.1,13.23,13.35,13.5,13.65,13.8,13.95,14.35,14.74,15.14,15.54,15.9,16.26,16.62,16.98,16.98,16.97,16.96,16.96,16.98,17.01,17.03,17.05,17.2,17.35,17.5,17.65,17.76,17.87,17.98,18.09,17.93,17.77,17.62,17.46,,
2016-07-13T00:00:00+00:00,13.26,13.35,13.44,13.25,13.06,12.87,12.68,12.6,12.52,12.43,12.35,12.22,12.1,11.97,11.84,11.98,12.12,12.25,12.39,12.73,13.07,13.41,13.75,14.04,14.34,14.63,14.92,15.16,15.4,15.63,15.87,16.08,16.28,16.48,16.69,16.98,17.27,17.57,17.86,17.8,17.73,17.66,17.6,16.78,15.96,15.15,14.33,14.64,14.96,15.27,15.58,15.91,16.24,16.56,16.89,17.1,17.32,17.54,17.75,17.82,17.9,17.98,18.05,17.9,17.74,17.58,17.43,17.09,16.74,16.4,16.06,15.72,15.38,15.05,14.71,14.53,14.36,14.18,14.0,13.7,13.41,13.12,12.82,12.59,12.36,12.14,11.91,11.77,11.62,11.48,11.34,11.23,11.12,11.01,10.9,10.79,10.68,10.56,10.45,10.38,10.3,10.22,10.15,10.12,10.1,10.08,10.05,10.28,10.51,10.74,10.97,11.07,11.18,11.28,11.38,11.64,11.9,12.15,12.41,12.84,13.28,13.72,14.15,14.44,14.74,15.04,15.33,15.62,15.9,16.19,16.48,16.81,17.14,17.48,17.81,18.11,18.42,18.73,19.03,19.23,19.44,19.64,19.84,19.87,19.9,19.93,19.96,20.05,20.13,20.22,20.3,20.31,20.32,20.32,20.33,20.26,20.2,20.13,20.06,19.86,19.66,19.47,19.27,,
2016-07-14T00:00:00+00:00,10.85,10.75,10.65,10.6,10.54,10.49,10.44,10.39,10.34,10.29,10.24,10.3,10.37,10.44,10.5,10.8,11.11,11.42,11.72,12.01,12.3,12.59,12.88,13.37,13.86,14.35,14.84,15.2,15.55,15.9,16.26,16.5,16.74,16.98,17.22,17.45,17.67,17.9,18.13,18.13,18.13,18.13,18.13,18.3,18.46,18.63,18.8,19.06,19.31,19.57,19.82,19.79,19.76,19.73,19.7,19.8,19.9,20.0,20.1,20.01,19.92,19.84,19.75,19.53,19.31,19.1,18.88,18.59,18.3,18.0,17.71,17.33,16.95,16.58,16.2,15.94,15.69,15.43,15.18,14.94,14.71,14.48,14.24,13.96,13.68,13.4,13.12,12.97,12.82,12.67,12.52,12.33,12.14,11.96,11.77,11.61,11.46,11.3,11.14,11.0,10.85,10.7,10.56,10.46,10.35,10.24,10.14,10.18,10.23,10.27,10.31,10.76,11.22,11.68,12.13,12.74,13.35,13.96,14.57,15.07,15.58,16.08,16.58,17.01,17.43,17.86,18.29,18.58,18.87,19.16,19.45,19.66,19.88,20.09,20.3,20.54,20.78,21.01,21.25,21.42,21.58,21.74,21.91,22.03,22.15,22.28,22.4,22.48,22.56,22.64,22.72,22.72,22.73,22.74,22.74,22.68,22.62,22.57,22.51,22.35,22.19,22.03,21.87,,
2016-07-15T00:00:00+00:00,10.76,10.72,10.67,10.55,10.43,10.31,10.19,10.06,9.94,9.82,9.69,9.75,9.82,9.88,9.94,10.44,10.95,11.46,11.96,12.57,13.18,13.8,14.41,15.02,15.63,16.24,16.85,17.26,17.66,18.06,18.47,18.75,19.03,19.31,19.59,19.83,20.07,20.31,20.55,20.76,20.97,21.18,21.39,21.54,21.69,21.84,21.99,22.1,22.21,22.32,22.43,22.46,22.49,22.53,22.56,22.54,22.53,22.52,22.5,22.44,22.38,22.32,22.26,22.04,21.82,21.6,21.38,21.11,20.84,20.58,20.31,19.94,19.57,19.2,18.83,18.48,18.13,17.79,17.44,17.28,17.11,16.94,16.78,16.6,16.42,16.25,16.07,15.94,15.8,15.66,15.53,15.4,15.28,15.16,15.03,14.79,14.54,14.3,14.06,13.93,13.8,13.66,13.53,13.4,13.28,13.16,13.03,13.05,13.07,13.09,13.11,13.57,14.02,14.48,14.94,15.37,15.8,16.23,16.66,17.05,17.44,17.83,18.22,18.54,18.87,19.19,19.51,19.82,20.13,20.44,20.75,21.05,21.34,21.64,21.94,22.12,22.3,22.47,22.65,23.05,23.46,23.86,24.26,24.51,24.76,25.02,25.27,25.44,25.61,25.78,25.95,26.05,26.14,26.24,26.34,26.32,26.3,26.29,26.27,26.14,26.01,25.88,25.75,,
2016-07-16T00:00:00+00:00,14.32,14.28,14.23,14.18,14.12,14.07,14.02,13.94,13.87,13.8,13.72,13.81,13.9,13.98,14.07,14.36,14.66,14.95,15.24,15.56,15.88,16.19,16.51,16.82,17.14,17.45,17.76,18.08,18.4,18.71,19.03,19.51,19.99,20.47,20.95,21.36,21.76,22.16,22.57,22.92,23.27,23.62,23.97,24.16,24.36,24.56,24.75,24.84,24.92,25.01,25.1,25.24,25.37,25.51,25.64,25.72,25.8,25.88,25.96,25.95,25.94,25.94,25.93,25.82,25.7,25.59,25.48,25.25,25.02,24.8,24.57,24.35,24.14,23.92,23.7,23.64,23.58,23.53,23.47,23.24,23.02,22.8,22.57,22.52,22.48,22.43,22.38,22.06,21.75,21.44,21.12,20.98,20.83,20.68,20.54,20.29,20.04,19.79,19.54,19.26,18.99,18.72,18.44,18.19,17.94,17.7,17.45,17.36,17.26,17.16,17.07,17.4,17.73,18.06,18.39,18.82,19.24,19.67,20.1,20.47,20.84,21.22,21.59,21.96,22.34,22.71,23.08,23.38,23.69,24.0,24.3,24.61,24.92,25.22,25.53,25.79,26.05,26.31,26.57,26.79,27.02,27.24,27.46,27.62,27.79,27.96,28.12,28.2,28.29,28.38,28.46,28.49,28.52,28.55,28.58,28.54,28.5,28.46,28.42,28.25,28.08,27.91,27.74,,
2016-07-17T00:00:00+00:00,18.35,18.13,17.91,17.77,17.63,17.49,17.35,17.16,16.96,16.76,16.57,16.5,16.44,16.37,16.3,16.67,17.04,17.4,17.77,18.25,18.74,19.22,19.7,20.16,20.62,21.09,21.55,21.93,22.3,22.68,23.06,23.4,23.74,24.08,24.42,24.7,24.98,25.26,25.54,25.8,26.05,26.3,26.56,26.77,26.98,27.19,27.4,27.53,27.66,27.78,27.91,28.0,28.09,28.18,28.27,28.34,28.42,28.5,28.57,28.49,28.4,28.32,28.24,28.05,27.86,27.67,27.48,27.23,26.98,26.72,26.47,26.14,25.81,25.48,25.15,24.92,24.7,24.47,24.24,23.99,23.74,23.5,23.25,22.94,22.64,22.34,22.03,21.86,21.7,21.54,21.37,21.16,20.95,20.74,20.53,20.36,20.2,20.03,19.86,19.73,19.6,19.48,19.35,19.25,19.15,19.05,18.95,18.94,18.93,18.92,18.91,19.24,19.58,19.92,20.25,20.68,21.12,21.56,21.99,22.46,22.94,23.42,23.89,24.27,24.65,25.03,25.41,25.8,26.18,26.57,26.96,27.31,27.66,28.02,28.37,28.68,29.0,29.31,29.62,29.86,30.09,30.32,30.56,30.71,30.86,31.02,31.17,31.23,31.29,31.35,31.41,31.36,31.32,31.28,31.23,31.11,30.98,30.86,30.74,30.49,30.24,29.99,29.74,,
2016-07-18T00:00:00+00:00,18.98,18.88,18.77,18.66,18.56,18.46,18.35,18.23,18.11,18.0,17.88,17.87,17.86,17.85,17.84,18.28,18.72,19.15,19.59,19.99,20.39,20.79,21.19,21.6,22.0,22.4,22.81,23.19,23.57,23.95,24.33,24.7,25.07,25.44,25.81,26.16,26.52,26.87,27.22,27.52,27.82,28.13,28.43,28.68,28.94,29.19,29.44,29.61,29.78,29.95,30.12,30.24,30.36,30.48,30.6,30.65,30.69,30.74,30.78,30.78,30.79,30.8,30.8,30.42,30.04,29.66,29.28,28.96,28.65,28.33,28.01,27.71,27.41,27.11,26.81,26.53,26.24,25.96,25.68,25.38,25.09,24.8,24.5,24.31,24.12,23.94,23.75,23.58,23.4,23.22,23.05,22.88,22.72,22.55,22.38,22.26,22.14,22.02,21.9,21.8,21.7,21.6,21.5,21.3,21.11,20.92,20.72,20.67,20.62,20.56,20.51,20.9,21.28,21.67,22.06,22.54,23.02,23.51,23.99,24.5,25.01,25.52,26.03,26.6,27.18,27.75,28.32,28.84,29.37,29.9,30.42,30.8,31.17,31.54,31.92,32.16,32.41,32.66,32.9,33.1,33.3,33.49,33.69,33.91,34.13,34.35,34.57,34.72,34.88,35.03,35.19,35.17,35.14,35.12,35.1,35.0,34.9,34.8,34.7,34.45,34.21,33.96,33.71,,
2016-07-19T00:00:00+00:00,20.88,20.72,20.55,20.4,20.24,20.08,19.93,19.8,19.67,19.54,19.41,19.45,19.49,19.53,19.57,19.92,20.27,20.62,20.97,21.43,21.89,22.35,22.81,23.42,24.04,24.66,25.27,25.79,26.31,26.83,27.35,27.84,28.33,28.81,29.3,29.72,30.14,30.56,30.98,31.32,31.66,32.0,32.34,32.59,32.84,33.08,33.33,33.52,33.7,33.88,34.07,34.21,34.36,34.5,34.64,34.66,34.67,34.68,34.7,34.62,34.54,34.47,34.39,34.2,34.02,33.84,33.65,33.29,32.93,32.57,32.21,31.78,31.34,30.9,30.47,30.15,29.83,29.51,29.19,29.07,28.95,28.83,28.71,28.48,28.26,28.03,27.8,27.53,27.26,26.98,26.71,26.46,26.21,25.96,25.71,25.47,25.24,25.0,24.76,24.52,24.29,24.06,23.82,23.64,23.46,23.27,23.09,23.07,23.05,23.03,23.01,23.36,23.7,24.05,24.4,24.81,25.22,25.62,26.03,26.27,26.52,26.76,27.0,27.19,27.38,27.56,27.75,28.16,28.57,28.98,29.39,29.6,29.82,30.03,30.24,30.52,30.8,31.08,31.36,31.52,31.67,31.83,31.99,31.68,31.38,31.08,30.77,30.46,30.16,29.86,29.55,29.78,30.01,30.23,30.46,30.34,30.21,30.08,29.96,29.73,29.51,29.28,29.05,,
2016-07-20T00:00:00+00:00,22.4,22.21,22.03,21.82,21.61,21.4,21.19,21.06,20.92,20.78,20.65,20.61,20.58,20.54,20.5,20.86,21.22,21.59,21.95,22.3,22.64,22.99,23.34,23.72,24.09,24.46,24.84,25.18,25.52,25.85,26.19,26.59,27.0,27.4,27.8,28.07,28.34,28.62,28.89,28.99,29.09,29.19,29.29,29.38,29.48,29.58,29.67,30.07,30.47,30.86,31.26,31.47,31.68,31.89,32.1,32.02,31.94,31.86,31.78,30.96,30.13,29.3,28.48,27.14,25.81,24.48,23.14,23.42,23.71,24.0,24.28,24.17,24.06,23.96,23.85,23.82,23.78,23.75,23.72,23.76,23.8,23.85,23.89,23.45,23.01,22.56,22.12,22.08,22.03,21.98,21.94,21.76,21.58,21.4,21.22,21.06,20.9,20.73,20.57,20.24,19.9,19.57,19.24,19.07,18.9,18.73,18.56,18.43,18.3,18.17,18.04,18.22,18.4,18.58,18.76,19.09,19.42,19.75,20.08,20.4,20.72,21.05,21.37,21.7,22.04,22.37,22.7,23.07,23.44,23.8,24.17,24.4,24.62,24.84,25.07,25.35,25.64,25.92,26.2,26.43,26.66,26.89,27.12,27.24,27.37,27.5,27.62,27.73,27.84,27.94,28.05,28.13,28.2,28.28,28.36,28.36,28.36,28.35,28.35,28.23,28.1,27.98,27.86,,
2016-07-21T00:00:00+00:00,20.27,20.22,20.16,19.84,19.51,19.18,18.86,18.78,18.7,18.62,18.54,18.54,18.55,18.55,18.55,18.58,18.6,18.63,18.66,18.69,18.73,18.76,18.79,18.98,19.17,19.37,19.56,19.95,20.34,20.74,21.13,21.48,21.84,22.19,22.54,22.82,23.1,23.38,23.66,23.88,24.09,24.3,24.52,24.74,24.96,25.17,25.39,25.55,25.71,25.87,26.03,26.14,26.25,26.36,26.47,26.47,26.47,26.47,26.47,26.43,26.4,26.36,26.32,26.24,26.16,26.08,26.0,25.81,25.62,25.42,25.23,25.14,25.06,24.98,24.89,24.6,24.32,24.03,23.74,23.35,22.97,22.58,22.2,21.99,21.79,21.58,21.38,21.2,21.01,20.82,20.64,20.51,20.37,20.24,20.1,20.02,19.94,19.85,19.77,19.56,19.35,19.14,18.93,18.76,18.6,18.43,18.27,18.24,18.22,18.19,18.16,18.45,18.74,19.02,19.31,19.56,19.81,20.07,20.32,20.54,20.76,20.97,21.19,21.79,22.4,23.0,23.6,23.96,24.32,24.68,25.04,25.28,25.52,25.77,26.01,26.08,26.15,26.22,26.29,26.42,26.54,26.67,26.8,26.63,26.46,26.28,26.11,26.24,26.37,26.5,26.63,26.56,26.48,26.41,26.34,26.31,26.28,26.24,26.21,25.18,24.16,23.14,22.11,,
2016-07-22T00:00:00+00:00,17.81,17.62,17.43,17.3,17.16,17.03,16.9,16.76,16.63,16.49,16.36,16.37,16.38,16.38,16.39,16.72,17.06,17.39,17.72,18.07,18.42,18.77,19.12,19.51,19.9,20.28,20.67,21.08,21.49,21.9,22.31,22.67,23.04,23.4,23.77,24.05,24.32,24.6,24.88,25.07,25.26,25.46,25.65,25.8,25.94,26.08,26.23,26.33,26.43,26.53,26.63,26.67,26.72,26.76,26.8,26.73,26.66,26.58,26.51,26.35,26.19,26.03,25.87,25.62,25.37,25.12,24.87,24.5,24.12,23.74,23.37,23.1,22.82,22.54,22.27,22.05,21.84,21.62,21.4,21.38,21.35,21.33,21.31,21.14,20.96,20.78,20.61,20.46,20.31,20.17,20.02,19.81,19.6,19.38,19.17,18.86,18.55,18.23,17.92,17.7,17.48,17.25,17.03,16.82,16.6,16.39,16.18,16.09,16.0,15.91,15.82,16.07,16.31,16.56,16.81,17.2,17.6,17.99,18.38,18.86,19.34,19.83,20.31,20.71,21.1,21.5,21.9,22.29,22.68,23.08,23.47,23.81,24.14,24.48,24.82,25.06,25.31,25.56,25.8,26.02,26.23,26.44,26.66,26.79,26.92,27.05,27.18,27.2,27.23,27.26,27.28,27.25,27.22,27.18,27.15,26.96,26.76,26.57,26.38,26.11,25.84,25.57,25.3,,
2016-07-23T00:00:00+00:00,17.14,16.95,16.76,16.6,16.45,16.3,16.14,15.99,15.84,15.68,15.53,15.44,15.34,15.25,15.16,15.45,15.74,16.03,16.32,16.74,17.16,17.59,18.01,18.47,18.93,19.39,19.85,20.26,20.68,21.09,21.5,21.86,22.22,22.58,22.94,23.28,23.62,23.96,24.3,24.54,24.78,25.01,25.25,25.48,25.72,25.96,26.19,26.34,26.49,26.64,26.79,26.85,26.92,26.98,27.04,27.04,27.05,27.06,27.06,26.98,26.9,26.83,26.75,26.58,26.41,26.24,26.07,25.76,25.45,25.14,24.83,24.55,24.27,23.99,23.71,23.38,23.05,22.72,22.39,22.04,21.7,21.35,21.0,20.74,20.49,20.24,19.98,19.73,19.48,19.24,18.99,18.76,18.54,18.31,18.09,17.92,17.76,17.6,17.43,17.29,17.16,17.02,16.88,16.73,16.57,16.42,16.26,16.12,15.98,15.84,15.7,16.02,16.35,16.68,17.0,17.48,17.96,18.43,18.91,19.35,19.79,20.23,20.67,21.12,21.56,22.0,22.45,22.8,23.14,23.48,23.83,24.05,24.28,24.5,24.72,24.95,25.18,25.41,25.64,25.84,26.04,26.23,26.43,26.38,26.34,26.3,26.25,26.22,26.19,26.16,26.13,26.19,26.24,26.3,26.36,26.44,26.52,26.59,26.67,26.51,26.34,26.18,26.02,,
2016-07-24T00:00:00+00:00,16.22,16.06,15.9,15.8,15.71,15.62,15.52,15.38,15.23,15.08,14.94,14.96,14.98,14.99,15.01,15.45,15.89,16.33,16.77,17.27,17.78,18.28,18.79,19.2,19.6,20.0,20.41,20.78,21.14,21.51,21.87,22.22,22.56,22.9,23.25,23.48,23.72,23.96,24.19,24.39,24.59,24.79,24.99,25.21,25.44,25.66,25.88,26.02,26.16,26.31,26.45,26.55,26.65,26.75,26.85,26.88,26.91,26.94,26.97,26.92,26.86,26.81,26.76,26.68,26.61,26.54,26.46,26.22,25.98,25.75,25.51,25.27,25.04,24.8,24.56,24.44,24.32,24.2,24.08,23.79,23.49,23.2,22.91,22.71,22.51,22.3,22.1,21.94,21.77,21.6,21.44,21.37,21.3,21.24,21.17,21.11,21.04,20.98,20.92,20.75,20.58,20.41,20.24,20.08,19.92,19.75,19.59,19.39,19.19,18.99,18.79,18.93,19.07,19.21,19.35,19.51,19.67,19.83,19.99,20.17,20.35,20.54,20.72,20.94,21.17,21.4,21.62,21.97,22.32,22.67,23.02,23.14,23.25,23.36,23.48,23.79,24.1,24.4,24.71,25.0,25.28,25.56,25.85,25.8,25.75,25.7,25.65,25.66,25.66,25.67,25.68,25.7,25.73,25.76,25.78,25.66,25.54,25.43,25.31,24.95,24.58,24.22,23.86,,
2016-07-25T00:00:00+00:00,20.03,19.81,19.59,19.5,19.41,19.32,19.23,19.15,19.06,18.98,18.9,19.03,19.16,19.29,19.42,19.73,20.03,20.34,20.64,20.85,21.06,21.26,21.47,21.76,22.06,22.35,22.65,22.94,23.22,23.5,23.79,24.02,24.24,24.47,24.7,24.97,25.24,25.5,25.77,25.56,25.36,25.15,24.94,24.97,25.01,25.04,25.07,24.86,24.65,24.44,24.23,24.32,24.4,24.49,24.58,24.81,25.03,25.26,25.49,25.42,25.36,25.3,25.23,24.71,24.18,23.66,23.14,22.79,22.44,22.1,21.75,21.66,21.57,21.48,21.39,21.17,20.96,20.74,20.52,20.16,19.8,19.44,19.08,18.9,18.72,18.53,18.35,18.14,17.92,17.7,17.49,17.28,17.08,16.87,16.66,16.43,16.2,15.97,15.74,15.56,15.38,15.19,15.01,14.79,14.57,14.35,14.13,14.04,13.96,13.88,13.79,14.08,14.37,14.66,14.95,15.34,15.73,16.12,16.51,16.86,17.2,17.55,17.9,18.26,18.61,18.96,19.32,19.65,19.98,20.32,20.65,20.93,21.22,21.5,21.78,22.04,22.3,22.56,22.82,23.02,23.22,23.43,23.63,23.78,23.94,24.09,24.24,24.35,24.46,24.58,24.69,24.72,24.74,24.77,24.8,24.76,24.72,24.68,24.64,24.53,24.42,24.31,24.2,,
2016-07-26T00:00:00+00:00,16.53,16.53,16.54,16.27,16.01,15.74,15.48,15.19,14.9,14.62,14.33,14.19,14.05,13.91,13.77,13.96,14.16,14.36,14.55,14.93,15.32,15.7,16.08,16.46,16.84,17.21,17.59,17.97,18.34,18.72,19.1,19.4,19.71,20.02,20.32,20.65,20.98,21.31,21.64,21.89,22.14,22.39,22.64,22.84,23.05,23.26,23.46,23.64,23.81,23.98,24.16,24.23,24.3,24.38,24.45,24.43,24.41,24.39,24.37,24.29,24.22,24.14,24.06,23.89,23.72,23.54,23.37,23.04,22.72,22.4,22.07,21.66,21.26,20.85,20.44,20.2,19.95,19.71,19.47,19.23,18.99,18.76,18.52,18.29,18.06,17.83,17.6,17.43,17.26,17.09,16.92,16.78,16.65,16.52,16.38,16.27,16.17,16.07,15.96,15.9,15.83,15.76,15.7,15.7,15.7,15.7,15.7,15.63,15.56,15.48,15.41,15.7,16.0,16.29,16.58,16.96,17.34,17.73,18.11,18.36,18.62,18.87,19.12,19.37,19.62,19.88,20.13,20.58,21.02,21.47,21.92,22.28,22.64,23.0,23.36,23.6,23.83,24.06,24.3,24.5,24.7,24.91,25.11,25.1,25.08,25.06,25.05,25.02,24.98,24.95,24.92,24.89,24.86,24.83,24.8,24.6,24.4,24.19,23.99,23.67,23.34,23.02,22.7,,
2016-07-27T00:00:00+00:00,14.17,14.07,13.97,13.86,13.76,13.66,13.55,13.46,13.36,13.26,13.17,13.11,13.06,13.0,12.94,13.26,13.58,13.89,14.21,14.69,15.16,15.64,16.12,16.48,16.84,17.21,17.57,18.02,18.48,18.93,19.38,19.69,20.0,20.31,20.62,20.94,21.26,21.57,21.89,22.18,22.48,22.77,23.06,23.35,23.64,23.94,24.23,24.41,24.59,24.77,24.95,25.02,25.09,25.16,25.23,25.12,25.01,24.9,24.79,24.57,24.36,24.14,23.92,23.72,23.52,23.31,23.11,22.89,22.67,22.45,22.23,22.04,21.86,21.67,21.49,21.34,21.2,21.06,20.91,20.8,20.68,20.56,20.45,20.33,20.22,20.1,19.98,19.86,19.73,19.6,19.48,19.44,19.41,19.38,19.34,19.25,19.16,19.06,18.97,18.94,18.92,18.89,18.86,18.73,18.59,18.45,18.32,18.24,18.17,18.1,18.02,18.12,18.23,18.34,18.44,18.39,18.34,18.29,18.24,18.36,18.48,18.6,18.72,18.72,18.73,18.73,18.73,19.02,19.3,19.59,19.88,20.31,20.75,21.18,21.62,21.72,21.81,21.9,22.0,22.34,22.68,23.01,23.35,23.55,23.74,23.94,24.14,24.28,24.41,24.54,24.68,24.71,24.74,24.78,24.81,24.77,24.74,24.7,24.66,24.5,24.35,24.2,24.04,,
2016-07-28T00:00:00+00:00,18.58,18.49,18.4,18.36,18.32,18.28,18.24,18.17,18.1,18.02,17.95,17.88,17.81,17.74,17.67,17.66,17.65,17.63,17.62,17.79,17.96,18.13,18.3,18.68,19.06,19.45,19.83,19.97,20.12,20.26,20.41,20.56,20.71,20.86,21.01,21.03,21.04,21.06,21.08,21.51,21.94,22.36,22.79,23.04,23.28,23.53,23.78,24.07,24.36,24.65,24.94,25.05,25.16,25.26,25.37,25.34,25.3,25.26,25.23,25.11,25.0,24.88,24.76,24.32,23.87,23.42,22.98,22.6,22.22,21.83,21.45,21.19,20.94,20.68,20.42,20.29,20.16,20.03,19.9,19.84,19.77,19.7,19.64,19.57,19.5,19.42,19.35,19.36,19.36,19.37,19.37,19.27,19.18,19.08,18.98,19.03,19.08,19.13,19.18,19.23,19.27,19.31,19.36,19.36,19.35,19.34,19.34,18.92,18.49,18.07,17.64,17.64,17.63,17.63,17.63,17.48,17.32,17.17,17.02,17.06,17.1,17.15,17.19,17.31,17.43,17.56,17.68,17.82,17.96,18.11,18.25,18.23,18.2,18.18,18.16,18.65,19.13,19.62,20.11,20.66,21.22,21.77,22.32,22.56,22.8,23.03,23.27,23.4,23.54,23.67,23.8,23.66,23.52,23.38,23.24,23.02,22.8,22.59,22.37,22.2,22.02,21.85,21.67,,
2016-07-29T00:00:00+00:00,18.06,17.87,17.67,17.5,17.34,17.17,17.0,16.9,16.81,16.72,16.62,16.66,16.7,16.75,16.79,16.98,17.18,17.38,17.57,17.83,18.08,18.34,18.6,18.73,18.86,18.99,19.12,19.02,18.91,18.8,18.7,18.88,19.06,19.23,19.41,20.02,20.62,21.22,21.83,21.44,21.06,20.67,20.29,20.82,21.34,21.87,22.4,22.22,22.04,21.86,21.68,21.21,20.74,20.27,19.8,20.12,20.44,20.77,21.09,20.94,20.8,20.66,20.51,20.46,20.42,20.38,20.33,20.25,20.17,20.1,20.02,19.88,19.74,19.6,19.46,19.2,18.94,18.67,18.41,18.28,18.16,18.03,17.9,17.72,17.55,17.37,17.19,17.26,17.34,17.41,17.48,17.48,17.49,17.5,17.5,17.49,17.48,17.46,17.45,17.42,17.4,17.38,17.35,17.27,17.19,17.11,17.03,16.98,16.94,16.89,16.84,17.04,17.23,17.42,17.62,17.89,18.16,18.43,18.7,18.87,19.05,19.22,19.39,19.69,20.0,20.3,20.6,20.7,20.8,20.89,20.99,20.99,21.0,21.0,21.01,21.29,21.57,21.85,22.13,22.17,22.22,22.26,22.3,22.33,22.36,22.4,22.43,22.41,22.4,22.38,22.36,22.3,22.24,22.19,22.13,22.09,22.04,22.0,21.96,21.96,21.95,21.94,21.94,,
2016-07-30T00:00:00+00:00,16.22,16.17,16.12,16.19,16.26,16.32,16.39,16.45,16.51,16.56,16.62,16.65,16.69,16.72,16.75,16.97,17.19,17.41,17.63,17.95,18.27,18.6,18.92,19.19,19.45,19.72,19.98,20.18,20.38,20.59,20.79,21.02,21.25,21.48,21.71,21.83,21.95,22.07,22.19,22.43,22.67,22.91,23.15,23.32,23.48,23.64,23.81,23.84,23.88,23.92,23.95,23.94,23.93,23.92,23.91,23.93,23.94,23.96,23.98,23.91,23.84,23.78,23.71,23.43,23.15,22.87,22.59,22.34,22.08,21.83,21.58,21.32,21.05,20.78,20.52,20.26,20.01,19.76,19.5,19.35,19.2,19.06,18.91,18.84,18.78,18.72,18.65,18.64,18.64,18.63,18.63,18.58,18.54,18.49,18.44,18.4,18.37,18.34,18.3,18.2,18.09,17.98,17.88,17.76,17.64,17.51,17.39,17.34,17.28,17.23,17.17,17.21,17.25,17.29,17.33,17.53,17.73,17.93,18.13,18.44,18.74,19.05,19.36,19.59,19.82,20.05,20.28,20.5,20.72,20.94,21.16,21.38,21.61,21.84,22.06,22.22,22.38,22.53,22.69,22.34,21.99,21.64,21.29,21.07,20.84,20.62,20.4,20.74,21.08,21.43,21.77,21.79,21.82,21.84,21.86,21.8,21.74,21.69,21.63,21.48,21.32,21.17,21.01,,
2016-07-31T00:00:00+00:00,15.26,15.16,15.07,15.04,15.02,14.99,14.96,14.8,14.65,14.5,14.34,14.33,14.32,14.3,14.29,14.54,14.78,15.03,15.28,15.86,16.44,17.02,17.6,17.98,18.37,18.75,19.13,19.44,19.74,20.05,20.36,20.65,20.94,21.22,21.51,21.67,21.83,21.99,22.15,22.35,22.55,22.75,22.95,23.04,23.13,23.22,23.31,22.73,22.15,21.57,20.99,21.39,21.8,22.2,22.6,22.59,22.58,22.56,22.55,22.63,22.71,22.79,22.87,22.65,22.43,22.21,21.99,21.62,21.24,20.87,20.5,20.19,19.88,19.56,19.25,18.94,18.64,18.34,18.03,17.76,17.49,17.22,16.95,16.83,16.72,16.6,16.48,16.26,16.03,15.8,15.58,15.4,15.22,15.05,14.87,14.61,14.34,14.08,13.82,13.64,13.46,13.27,13.09,12.94,12.78,12.62,12.47,12.44,12.4,12.37,12.34,12.74,13.14,13.53,13.93,14.49,15.05,15.61,16.17,16.52,16.86,17.21,17.55,17.92,18.3,18.68,19.05,19.42,19.78,20.15,20.51,20.82,21.12,21.42,21.73,21.96,22.2,22.43,22.66,22.85,23.04,23.22,23.41,23.5,23.58,23.66,23.75,23.77,23.79,23.81,23.83,23.77,23.71,23.65,23.59,23.43,23.28,23.12,22.96,22.7,22.45,22.2,21.94,,
2016-08-01T00:00:00+00:00,13.94,13.66,13.38,13.21,13.04,12.87,12.7,12.57,12.44,12.32,12.19,12.08,11.98,11.88,11.77,12.1,12.42,12.75,13.08,13.55,14.02,14.5,14.97,15.48,15.99,16.5,17.01,17.42,17.83,18.23,18.64,18.96,19.27,19.59,19.91,20.18,20.45,20.73,21.0,21.24,21.48,21.71,21.95,22.15,22.34,22.54,22.74,22.87,23.0,23.13,23.26,23.34,23.42,23.49,23.57,23.58,23.58,23.58,23.59,23.53,23.48,23.42,23.36,23.22,23.07,22.92,22.78,22.58,22.38,22.17,21.97,21.68,21.38,21.09,20.8,20.61,20.42,20.24,20.05,19.86,19.66,19.46,19.27,19.31,19.34,19.38,19.42,19.38,19.34,19.31,19.27,19.23,19.19,19.14,19.1,19.04,18.98,18.92,18.86,18.78,18.7,18.62,18.54,17.98,17.41,16.84,16.28,16.12,15.97,15.82,15.66,15.7,15.73,15.76,15.8,15.9,15.99,16.08,16.18,16.1,16.02,15.93,15.85,16.09,16.34,16.58,16.82,17.14,17.45,17.77,18.09,18.3,18.52,18.73,18.94,19.29,19.65,20.0,20.35,20.49,20.63,20.77,20.91,21.02,21.14,21.25,21.36,21.56,21.76,21.95,22.15,22.38,22.62,22.85,23.08,23.22,23.35,23.48,23.62,23.68,23.75,23.82,23.88,,
2016-08-02T00:00:00+00:00,18.77,18.67,18.56,18.42,18.28,18.14,18.0,17.67,17.34,17.0,16.67,16.66,16.64,16.62,16.61,16.64,16.67,16.71,16.74,16.74,16.73,16.72,16.72,16.83,16.93,17.04,17.15,17.56,17.97,18.38,18.79,19.01,19.23,19.45,19.67,20.2,20.74,21.27,21.8,22.12,22.44,22.75,23.07,23.13,23.18,23.24,23.3,23.7,24.1,24.49,24.89,24.9,24.92,24.93,24.94,24.7,24.46,24.23,23.99,23.54,23.08,22.63,22.18,22.28,22.38,22.48,22.58,22.58,22.57,22.56,22.56,22.65,22.74,22.83,22.92,22.79,22.66,22.54,22.41,22.19,21.96,21.74,21.52,21.3,21.08,20.86,20.64,20.42,20.19,19.96,19.74,19.53,19.31,19.1,18.89,18.68,18.47,18.26,18.05,17.88,17.71,17.54,17.37,17.25,17.13,17.01,16.89,16.94,16.98,17.02,17.07,17.3,17.52,17.74,17.97,18.18,18.38,18.59,18.8,19.12,19.44,19.77,20.09,20.23,20.37,20.51,20.65,20.76,20.88,20.99,21.1,21.27,21.44,21.61,21.78,21.93,22.08,22.22,22.37,22.58,22.79,23.0,23.21,23.41,23.62,23.82,24.02,24.43,24.84,25.24,25.65,25.74,25.84,25.93,26.02,26.04,26.05,26.06,26.08,25.03,23.98,22.93,21.88,,
2016-08-03T00:00:00+00:00,17.97,17.91,17.85,17.73,17.6,17.48,17.35,17.24,17.12,17.01,16.9,16.81,16.73,16.64,16.55,16.69,16.83,16.96,17.1,17.36,17.61,17.87,18.12,18.48,18.85,19.22,19.58,19.99,20.4,20.8,21.21,21.6,21.98,22.37,22.76,23.15,23.53,23.92,24.3,24.57,24.84,25.1,25.37,25.48,25.6,25.72,25.83,25.95,26.06,26.18,26.3,26.34,26.38,26.41,26.45,26.49,26.52,26.56,26.6,26.53,26.46,26.38,26.31,26.11,25.9,25.7,25.5,25.12,24.75,24.38,24.0,23.85,23.7,23.54,23.39,23.14,22.9,22.66,22.41,22.29,22.17,22.04,21.92,21.72,21.51,21.3,21.1,20.9,20.7,20.5,20.3,20.22,20.13,20.05,19.97,19.77,19.57,19.37,19.17,18.86,18.55,18.24,17.93,17.71,17.49,17.28,17.06,16.94,16.83,16.72,16.6,16.59,16.58,16.57,16.56,16.59,16.62,16.66,16.69,16.79,16.88,16.98,17.08,17.16,17.24,17.31,17.39,17.69,18.0,18.3,18.6,18.83,19.07,19.3,19.53,19.77,20.01,20.25,20.49,20.51,20.53,20.56,20.58,20.69,20.8,20.91,21.02,21.06,21.1,21.15,21.19,21.36,21.52,21.68,21.85,21.83,21.8,21.78,21.75,21.62,21.49,21.37,21.24,,
2016-08-04T00:00:00+00:00,18.49,18.42,18.35,18.2,18.05,17.89,17.74,17.51,17.28,17.06,16.83,16.72,16.62,16.52,16.41,16.49,16.56,16.64,16.72,16.8,16.89,16.97,17.06,17.18,17.31,17.43,17.56,17.4,17.24,17.09,16.93,16.84,16.76,16.68,16.59,16.73,16.87,17.01,17.15,17.79,18.43,19.07,19.71,20.19,20.68,21.16,21.64,21.8,21.95,22.1,22.26,22.36,22.47,22.57,22.67,22.74,22.8,22.86,22.93,22.88,22.84,22.79,22.74,22.57,22.4,22.24,22.07,21.56,21.06,20.56,20.05,19.94,19.83,19.72,19.61,19.22,18.84,18.45,18.06,17.92,17.79,17.66,17.52,17.51,17.5,17.49,17.48,17.27,17.07,16.87,16.66,16.38,16.1,15.81,15.53,15.32,15.12,14.92,14.71,14.74,14.78,14.81,14.84,14.7,14.56,14.41,14.27,14.1,13.93,13.76,13.59,13.67,13.74,13.82,13.9,14.11,14.32,14.53,14.74,15.12,15.5,15.87,16.25,16.64,17.02,17.41,17.8,18.16,18.53,18.9,19.26,19.52,19.78,20.05,20.31,20.53,20.74,20.96,21.18,21.35,21.52,21.69,21.86,22.01,22.16,22.31,22.46,22.53,22.6,22.67,22.74,22.64,22.53,22.43,22.33,22.41,22.49,22.57,22.65,22.32,21.98,21.65,21.32,,
2016-08-05T00:00:00+00:00,14.98,14.83,14.68,14.51,14.34,14.16,13.99,13.83,13.67,13.51,13.35,13.19,13.03,12.87,12.71,12.87,13.03,13.19,13.35,13.49,13.62,13.76,13.9,14.28,14.66,15.05,15.43,15.86,16.3,16.73,17.16,17.55,17.94,18.32,18.71,19.06,19.41,19.76,20.11,20.35,20.59,20.83,21.07,21.26,21.46,21.65,21.84,22.0,22.16,22.31,22.47,22.48,22.49,22.5,22.51,22.56,22.61,22.66,22.71,22.57,22.43,22.29,22.15,22.07,21.98,21.9,21.82,21.52,21.22,20.93,20.63,20.22,19.8,19.39,18.98,18.92,18.87,18.82,18.76,18.42,18.07,17.73,17.38,17.11,16.84,16.56,16.29,16.0,15.72,15.44,15.15,14.91,14.68,14.44,14.2,14.02,13.83,13.64,13.46,13.32,13.18,13.05,12.91,12.82,12.72,12.62,12.53,12.43,12.34,12.24,12.14,12.42,12.69,12.96,13.24,13.81,14.38,14.94,15.51,15.84,16.18,16.51,16.84,17.16,17.47,17.78,18.1,18.46,18.81,19.16,19.52,19.82,20.12,20.41,20.71,20.94,21.18,21.41,21.64,21.81,21.98,22.15,22.32,22.54,22.77,22.99,23.22,23.33,23.44,23.55,23.66,23.69,23.72,23.74,23.77,23.7,23.64,23.58,23.51,23.3,23.1,22.9,22.69,,
2016-08-06T00:00:00+00:00,13.62,13.45,13.27,13.13,13.0,12.86,12.72,12.58,12.44,12.3,12.16,12.08,11.99,11.9,11.82,12.09,12.36,12.63,12.9,13.48,14.05,14.62,15.2,15.7,16.19,16.68,17.18,17.46,17.74,18.03,18.31,18.62,18.93,19.24,19.55,19.87,20.18,20.49,20.81,21.08,21.36,21.64,21.91,22.12,22.32,22.53,22.74,22.9,23.05,23.2,23.36,23.46,23.56,23.65,23.75,23.74,23.72,23.71,23.7,23.64,23.57,23.51,23.44,23.25,23.06,22.87,22.68,22.38,22.08,21.78,21.48,21.14,20.8,20.45,20.11,19.83,19.55,19.27,18.99,18.76,18.52,18.29,18.06,17.87,17.68,17.5,17.31,17.16,17.02,16.88,16.73,16.54,16.35,16.16,15.97,15.83,15.69,15.55,15.41,15.29,15.17,15.05,14.93,14.81,14.7,14.58,14.46,14.4,14.34,14.28,14.22,14.52,14.81,15.1,15.4,15.93,16.46,16.98,17.51,18.08,18.64,19.2,19.77,20.24,20.72,21.2,21.67,22.05,22.42,22.8,23.18,23.52,23.87,24.22,24.56,24.84,25.12,25.4,25.68,25.87,26.06,26.25,26.44,26.61,26.78,26.94,27.11,27.07,27.03,26.99,26.95,27.02,27.09,27.16,27.23,27.12,27.0,26.88,26.77,26.42,26.07,25.72,25.37,,
2016-08-07T00:00:00+00:00,15.11,15.02,14.93,14.86,14.79,14.72,14.65,14.65,14.66,14.66,14.66,14.64,14.62,14.59,14.57,14.92,15.28,15.63,15.98,16.55,17.12,17.68,18.25,18.77,19.3,19.82,20.34,20.7,21.06,21.42,21.78,22.12,22.47,22.82,23.16,23.49,23.82,24.15,24.48,24.78,25.07,25.36,25.66,25.89,26.12,26.34,26.57,26.74,26.92,27.1,27.27,27.41,27.54,27.68,27.82,27.87,27.92,27.96,28.01,27.83,27.66,27.48,27.3,27.12,26.95,26.78,26.6,25.78,24.96,24.13,23.31,22.95,22.58,22.22,21.86,21.64,21.42,21.2,20.98,20.79,20.6,20.41,20.22,20.1,19.98,19.85,19.73,19.56,19.38,19.21,19.04,18.84,18.64,18.45,18.25,18.32,18.4,18.47,18.54,18.46,18.39,18.31,18.24,18.17,18.1,18.03,17.96,17.76,17.56,17.36,17.16,17.12,17.07,17.02,16.98,17.08,17.19,17.29,17.39,17.59,17.8,18.0,18.2,18.45,18.7,18.94,19.19,19.49,19.8,20.1,20.4,20.76,21.12,21.49,21.85,22.08,22.32,22.55,22.78,22.86,22.93,23.0,23.08,23.15,23.23,23.3,23.38,23.31,23.24,23.16,23.09,22.82,22.54,22.26,21.99,21.92,21.85,21.79,21.72,21.67,21.63,21.58,21.54,,
2016-08-08T00:00:00+00:00,18.82,18.65,18.48,18.33,18.19,18.04,17.89,17.71,17.53,17.35,17.17,16.89,16.6,16.32,16.03,16.02,16.01,16.0,15.99,16.18,16.36,16.55,16.74,16.92,17.1,17.28,17.46,17.71,17.95,18.2,18.45,18.77,19.09,19.41,19.73,20.08,20.43,20.78,21.13,21.36,21.58,21.8,22.03,22.04,22.04,22.05,22.06,22.02,21.98,21.93,21.89,21.88,21.86,21.84,21.83,21.68,21.53,21.39,21.24,21.31,21.38,21.45,21.52,21.36,21.2,21.04,20.88,20.74,20.6,20.47,20.33,19.99,19.66,19.32,18.99,18.76,18.52,18.29,18.06,17.83,17.6,17.37,17.14,17.06,16.98,16.9,16.82,16.7,16.57,16.44,16.32,16.2,16.09,15.98,15.86,15.78,15.71,15.64,15.56,15.36,15.17,14.98,14.78,14.56,14.34,14.12,13.9,13.69,13.48,13.28,13.07,13.22,13.37,13.52,13.67,14.08,14.49,14.9,15.31,15.65,16.0,16.34,16.68,17.0,17.32,17.64,17.96,18.26,18.57,18.87,19.17,19.4,19.63,19.86,20.09,20.26,20.44,20.62,20.79,20.92,21.04,21.17,21.3,21.36,21.42,21.48,21.54,21.55,21.56,21.56,21.57,21.48,21.4,21.32,21.23,21.04,20.86,20.67,20.49,20.16,19.84,19.52,19.19,,
2016-08-09T00:00:00+00:00,13.97,13.88,13.79,13.64,13.48,13.33,13.18,12.99,12.8,12.6,12.41,12.28,12.16,12.03,11.9,12.09,12.28,12.47,12.66,13.1,13.54,13.98,14.42,14.84,15.26,15.68,16.1,16.49,16.88,17.26,17.65,17.98,18.31,18.64,18.97,19.13,19.3,19.46,19.63,19.84,20.06,20.27,20.49,20.62,20.74,20.86,20.99,21.1,21.2,21.31,21.42,21.39,21.36,21.33,21.3,21.2,21.1,20.99,20.89,20.83,20.78,20.72,20.66,20.39,20.12,19.85,19.58,19.15,18.72,18.28,17.85,17.5,17.16,16.81,16.46,16.17,15.88,15.59,15.3,15.01,14.73,14.44,14.15,13.91,13.66,13.42,13.18,12.98,12.77,12.57,12.37,12.18,11.98,11.78,11.59,11.4,11.2,11.01,10.82,10.7,10.58,10.47,10.35,10.3,10.24,10.19,10.14,10.13,10.12,10.12,10.11,10.39,10.67,10.95,11.23,11.77,12.3,12.84,13.38,13.76,14.14,14.51,14.89,15.12,15.35,15.58,15.81,16.08,16.34,16.61,16.88,17.08,17.28,17.49,17.69,17.29,16.9,16.5,16.1,15.96,15.82,15.69,15.55,16.18,16.8,17.42,18.05,18.26,18.48,18.7,18.91,18.69,18.46,18.24,18.01,17.97,17.94,17.9,17.86,17.52,17.18,16.84,16.5,,
2016-08-10T00:00:00+00:00,10.86,10.81,10.77,10.62,10.46,10.3,10.15,10.09,10.04,9.98,9.92,9.91,9.9,9.88,9.87,10.16,10.45,10.74,11.03,11.58,12.13,12.68,13.23,13.68,14.13,14.58,15.03,15.43,15.84,16.24,16.65,16.84,17.04,17.23,17.42,17.67,17.92,18.16,18.41,18.58,18.76,18.93,19.1,18.6,18.11,17.62,17.12,17.28,17.45,17.62,17.78,17.29,16.8,16.31,15.82,16.3,16.78,17.26,17.74,17.85,17.96,18.08,18.19,17.99,17.8,17.6,17.4,17.07,16.74,16.42,16.09,15.81,15.52,15.24,14.96,14.72,14.48,14.23,13.99,13.78,13.56,13.34,13.13,12.94,12.76,12.57,12.38,12.23,12.08,11.92,11.77,11.62,11.48,11.34,11.19,11.08,10.97,10.86,10.75,10.62,10.5,10.37,10.24,10.14,10.05,9.96,9.86,9.81,9.76,9.71,9.66,9.94,10.22,10.51,10.79,11.35,11.92,12.48,13.04,13.58,14.11,14.65,15.19,15.59,15.98,16.38,16.78,17.11,17.44,17.78,18.11,18.44,18.77,19.1,19.43,19.67,19.9,20.14,20.38,20.52,20.67,20.82,20.96,20.84,20.71,20.58,20.46,20.74,21.02,21.31,21.59,21.61,21.64,21.66,21.68,21.8,21.92,22.04,22.16,22.12,22.08,22.05,22.01,,
2016-08-12T00:00:00+00:00,13.91,13.78,13.65,13.5,13.36,13.22,13.07,13.01,12.95,12.89,12.83,12.79,12.74,12.7,12.66,12.88,13.09,13.3,13.52,13.94,14.36,14.78,15.2,15.7,16.2,16.7,17.2,17.77,18.34,18.9,19.47,19.97,20.47,20.97,21.47,21.79,22.12,22.44,22.76,23.06,23.36,23.66,23.96,24.2,24.43,24.66,24.9,25.1,25.29,25.48,25.68,25.8,25.91,26.02,26.14,26.21,26.28,26.34,26.41,26.39,26.38,26.36,26.34,26.15,25.96,25.76,25.57,25.23,24.88,24.54,24.2,23.65,23.1,22.54,21.99,21.68,21.38,21.07,20.76,20.44,20.12,19.81,19.49,19.14,18.79,18.44,18.09,17.86,17.63,17.4,17.17,16.97,16.76,16.56,16.35,16.15,15.96,15.76,15.56,15.43,15.3,15.16,15.03,14.93,14.84,14.74,14.64,14.56,14.47,14.39,14.3,14.5,14.7,14.89,15.09,15.61,16.13,16.65,17.17,17.66,18.15,18.63,19.12,19.64,20.16,20.68,21.2,21.64,22.08,22.51,22.95,23.4,23.84,24.29,24.74,25.02,25.29,25.56,25.84,26.03,26.22,26.42,26.61,26.76,26.9,27.04,27.19,27.3,27.4,27.51,27.62,27.64,27.66,27.69,27.71,27.65,27.59,27.53,27.47,27.27,27.06,26.86,26.66,,
2016-08-13T00:00:00+00:00,16.04,15.95,15.85,15.68,15.5,15.32,15.15,15.0,14.85,14.7,14.55,14.43,14.3,14.18,14.06,14.2,14.34,14.47,14.61,15.1,15.6,16.1,16.59,17.09,17.58,18.08,18.58,19.03,19.48,19.94,20.39,20.86,21.33,21.8,22.27,22.78,23.3,23.81,24.32,24.6,24.88,25.15,25.43,25.66,25.89,26.12,26.35,26.5,26.65,26.79,26.94,27.04,27.13,27.22,27.32,27.27,27.22,27.17,27.12,27.02,26.93,26.84,26.74,26.44,26.15,25.85,25.56,25.07,24.58,24.1,23.61,23.24,22.86,22.49,22.12,21.78,21.45,21.12,20.78,20.51,20.23,19.95,19.68,19.45,19.23,19.01,18.78,18.59,18.4,18.22,18.03,17.81,17.58,17.36,17.14,16.91,16.68,16.45,16.22,16.01,15.8,15.59,15.38,15.2,15.01,14.82,14.64,14.5,14.36,14.21,14.07,14.29,14.51,14.73,14.95,15.47,15.98,16.5,17.02,17.57,18.12,18.68,19.23,19.78,20.34,20.89,21.44,21.9,22.35,22.8,23.26,23.64,24.02,24.4,24.78,25.07,25.36,25.64,25.93,26.16,26.4,26.64,26.87,27.02,27.18,27.33,27.48,27.54,27.6,27.66,27.72,27.6,27.49,27.38,27.26,26.94,26.62,26.3,25.98,25.72,25.46,25.19,24.93,,
2016-08-14T00:00:00+00:00,16.34,16.15,15.97,15.79,15.6,15.42,15.24,15.14,15.04,14.93,14.83,14.73,14.62,14.52,14.42,14.64,14.85,15.06,15.28,15.74,16.2,16.67,17.13,17.64,18.16,18.67,19.18,19.64,20.1,20.56,21.02,21.41,21.8,22.2,22.59,22.97,23.35,23.73,24.11,24.41,24.71,25.01,25.31,25.58,25.85,26.13,26.4,26.56,26.71,26.86,27.02,27.11,27.2,27.29,27.38,27.31,27.24,27.16,27.09,26.85,26.61,26.37,26.13,25.86,25.6,25.33,25.06,24.69,24.32,23.96,23.59,23.33,23.08,22.82,22.56,22.36,22.17,21.98,21.78,21.5,21.22,20.93,20.65,20.45,20.26,20.06,19.86,19.66,19.45,19.24,19.04,18.8,18.56,18.33,18.09,17.88,17.67,17.46,17.25,17.08,16.91,16.74,16.57,16.43,16.29,16.15,16.01,15.88,15.74,15.6,15.47,15.6,15.73,15.86,15.99,16.35,16.71,17.06,17.42,17.9,18.39,18.88,19.36,19.92,20.47,21.02,21.58,22.11,22.64,23.16,23.69,24.12,24.56,25.0,25.43,25.8,26.18,26.56,26.93,27.21,27.48,27.76,28.04,28.2,28.36,28.52,28.68,28.74,28.8,28.85,28.91,28.84,28.78,28.72,28.65,28.49,28.34,28.18,28.03,27.76,27.5,27.23,26.96,,
2016-08-15T00:00:00+00:00,16.92,16.73,16.53,16.32,16.12,15.91,15.7,15.5,15.3,15.09,14.89,14.75,14.62,14.48,14.34,14.46,14.58,14.69,14.81,15.19,15.58,15.96,16.34,16.82,17.3,17.77,18.25,18.77,19.3,19.82,20.34,20.91,21.48,22.04,22.61,23.09,23.57,24.05,24.53,24.92,25.32,25.72,26.11,26.4,26.7,26.99,27.29,27.39,27.48,27.58,27.68,27.64,27.59,27.54,27.5,27.47,27.44,27.42,27.39,27.28,27.18,27.08,26.97,26.66,26.36,26.06,25.75,25.24,24.72,24.21,23.7,23.4,23.11,22.82,22.52,22.3,22.08,21.86,21.64,21.42,21.2,20.97,20.75,20.52,20.28,20.05,19.82,19.61,19.4,19.19,18.98,18.77,18.57,18.37,18.16,17.98,17.8,17.62,17.44,17.27,17.1,16.94,16.77,16.66,16.55,16.44,16.33,16.22,16.12,16.02,15.91,16.05,16.19,16.33,16.47,16.85,17.23,17.6,17.98,18.48,18.98,19.47,19.97,20.48,20.99,21.5,22.01,22.5,22.99,23.48,23.97,24.45,24.93,25.41,25.89,26.24,26.58,26.93,27.28,27.53,27.78,28.03,28.28,28.44,28.61,28.78,28.94,28.97,29.01,29.04,29.07,29.05,29.04,29.02,29.0,28.82,28.64,28.46,28.28,27.88,27.49,27.1,26.7,,
2016-08-16T00:00:00+00:00,17.46,17.3,17.13,16.95,16.77,16.59,16.41,16.23,16.05,15.87,15.69,15.56,15.43,15.3,15.17,15.33,15.48,15.64,15.8,16.2,16.6,17.01,17.41,17.9,18.4,18.89,19.38,19.91,20.44,20.97,21.5,21.98,22.46,22.94,23.42,23.9,24.39,24.88,25.36,25.83,26.3,26.76,27.23,27.53,27.83,28.13,28.43,28.6,28.78,28.95,29.12,29.18,29.24,29.3,29.36,29.31,29.26,29.2,29.15,29.02,28.88,28.75,28.62,28.29,27.96,27.63,27.3,26.88,26.47,26.06,25.64,25.34,25.04,24.74,24.44,24.16,23.88,23.61,23.33,23.1,22.86,22.63,22.4,22.19,21.98,21.78,21.57,21.38,21.18,20.98,20.79,20.6,20.42,20.23,20.04,19.86,19.67,19.49,19.31,19.12,18.94,18.76,18.57,18.39,18.22,18.04,17.86,17.73,17.6,17.47,17.34,17.52,17.7,17.89,18.07,18.5,18.94,19.38,19.81,20.27,20.74,21.2,21.66,22.14,22.61,23.08,23.56,23.97,24.38,24.78,25.19,25.6,26.02,26.43,26.84,27.12,27.41,27.7,27.98,28.21,28.44,28.66,28.89,29.02,29.16,29.29,29.42,29.6,29.79,29.98,30.16,30.17,30.18,30.2,30.21,30.04,29.87,29.7,29.53,29.23,28.93,28.63,28.33,,
2016-08-17T00:00:00+00:00,18.88,18.72,18.55,18.37,18.18,17.99,17.81,17.62,17.42,17.23,17.04,16.84,16.65,16.46,16.26,16.46,16.67,16.88,17.08,17.57,18.06,18.55,19.04,19.58,20.12,20.66,21.2,21.76,22.31,22.86,23.42,23.98,24.54,25.09,25.65,26.06,26.48,26.9,27.31,27.52,27.74,27.95,28.16,28.38,28.6,28.81,29.03,29.14,29.25,29.36,29.47,29.59,29.7,29.82,29.94,29.98,30.02,30.05,30.09,29.91,29.73,29.55,29.37,29.04,28.72,28.4,28.07,27.68,27.3,26.91,26.52,26.18,25.85,25.52,25.18,24.91,24.64,24.37,24.1,23.89,23.68,23.47,23.26,23.3,23.34,23.38,23.42,23.01,22.6,22.2,21.79,21.67,21.55,21.43,21.31,21.33,21.35,21.38,21.4,21.34,21.27,21.2,21.14,20.87,20.6,20.33,20.06,19.88,19.69,19.5,19.32,19.28,19.24,19.19,19.15,19.27,19.39,19.5,19.62,19.7,19.77,19.85,19.92,19.95,19.98,20.0,20.03,20.17,20.31,20.45,20.59,20.7,20.82,20.94,21.05,20.84,20.64,20.43,20.22,20.17,20.13,20.08,20.04,20.68,21.32,21.97,22.61,22.78,22.96,23.14,23.31,23.39,23.48,23.56,23.64,23.58,23.51,23.44,23.38,23.12,22.86,22.6,22.34,,
2016-08-18T00:00:00+00:00,20.23,20.19,20.15,19.94,19.74,19.53,19.33,19.2,19.08,18.95,18.83,18.62,18.42,18.21,18.0,18.07,18.14,18.22,18.29,18.34,18.39,18.44,18.49,18.65,18.8,18.96,19.12,19.24,19.36,19.47,19.59,19.42,19.24,19.07,18.89,18.81,18.73,18.64,18.56,19.21,19.86,20.51,21.16,21.27,21.38,21.5,21.61,21.34,21.08,20.82,20.55,21.01,21.46,21.92,22.37,22.4,22.42,22.45,22.48,22.42,22.36,22.3,22.24,22.17,22.1,22.03,21.96,21.64,21.31,20.98,20.66,20.4,20.15,19.9,19.64,19.47,19.3,19.14,18.97,18.88,18.79,18.7,18.61,18.55,18.48,18.42,18.36,18.2,18.03,17.86,17.7,17.57,17.44,17.32,17.19,17.1,17.02,16.93,16.84,16.73,16.61,16.49,16.38,16.24,16.1,15.96,15.82,15.73,15.64,15.55,15.46,15.62,15.78,15.95,16.11,16.5,16.9,17.29,17.68,18.27,18.86,19.44,20.03,20.38,20.74,21.09,21.44,21.88,22.33,22.77,23.21,23.47,23.74,24.0,24.26,24.4,24.54,24.67,24.81,24.88,24.96,25.04,25.11,25.4,25.68,25.97,26.26,26.38,26.5,26.61,26.73,26.74,26.76,26.77,26.78,26.66,26.53,26.4,26.28,24.83,23.37,21.92,20.46,,
2016-08-19T00:00:00+00:00,17.22,17.11,17.01,16.94,16.88,16.81,16.74,16.63,16.52,16.4,16.29,16.38,16.47,16.56,16.65,16.7,16.75,16.8,16.85,16.99,17.14,17.28,17.42,17.82,18.21,18.6,19.0,19.32,19.64,19.97,20.29,20.47,20.66,20.84,21.02,21.38,21.74,22.11,22.47,22.62,22.76,22.9,23.05,23.29,23.53,23.77,24.01,24.02,24.02,24.02,24.03,24.03,24.04,24.04,24.04,23.18,22.32,21.47,20.61,20.13,19.66,19.19,18.71,18.85,19.0,19.14,19.28,19.28,19.28,19.28,19.28,19.25,19.22,19.19,19.16,19.14,19.12,19.11,19.09,19.01,18.94,18.86,18.78,18.58,18.37,18.16,17.96,17.79,17.62,17.45,17.28,17.07,16.86,16.65,16.44,16.24,16.05,15.86,15.66,15.5,15.35,15.19,15.04,14.96,14.89,14.82,14.74,14.65,14.56,14.46,14.37,14.44,14.52,14.6,14.67,14.91,15.15,15.39,15.63,15.96,16.3,16.63,16.96,17.43,17.9,18.36,18.83,19.24,19.66,20.07,20.48,20.82,21.17,21.52,21.86,22.06,22.26,22.47,22.67,22.31,21.96,21.6,21.24,21.52,21.79,22.06,22.34,21.86,21.39,20.92,20.44,20.58,20.73,20.88,21.02,21.03,21.04,21.04,21.05,20.56,20.07,19.58,19.09,,
2016-08-20T00:00:00+00:00,15.88,15.86,15.84,15.69,15.54,15.38,15.23,15.09,14.96,14.82,14.68,14.53,14.38,14.22,14.07,14.12,14.17,14.22,14.27,14.52,14.76,15.0,15.25,15.56,15.87,16.18,16.49,17.02,17.54,18.06,18.59,19.08,19.57,20.06,20.55,20.88,21.2,21.52,21.85,22.01,22.18,22.34,22.5,22.61,22.72,22.84,22.95,23.02,23.1,23.18,23.25,23.24,23.24,23.24,23.23,22.84,22.45,22.06,21.67,21.73,21.8,21.86,21.92,21.56,21.21,20.86,20.5,20.12,19.74,19.35,18.97,18.8,18.64,18.47,18.31,18.17,18.03,17.89,17.75,17.65,17.55,17.44,17.34,17.28,17.23,17.18,17.12,16.89,16.66,16.44,16.21,16.06,15.92,15.77,15.62,15.51,15.41,15.3,15.2,15.04,14.88,14.73,14.57,14.4,14.24,14.08,13.91,13.82,13.73,13.64,13.55,13.59,13.63,13.67,13.71,13.97,14.23,14.48,14.74,15.18,15.61,16.05,16.48,16.83,17.19,17.54,17.89,18.22,18.55,18.88,19.21,19.25,19.29,19.33,19.37,19.57,19.77,19.98,20.18,20.1,20.01,19.92,19.84,19.92,20.01,20.09,20.17,20.48,20.8,21.11,21.42,21.28,21.14,20.99,20.85,21.04,21.22,21.41,21.6,21.42,21.24,21.07,20.89,,
2016-08-21T00:00:00+00:00,14.22,14.03,13.83,13.65,13.47,13.29,13.11,12.99,12.88,12.76,12.64,12.57,12.5,12.42,12.35,12.42,12.5,12.57,12.64,12.94,13.24,13.55,13.85,14.29,14.72,15.16,15.6,16.0,16.39,16.78,17.18,17.14,17.1,17.05,17.01,17.3,17.58,17.87,18.16,18.58,18.99,19.41,19.83,20.0,20.17,20.35,20.52,20.4,20.28,20.15,20.03,20.43,20.83,21.23,21.63,21.62,21.6,21.58,21.57,21.57,21.58,21.58,21.58,21.39,21.2,21.01,20.82,20.4,19.98,19.55,19.13,18.77,18.42,18.07,17.71,17.39,17.07,16.74,16.42,16.2,15.98,15.76,15.54,15.41,15.28,15.16,15.03,14.98,14.93,14.89,14.84,14.76,14.68,14.61,14.53,14.46,14.4,14.33,14.26,14.2,14.14,14.07,14.01,13.99,13.97,13.95,13.93,13.98,14.04,14.1,14.15,14.44,14.72,15.0,15.29,15.75,16.22,16.68,17.14,17.67,18.2,18.73,19.26,19.66,20.07,20.47,20.87,21.18,21.5,21.82,22.13,22.44,22.74,23.05,23.36,23.65,23.94,24.22,24.51,24.73,24.94,25.16,25.38,25.5,25.63,25.76,25.88,25.95,26.02,26.09,26.16,26.16,26.17,26.18,26.18,26.12,26.06,26.01,25.95,25.75,25.56,25.36,25.16,,
2016-08-22T00:00:00+00:00,15.62,15.52,15.43,15.35,15.27,15.2,15.12,15.06,15.0,14.94,14.88,14.76,14.65,14.53,14.41,14.62,14.82,15.03,15.24,15.72,16.2,16.68,17.16,17.67,18.18,18.69,19.2,19.64,20.08,20.51,20.95,21.38,21.82,22.25,22.68,23.01,23.34,23.68,24.01,24.28,24.54,24.8,25.07,25.28,25.5,25.71,25.92,26.07,26.22,26.37,26.52,26.6,26.69,26.78,26.86,26.87,26.88,26.89,26.9,26.82,26.75,26.68,26.6,26.37,26.14,25.9,25.67,25.37,25.08,24.78,24.48,24.22,23.96,23.7,23.44,23.22,22.99,22.76,22.54,22.34,22.15,21.96,21.76,21.55,21.34,21.13,20.92,20.72,20.52,20.31,20.11,19.94,19.77,19.61,19.44,19.23,19.02,18.82,18.61,18.45,18.29,18.13,17.97,17.82,17.68,17.54,17.39,17.24,17.08,16.93,16.78,16.9,17.03,17.16,17.28,17.7,18.11,18.53,18.94,19.52,20.1,20.67,21.25,21.86,22.47,23.08,23.69,24.14,24.6,25.05,25.5,25.97,26.44,26.9,27.37,27.71,28.06,28.4,28.74,29.01,29.28,29.56,29.83,30.05,30.28,30.5,30.72,30.82,30.91,31.01,31.1,31.1,31.1,31.09,31.09,30.95,30.82,30.68,30.54,30.23,29.92,29.62,29.31,,
2016-08-23T00:00:00+00:00,18.04,17.84,17.63,17.51,17.39,17.26,17.14,17.04,16.93,16.82,16.72,16.63,16.54,16.45,16.36,16.49,16.62,16.75,16.88,17.34,17.8,18.26,18.72,19.24,19.77,20.3,20.82,21.41,22.0,22.58,23.17,23.71,24.26,24.8,25.34,25.84,26.33,26.82,27.32,27.74,28.17,28.6,29.02,29.28,29.54,29.8,30.06,30.34,30.63,30.92,31.2,31.35,31.5,31.65,31.8,31.87,31.94,32.01,32.08,31.99,31.9,31.81,31.72,31.37,31.02,30.68,30.33,29.94,29.56,29.17,28.78,28.46,28.15,27.84,27.52,27.23,26.94,26.64,26.35,26.08,25.81,25.54,25.27,24.96,24.65,24.34,24.03,23.78,23.52,23.27,23.02,22.78,22.53,22.28,22.04,21.82,21.6,21.39,21.17,20.99,20.82,20.64,20.46,20.27,20.09,19.9,19.72,19.57,19.42,19.27,19.12,19.21,19.3,19.38,19.47,20.01,20.55,21.09,21.63,22.18,22.74,23.3,23.85,24.43,25.01,25.58,26.16,26.69,27.22,27.74,28.27,28.83,29.4,29.96,30.52,31.02,31.52,32.02,32.52,32.86,33.2,33.53,33.87,34.12,34.36,34.61,34.86,34.99,35.13,35.26,35.4,35.39,35.39,35.39,35.38,35.25,35.12,35.0,34.87,34.56,34.26,33.96,33.65,,
2016-08-24T00:00:00+00:00,20.27,20.11,19.94,19.82,19.7,19.58,19.46,19.32,19.18,19.04,18.9,18.8,18.71,18.61,18.52,18.65,18.77,18.9,19.03,19.46,19.9,20.33,20.76,21.29,21.82,22.35,22.88,23.44,24.0,24.57,25.13,25.69,26.26,26.82,27.38,27.9,28.42,28.93,29.45,29.86,30.28,30.7,31.11,31.4,31.68,31.96,32.25,32.54,32.84,33.14,33.43,33.62,33.8,33.98,34.17,34.22,34.28,34.34,34.39,34.22,34.06,33.89,33.72,33.39,33.07,32.75,32.42,31.92,31.43,30.94,30.44,30.12,29.8,29.48,29.16,28.95,28.74,28.53,28.32,27.63,26.94,26.24,25.55,25.32,25.1,24.88,24.65,24.49,24.33,24.17,24.01,23.98,23.94,23.91,23.88,23.78,23.67,23.56,23.46,23.33,23.2,23.06,22.93,22.78,22.62,22.46,22.31,22.1,21.9,21.7,21.49,21.55,21.6,21.66,21.72,22.12,22.51,22.9,23.3,23.86,24.42,24.98,25.54,26.14,26.74,27.35,27.95,28.48,29.01,29.54,30.07,30.54,31.02,31.49,31.96,32.33,32.7,33.08,33.45,33.74,34.03,34.33,34.62,34.81,35.0,35.2,35.39,35.46,35.53,35.61,35.68,35.67,35.66,35.65,35.64,35.56,35.48,35.41,35.33,35.04,34.74,34.45,34.16,,
2016-08-25T00:00:00+00:00,21.42,21.34,21.26,21.04,20.82,20.6,20.38,20.27,20.16,20.04,19.93,19.82,19.7,19.59,19.48,19.62,19.76,19.89,20.03,20.64,21.26,21.87,22.48,22.94,23.39,23.84,24.3,24.73,25.16,25.58,26.01,26.52,27.02,27.53,28.04,28.6,29.16,29.71,30.27,30.66,31.06,31.45,31.84,32.21,32.58,32.94,33.31,33.56,33.81,34.06,34.31,34.45,34.6,34.74,34.88,34.87,34.86,34.85,34.84,34.75,34.67,34.58,34.49,34.23,33.97,33.7,33.44,33.07,32.7,32.32,31.95,31.71,31.47,31.23,30.99,30.7,30.42,30.13,29.84,29.44,29.03,28.62,28.22,27.93,27.64,27.34,27.05,26.81,26.57,26.33,26.09,25.97,25.86,25.74,25.62,25.24,24.85,24.46,24.08,23.82,23.56,23.31,23.05,22.96,22.88,22.79,22.7,22.54,22.38,22.21,22.05,21.91,21.76,21.62,21.48,21.88,22.27,22.66,23.06,23.49,23.92,24.36,24.79,25.28,25.78,26.27,26.76,27.19,27.62,28.05,28.48,28.94,29.41,29.88,30.34,30.78,31.22,31.67,32.11,32.36,32.62,32.88,33.13,33.28,33.42,33.56,33.71,33.85,33.98,34.12,34.26,34.28,34.3,34.31,34.33,34.0,33.67,33.35,33.02,32.65,32.29,31.92,31.55,,
2016-08-26T00:00:00+00:00,22.1,22.14,22.17,21.93,21.68,21.44,21.2,21.1,21.0,20.91,20.81,20.74,20.68,20.62,20.55,20.63,20.71,20.79,20.87,21.51,22.15,22.78,23.42,24.03,24.64,25.24,25.85,26.27,26.69,27.11,27.53,27.86,28.18,28.51,28.84,29.13,29.42,29.7,29.99,30.33,30.66,31.0,31.34,31.58,31.82,32.05,32.29,32.46,32.63,32.8,32.97,33.02,33.07,33.12,33.17,32.98,32.8,32.62,32.43,32.06,31.69,31.32,30.95,30.55,30.15,29.75,29.35,29.04,28.74,28.43,28.12,27.95,27.78,27.6,27.43,27.16,26.9,26.64,26.37,26.14,25.91,25.68,25.45,25.26,25.06,24.87,24.68,24.53,24.38,24.23,24.08,23.9,23.72,23.53,23.35,23.2,23.04,22.89,22.74,22.64,22.53,22.42,22.32,22.25,22.18,22.11,22.04,21.96,21.88,21.8,21.72,21.79,21.86,21.94,22.01,22.34,22.67,23.0,23.33,23.65,23.97,24.29,24.61,25.08,25.54,26.0,26.47,27.13,27.78,28.44,29.1,29.46,29.83,30.19,30.55,30.95,31.34,31.74,32.14,32.52,32.9,33.29,33.67,33.92,34.17,34.43,34.68,26.01,17.34,8.67,0.0,0.0,0.0,0.0,0.0,0.0,0.0,0.0,0.0,0.0,0.0,0.0,0.0,,
2016-08-27T00:00:00+00:00,22.4,22.27,22.15,22.01,21.86,21.72,21.58,21.46,21.34,21.22,21.1,20.94,20.78,20.61,20.45,20.57,20.69,20.81,20.93,21.32,21.7,22.09,22.48,22.9,23.33,23.75,24.17,24.7,25.22,25.75,26.28,26.71,27.14,27.56,27.99,28.56,29.14,29.72,30.29,30.76,31.23,31.7,32.17,32.47,32.76,33.06,33.36,33.59,33.82,34.05,34.28,34.38,34.48,34.58,34.68,34.66,34.64,34.61,34.59,34.44,34.29,34.14,33.99,33.71,33.42,33.14,32.86,32.47,32.08,31.68,31.29,31.05,30.81,30.57,30.33,30.05,29.78,29.5,29.22,28.87,28.52,28.17,27.82,27.51,27.2,26.88,26.57,26.44,26.32,26.19,26.06,25.77,25.48,25.18,24.89,24.82,24.74,24.67,24.6,24.4,24.19,23.98,23.78,23.64,23.5,23.35,23.21,23.03,22.85,22.67,22.49,22.08,21.66,21.25,20.84,20.79,20.74,20.7,20.65,20.93,21.22,21.5,21.78,22.12,22.45,22.78,23.12,23.39,23.66,23.92,24.19,24.32,24.45,24.58,24.71,24.88,25.05,25.22,25.39,25.58,25.78,25.97,26.16,26.36,26.55,26.74,26.94,27.02,27.1,27.19,27.27,27.29,27.32,27.34,27.36,27.26,27.17,27.08,26.98,26.74,26.51,26.27,26.03,,
2016-08-28T00:00:00+00:00,22.3,22.28,22.26,22.1,21.94,21.79,21.63,21.47,21.32,21.16,21.0,20.87,20.74,20.61,20.48,20.46,20.45,20.44,20.42,20.62,20.81,21.0,21.2,21.26,21.33,21.4,21.46,21.4,21.35,21.3,21.24,21.65,22.06,22.46,22.87,23.16,23.46,23.75,24.04,24.25,24.46,24.67,24.88,25.1,25.32,25.53,25.75,25.87,25.98,26.1,26.22,26.34,26.47,26.6,26.72,26.73,26.74,26.76,26.77,26.66,26.55,26.44,26.33,26.09,25.84,25.6,25.36,25.04,24.73,24.42,24.1,23.92,23.74,23.57,23.39,23.15,22.9,22.66,22.42,22.08,21.73,21.38,21.04,20.83,20.62,20.4,20.19,19.93,19.68,19.42,19.16,19.01,18.86,18.71,18.56,18.56,18.56,18.57,18.57,18.51,18.44,18.38,18.32,18.37,18.41,18.45,18.5,18.47,18.44,18.4,18.37,18.4,18.42,18.45,18.48,18.58,18.68,18.78,18.88,19.02,19.15,19.28,19.42,19.47,19.51,19.56,19.6,19.89,20.17,20.45,20.74,20.84,20.93,21.02,21.12,21.23,21.34,21.46,21.57,21.95,22.33,22.71,23.09,23.29,23.49,23.69,23.89,23.08,22.26,21.45,20.64,21.08,21.53,21.98,22.42,22.26,22.1,21.95,21.79,21.74,21.7,21.65,21.6,,
2016-08-29T00:00:00+00:00,16.62,16.5,16.38,16.29,16.21,16.12,16.04,15.93,15.83,15.72,15.62,15.51,15.4,15.29,15.18,15.36,15.53,15.7,15.88,16.32,16.77,17.22,17.66,17.97,18.27,18.58,18.89,19.03,19.17,19.31,19.45,19.51,19.58,19.64,19.7,19.42,19.15,18.88,18.6,18.55,18.49,18.43,18.38,18.84,19.29,19.74,20.2,20.15,20.1,20.05,20.0,20.35,20.7,21.04,21.39,20.9,20.41,19.92,19.43,19.32,19.21,19.1,18.99,19.01,19.03,19.05,19.07,18.91,18.76,18.6,18.44,18.24,18.03,17.83,17.62,17.46,17.31,17.16,17.0,17.0,17.01,17.02,17.02,16.93,16.85,16.76,16.68,16.48,16.29,16.1,15.9,15.73,15.56,15.39,15.22,15.09,14.96,14.83,14.7,14.61,14.52,14.43,14.34,14.26,14.18,14.09,14.01,13.93,13.86,13.78,13.7,13.8,13.9,14.0,14.1,14.53,14.96,15.4,15.83,16.21,16.58,16.96,17.34,17.73,18.12,18.51,18.9,19.31,19.72,20.13,20.54,20.97,21.4,21.82,22.25,22.63,23.02,23.4,23.78,24.05,24.32,24.59,24.86,25.03,25.2,25.37,25.54,25.59,25.64,25.7,25.75,25.7,25.64,25.59,25.54,25.42,25.3,25.17,25.05,24.75,24.46,24.16,23.86,,
2016-08-30T00:00:00+00:00,16.48,16.56,16.64,16.64,16.64,16.64,16.64,16.51,16.38,16.25,16.12,15.82,15.52,15.23,14.93,14.81,14.7,14.58,14.46,14.79,15.12,15.45,15.78,16.2,16.61,17.03,17.45,17.86,18.26,18.67,19.08,19.58,20.08,20.57,21.07,21.45,21.82,22.2,22.58,22.9,23.22,23.55,23.87,24.14,24.41,24.68,24.95,25.12,25.28,25.44,25.61,25.69,25.76,25.84,25.92,25.89,25.86,25.82,25.79,25.7,25.61,25.52,25.43,25.18,24.93,24.68,24.43,24.14,23.84,23.54,23.25,22.94,22.64,22.33,22.02,21.81,21.6,21.4,21.19,20.81,20.42,20.04,19.66,19.49,19.32,19.16,18.99,18.84,18.68,18.53,18.37,18.27,18.18,18.08,17.99,17.88,17.77,17.66,17.55,17.45,17.35,17.25,17.15,17.04,16.93,16.83,16.72,16.56,16.4,16.25,16.09,16.17,16.26,16.34,16.42,16.92,17.42,17.91,18.41,18.92,19.42,19.93,20.44,20.99,21.54,22.08,22.63,23.14,23.64,24.15,24.66,24.92,25.19,25.46,25.72,25.89,26.06,26.23,26.4,26.53,26.66,26.78,26.91,27.02,27.12,27.23,27.34,27.36,27.38,27.41,27.43,27.42,27.42,27.42,27.41,27.18,26.94,26.71,26.48,26.13,25.78,25.43,25.08,,
2016-08-31T00:00:00+00:00,16.42,16.38,16.34,16.26,16.19,16.11,16.04,16.03,16.02,16.0,15.99,15.83,15.66,15.5,15.34,15.52,15.7,15.88,16.06,16.55,17.04,17.52,18.01,18.56,19.11,19.66,20.21,20.73,21.26,21.78,22.3,22.74,23.18,23.61,24.05,24.32,24.6,24.88,25.15,25.38,25.62,25.85,26.08,26.21,26.34,26.46,26.59,26.69,26.78,26.88,26.98,27.05,27.12,27.18,27.25,27.22,27.2,27.17,27.14,26.95,26.76,26.56,26.37,26.02,25.68,25.34,24.99,24.52,24.06,23.6,23.13,22.8,22.46,22.13,21.8,21.56,21.33,21.1,20.86,20.6,20.34,20.09,19.83,19.62,19.42,19.21,19.0,18.78,18.56,18.34,18.12,17.9,17.68,17.45,17.23,17.05,16.86,16.67,16.49,16.31,16.14,15.96,15.79,15.61,15.42,15.24,15.06,14.88,14.71,14.54,14.36,14.37,14.38,14.39,14.4,14.64,14.88,15.13,15.37,15.58,15.78,15.99,16.19,16.67,17.16,17.64,18.12,18.58,19.03,19.48,19.94,20.33,20.72,21.11,21.5,21.82,22.14,22.47,22.79,23.09,23.38,23.68,23.98,24.26,24.54,24.81,25.09,25.11,25.12,25.14,25.16,25.02,24.87,24.72,24.58,24.41,24.24,24.08,23.91,23.68,23.46,23.23,23.0,,
2016-09-01T00:00:00+00:00,15.68,15.52,15.35,15.2,15.06,14.92,14.77,14.7,14.62,14.55,14.48,14.38,14.28,14.19,14.09,14.19,14.3,14.4,14.5,15.02,15.55,16.08,16.6,17.12,17.64,18.16,18.68,19.14,19.61,20.08,20.54,20.94,21.34,21.74,22.14,22.46,22.78,23.09,23.41,23.7,23.99,24.29,24.58,24.84,25.1,25.36,25.62,25.71,25.8,25.88,25.97,26.06,26.14,26.22,26.31,26.34,26.36,26.39,26.42,26.35,26.28,26.2,26.13,25.91,25.68,25.46,25.24,24.89,24.54,24.2,23.85,23.38,22.9,22.42,21.95,21.6,21.26,20.91,20.56,20.36,20.16,19.96,19.76,19.56,19.36,19.15,18.95,18.72,18.48,18.24,18.01,17.86,17.7,17.55,17.4,17.26,17.11,16.96,16.82,16.73,16.64,16.56,16.47,16.36,16.26,16.16,16.05,15.96,15.88,15.8,15.71,15.76,15.82,15.87,15.92,16.35,16.78,17.21,17.64,18.15,18.66,19.16,19.67,20.26,20.84,21.42,22.01,22.53,23.05,23.57,24.09,24.62,25.14,25.67,26.2,26.54,26.88,27.21,27.55,27.8,28.04,28.28,28.53,28.78,29.02,29.26,29.51,29.56,29.62,29.68,29.73,29.68,29.64,29.59,29.54,29.44,29.35,29.26,29.16,28.87,28.58,28.29,28.0,,
2016-09-02T00:00:00+00:00,15.86,15.81,15.76,15.62,15.48,15.35,15.21,15.13,15.06,14.98,14.9,14.8,14.71,14.62,14.52,14.64,14.77,14.9,15.02,15.45,15.88,16.32,16.75,17.21,17.66,18.12,18.58,19.09,19.6,20.12,20.63,21.16,21.7,22.24,22.77,23.26,23.76,24.25,24.74,25.06,25.38,25.71,26.03,26.16,26.3,26.44,26.57,26.79,27.02,27.24,27.46,27.61,27.76,27.92,28.07,28.14,28.21,28.28,28.35,28.27,28.18,28.1,28.02,27.79,27.56,27.33,27.1,26.56,26.01,25.47,24.92,24.54,24.16,23.78,23.4,23.06,22.72,22.38,22.04,21.48,20.92,20.37,19.81,19.68,19.56,19.43,19.3,19.14,18.98,18.83,18.67,18.49,18.31,18.13,17.95,17.77,17.58,17.4,17.22,17.03,16.84,16.65,16.46,16.32,16.18,16.03,15.89,15.77,15.65,15.53,15.41,15.38,15.36,15.33,15.3,15.55,15.8,16.05,16.3,16.64,16.98,17.32,17.66,18.18,18.7,19.21,19.73,20.32,20.91,21.5,22.09,22.57,23.05,23.53,24.01,24.31,24.6,24.9,25.2,25.45,25.7,25.94,26.19,26.48,26.76,27.04,27.33,27.52,27.71,27.9,28.09,28.15,28.22,28.28,28.34,28.29,28.24,28.19,28.14,27.84,27.54,27.25,26.95,,
2016-09-03T00:00:00+00:00,17.54,17.48,17.43,17.24,17.04,16.84,16.65,16.54,16.42,16.31,16.2,16.12,16.04,15.96,15.88,16.01,16.14,16.26,16.39,16.85,17.3,17.76,18.22,18.65,19.08,19.52,19.95,20.32,20.7,21.08,21.45,21.83,22.22,22.6,22.98,23.44,23.9,24.35,24.81,25.07,25.32,25.58,25.84,26.02,26.2,26.38,26.56,26.86,27.16,27.47,27.77,27.91,28.06,28.2,28.34,28.35,28.36,28.37,28.38,28.29,28.2,28.11,28.02,27.77,27.52,27.28,27.03,26.73,26.43,26.13,25.83,25.56,25.3,25.04,24.77,24.37,23.98,23.58,23.18,22.98,22.79,22.6,22.4,22.18,21.97,21.76,21.54,21.4,21.26,21.12,20.98,20.9,20.82,20.73,20.65,20.31,19.98,19.64,19.31,19.18,19.05,18.92,18.79,18.74,18.68,18.63,18.58,18.45,18.31,18.18,18.05,18.09,18.13,18.17,18.21,18.37,18.52,18.68,18.84,18.88,18.92,18.97,19.01,19.09,19.16,19.24,19.32,19.82,20.32,20.81,21.31,21.62,21.94,22.26,22.57,22.68,22.78,22.89,23.0,23.32,23.64,23.95,24.27,24.49,24.72,24.94,25.16,24.95,24.74,24.52,24.31,24.07,23.82,23.58,23.34,23.05,22.76,22.47,22.18,22.06,21.94,21.81,21.69,,
2016-09-04T00:00:00+00:00,19.89,19.82,19.76,19.68,19.59,19.51,19.42,19.3,19.19,19.08,18.96,18.83,18.7,18.57,18.44,18.49,18.54,18.59,18.64,18.92,19.19,19.46,19.74,19.8,19.86,19.93,19.99,20.42,20.84,21.27,21.7,22.16,22.63,23.1,23.56,23.63,23.7,23.78,23.85,23.8,23.74,23.68,23.63,23.8,23.98,24.15,24.33,24.32,24.32,24.31,24.3,24.24,24.18,24.12,24.06,23.97,23.88,23.79,23.7,23.49,23.28,23.06,22.85,22.62,22.4,22.18,21.95,21.68,21.42,21.16,20.89,20.7,20.52,20.33,20.14,20.01,19.88,19.76,19.63,19.55,19.48,19.4,19.32,19.2,19.08,18.95,18.83,18.64,18.44,18.25,18.06,17.97,17.89,17.8,17.72,17.66,17.59,17.52,17.46,17.42,17.37,17.33,17.28,17.19,17.1,17.01,16.92,16.92,16.91,16.9,16.9,16.94,16.98,17.01,17.05,17.07,17.08,17.1,17.12,17.2,17.28,17.37,17.45,17.89,18.33,18.77,19.21,19.32,19.42,19.52,19.63,19.89,20.16,20.42,20.68,20.84,20.99,21.14,21.3,21.84,22.37,22.9,23.44,23.7,23.95,24.2,24.46,24.52,24.58,24.65,24.71,24.71,24.7,24.7,24.7,24.66,24.62,24.59,24.55,24.36,24.16,23.97,23.78,,
2016-09-05T00:00:00+00:00,17.08,17.15,17.22,17.12,17.03,16.93,16.84,16.74,16.63,16.53,16.43,16.42,16.41,16.4,16.39,16.46,16.54,16.61,16.68,16.63,16.58,16.53,16.48,16.52,16.56,16.59,16.63,16.7,16.78,16.86,16.93,17.1,17.26,17.43,17.6,18.0,18.4,18.8,19.2,19.56,19.92,20.28,20.64,20.86,21.08,21.29,21.51,21.57,21.63,21.69,21.75,22.09,22.43,22.77,23.11,23.16,23.2,23.25,23.3,23.3,23.31,23.32,23.32,23.28,23.24,23.21,23.17,23.09,23.01,22.92,22.84,22.66,22.47,22.28,22.1,21.91,21.72,21.52,21.33,21.19,21.05,20.91,20.77,20.73,20.7,20.66,20.62,20.53,20.44,20.34,20.25,20.24,20.23,20.21,20.2,20.15,20.1,20.05,20.0,19.88,19.77,19.66,19.54,19.42,19.3,19.17,19.05,19.06,19.06,19.07,19.07,19.18,19.28,19.38,19.49,19.63,19.76,19.9,20.04,20.27,20.5,20.74,20.97,21.2,21.43,21.66,21.89,22.08,22.26,22.44,22.63,22.81,22.99,23.18,23.36,23.5,23.64,23.79,23.93,24.22,24.51,24.8,25.09,25.08,25.08,25.07,25.06,25.21,25.35,25.5,25.65,25.72,25.8,25.87,25.94,25.85,25.76,25.67,25.58,25.38,25.18,24.98,24.78,,
2016-09-06T00:00:00+00:00,17.38,17.38,17.37,17.46,17.56,17.66,17.75,17.79,17.82,17.86,17.9,17.95,18.0,18.06,18.11,18.24,18.38,18.51,18.64,18.8,18.97,19.14,19.3,19.46,19.62,19.77,19.93,20.07,20.2,20.34,20.48,20.63,20.78,20.94,21.09,21.47,21.85,22.23,22.61,22.74,22.88,23.02,23.15,23.52,23.89,24.26,24.63,24.73,24.82,24.92,25.02,25.09,25.16,25.23,25.3,25.28,25.26,25.23,25.21,25.14,25.08,25.01,24.94,24.71,24.48,24.26,24.03,23.73,23.44,23.14,22.84,22.65,22.46,22.28,22.09,21.9,21.72,21.53,21.34,21.12,20.9,20.67,20.45,20.24,20.04,19.83,19.62,19.47,19.32,19.17,19.02,18.82,18.62,18.43,18.23,18.06,17.9,17.73,17.56,17.37,17.17,16.98,16.79,16.65,16.5,16.36,16.22,16.07,15.92,15.76,15.61,15.59,15.58,15.56,15.54,15.9,16.27,16.63,17.0,17.46,17.92,18.39,18.85,19.41,19.97,20.53,21.09,21.61,22.12,22.64,23.16,23.61,24.06,24.52,24.97,25.3,25.62,25.95,26.28,26.47,26.66,26.86,27.05,27.15,27.25,27.35,27.45,27.52,27.6,27.67,27.74,27.7,27.67,27.64,27.6,27.42,27.24,27.07,26.89,26.57,26.25,25.93,25.61,,
2016-09-07T00:00:00+00:00,17.08,16.97,16.86,16.73,16.6,16.48,16.35,16.26,16.16,16.07,15.98,15.84,15.7,15.56,15.42,15.43,15.44,15.44,15.45,15.85,16.26,16.66,17.06,17.48,17.9,18.31,18.73,19.2,19.67,20.14,20.61,21.14,21.67,22.2,22.73,23.2,23.66,24.12,24.59,24.9,25.2,25.5,25.81,26.04,26.28,26.51,26.74,26.92,27.1,27.28,27.46,27.52,27.58,27.64,27.7,27.6,27.5,27.4,27.3,27.12,26.94,26.75,26.57,26.25,25.93,25.61,25.29,24.86,24.44,24.01,23.58,23.24,22.9,22.57,22.23,22.0,21.78,21.56,21.33,21.12,20.9,20.69,20.48,20.32,20.16,19.99,19.83,19.67,19.52,19.36,19.2,19.04,18.89,18.74,18.58,18.42,18.26,18.09,17.93,17.77,17.62,17.46,17.31,17.2,17.09,16.98,16.87,16.8,16.72,16.64,16.57,16.67,16.76,16.86,16.96,17.37,17.78,18.2,18.61,19.01,19.42,19.82,20.22,20.75,21.28,21.82,22.35,22.26,22.17,22.08,21.99,22.36,22.72,23.09,23.46,23.77,24.08,24.39,24.7,24.83,24.96,25.09,25.22,25.19,25.16,25.13,25.1,25.01,24.92,24.83,24.74,24.65,24.56,24.47,24.38,24.24,24.11,23.98,23.84,23.41,22.98,22.55,22.12,,
2016-09-08T00:00:00+00:00,16.44,16.38,16.33,16.21,16.09,15.97,15.85,15.76,15.67,15.58,15.49,15.4,15.31,15.22,15.13,15.16,15.2,15.24,15.27,15.68,16.1,16.52,16.93,17.48,18.04,18.6,19.15,19.53,19.9,20.28,20.66,20.92,21.17,21.42,21.68,22.02,22.36,22.7,23.04,23.32,23.6,23.89,24.17,24.33,24.5,24.66,24.82,24.78,24.74,24.7,24.66,24.55,24.44,24.33,24.22,24.15,24.08,24.0,23.93,23.81,23.7,23.58,23.46,22.97,22.48,21.99,21.5,21.1,20.69,20.28,19.88,19.56,19.23,18.9,18.58,18.3,18.02,17.75,17.47,17.29,17.12,16.94,16.77,16.67,16.58,16.48,16.38,16.27,16.17,16.07,15.96,15.85,15.74,15.62,15.51,15.41,15.31,15.21,15.11,15.02,14.92,14.83,14.74,14.61,14.48,14.36,14.23,14.1,13.96,13.83,13.7,13.78,13.86,13.95,14.03,14.5,14.98,15.46,15.93,16.43,16.92,17.42,17.92,18.41,18.9,19.38,19.87,20.26,20.64,21.02,21.41,21.79,22.17,22.55,22.93,23.23,23.52,23.82,24.12,24.33,24.54,24.74,24.95,25.08,25.22,25.35,25.48,25.55,25.62,25.69,25.76,25.75,25.74,25.74,25.73,25.64,25.54,25.44,25.35,25.02,24.7,24.37,24.04,,
2016-09-09T00:00:00+00:00,13.14,13.06,12.98,12.84,12.69,12.54,12.4,12.42,12.45,12.48,12.5,12.48,12.46,12.44,12.42,12.51,12.6,12.7,12.79,13.26,13.74,14.22,14.69,15.36,16.02,16.69,17.35,17.87,18.38,18.9,19.41,19.82,20.24,20.65,21.06,21.4,21.73,22.06,22.4,22.69,22.98,23.27,23.56,23.78,24.0,24.23,24.45,24.59,24.73,24.87,25.01,25.08,25.16,25.23,25.3,25.3,25.3,25.3,25.3,25.18,25.05,24.92,24.8,24.43,24.06,23.68,23.31,22.88,22.46,22.03,21.6,21.26,20.91,20.56,20.22,19.91,19.6,19.29,18.98,18.76,18.55,18.33,18.11,18.0,17.9,17.8,17.69,17.48,17.27,17.07,16.86,16.73,16.6,16.46,16.33,16.2,16.07,15.94,15.81,15.68,15.54,15.41,15.28,15.11,14.94,14.78,14.61,14.44,14.27,14.1,13.93,13.97,14.02,14.06,14.1,14.51,14.92,15.33,15.74,16.31,16.88,17.44,18.01,18.64,19.26,19.89,20.51,20.93,21.34,21.76,22.18,22.48,22.78,23.07,23.37,23.65,23.93,24.21,24.49,24.69,24.88,25.08,25.28,25.38,25.48,25.57,25.67,25.64,25.61,25.58,25.55,25.5,25.44,25.38,25.33,25.2,25.06,24.92,24.79,24.47,24.16,23.84,23.52,,
2016-09-10T00:00:00+00:00,14.9,14.82,14.75,14.58,14.42,14.26,14.09,13.9,13.72,13.53,13.34,13.3,13.26,13.23,13.19,13.19,13.18,13.18,13.18,13.64,14.09,14.54,15.0,15.58,16.16,16.74,17.32,17.87,18.42,18.97,19.52,20.15,20.78,21.41,22.04,22.34,22.63,22.92,23.22,23.58,23.93,24.28,24.64,24.82,25.0,25.17,25.35,25.39,25.44,25.48,25.52,25.5,25.48,25.46,25.44,25.35,25.26,25.18,25.09,24.97,24.85,24.73,24.61,24.32,24.04,23.76,23.47,23.17,22.88,22.58,22.29,22.11,21.93,21.75,21.57,21.39,21.2,21.02,20.84,20.83,20.82,20.81,20.8,20.66,20.53,20.4,20.26,20.13,20.01,19.88,19.75,19.62,19.48,19.34,19.21,19.02,18.84,18.66,18.47,18.42,18.37,18.31,18.26,18.16,18.06,17.96,17.86,17.76,17.67,17.58,17.48,17.35,17.23,17.1,16.97,16.96,16.95,16.95,16.94,17.06,17.18,17.31,17.43,17.42,17.42,17.41,17.4,17.44,17.48,17.52,17.56,17.6,17.63,17.67,17.71,18.08,18.45,18.83,19.2,19.67,20.14,20.61,21.08,21.54,21.99,22.45,22.91,22.61,22.3,22.0,21.7,21.85,22.0,22.15,22.3,22.45,22.6,22.74,22.89,22.69,22.5,22.3,22.1,,
2016-09-11T00:00:00+00:00,18.44,18.17,17.91,17.73,17.55,17.36,17.18,17.05,16.92,16.8,16.67,16.6,16.52,16.44,16.37,16.33,16.29,16.25,16.21,16.52,16.84,17.15,17.46,17.74,18.03,18.32,18.6,18.89,19.17,19.45,19.74,20.07,20.4,20.74,21.07,21.47,21.87,22.27,22.67,22.96,23.26,23.55,23.84,24.1,24.37,24.64,24.9,25.08,25.26,25.43,25.61,25.62,25.64,25.65,25.66,25.65,25.64,25.63,25.62,25.37,25.12,24.86,24.61,24.33,24.04,23.76,23.48,23.21,22.94,22.67,22.4,22.28,22.16,22.03,21.91,21.72,21.52,21.32,21.13,21.03,20.93,20.83,20.73,20.6,20.46,20.33,20.2,20.12,20.05,19.97,19.89,19.82,19.76,19.7,19.63,19.52,19.42,19.31,19.2,19.11,19.03,18.94,18.86,18.73,18.6,18.48,18.35,18.2,18.06,17.91,17.76,17.88,18.0,18.11,18.23,18.6,18.98,19.35,19.72,20.35,20.98,21.61,22.24,22.71,23.18,23.65,24.12,24.67,25.22,25.78,26.33,26.83,27.34,27.84,28.34,28.69,29.04,29.38,29.73,29.94,30.16,30.38,30.59,30.66,30.72,30.78,30.85,30.77,30.68,30.6,30.52,29.98,29.43,28.88,28.34,28.37,28.4,28.42,28.45,28.29,28.14,27.98,27.82,,
2016-09-12T00:00:00+00:00,17.84,17.67,17.51,17.43,17.34,17.26,17.18,17.09,17.0,16.92,16.83,16.76,16.7,16.63,16.56,16.55,16.54,16.53,16.52,16.91,17.3,17.69,18.08,18.6,19.13,19.66,20.18,20.77,21.36,21.94,22.53,23.12,23.71,24.3,24.89,25.39,25.9,26.4,26.9,27.2,27.49,27.79,28.09,28.38,28.67,28.96,29.25,29.39,29.54,29.68,29.82,29.64,29.47,29.3,29.12,29.07,29.02,28.97,28.92,28.67,28.42,28.17,27.92,27.67,27.42,27.16,26.91,26.7,26.49,26.28,26.07,25.83,25.6,25.36,25.12,25.06,25.0,24.94,24.88,24.8,24.72,24.65,24.57,24.41,24.26,24.1,23.94,23.78,23.62,23.46,23.3,23.22,23.14,23.07,22.99,22.82,22.64,22.46,22.29,22.08,21.87,21.66,21.45,21.36,21.28,21.2,21.11,20.93,20.76,20.58,20.4,20.42,20.43,20.44,20.46,20.62,20.79,20.96,21.12,21.66,22.2,22.74,23.28,23.87,24.46,25.04,25.63,26.19,26.74,27.3,27.86,28.32,28.78,29.23,29.69,30.04,30.4,30.76,31.11,31.44,31.76,32.09,32.42,32.56,32.7,32.83,32.97,32.98,33.0,33.02,33.03,32.92,32.81,32.7,32.59,32.38,32.16,31.95,31.74,31.35,30.96,30.57,30.18,,
2016-09-13T00:00:00+00:00,22.24,22.05,21.86,21.76,21.67,21.58,21.48,21.22,20.96,20.7,20.44,20.26,20.08,19.91,19.73,19.68,19.63,19.59,19.54,19.87,20.2,20.54,20.87,21.39,21.92,22.44,22.96,23.6,24.25,24.9,25.54,26.02,26.51,27.0,27.48,28.02,28.55,29.08,29.62,29.86,30.1,30.35,30.59,30.74,30.89,31.04,31.19,31.25,31.3,31.36,31.42,31.2,30.99,30.78,30.56,30.39,30.22,30.04,29.87,29.51,29.15,28.79,28.43,28.25,28.07,27.89,27.71,27.46,27.2,26.94,26.69,26.46,26.22,25.98,25.75,25.63,25.52,25.4,25.28,25.14,25.01,24.88,24.74,24.52,24.3,24.08,23.86,23.7,23.54,23.38,23.22,23.03,22.84,22.65,22.46,22.3,22.15,22.0,21.84,21.48,21.11,20.74,20.38,20.04,19.7,19.36,19.02,18.86,18.7,18.53,18.37,18.3,18.23,18.15,18.08,18.38,18.67,18.97,19.27,19.59,19.9,20.22,20.54,21.01,21.48,21.94,22.41,22.83,23.24,23.66,24.08,24.54,24.99,25.45,25.91,26.14,26.38,26.62,26.85,27.07,27.3,27.52,27.74,27.95,28.16,28.36,28.57,28.68,28.8,28.91,29.02,29.03,29.04,29.04,29.05,28.94,28.83,28.71,28.6,27.96,27.31,26.66,26.02,,
2016-09-14T00:00:00+00:00,21.27,20.9,20.53,20.24,19.94,19.65,19.35,19.1,18.84,18.59,18.34,18.16,17.97,17.78,17.6,17.49,17.38,17.26,17.15,17.29,17.43,17.57,17.71,17.98,18.26,18.54,18.81,19.19,19.56,19.94,20.32,20.65,20.98,21.32,21.65,21.98,22.32,22.65,22.99,23.33,23.67,24.02,24.36,24.46,24.57,24.68,24.78,25.13,25.48,25.82,26.17,26.29,26.4,26.52,26.64,26.71,26.78,26.86,26.93,26.94,26.94,26.95,26.96,26.85,26.74,26.62,26.51,25.07,23.63,22.19,20.75,20.6,20.46,20.32,20.17,19.9,19.62,19.34,19.07,18.97,18.88,18.78,18.68,18.58,18.49,18.4,18.3,18.31,18.32,18.33,18.34,18.22,18.09,17.96,17.84,17.81,17.78,17.76,17.73,17.64,17.54,17.44,17.35,17.42,17.5,17.58,17.65,17.67,17.7,17.72,17.74,17.69,17.64,17.59,17.54,17.67,17.8,17.94,18.07,18.3,18.52,18.75,18.98,19.08,19.17,19.26,19.36,18.99,18.63,18.26,17.9,17.93,17.95,17.98,18.01,17.96,17.92,17.88,17.83,17.84,17.85,17.87,17.88,18.03,18.18,18.33,18.48,18.54,18.6,18.67,18.73,18.76,18.79,18.82,18.85,18.87,18.89,18.9,18.92,18.66,18.41,18.16,17.9,,
2016-09-15T00:00:00+00:00,17.55,17.56,17.57,17.63,17.7,17.76,17.82,17.82,17.81,17.81,17.81,17.76,17.72,17.67,17.62,17.69,17.76,17.82,17.89,17.87,17.84,17.82,17.8,17.7,17.6,17.51,17.41,17.56,17.72,17.87,18.02,18.16,18.3,18.44,18.58,18.56,18.54,18.52,18.5,18.78,19.06,19.35,19.63,19.66,19.7,19.74,19.77,19.48,19.2,18.91,18.62,18.92,19.21,19.51,19.8,19.8,19.8,19.79,19.79,19.76,19.74,19.71,19.68,19.43,19.19,18.94,18.7,18.5,18.3,18.09,17.89,17.76,17.62,17.49,17.36,17.34,17.32,17.31,17.29,17.18,17.07,16.96,16.85,16.62,16.4,16.17,15.94,15.79,15.64,15.5,15.35,15.28,15.2,15.12,15.05,15.01,14.97,14.93,14.89,14.78,14.66,14.55,14.44,14.3,14.16,14.01,13.87,13.73,13.58,13.44,13.3,13.28,13.25,13.22,13.2,13.55,13.9,14.24,14.59,15.02,15.46,15.9,16.33,16.65,16.97,17.29,17.61,18.0,18.39,18.78,19.17,19.37,19.57,19.77,19.97,20.09,20.22,20.34,20.46,20.54,20.62,20.7,20.78,20.77,20.76,20.75,20.74,20.74,20.74,20.73,20.73,20.32,19.92,19.52,19.11,18.57,18.04,17.5,16.96,16.73,16.49,16.26,16.02,,
2016-09-16T00:00:00+00:00,14.48,14.36,14.25,14.2,14.16,14.11,14.06,14.0,13.94,13.88,13.82,13.75,13.68,13.62,13.55,13.66,13.76,13.87,13.98,14.14,14.3,14.47,14.63,14.94,15.25,15.56,15.87,16.35,16.83,17.31,17.79,18.07,18.35,18.63,18.91,19.08,19.26,19.43,19.61,19.67,19.74,19.8,19.86,19.81,19.76,19.71,19.66,18.96,18.26,17.57,16.87,16.51,16.16,15.8,15.44,15.27,15.11,14.94,14.78,14.8,14.82,14.85,14.87,14.97,15.08,15.18,15.28,15.25,15.22,15.19,15.16,15.11,15.07,15.02,14.97,14.88,14.78,14.69,14.6,14.56,14.52,14.47,14.43,14.38,14.34,14.3,14.25,14.16,14.08,13.99,13.9,13.8,13.69,13.58,13.48,13.42,13.36,13.3,13.24,13.24,13.24,13.23,13.23,13.23,13.22,13.22,13.21,13.22,13.23,13.24,13.25,13.3,13.34,13.39,13.44,13.6,13.75,13.9,14.06,14.12,14.18,14.24,14.3,14.48,14.66,14.85,15.03,14.95,14.88,14.8,14.72,14.9,15.08,15.26,15.44,15.81,16.18,16.55,16.92,17.04,17.15,17.26,17.38,17.29,17.21,17.12,17.04,16.95,16.87,16.78,16.7,16.53,16.36,16.18,16.01,15.94,15.88,15.82,15.75,15.58,15.42,15.25,15.08,,
2016-09-17T00:00:00+00:00,13.26,13.19,13.11,13.08,13.05,13.02,12.99,12.84,12.7,12.56,12.41,12.42,12.42,12.43,12.44,12.46,12.47,12.48,12.5,12.64,12.78,12.92,13.06,13.29,13.52,13.74,13.97,14.18,14.39,14.59,14.8,15.06,15.32,15.59,15.85,16.16,16.46,16.76,17.07,17.32,17.58,17.83,18.08,17.83,17.58,17.33,17.08,16.9,16.72,16.53,16.35,16.04,15.72,15.4,15.09,14.92,14.74,14.57,14.39,14.34,14.28,14.22,14.17,14.11,14.04,13.98,13.92,13.91,13.9,13.88,13.87,13.85,13.83,13.81,13.79,13.81,13.83,13.85,13.87,13.88,13.9,13.91,13.92,13.94,13.95,13.96,13.98,14.0,14.03,14.06,14.08,14.05,14.02,14.0,13.97,13.99,14.02,14.04,14.06,14.04,14.02,14.01,13.99,13.88,13.76,13.65,13.54,13.36,13.18,12.99,12.81,12.77,12.73,12.68,12.64,12.74,12.84,12.94,13.04,13.19,13.34,13.49,13.64,13.86,14.08,14.3,14.52,14.74,14.96,15.17,15.39,15.77,16.14,16.52,16.9,17.45,18.0,18.55,19.1,19.23,19.37,19.5,19.63,19.85,20.06,20.28,20.5,20.5,20.51,20.51,20.51,20.14,19.76,19.39,19.02,19.06,19.1,19.14,19.18,18.96,18.74,18.53,18.31,,
2016-09-18T00:00:00+00:00,12.97,13.06,13.15,13.04,12.92,12.81,12.7,12.55,12.4,12.24,12.09,11.94,11.78,11.63,11.48,11.37,11.26,11.15,11.04,11.45,11.86,12.28,12.69,13.1,13.52,13.93,14.35,14.61,14.88,15.14,15.4,15.72,16.04,16.35,16.67,17.24,17.81,18.38,18.95,19.35,19.74,20.14,20.54,20.81,21.08,21.34,21.61,21.57,21.53,21.49,21.45,21.54,21.64,21.74,21.83,21.59,21.34,21.1,20.86,20.3,19.74,19.18,18.62,18.48,18.34,18.2,18.06,17.74,17.42,17.11,16.79,16.7,16.62,16.54,16.45,16.32,16.19,16.06,15.93,15.89,15.86,15.82,15.78,15.68,15.59,15.5,15.4,15.31,15.22,15.12,15.03,14.81,14.59,14.37,14.15,14.06,13.98,13.89,13.8,13.9,14.0,14.11,14.21,14.19,14.17,14.15,14.13,14.09,14.06,14.02,13.98,13.98,13.98,13.97,13.97,14.11,14.26,14.4,14.54,14.75,14.95,15.16,15.37,15.42,15.46,15.5,15.55,15.59,15.63,15.67,15.71,15.76,15.8,15.85,15.9,16.13,16.36,16.58,16.81,17.16,17.52,17.87,18.22,18.06,17.89,17.72,17.56,17.67,17.77,17.88,17.99,17.68,17.38,17.08,16.77,16.72,16.66,16.61,16.56,16.51,16.45,16.4,16.35,,
2016-09-19T00:00:00+00:00,14.38,14.41,14.45,14.42,14.38,14.35,14.32,14.32,14.33,14.34,14.34,14.1,13.86,13.63,13.39,13.49,13.58,13.68,13.78,13.93,14.08,14.24,14.39,14.52,14.66,14.79,14.92,15.16,15.4,15.63,15.87,16.24,16.61,16.99,17.36,17.66,17.96,18.27,18.57,18.77,18.96,19.16,19.36,19.16,18.97,18.77,18.58,18.64,18.71,18.77,18.84,18.81,18.77,18.74,18.71,18.76,18.8,18.84,18.89,18.85,18.81,18.78,18.74,18.52,18.29,18.06,17.84,17.65,17.46,17.28,17.09,17.05,17.02,16.98,16.94,16.8,16.67,16.54,16.4,16.3,16.2,16.09,15.99,15.84,15.68,15.53,15.38,15.19,15.0,14.81,14.62,14.57,14.52,14.46,14.41,14.37,14.34,14.3,14.26,14.25,14.24,14.24,14.23,14.15,14.07,13.98,13.9,13.94,13.98,14.03,14.07,14.15,14.23,14.31,14.39,14.4,14.41,14.42,14.43,14.52,14.6,14.68,14.77,14.94,15.1,15.27,15.44,15.83,16.22,16.6,16.99,17.14,17.3,17.45,17.6,17.84,18.09,18.33,18.58,18.71,18.84,18.96,19.09,19.18,19.26,19.34,19.43,19.52,19.6,19.68,19.77,19.36,18.94,18.52,18.11,17.54,16.96,16.39,15.82,15.88,15.94,16.0,16.06,,
2016-09-20T00:00:00+00:00,14.92,14.75,14.58,14.56,14.54,14.51,14.49,14.57,14.64,14.72,14.8,14.82,14.83,14.84,14.86,14.8,14.74,14.69,14.63,14.79,14.94,15.1,15.26,15.64,16.03,16.42,16.8,17.1,17.4,17.71,18.01,18.32,18.62,18.93,19.24,19.37,19.49,19.62,19.75,19.96,20.18,20.39,20.6,20.69,20.78,20.88,20.97,21.08,21.2,21.31,21.42,21.45,21.48,21.51,21.54,21.46,21.38,21.31,21.23,21.02,20.8,20.59,20.38,20.14,19.91,19.68,19.44,19.01,18.57,18.13,17.7,17.4,17.09,16.78,16.48,16.21,15.93,15.66,15.38,15.31,15.24,15.17,15.1,15.15,15.2,15.25,15.3,15.14,14.99,14.84,14.68,14.51,14.34,14.18,14.01,14.02,14.04,14.06,14.07,13.9,13.73,13.55,13.38,13.21,13.05,12.88,12.71,12.59,12.48,12.36,12.24,12.21,12.18,12.16,12.13,12.44,12.74,13.05,13.36,13.84,14.32,14.8,15.28,15.74,16.2,16.67,17.13,17.57,18.02,18.46,18.9,19.16,19.42,19.69,19.95,20.12,20.3,20.47,20.65,20.79,20.94,21.08,21.22,21.3,21.38,21.45,21.53,21.51,21.5,21.48,21.46,21.39,21.33,21.26,21.19,21.01,20.84,20.66,20.48,20.16,19.84,19.53,19.21,,
2016-09-28T00:00:00+00:00,16.04,15.82,15.61,15.39,15.17,14.95,14.73,14.6,14.47,14.34,14.21,14.08,13.96,13.83,13.7,13.61,13.52,13.44,13.35,13.54,13.74,13.94,14.13,14.62,15.12,15.61,16.1,16.5,16.9,17.3,17.7,17.94,18.18,18.42,18.66,19.04,19.42,19.79,20.17,20.53,20.9,21.26,21.62,21.77,21.92,22.06,22.21,22.27,22.34,22.4,22.46,22.48,22.49,22.5,22.52,22.49,22.46,22.44,22.41,22.24,22.06,21.89,21.72,21.32,20.92,20.51,20.11,19.82,19.52,19.23,18.94,18.68,18.42,18.15,17.89,17.7,17.5,17.3,17.11,16.98,16.86,16.74,16.61,16.47,16.32,16.18,16.04,15.94,15.85,15.76,15.66,15.52,15.38,15.25,15.11,14.96,14.81,14.66,14.51,14.39,14.26,14.14,14.02,13.88,13.75,13.62,13.48,13.34,13.2,13.05,12.91,12.83,12.74,12.66,12.58,12.82,13.06,13.29,13.53,13.98,14.43,14.88,15.33,15.74,16.16,16.57,16.98,17.49,18.01,18.52,19.03,19.4,19.77,20.15,20.52,20.7,20.88,21.07,21.25,21.51,21.78,22.04,22.3,22.42,22.55,22.68,22.8,22.79,22.78,22.76,22.75,22.65,22.56,22.46,22.36,22.08,21.81,21.54,21.26,20.97,20.68,20.39,20.1,,
2016-09-29T00:00:00+00:00,13.72,13.75,13.77,13.69,13.6,13.52,13.44,13.36,13.28,13.2,13.12,13.11,13.1,13.08,13.07,13.1,13.14,13.18,13.21,13.48,13.76,14.03,14.3,14.65,15.0,15.34,15.69,15.87,16.04,16.22,16.4,16.81,17.22,17.62,18.03,18.35,18.68,19.0,19.32,19.55,19.77,20.0,20.23,20.4,20.58,20.76,20.93,21.0,21.06,21.13,21.2,21.23,21.26,21.3,21.33,21.3,21.27,21.24,21.21,21.05,20.89,20.73,20.57,20.22,19.86,19.5,19.15,18.86,18.57,18.28,17.99,17.88,17.77,17.67,17.56,17.4,17.25,17.1,16.94,16.78,16.62,16.47,16.31,16.14,15.97,15.8,15.63,15.35,15.08,14.8,14.52,14.32,14.12,13.92,13.72,13.58,13.44,13.29,13.15,13.22,13.29,13.36,13.43,13.5,13.57,13.64,13.71,13.73,13.74,13.76,13.78,13.76,13.74,13.72,13.7,13.64,13.58,13.51,13.45,13.48,13.5,13.52,13.55,13.6,13.64,13.69,13.74,13.82,13.91,14.0,14.08,14.3,14.53,14.76,14.98,15.21,15.44,15.68,15.91,16.03,16.15,16.27,16.39,16.38,16.37,16.36,16.35,16.19,16.02,15.86,15.7,15.7,15.71,15.72,15.72,15.57,15.42,15.27,15.12,14.93,14.74,14.54,14.35,,
2016-09-30T00:00:00+00:00,13.0,12.91,12.82,12.74,12.65,12.57,12.48,12.55,12.62,12.7,12.77,12.8,12.82,12.84,12.87,13.01,13.14,13.28,13.42,13.52,13.61,13.7,13.8,13.96,14.12,14.29,14.45,14.88,15.32,15.75,16.18,16.47,16.76,17.06,17.35,17.54,17.74,17.93,18.12,18.24,18.36,18.48,18.6,18.61,18.62,18.64,18.65,18.74,18.84,18.93,19.02,19.06,19.1,19.15,19.19,19.15,19.1,19.06,19.01,18.89,18.77,18.66,18.54,18.37,18.2,18.02,17.85,17.69,17.52,17.36,17.2,16.96,16.72,16.47,16.23,16.09,15.95,15.81,15.67,15.65,15.63,15.61,15.59,15.48,15.36,15.24,15.13,15.12,15.1,15.09,15.08,15.04,15.0,14.97,14.93,14.71,14.48,14.26,14.04,13.9,13.75,13.6,13.46,13.29,13.12,12.96,12.79,12.6,12.42,12.23,12.04,11.92,11.79,11.66,11.54,11.66,11.77,11.89,12.01,12.33,12.64,12.96,13.28,13.65,14.02,14.38,14.75,14.98,15.22,15.46,15.69,15.86,16.02,16.19,16.36,16.39,16.42,16.46,16.49,16.64,16.78,16.93,17.08,17.16,17.24,17.32,17.4,16.98,16.56,16.14,15.72,15.65,15.58,15.52,15.45,15.38,15.32,15.25,15.18,14.71,14.24,13.78,13.31,,
2016-10-01T00:00:00+00:00,13.34,13.26,13.19,13.16,13.14,13.12,13.09,12.9,12.71,12.52,12.33,12.34,12.34,12.35,12.36,12.42,12.48,12.54,12.6,12.67,12.74,12.82,12.89,12.82,12.76,12.69,12.62,12.71,12.8,12.9,12.99,13.38,13.76,14.14,14.53,14.71,14.88,15.06,15.24,15.43,15.62,15.82,16.01,16.18,16.36,16.53,16.7,16.8,16.9,16.99,17.09,16.92,16.74,16.57,16.39,16.15,15.92,15.68,15.44,15.06,14.68,14.31,13.93,13.63,13.32,13.02,12.72,12.67,12.62,12.56,12.51,12.32,12.12,11.93,11.74,11.65,11.56,11.47,11.38,11.26,11.13,11.0,10.88,10.82,10.77,10.72,10.66,10.56,10.46,10.35,10.25,10.11,9.96,9.82,9.68,9.54,9.39,9.24,9.1,8.97,8.84,8.72,8.59,8.55,8.51,8.47,8.43,8.34,8.25,8.16,8.07,8.05,8.04,8.02,8.0,8.15,8.3,8.44,8.59,8.75,8.91,9.06,9.22,9.67,10.11,10.56,11.0,11.46,11.92,12.37,12.83,13.15,13.47,13.79,14.11,14.32,14.53,14.74,14.95,15.15,15.36,15.56,15.76,15.84,15.93,16.02,16.1,16.19,16.27,16.36,16.44,16.38,16.33,16.27,16.21,15.96,15.72,15.48,15.23,14.81,14.4,13.98,13.56,,
2016-10-02T00:00:00+00:00,9.46,9.42,9.37,9.29,9.21,9.13,9.05,9.01,8.96,8.91,8.87,8.77,8.68,8.58,8.48,8.4,8.32,8.25,8.17,8.28,8.38,8.48,8.59,8.79,8.99,9.19,9.39,9.71,10.02,10.34,10.66,11.01,11.36,11.72,12.07,12.58,13.08,13.58,14.09,14.46,14.84,15.21,15.58,15.72,15.85,15.99,16.12,15.92,15.73,15.53,15.33,15.61,15.89,16.17,16.45,16.43,16.42,16.4,16.38,16.14,15.9,15.66,15.42,15.06,14.7,14.34,13.98,13.64,13.3,12.96,12.62,12.4,12.18,11.97,11.75,11.69,11.64,11.58,11.52,11.32,11.13,10.94,10.74,10.54,10.34,10.13,9.93,9.69,9.46,9.22,8.98,8.87,8.76,8.66,8.55,8.45,8.35,8.25,8.15,8.06,7.96,7.86,7.77,7.72,7.67,7.62,7.57,7.49,7.41,7.33,7.25,7.25,7.25,7.25,7.25,7.5,7.74,7.98,8.23,8.91,9.58,10.26,10.93,11.48,12.03,12.58,13.13,13.52,13.9,14.28,14.67,15.02,15.36,15.71,16.06,16.29,16.52,16.75,16.98,17.13,17.27,17.42,17.57,17.65,17.73,17.81,17.89,17.89,17.89,17.89,17.89,17.74,17.6,17.45,17.3,16.97,16.64,16.31,15.98,15.59,15.2,14.81,14.42,,
2016-10-03T00:00:00+00:00,7.53,7.45,7.37,7.32,7.28,7.23,7.18,7.11,7.04,6.97,6.9,6.81,6.72,6.63,6.54,6.56,6.58,6.61,6.63,6.91,7.18,7.46,7.74,8.32,8.9,9.48,10.06,10.64,11.22,11.79,12.37,12.84,13.32,13.79,14.26,14.54,14.83,15.12,15.4,15.62,15.84,16.05,16.27,16.48,16.7,16.92,17.13,17.26,17.39,17.52,17.65,17.69,17.73,17.77,17.81,17.71,17.6,17.5,17.4,17.14,16.88,16.62,16.36,15.91,15.46,15.01,14.56,14.27,13.98,13.7,13.41,13.24,13.07,12.89,12.72,12.58,12.44,12.29,12.15,11.98,11.8,11.63,11.46,11.28,11.11,10.94,10.76,10.63,10.5,10.38,10.25,10.18,10.12,10.05,9.98,9.85,9.71,9.57,9.44,9.36,9.28,9.21,9.13,9.02,8.91,8.79,8.68,8.61,8.54,8.46,8.39,8.4,8.41,8.41,8.42,8.63,8.84,9.04,9.25,9.78,10.3,10.82,11.35,11.94,12.53,13.12,13.71,14.07,14.42,14.78,15.13,15.46,15.79,16.12,16.45,16.69,16.94,17.18,17.42,17.61,17.8,17.99,18.18,18.22,18.26,18.3,18.34,18.35,18.37,18.38,18.39,18.29,18.19,18.09,17.99,17.72,17.46,17.2,16.93,16.66,16.4,16.13,15.87,,
2016-10-04T00:00:00+00:00,9.36,9.38,9.41,9.39,9.36,9.34,9.32,9.3,9.29,9.28,9.26,9.14,9.01,8.88,8.76,8.76,8.77,8.77,8.78,8.98,9.18,9.37,9.57,10.04,10.52,11.0,11.47,11.94,12.4,12.87,13.34,13.79,14.24,14.7,15.15,15.47,15.79,16.11,16.43,16.72,17.02,17.31,17.6,17.67,17.74,17.82,17.89,17.9,17.92,17.93,17.95,17.99,18.04,18.08,18.13,18.02,17.9,17.79,17.68,17.42,17.16,16.91,16.65,16.38,16.1,15.83,15.56,15.35,15.14,14.92,14.71,14.52,14.34,14.16,13.97,13.79,13.6,13.42,13.24,13.1,12.96,12.82,12.68,12.59,12.5,12.4,12.31,12.21,12.12,12.02,11.92,11.81,11.7,11.58,11.47,11.37,11.27,11.17,11.07,10.99,10.9,10.82,10.74,10.64,10.54,10.43,10.33,10.22,10.1,9.98,9.87,9.78,9.7,9.61,9.52,9.58,9.65,9.72,9.78,10.01,10.24,10.47,10.7,11.0,11.3,11.6,11.9,12.26,12.63,13.0,13.36,13.69,14.02,14.34,14.67,14.92,15.18,15.43,15.68,15.87,16.06,16.26,16.45,16.52,16.59,16.66,16.73,16.7,16.68,16.65,16.62,16.45,16.28,16.11,15.94,15.62,15.29,14.96,14.64,14.35,14.06,13.77,13.48,,
2016-10-05T00:00:00+00:00,11.44,11.4,11.37,11.25,11.12,11.0,10.88,10.75,10.62,10.49,10.36,10.23,10.09,9.96,9.83,9.8,9.76,9.72,9.69,9.76,9.82,9.89,9.96,10.18,10.4,10.62,10.84,11.15,11.46,11.77,12.08,12.48,12.88,13.29,13.69,14.05,14.42,14.78,15.14,15.41,15.68,15.94,16.21,16.36,16.51,16.66,16.81,16.88,16.95,17.03,17.1,17.03,16.95,16.88,16.8,16.63,16.46,16.29,16.12,15.83,15.54,15.25,14.96,14.65,14.34,14.03,13.72,13.53,13.34,13.14,12.95,12.7,12.44,12.19,11.94,11.69,11.44,11.19,10.94,10.75,10.56,10.38,10.19,10.04,9.88,9.72,9.57,9.24,8.91,8.59,8.26,8.12,7.98,7.84,7.7,7.54,7.38,7.23,7.07,6.97,6.86,6.76,6.66,6.58,6.51,6.44,6.36,6.28,6.19,6.1,6.02,6.0,5.98,5.97,5.95,6.1,6.24,6.39,6.54,6.87,7.2,7.52,7.85,8.22,8.59,8.95,9.32,9.65,9.98,10.32,10.65,11.05,11.46,11.86,12.26,12.58,12.9,13.22,13.54,13.73,13.92,14.12,14.31,14.39,14.48,14.56,14.64,14.72,14.8,14.87,14.95,14.86,14.78,14.7,14.61,14.53,14.45,14.37,14.29,14.17,14.05,13.93,13.81,,
2016-10-07T00:00:00+00:00,9.44,9.43,9.42,9.32,9.23,9.14,9.04,8.8,8.56,8.33,8.09,7.97,7.86,7.74,7.62,7.67,7.72,7.76,7.81,7.88,7.96,8.03,8.1,8.44,8.79,9.14,9.48,9.84,10.2,10.57,10.93,11.28,11.62,11.96,12.31,12.68,13.04,13.41,13.78,14.07,14.36,14.64,14.93,15.1,15.27,15.45,15.62,15.7,15.79,15.88,15.96,15.94,15.93,15.92,15.9,15.82,15.74,15.66,15.58,15.5,15.41,15.32,15.24,15.14,15.04,14.93,14.83,14.78,14.72,14.67,14.62,14.42,14.23,14.04,13.84,13.79,13.74,13.69,13.64,13.57,13.5,13.43,13.36,13.29,13.22,13.16,13.09,12.98,12.88,12.77,12.66,12.59,12.52,12.44,12.37,12.3,12.22,12.15,12.08,12.04,12.01,11.98,11.94,11.82,11.69,11.56,11.44,11.34,11.24,11.13,11.03,10.9,10.76,10.63,10.5,10.55,10.6,10.64,10.69,10.76,10.83,10.9,10.97,11.29,11.6,11.92,12.24,12.42,12.61,12.8,12.98,13.13,13.28,13.42,13.57,13.77,13.96,14.16,14.36,14.48,14.6,14.73,14.85,14.88,14.9,14.93,14.96,14.9,14.84,14.78,14.72,14.68,14.64,14.59,14.55,14.3,14.04,13.79,13.54,13.22,12.91,12.6,12.28,,
2016-10-08T00:00:00+00:00,10.5,10.42,10.35,10.19,10.03,9.87,9.71,9.55,9.39,9.23,9.07,8.91,8.75,8.58,8.42,8.5,8.57,8.65,8.73,8.88,9.03,9.18,9.33,9.66,10.0,10.34,10.67,10.93,11.19,11.45,11.71,11.92,12.13,12.34,12.55,12.82,13.09,13.36,13.63,13.87,14.11,14.35,14.59,14.77,14.94,15.12,15.3,15.38,15.46,15.55,15.63,15.63,15.62,15.62,15.62,15.53,15.44,15.35,15.26,15.05,14.84,14.62,14.41,14.03,13.66,13.28,12.9,12.74,12.58,12.41,12.25,11.99,11.74,11.48,11.22,11.02,10.81,10.6,10.4,10.27,10.14,10.0,9.87,9.73,9.59,9.45,9.31,9.14,8.98,8.81,8.64,8.48,8.32,8.17,8.01,7.86,7.72,7.58,7.43,7.26,7.09,6.92,6.75,6.61,6.48,6.34,6.2,6.07,5.94,5.8,5.67,5.66,5.64,5.62,5.61,5.7,5.79,5.88,5.97,6.58,7.19,7.8,8.41,8.87,9.34,9.8,10.26,10.6,10.93,11.27,11.61,11.92,12.24,12.55,12.86,13.1,13.34,13.59,13.83,13.91,13.98,14.06,14.14,14.13,14.12,14.1,14.09,14.05,14.01,13.97,13.93,13.81,13.7,13.58,13.46,13.18,12.9,12.61,12.33,11.97,11.6,11.24,10.88,,
2016-10-09T00:00:00+00:00,7.04,7.02,7.01,6.92,6.82,6.72,6.63,6.49,6.34,6.2,6.06,5.9,5.74,5.58,5.42,5.35,5.28,5.21,5.14,5.26,5.38,5.49,5.61,6.11,6.61,7.11,7.61,8.09,8.57,9.06,9.54,9.93,10.32,10.7,11.09,11.45,11.82,12.18,12.54,12.88,13.22,13.55,13.89,14.07,14.26,14.44,14.62,14.66,14.71,14.76,14.8,14.82,14.84,14.87,14.89,14.77,14.66,14.54,14.42,14.12,13.83,13.54,13.24,12.82,12.4,11.98,11.56,11.28,11.0,10.73,10.45,10.27,10.09,9.92,9.74,9.54,9.35,9.16,8.96,8.76,8.55,8.35,8.14,8.05,7.96,7.86,7.77,7.57,7.38,7.18,6.99,6.8,6.62,6.43,6.24,6.11,5.98,5.85,5.72,5.61,5.5,5.4,5.29,5.22,5.14,5.07,4.99,4.95,4.91,4.87,4.83,4.84,4.86,4.87,4.88,4.97,5.06,5.14,5.23,5.73,6.23,6.73,7.23,7.87,8.5,9.14,9.78,10.15,10.52,10.9,11.27,11.62,11.96,12.31,12.66,12.84,13.01,13.18,13.36,13.18,12.99,12.8,12.62,13.0,13.39,13.78,14.16,14.1,14.05,14.0,13.94,13.54,13.14,12.73,12.33,11.88,11.44,11.0,10.55,10.34,10.13,9.92,9.71,,
2016-10-10T00:00:00+00:00,5.24,5.22,5.2,5.15,5.1,5.04,4.99,4.94,4.88,4.83,4.78,4.74,4.7,4.66,4.62,4.61,4.6,4.59,4.58,4.72,4.86,5.01,5.15,5.64,6.13,6.62,7.11,7.7,8.28,8.86,9.45,9.96,10.48,10.99,11.5,11.82,12.15,12.48,12.8,13.01,13.22,13.43,13.64,13.61,13.58,13.56,13.53,13.61,13.69,13.77,13.85,13.29,12.74,12.18,11.62,11.74,11.86,11.98,12.1,11.87,11.64,11.42,11.19,10.84,10.5,10.16,9.81,9.68,9.55,9.42,9.29,9.16,9.04,8.91,8.78,8.78,8.77,8.77,8.77,8.53,8.29,8.05,7.81,7.62,7.42,7.23,7.04,6.82,6.59,6.36,6.14,5.99,5.84,5.7,5.55,5.45,5.34,5.24,5.14,5.04,4.93,4.82,4.72,4.74,4.77,4.8,4.82,4.88,4.94,5.0,5.06,5.1,5.13,5.16,5.2,5.32,5.44,5.56,5.68,5.8,5.93,6.06,6.18,6.42,6.67,6.92,7.16,7.51,7.86,8.2,8.55,8.88,9.2,9.52,9.85,10.13,10.4,10.68,10.96,11.18,11.4,11.62,11.84,12.0,12.17,12.34,12.5,12.56,12.61,12.66,12.72,12.63,12.54,12.45,12.36,12.08,11.81,11.54,11.26,10.92,10.59,10.26,9.92,,
2016-10-11T00:00:00+00:00,6.36,6.32,6.29,6.17,6.04,5.92,5.8,5.68,5.57,5.46,5.34,5.35,5.36,5.37,5.38,5.35,5.32,5.3,5.27,5.31,5.36,5.4,5.44,5.51,5.59,5.66,5.73,5.81,5.9,5.98,6.06,6.23,6.4,6.56,6.73,6.93,7.14,7.34,7.54,7.72,7.89,8.06,8.24,8.54,8.83,9.12,9.42,9.74,10.06,10.37,10.69,10.86,11.03,11.2,11.37,11.42,11.46,11.5,11.55,11.33,11.11,10.89,10.67,10.34,10.0,9.66,9.33,9.12,8.91,8.71,8.5,8.3,8.1,7.91,7.71,7.62,7.54,7.46,7.37,7.36,7.36,7.35,7.34,7.15,6.96,6.78,6.59,6.46,6.33,6.2,6.07,5.94,5.8,5.67,5.54,5.33,5.12,4.9,4.69,4.56,4.44,4.31,4.18,4.07,3.96,3.85,3.74,3.66,3.58,3.49,3.41,3.46,3.51,3.56,3.61,3.72,3.84,3.95,4.06,4.51,4.97,5.42,5.88,6.35,6.82,7.3,7.77,8.2,8.62,9.04,9.47,9.81,10.16,10.5,10.84,11.14,11.43,11.72,12.02,12.22,12.41,12.6,12.8,12.91,13.02,13.12,13.23,13.22,13.22,13.21,13.2,13.08,12.96,12.85,12.73,12.45,12.16,11.88,11.6,11.3,11.0,10.7,10.4,,
2016-10-12T00:00:00+00:00,5.55,5.37,5.19,5.05,4.92,4.78,4.64,4.62,4.6,4.57,4.55,4.44,4.33,4.22,4.11,4.0,3.89,3.78,3.67,3.84,4.0,4.17,4.34,4.82,5.31,5.8,6.28,6.84,7.4,7.95,8.51,8.98,9.45,9.92,10.39,10.74,11.09,11.44,11.79,12.02,12.24,12.47,12.7,12.88,13.06,13.23,13.41,13.5,13.58,13.67,13.76,13.76,13.77,13.77,13.78,13.67,13.56,13.44,13.33,12.99,12.66,12.32,11.98,11.68,11.37,11.06,10.76,10.56,10.36,10.16,9.96,9.84,9.71,9.59,9.46,9.27,9.09,8.9,8.71,8.5,8.3,8.09,7.88,7.65,7.42,7.19,6.96,6.82,6.67,6.52,6.38,6.22,6.06,5.9,5.74,5.62,5.5,5.39,5.27,5.19,5.11,5.03,4.95,4.9,4.86,4.81,4.76,4.72,4.67,4.62,4.58,4.54,4.49,4.44,4.4,4.45,4.51,4.56,4.61,4.98,5.34,5.7,6.07,6.44,6.8,7.16,7.53,7.47,7.41,7.35,7.29,7.48,7.66,7.84,8.03,8.16,8.29,8.42,8.55,8.65,8.75,8.85,8.95,9.08,9.22,9.36,9.49,9.56,9.62,9.69,9.76,9.75,9.75,9.75,9.74,9.7,9.65,9.6,9.56,9.56,9.56,9.56,9.56,,
2016-10-13T00:00:00+00:00,6.6,6.62,6.65,6.54,6.44,6.34,6.23,6.06,5.88,5.7,5.53,5.44,5.35,5.25,5.16,5.07,4.98,4.9,4.81,4.83,4.85,4.87,4.89,5.11,5.34,5.56,5.78,6.06,6.34,6.61,6.89,7.17,7.44,7.72,8.0,8.34,8.67,9.0,9.34,9.58,9.82,10.05,10.29,10.36,10.43,10.5,10.57,10.57,10.57,10.56,10.56,10.4,10.23,10.07,9.9,9.78,9.65,9.53,9.41,9.34,9.28,9.21,9.14,9.09,9.03,8.98,8.92,8.9,8.89,8.88,8.86,8.87,8.88,8.9,8.91,8.92,8.94,8.95,8.96,8.89,8.82,8.75,8.68,8.66,8.64,8.62,8.6,8.6,8.6,8.61,8.61,8.62,8.63,8.64,8.65,8.61,8.57,8.54,8.5,8.41,8.32,8.23,8.14,8.15,8.16,8.17,8.18,8.23,8.27,8.32,8.37,8.42,8.48,8.54,8.59,8.59,8.59,8.6,8.6,8.6,8.61,8.61,8.62,8.72,8.82,8.93,9.03,9.2,9.36,9.52,9.69,9.73,9.77,9.82,9.86,9.93,10.0,10.06,10.13,10.25,10.37,10.49,10.61,10.69,10.76,10.84,10.92,10.98,11.05,11.12,11.18,11.14,11.1,11.06,11.02,11.0,10.98,10.95,10.93,10.87,10.82,10.76,10.7,,
2016-11-03T00:00:00+00:00,2.38,2.46,2.55,2.54,2.54,2.53,2.52,2.5,2.48,2.45,2.43,2.39,2.36,2.32,2.29,2.34,2.39,2.45,2.5,2.52,2.54,2.55,2.57,2.89,3.2,3.51,3.83,4.21,4.59,4.97,5.35,5.68,6.01,6.34,6.67,7.04,7.4,7.77,8.13,8.39,8.64,8.9,9.16,9.37,9.59,9.81,10.03,10.09,10.14,10.19,10.24,10.19,10.15,10.1,10.05,9.89,9.73,9.57,9.4,9.14,8.88,8.62,8.36,8.09,7.83,7.56,7.3,7.06,6.82,6.58,6.35,6.09,5.84,5.59,5.34,5.19,5.05,4.9,4.76,4.66,4.57,4.47,4.38,4.24,4.1,3.96,3.82,3.82,3.83,3.84,3.85,3.81,3.78,3.75,3.72,3.66,3.61,3.56,3.5,3.4,3.3,3.19,3.09,3.0,2.91,2.82,2.73,2.66,2.59,2.52,2.45,2.53,2.61,2.7,2.78,2.84,2.9,2.96,3.02,3.21,3.41,3.61,3.8,4.14,4.49,4.83,5.17,5.46,5.76,6.05,6.35,6.24,6.13,6.02,5.91,5.97,6.03,6.08,6.14,6.12,6.11,6.1,6.09,6.23,6.37,6.51,6.65,6.64,6.63,6.63,6.62,6.63,6.63,6.64,6.64,6.63,6.62,6.6,6.59,6.53,6.46,6.4,6.33,,
2016-11-04T00:00:00+00:00,3.94,3.67,3.4,3.27,3.14,3.0,2.87,2.76,2.65,2.54,2.43,2.66,2.89,3.11,3.34,3.52,3.71,3.9,4.08,4.05,4.02,3.99,3.96,4.09,4.23,4.36,4.49,4.78,5.06,5.35,5.63,5.93,6.23,6.53,6.82,6.99,7.15,7.31,7.48,7.69,7.9,8.12,8.33,8.45,8.57,8.7,8.82,8.93,9.03,9.14,9.25,9.26,9.26,9.27,9.28,9.19,9.11,9.03,8.95,8.75,8.56,8.37,8.18,8.08,7.99,7.89,7.8,7.76,7.72,7.68,7.64,7.66,7.67,7.69,7.71,7.76,7.8,7.85,7.89,7.85,7.81,7.77,7.73,7.78,7.82,7.87,7.91,7.93,7.94,7.96,7.97,7.95,7.94,7.92,7.9,7.86,7.81,7.76,7.72,7.66,7.61,7.55,7.5,7.46,7.41,7.37,7.33,7.3,7.27,7.25,7.22,7.25,7.29,7.33,7.36,7.42,7.47,7.52,7.57,7.58,7.59,7.59,7.6,7.7,7.8,7.9,8.0,8.16,8.32,8.48,8.64,8.81,8.98,9.14,9.31,9.42,9.53,9.64,9.75,9.64,9.52,9.4,9.29,9.41,9.53,9.66,9.78,9.72,9.66,9.59,9.53,9.35,9.17,8.99,8.81,8.49,8.18,7.87,7.56,7.38,7.21,7.03,6.86,,
2016-11-05T00:00:00+00:00,7.74,7.77,7.79,7.76,7.74,7.71,7.68,7.6,7.53,7.45,7.37,7.31,7.24,7.18,7.12,7.16,7.21,7.25,7.3,7.39,7.47,7.56,7.65,7.65,7.64,7.63,7.63,7.65,7.67,7.68,7.7,7.87,8.04,8.2,8.37,8.61,8.85,9.09,9.33,9.51,9.69,9.87,10.05,10.15,10.25,10.35,10.44,10.49,10.53,10.57,10.61,10.58,10.54,10.51,10.47,10.3,10.12,9.95,9.77,9.42,9.06,8.71,8.35,8.14,7.92,7.71,7.5,7.31,7.12,6.93,6.74,6.49,6.23,5.97,5.71,5.54,5.36,5.18,5.01,5.1,5.2,5.3,5.39,5.38,5.37,5.36,5.35,5.26,5.17,5.08,4.99,4.81,4.64,4.47,4.29,4.09,3.88,3.67,3.46,3.31,3.16,3.01,2.86,2.77,2.68,2.59,2.5,2.48,2.46,2.43,2.41,2.34,2.26,2.18,2.11,2.06,2.0,1.95,1.9,2.08,2.27,2.45,2.63,3.01,3.39,3.77,4.15,4.51,4.86,5.22,5.58,6.0,6.42,6.83,7.25,7.41,7.58,7.75,7.91,8.02,8.12,8.22,8.33,8.32,8.31,8.3,8.29,8.26,8.24,8.21,8.19,8.0,7.82,7.63,7.44,7.15,6.86,6.56,6.27,6.0,5.73,5.46,5.19,,
2016-11-06T00:00:00+00:00,5.71,5.67,5.62,5.53,5.43,5.33,5.23,5.02,4.8,4.58,4.36,4.17,3.97,3.77,3.57,3.47,3.37,3.27,3.17,3.2,3.23,3.26,3.29,3.42,3.56,3.7,3.84,4.09,4.35,4.61,4.86,5.15,5.43,5.72,6.0,6.31,6.62,6.92,7.23,7.38,7.53,7.69,7.84,7.89,7.93,7.98,8.03,8.0,7.98,7.95,7.93,7.83,7.73,7.64,7.54,7.29,7.04,6.78,6.53,6.19,5.84,5.49,5.14,4.95,4.75,4.55,4.35,4.13,3.92,3.7,3.48,3.3,3.11,2.93,2.74,2.56,2.38,2.19,2.01,1.98,1.96,1.94,1.92,2.0,2.07,2.15,2.23,2.33,2.44,2.54,2.65,2.66,2.67,2.68,2.69,2.61,2.52,2.44,2.35,2.32,2.29,2.26,2.23,2.32,2.41,2.5,2.59,2.65,2.72,2.78,2.85,2.93,3.01,3.09,3.17,3.19,3.21,3.23,3.25,3.32,3.39,3.47,3.54,3.6,3.66,3.73,3.79,3.85,3.92,3.98,4.05,4.05,4.04,4.04,4.04,4.16,4.27,4.39,4.51,4.5,4.49,4.48,4.47,4.58,4.69,4.8,4.91,4.97,5.02,5.08,5.13,5.11,5.08,5.06,5.04,4.82,4.6,4.38,4.16,4.09,4.02,3.95,3.88,,
2016-11-07T00:00:00+00:00,2.34,2.26,2.18,2.1,2.02,1.93,1.85,1.79,1.73,1.66,1.6,1.54,1.48,1.42,1.36,1.56,1.75,1.95,2.14,2.35,2.56,2.77,2.97,3.05,3.12,3.2,3.27,3.65,4.03,4.4,4.78,5.18,5.59,5.99,6.39,6.49,6.6,6.71,6.81,6.6,6.4,6.19,5.98,5.63,5.27,4.92,4.56,4.4,4.24,4.08,3.91,3.91,3.9,3.89,3.89,3.93,3.97,4.01,4.06,4.07,4.09,4.11,4.12,4.14,4.16,4.18,4.2,3.98,3.77,3.56,3.35,3.32,3.29,3.26,3.23,3.35,3.47,3.58,3.7,3.5,3.29,3.09,2.89,2.74,2.59,2.44,2.29,2.23,2.16,2.09,2.02,2.09,2.15,2.22,2.28,2.34,2.4,2.46,2.52,2.39,2.26,2.13,2.0,1.86,1.71,1.56,1.41,1.32,1.23,1.13,1.04,1.02,1.0,0.97,0.95,0.9,0.86,0.81,0.76,1.01,1.26,1.51,1.76,2.1,2.44,2.78,3.12,3.55,3.97,4.4,4.82,5.12,5.41,5.7,6.0,6.15,6.31,6.47,6.63,6.73,6.84,6.94,7.05,7.08,7.12,7.16,7.19,7.13,7.07,7.01,6.95,6.81,6.67,6.53,6.39,5.99,5.59,5.19,4.79,4.68,4.58,4.47,4.36,,
2016-11-08T00:00:00+00:00,2.63,2.66,2.69,2.72,2.74,2.77,2.79,2.71,2.62,2.53,2.44,2.38,2.32,2.25,2.19,2.06,1.94,1.81,1.68,1.84,1.99,2.14,2.29,2.37,2.45,2.53,2.61,2.79,2.96,3.13,3.31,3.68,4.06,4.44,4.82,5.09,5.35,5.62,5.88,6.07,6.25,6.44,6.62,6.6,6.58,6.56,6.54,6.53,6.53,6.52,6.52,6.55,6.58,6.61,6.64,6.44,6.25,6.06,5.87,5.54,5.22,4.9,4.58,4.56,4.55,4.53,4.52,4.37,4.22,4.07,3.92,3.74,3.55,3.37,3.19,3.08,2.98,2.88,2.78,2.74,2.69,2.65,2.61,2.68,2.75,2.82,2.89,2.98,3.06,3.15,3.24,3.28,3.33,3.38,3.42,3.45,3.48,3.5,3.53,3.49,3.45,3.41,3.37,3.39,3.41,3.42,3.44,3.5,3.57,3.63,3.69,3.8,3.91,4.01,4.12,4.17,4.21,4.26,4.3,4.36,4.42,4.47,4.53,4.68,4.84,4.99,5.15,5.23,5.31,5.38,5.46,5.48,5.49,5.5,5.52,5.72,5.92,6.12,6.32,7.03,7.73,8.44,9.14,9.13,9.11,9.09,9.08,9.06,9.04,9.02,9.0,8.95,8.91,8.86,8.82,8.69,8.57,8.44,8.32,8.14,7.96,7.79,7.61,,
2016-11-11T00:00:00+00:00,6.53,6.51,6.49,6.46,6.44,6.41,6.38,6.32,6.25,6.18,6.12,6.09,6.07,6.05,6.03,5.9,5.78,5.65,5.52,5.43,5.35,5.26,5.17,5.22,5.27,5.32,5.37,5.67,5.98,6.29,6.59,6.67,6.74,6.81,6.89,7.15,7.41,7.66,7.92,8.11,8.29,8.47,8.66,8.76,8.87,8.97,9.08,9.1,9.12,9.14,9.16,9.11,9.05,8.99,8.94,8.73,8.53,8.33,8.13,7.83,7.53,7.23,6.93,6.7,6.46,6.23,5.99,5.8,5.61,5.41,5.22,5.14,5.06,4.98,4.9,4.76,4.62,4.49,4.35,4.2,4.04,3.89,3.74,3.68,3.62,3.57,3.51,3.33,3.15,2.97,2.79,2.76,2.73,2.7,2.67,2.67,2.66,2.66,2.66,2.63,2.6,2.56,2.53,2.51,2.48,2.46,2.43,2.49,2.54,2.59,2.65,2.78,2.92,3.05,3.19,3.0,2.8,2.61,2.42,2.61,2.81,3.0,3.2,3.37,3.54,3.71,3.88,4.31,4.75,5.19,5.62,6.06,6.49,6.92,7.36,7.62,7.89,8.15,8.42,8.53,8.64,8.75,8.87,8.95,9.03,9.11,9.2,9.12,9.04,8.96,8.88,8.76,8.64,8.52,8.4,8.3,8.19,8.09,7.98,7.88,7.78,7.68,7.58,,
2016-11-12T00:00:00+00:00,0.71,0.64,0.57,0.36,0.16,-0.05,-0.25,-0.23,-0.2,-0.18,-0.15,-0.32,-0.5,-0.67,-0.84,-1.11,-1.39,-1.67,-1.94,-1.9,-1.85,-1.8,-1.75,-1.45,-1.14,-0.83,-0.52,-0.11,0.31,0.72,1.14,1.51,1.88,2.25,2.62,3.04,3.47,3.89,4.32,4.61,4.9,5.19,5.48,5.71,5.93,6.15,6.37,6.36,6.35,6.34,6.33,6.2,6.07,5.94,5.81,5.8,5.79,5.78,5.77,5.77,5.76,5.76,5.75,5.74,5.72,5.71,5.69,5.74,5.79,5.84,5.89,5.93,5.97,6.0,6.04,6.06,6.08,6.1,6.12,6.1,6.08,6.06,6.04,6.08,6.12,6.16,6.2,6.23,6.26,6.29,6.31,6.31,6.31,6.31,6.31,6.31,6.32,6.32,6.33,6.37,6.4,6.44,6.47,6.51,6.55,6.59,6.62,6.8,6.98,7.15,7.33,7.62,7.9,8.19,8.47,8.55,8.63,8.71,8.79,8.74,8.69,8.64,8.59,8.54,8.5,8.46,8.42,8.45,8.48,8.51,8.54,8.59,8.64,8.69,8.74,8.7,8.67,8.63,8.6,8.73,8.86,8.99,9.12,9.14,9.15,9.17,9.18,9.2,9.22,9.23,9.25,9.24,9.24,9.23,9.22,9.18,9.15,9.11,9.08,8.99,8.91,8.82,8.74,,
2016-11-13T00:00:00+00:00,5.73,5.65,5.56,5.6,5.64,5.67,5.71,5.79,5.87,5.94,6.02,6.02,6.02,6.01,6.01,6.04,6.08,6.11,6.15,6.2,6.26,6.32,6.38,6.5,6.63,6.75,6.88,7.04,7.21,7.38,7.55,7.75,7.96,8.17,8.37,8.45,8.53,8.62,8.7,8.81,8.92,9.04,9.15,9.14,9.13,9.12,9.1,9.18,9.26,9.33,9.41,9.45,9.5,9.54,9.59,9.52,9.46,9.39,9.33,9.2,9.08,8.96,8.84,8.74,8.65,8.56,8.46,8.36,8.25,8.15,8.04,7.88,7.72,7.56,7.4,7.4,7.39,7.39,7.38,7.36,7.34,7.31,7.29,7.27,7.26,7.24,7.22,7.22,7.22,7.22,7.22,7.18,7.14,7.1,7.06,6.83,6.6,6.38,6.15,6.03,5.9,5.78,5.66,5.59,5.51,5.44,5.36,5.33,5.31,5.28,5.25,5.28,5.31,5.34,5.37,5.24,5.11,4.98,4.86,4.92,4.98,5.04,5.11,5.17,5.23,5.29,5.35,5.38,5.42,5.45,5.49,5.61,5.74,5.86,5.98,6.15,6.31,6.47,6.64,6.78,6.92,7.06,7.2,7.29,7.39,7.49,7.58,7.65,7.71,7.78,7.85,7.83,7.82,7.81,7.8,7.68,7.57,7.45,7.34,7.23,7.13,7.03,6.92,,
2016-11-14T00:00:00+00:00,7.33,7.18,7.02,6.94,6.85,6.77,6.69,6.63,6.58,6.52,6.47,6.46,6.45,6.44,6.43,6.26,6.09,5.92,5.75,5.74,5.72,5.71,5.7,5.73,5.76,5.79,5.83,5.95,6.07,6.2,6.32,6.37,6.42,6.48,6.53,6.61,6.69,6.78,6.86,6.99,7.12,7.25,7.38,7.5,7.63,7.75,7.88,7.95,8.03,8.1,8.18,8.24,8.31,8.38,8.44,8.44,8.44,8.44,8.43,8.37,8.3,8.23,8.16,8.06,7.96,7.87,7.77,7.72,7.67,7.62,7.58,7.6,7.62,7.64,7.66,7.66,7.66,7.65,7.65,7.62,7.6,7.57,7.54,7.54,7.53,7.53,7.53,7.53,7.53,7.54,7.54,7.57,7.6,7.63,7.67,7.75,7.83,7.91,7.99,8.03,8.06,8.1,8.14,8.18,8.23,8.27,8.32,8.36,8.41,8.46,8.51,8.55,8.59,8.63,8.67,8.69,8.7,8.72,8.74,8.76,8.77,8.78,8.79,8.82,8.84,8.87,8.9,8.92,8.95,8.97,9.0,9.01,9.03,9.05,9.07,9.11,9.15,9.19,9.23,9.3,9.38,9.45,9.53,9.6,9.67,9.75,9.82,9.87,9.93,9.98,10.03,10.05,10.07,10.09,10.1,10.14,10.17,10.2,10.23,10.22,10.22,10.21,10.2,,
2016-11-15T00:00:00+00:00,7.48,7.4,7.31,7.46,7.61,7.76,7.91,8.02,8.14,8.26,8.38,8.5,8.61,8.73,8.85,8.97,9.08,9.2,9.32,9.38,9.45,9.52,9.58,9.66,9.74,9.82,9.9,10.01,10.12,10.23,10.35,10.39,10.43,10.47,10.51,10.61,10.7,10.79,10.88,10.96,11.04,11.11,11.19,11.2,11.22,11.23,11.25,11.34,11.42,11.51,11.6,11.62,11.65,11.67,11.7,11.72,11.74,11.76,11.77,11.8,11.84,11.87,11.9,11.86,11.81,11.77,11.73,11.7,11.67,11.64,11.62,11.59,11.56,11.53,11.51,11.51,11.51,11.51,11.51,11.49,11.48,11.46,11.44,11.45,11.46,11.47,11.49,11.47,11.45,11.44,11.42,11.42,11.42,11.42,11.42,11.44,11.45,11.47,11.48,11.48,11.48,11.48,11.48,11.47,11.46,11.45,11.44,11.45,11.46,11.48,11.49,11.6,11.72,11.84,11.95,11.94,11.92,11.9,11.88,11.94,12.0,12.06,12.12,12.11,12.11,12.1,12.09,12.19,12.28,12.38,12.47,12.48,12.49,12.5,12.51,12.45,12.4,12.34,12.29,12.22,12.15,12.08,12.01,11.99,11.97,11.94,11.92,11.96,12.0,12.04,12.08,12.02,11.97,11.91,11.85,11.83,11.8,11.78,11.75,11.78,11.81,11.84,11.86,,
2016-11-16T00:00:00+00:00,11.62,11.6,11.58,11.51,11.43,11.36,11.28,11.27,11.26,11.25,11.25,11.25,11.25,11.25,11.25,11.3,11.36,11.41,11.47,11.48,11.49,11.5,11.51,11.48,11.45,11.42,11.39,11.35,11.3,11.26,11.22,11.17,11.12,11.07,11.02,11.11,11.19,11.27,11.35,11.56,11.77,11.99,12.2,12.02,11.84,11.67,11.49,11.54,11.59,11.64,11.69,11.63,11.57,11.51,11.45,11.45,11.45,11.45,11.44,11.42,11.39,11.37,11.34,11.3,11.25,11.21,11.16,11.3,11.44,11.58,11.72,11.77,11.81,11.86,11.9,11.84,11.77,11.7,11.64,11.64,11.65,11.65,11.65,11.65,11.66,11.66,11.66,11.66,11.67,11.67,11.68,11.6,11.53,11.45,11.38,11.44,11.49,11.55,11.61,11.5,11.4,11.3,11.2,11.09,10.98,10.87,10.76,10.74,10.72,10.71,10.69,10.63,10.58,10.52,10.47,10.45,10.44,10.43,10.41,10.37,10.33,10.29,10.25,10.27,10.28,10.3,10.32,10.38,10.44,10.5,10.56,10.63,10.71,10.78,10.85,10.95,11.06,11.16,11.26,11.26,11.27,11.27,11.27,11.37,11.46,11.56,11.66,11.84,12.02,12.2,12.38,12.42,12.47,12.51,12.55,12.47,12.39,12.31,12.23,12.16,12.09,12.02,11.95,,
2016-11-17T00:00:00+00:00,10.74,10.76,10.77,10.68,10.59,10.5,10.41,10.27,10.13,9.99,9.86,9.75,9.65,9.55,9.45,9.41,9.38,9.34,9.31,9.35,9.4,9.44,9.48,9.47,9.45,9.43,9.42,9.28,9.14,9.01,8.87,8.95,9.02,9.1,9.18,9.42,9.66,9.9,10.14,10.41,10.67,10.94,11.21,11.45,11.69,11.92,12.16,12.13,12.09,12.05,12.02,12.04,12.06,12.07,12.09,12.1,12.11,12.12,12.13,12.12,12.11,12.09,12.08,12.06,12.05,12.03,12.01,11.89,11.78,11.66,11.54,11.49,11.44,11.39,11.34,11.32,11.29,11.27,11.25,11.14,11.03,10.93,10.82,10.83,10.85,10.86,10.87,10.98,11.08,11.19,11.29,11.24,11.19,11.13,11.08,11.21,11.34,11.47,11.59,11.58,11.57,11.56,11.55,11.06,10.57,10.08,9.59,9.56,9.52,9.49,9.45,9.23,9.0,8.78,8.55,8.22,7.88,7.54,7.21,7.21,7.22,7.22,7.22,7.31,7.4,7.48,7.57,7.6,7.64,7.68,7.72,7.84,7.97,8.09,8.22,8.41,8.6,8.79,8.98,9.12,9.27,9.41,9.55,8.59,7.62,6.66,5.7,5.84,5.99,6.13,6.28,6.33,6.38,6.44,6.49,6.51,6.53,6.55,6.57,6.53,6.49,6.45,6.41,,
2016-11-18T00:00:00+00:00,11.73,11.5,11.26,10.88,10.49,10.11,9.73,9.48,9.22,8.97,8.72,8.6,8.49,8.38,8.27,8.31,8.36,8.4,8.45,8.28,8.11,7.94,7.77,7.74,7.71,7.67,7.64,7.67,7.7,7.73,7.76,7.8,7.84,7.87,7.91,8.09,8.26,8.43,8.61,8.65,8.7,8.74,8.79,8.89,9.0,9.1,9.2,8.5,7.8,7.1,6.4,6.55,6.7,6.85,7.0,7.0,6.99,6.98,6.97,6.93,6.9,6.86,6.82,6.76,6.69,6.63,6.56,6.43,6.31,6.18,6.05,5.95,5.86,5.76,5.66,5.56,5.45,5.35,5.24,5.28,5.32,5.35,5.39,5.35,5.31,5.27,5.24,5.15,5.06,4.97,4.89,4.76,4.64,4.52,4.39,4.27,4.14,4.02,3.89,3.8,3.71,3.62,3.53,3.46,3.39,3.32,3.25,3.22,3.2,3.18,3.16,3.22,3.28,3.33,3.39,3.3,3.21,3.13,3.04,3.01,2.99,2.97,2.95,3.16,3.37,3.58,3.79,4.01,4.23,4.45,4.67,4.94,5.22,5.49,5.77,6.15,6.53,6.9,7.28,7.5,7.72,7.94,8.16,8.28,8.4,8.53,8.65,8.68,8.72,8.75,8.79,8.68,8.58,8.47,8.37,8.24,8.12,8.0,7.87,7.82,7.77,7.72,7.67,,
2016-11-19T00:00:00+00:00,4.87,4.81,4.75,4.69,4.62,4.56,4.5,4.43,4.37,4.31,4.25,4.22,4.18,4.15,4.12,4.07,4.02,3.98,3.93,3.88,3.82,3.77,3.72,3.75,3.78,3.81,3.84,4.01,4.18,4.36,4.53,4.75,4.98,5.2,5.42,5.66,5.89,6.12,6.35,6.6,6.85,7.1,7.35,7.52,7.69,7.86,8.03,8.13,8.22,8.32,8.42,8.42,8.41,8.41,8.41,8.25,8.09,7.94,7.78,7.73,7.69,7.64,7.59,7.57,7.55,7.52,7.5,7.42,7.34,7.25,7.17,7.12,7.07,7.02,6.96,6.87,6.77,6.68,6.58,6.56,6.54,6.52,6.5,6.57,6.64,6.72,6.79,6.9,7.01,7.11,7.22,7.31,7.39,7.47,7.56,7.67,7.79,7.91,8.02,8.13,8.24,8.35,8.46,8.62,8.77,8.93,9.08,9.22,9.35,9.48,9.61,9.79,9.97,10.14,10.32,10.42,10.52,10.63,10.73,10.76,10.8,10.83,10.86,10.9,10.94,10.98,11.02,11.04,11.06,11.07,11.09,11.12,11.16,11.19,11.23,11.25,11.27,11.29,11.32,11.41,11.5,11.59,11.68,11.79,11.89,11.99,12.09,12.25,12.42,12.58,12.74,12.63,12.52,12.41,12.3,12.3,12.29,12.28,12.28,12.3,12.31,12.33,12.35,,
2016-11-20T00:00:00+00:00,8.27,8.19,8.12,8.15,8.19,8.22,8.26,8.77,9.29,9.8,10.31,10.39,10.47,10.54,10.62,10.63,10.64,10.66,10.67,10.8,10.94,11.07,11.21,11.3,11.39,11.47,11.56,11.51,11.45,11.39,11.33,11.33,11.33,11.33,11.33,11.3,11.27,11.24,11.21,11.25,11.29,11.34,11.38,11.42,11.46,11.5,11.54,11.38,11.22,11.05,10.89,11.02,11.15,11.28,11.42,11.49,11.56,11.63,11.7,11.67,11.64,11.61,11.58,11.46,11.34,11.22,11.1,11.12,11.14,11.16,11.19,11.14,11.1,11.05,11.01,10.88,10.76,10.64,10.52,10.45,10.38,10.31,10.24,10.31,10.38,10.44,10.51,10.57,10.62,10.67,10.73,10.67,10.61,10.55,10.49,10.56,10.64,10.72,10.8,10.82,10.84,10.86,10.88,10.89,10.91,10.92,10.93,10.94,10.95,10.95,10.96,11.0,11.04,11.08,11.11,11.23,11.35,11.47,11.59,11.67,11.75,11.83,11.91,12.04,12.18,12.31,12.45,12.48,12.52,12.56,12.59,12.95,13.31,13.67,14.03,13.96,13.9,13.84,13.78,14.02,14.27,14.51,14.75,14.63,14.51,14.39,14.27,13.53,12.78,12.04,11.29,11.23,11.16,11.1,11.03,11.02,11.0,10.98,10.97,10.79,10.61,10.43,10.25,,
2016-11-21T00:00:00+00:00,11.85,11.82,11.8,11.52,11.25,10.97,10.7,10.7,10.71,10.72,10.72,10.69,10.65,10.62,10.58,10.69,10.8,10.91,11.02,11.16,11.29,11.43,11.57,11.66,11.75,11.85,11.94,12.03,12.11,12.2,12.29,12.32,12.36,12.39,12.43,12.65,12.87,13.1,13.32,13.64,13.95,14.27,14.59,14.69,14.8,14.9,15.0,14.21,13.42,12.63,11.84,11.82,11.8,11.78,11.76,11.58,11.4,11.22,11.04,10.98,10.92,10.86,10.8,10.74,10.68,10.61,10.55,10.48,10.42,10.35,10.29,10.42,10.55,10.68,10.81,10.72,10.62,10.52,10.43,10.46,10.49,10.52,10.55,10.68,10.81,10.94,11.06,11.07,11.09,11.1,11.11,11.07,11.03,10.99,10.95,10.91,10.88,10.85,10.82,10.79,10.76,10.73,10.7,10.62,10.53,10.44,10.35,10.3,10.24,10.19,10.13,10.02,9.9,9.78,9.66,9.6,9.54,9.47,9.41,9.25,9.09,8.93,8.77,8.97,9.16,9.36,9.56,9.75,9.93,10.12,10.3,10.55,10.79,11.03,11.27,11.46,11.65,11.83,12.02,12.11,12.2,12.29,12.38,12.35,12.31,12.28,12.25,12.13,12.01,11.89,11.77,11.6,11.44,11.27,11.11,10.93,10.76,10.59,10.41,10.23,10.06,9.88,9.7,,
2016-11-22T00:00:00+00:00,10.28,10.16,10.03,9.92,9.81,9.7,9.59,9.63,9.67,9.71,9.75,9.67,9.59,9.51,9.43,9.37,9.32,9.27,9.21,9.11,9.0,8.9,8.8,8.8,8.79,8.79,8.79,8.94,9.08,9.23,9.37,9.54,9.7,9.86,10.02,10.2,10.39,10.58,10.77,10.99,11.21,11.44,11.66,11.73,11.81,11.88,11.95,11.97,11.99,12.01,12.02,11.96,11.89,11.82,11.76,11.62,11.48,11.34,11.2,11.08,10.95,10.83,10.7,10.58,10.45,10.33,10.2,10.12,10.03,9.94,9.85,9.83,9.82,9.8,9.78,9.79,9.8,9.8,9.81,9.8,9.78,9.77,9.75,9.73,9.7,9.67,9.65,9.57,9.48,9.4,9.32,9.26,9.2,9.14,9.09,9.06,9.04,9.02,9.0,9.07,9.14,9.21,9.28,9.33,9.39,9.44,9.49,9.55,9.61,9.66,9.72,9.65,9.59,9.52,9.45,9.53,9.6,9.68,9.75,9.76,9.77,9.78,9.79,9.9,10.01,10.12,10.22,10.47,10.71,10.96,11.2,11.41,11.61,11.82,12.03,12.28,12.53,12.78,13.03,13.25,13.47,13.69,13.9,14.07,14.23,14.39,14.55,14.59,14.62,14.66,14.7,14.62,14.54,14.46,14.38,14.23,14.08,13.94,13.79,13.7,13.61,13.52,13.44,,
2016-11-23T00:00:00+00:00,8.88,8.94,8.99,8.99,8.99,8.98,8.98,9.04,9.1,9.16,9.22,9.26,9.3,9.35,9.39,9.4,9.41,9.42,9.43,9.45,9.48,9.5,9.53,9.56,9.59,9.62,9.65,9.74,9.83,9.92,10.01,10.17,10.33,10.49,10.65,10.89,11.14,11.38,11.62,11.98,12.34,12.69,13.05,13.28,13.52,13.75,13.98,14.11,14.23,14.36,14.48,14.61,14.74,14.87,15.0,14.94,14.87,14.81,14.74,14.5,14.27,14.03,13.79,13.63,13.48,13.32,13.16,12.99,12.82,12.65,12.48,12.36,12.23,12.1,11.98,11.89,11.8,11.72,11.63,11.54,11.45,11.36,11.27,11.16,11.06,10.95,10.85,10.73,10.61,10.49,10.38,10.29,10.2,10.12,10.03,9.92,9.81,9.7,9.59,9.51,9.44,9.36,9.29,9.22,9.15,9.09,9.02,9.02,9.03,9.03,9.03,9.03,9.03,9.04,9.04,9.04,9.05,9.06,9.06,9.02,8.99,8.95,8.91,9.05,9.18,9.32,9.45,9.69,9.92,10.16,10.39,10.55,10.71,10.87,11.03,11.17,11.31,11.45,11.59,11.67,11.76,11.84,11.92,12.01,12.1,12.2,12.29,12.27,12.25,12.23,12.21,12.11,12.02,11.93,11.83,11.73,11.62,11.52,11.41,11.25,11.09,10.93,10.77,,
2016-11-24T00:00:00+00:00,11.29,11.19,11.1,11.06,11.02,10.98,10.94,10.78,10.61,10.44,10.27,10.24,10.21,10.17,10.14,10.07,10.0,9.93,9.86,9.82,9.77,9.73,9.68,9.72,9.77,9.81,9.86,9.88,9.9,9.92,9.94,10.06,10.18,10.31,10.43,10.67,10.91,11.15,11.39,11.6,11.8,12.01,12.21,12.35,12.49,12.62,12.76,12.84,12.93,13.01,13.09,13.01,12.93,12.85,12.77,12.7,12.63,12.56,12.5,12.32,12.15,11.97,11.8,11.65,11.51,11.36,11.22,10.95,10.69,10.42,10.15,10.04,9.94,9.83,9.72,9.61,9.5,9.4,9.29,9.2,9.1,9.01,8.92,8.77,8.63,8.48,8.34,8.22,8.11,7.99,7.87,7.78,7.69,7.6,7.51,7.44,7.37,7.3,7.23,7.16,7.09,7.02,6.95,6.89,6.82,6.75,6.68,6.56,6.45,6.34,6.22,6.15,6.08,6.01,5.93,5.91,5.89,5.87,5.84,5.87,5.89,5.92,5.94,6.1,6.26,6.42,6.59,6.87,7.15,7.43,7.71,7.98,8.24,8.51,8.78,9.1,9.42,9.73,10.05,10.15,10.24,10.34,10.43,10.44,10.44,10.44,10.44,10.36,10.28,10.21,10.13,10.02,9.92,9.81,9.7,9.62,9.53,9.44,9.35,9.33,9.32,9.3,9.28,,
2016-11-25T00:00:00+00:00,7.99,7.88,7.77,7.63,7.49,7.36,7.22,7.11,7.0,6.89,6.79,6.77,6.75,6.73,6.71,6.7,6.68,6.67,6.65,6.72,6.78,6.84,6.91,6.98,7.05,7.13,7.2,7.24,7.28,7.31,7.35,7.43,7.51,7.59,7.68,7.83,7.99,8.15,8.31,8.44,8.57,8.7,8.83,8.92,9.01,9.1,9.19,9.23,9.27,9.31,9.35,9.4,9.44,9.49,9.53,9.55,9.56,9.58,9.6,9.61,9.61,9.62,9.62,9.62,9.61,9.61,9.6,9.58,9.57,9.55,9.54,9.56,9.58,9.61,9.63,9.6,9.57,9.55,9.52,9.48,9.44,9.4,9.36,9.29,9.22,9.16,9.09,9.04,8.99,8.94,8.88,8.84,8.8,8.76,8.72,8.71,8.7,8.69,8.68,8.68,8.68,8.67,8.67,8.64,8.62,8.59,8.56,8.43,8.3,8.18,8.05,8.05,8.05,8.05,8.05,8.08,8.11,8.14,8.17,8.18,8.19,8.2,8.21,8.28,8.35,8.42,8.49,8.63,8.77,8.91,9.06,9.16,9.26,9.37,9.47,9.62,9.78,9.93,10.08,10.23,10.37,10.51,10.65,10.72,10.79,10.86,10.93,10.91,10.9,10.89,10.87,10.67,10.47,10.28,10.08,9.88,9.67,9.47,9.27,9.09,8.92,8.74,8.57,,
2016-11-26T00:00:00+00:00,7.97,7.9,7.82,7.77,7.72,7.67,7.62,7.41,7.2,6.98,6.77,6.66,6.55,6.44,6.33,6.31,6.3,6.28,6.26,6.22,6.17,6.12,6.08,6.08,6.07,6.07,6.07,6.25,6.43,6.61,6.79,7.03,7.27,7.51,7.75,7.96,8.16,8.37,8.58,8.73,8.89,9.04,9.2,9.32,9.44,9.56,9.68,9.77,9.86,9.96,10.05,10.07,10.08,10.09,10.11,10.06,10.02,9.98,9.93,9.88,9.82,9.77,9.71,9.6,9.49,9.38,9.27,9.18,9.08,8.99,8.89,8.81,8.72,8.64,8.55,8.5,8.45,8.39,8.34,8.29,8.24,8.2,8.15,7.99,7.84,7.69,7.54,7.47,7.41,7.35,7.29,7.26,7.24,7.21,7.18,7.19,7.2,7.2,7.21,7.18,7.16,7.13,7.1,7.06,7.02,6.97,6.93,6.9,6.86,6.83,6.8,6.8,6.81,6.82,6.83,6.85,6.87,6.89,6.91,6.92,6.92,6.93,6.94,6.94,6.94,6.95,6.95,7.07,7.18,7.3,7.41,7.54,7.67,7.8,7.93,8.1,8.27,8.43,8.6,8.64,8.68,8.72,8.76,8.78,8.79,8.8,8.82,8.72,8.63,8.53,8.44,8.35,8.27,8.18,8.09,7.99,7.89,7.78,7.68,7.63,7.57,7.52,7.46,,
2016-11-27T00:00:00+00:00,6.84,6.61,6.39,6.24,6.1,5.95,5.81,5.68,5.55,5.42,5.3,5.22,5.14,5.06,4.99,4.94,4.9,4.85,4.8,4.72,4.64,4.55,4.47,4.5,4.53,4.56,4.59,4.78,4.98,5.18,5.37,5.62,5.87,6.12,6.37,6.65,6.93,7.21,7.49,7.64,7.79,7.93,8.08,8.19,8.3,8.41,8.52,8.53,8.55,8.57,8.59,8.45,8.31,8.18,8.04,7.82,7.59,7.36,7.13,7.06,6.99,6.93,6.86,6.75,6.65,6.54,6.44,6.37,6.29,6.22,6.15,6.16,6.18,6.2,6.22,6.13,6.05,5.97,5.89,5.8,5.7,5.61,5.51,5.34,5.16,4.99,4.81,4.68,4.54,4.4,4.27,4.17,4.07,3.97,3.88,3.76,3.64,3.53,3.41,3.36,3.3,3.24,3.19,3.04,2.89,2.75,2.6,2.5,2.39,2.29,2.19,2.12,2.06,2.0,1.93,1.93,1.93,1.93,1.94,1.95,1.96,1.98,1.99,2.17,2.34,2.51,2.69,2.94,3.2,3.45,3.71,3.95,4.19,4.44,4.68,4.83,4.98,5.13,5.27,5.39,5.5,5.61,5.72,5.74,5.75,5.76,5.78,5.64,5.5,5.36,5.23,4.99,4.76,4.53,4.29,4.12,3.95,3.78,3.61,3.49,3.37,3.25,3.12,,
2016-11-28T00:00:00+00:00,5.51,5.33,5.15,5.08,5.02,4.95,4.89,4.77,4.65,4.54,4.42,4.29,4.16,4.04,3.91,3.8,3.69,3.58,3.47,3.35,3.22,3.1,2.97,2.87,2.76,2.65,2.54,2.67,2.79,2.91,3.04,3.22,3.4,3.58,3.76,3.92,4.09,4.26,4.43,4.57,4.72,4.87,5.01,5.09,5.16,5.24,5.31,5.28,5.25,5.22,5.2,5.14,5.08,5.02,4.96,4.78,4.6,4.43,4.25,4.06,3.87,3.68,3.49,3.29,3.1,2.91,2.71,2.57,2.42,2.27,2.12,2.01,1.89,1.77,1.65,1.53,1.41,1.29,1.16,1.05,0.93,0.82,0.7,0.59,0.49,0.38,0.27,0.18,0.09,-0.01,-0.1,-0.16,-0.22,-0.29,-0.35,-0.4,-0.46,-0.52,-0.57,-0.63,-0.68,-0.73,-0.78,-0.82,-0.86,-0.9,-0.94,-0.97,-0.99,-1.02,-1.05,-1.06,-1.08,-1.09,-1.11,-1.11,-1.11,-1.11,-1.11,-1.07,-1.03,-0.98,-0.94,-0.71,-0.47,-0.24,-0.0,0.24,0.49,0.73,0.97,1.22,1.47,1.72,1.97,2.24,2.52,2.79,3.06,3.32,3.58,3.84,4.1,4.21,4.31,4.42,4.53,4.48,4.44,4.39,4.35,4.11,3.87,3.64,3.4,3.2,3.01,2.81,2.61,2.37,2.12,1.88,1.64,,
2016-11-29T00:00:00+00:00,-0.34,-0.42,-0.51,-0.59,-0.67,-0.76,-0.84,-0.9,-0.95,-1.0,-1.06,-1.11,-1.16,-1.21,-1.26,-1.31,-1.36,-1.4,-1.45,-1.52,-1.58,-1.65,-1.71,-1.69,-1.66,-1.64,-1.61,-1.38,-1.14,-0.9,-0.67,-0.42,-0.17,0.08,0.32,0.63,0.93,1.24,1.54,1.84,2.14,2.43,2.73,2.93,3.12,3.32,3.52,3.62,3.72,3.82,3.92,3.89,3.86,3.83,3.8,3.6,3.4,3.19,2.99,2.7,2.42,2.13,1.85,1.7,1.56,1.41,1.26,1.14,1.02,0.9,0.78,0.71,0.65,0.58,0.52,0.45,0.38,0.32,0.25,0.18,0.12,0.05,-0.02,-0.09,-0.17,-0.24,-0.32,-0.41,-0.51,-0.6,-0.69,-0.74,-0.78,-0.83,-0.88,-0.93,-0.98,-1.03,-1.09,-1.17,-1.25,-1.34,-1.42,-1.53,-1.63,-1.73,-1.83,-1.9,-1.97,-2.04,-2.12,-2.03,-1.94,-1.85,-1.76,-1.8,-1.84,-1.88,-1.92,-1.88,-1.84,-1.8,-1.76,-1.46,-1.16,-0.86,-0.55,-0.16,0.23,0.62,1.01,1.35,1.69,2.03,2.37,2.69,3.02,3.35,3.67,3.86,4.06,4.25,4.44,4.55,4.66,4.77,4.88,4.87,4.85,4.83,4.82,4.57,4.32,4.07,3.82,3.65,3.47,3.29,3.12,2.86,2.61,2.35,2.1,,
2016-11-30T00:00:00+00:00,-1.71,-1.71,-1.71,-1.85,-2.0,-2.14,-2.28,-2.37,-2.46,-2.55,-2.64,-2.68,-2.71,-2.75,-2.79,-2.76,-2.73,-2.7,-2.67,-2.68,-2.69,-2.7,-2.71,-2.68,-2.65,-2.62,-2.59,-2.34,-2.08,-1.83,-1.58,-1.13,-0.68,-0.24,0.21,0.59,0.96,1.34,1.72,1.95,2.18,2.41,2.64,2.8,2.97,3.13,3.3,3.39,3.48,3.58,3.67,3.69,3.72,3.75,3.78,3.55,3.32,3.09,2.86,2.67,2.47,2.28,2.08,1.86,1.64,1.42,1.2,1.1,1.0,0.9,0.8,0.71,0.62,0.53,0.44,0.34,0.24,0.14,0.03,-0.07,-0.16,-0.26,-0.36,-0.46,-0.55,-0.65,-0.74,-0.82,-0.91,-0.99,-1.07,-1.11,-1.15,-1.19,-1.23,-1.29,-1.35,-1.42,-1.48,-1.48,-1.48,-1.48,-1.48,-1.53,-1.59,-1.64,-1.69,-1.72,-1.75,-1.78,-1.8,-1.7,-1.6,-1.49,-1.39,-1.4,-1.42,-1.43,-1.44,-1.37,-1.3,-1.22,-1.15,-0.8,-0.45,-0.1,0.25,0.72,1.2,1.68,2.16,2.47,2.79,3.11,3.43,3.66,3.88,4.11,4.34,4.52,4.7,4.88,5.06,5.15,5.25,5.34,5.43,5.33,5.22,5.12,5.02,4.67,4.32,3.97,3.62,3.38,3.15,2.92,2.69,2.58,2.48,2.37,2.27,,
2016-12-01T00:00:00+00:00,-2.47,-2.5,-2.54,-2.63,-2.71,-2.8,-2.89,-2.9,-2.91,-2.92,-2.93,-2.98,-3.03,-3.08,-3.13,-3.15,-3.16,-3.17,-3.19,-3.1,-3.01,-2.92,-2.84,-2.79,-2.74,-2.69,-2.64,-2.27,-1.91,-1.54,-1.17,-0.69,-0.2,0.29,0.78,1.18,1.58,1.99,2.39,2.7,3.01,3.32,3.63,3.84,4.05,4.26,4.48,4.62,4.76,4.91,5.05,4.99,4.94,4.88,4.82,4.51,4.2,3.9,3.59,3.39,3.18,2.98,2.77,2.59,2.41,2.23,2.04,1.94,1.84,1.73,1.63,1.57,1.5,1.44,1.38,1.32,1.25,1.19,1.13,1.06,0.99,0.92,0.85,0.8,0.75,0.7,0.65,0.58,0.52,0.45,0.38,0.33,0.28,0.22,0.17,0.43,0.69,0.96,1.22,1.33,1.43,1.54,1.65,1.67,1.7,1.72,1.75,1.82,1.9,1.97,2.05,2.1,2.15,2.21,2.26,2.28,2.31,2.33,2.35,2.35,2.34,2.34,2.33,2.33,2.33,2.33,2.32,2.46,2.6,2.74,2.88,3.04,3.21,3.38,3.54,3.76,3.98,4.19,4.41,4.62,4.82,5.03,5.23,5.35,5.47,5.59,5.7,5.59,5.48,5.36,5.25,5.09,4.93,4.76,4.6,4.58,4.56,4.55,4.53,4.47,4.41,4.35,4.29,,
2016-12-02T00:00:00+00:00,-0.06,-0.06,-0.07,-0.16,-0.25,-0.33,-0.42,-0.19,0.04,0.28,0.51,0.72,0.93,1.14,1.36,1.51,1.66,1.81,1.96,1.94,1.93,1.91,1.9,1.85,1.79,1.74,1.69,1.87,2.06,2.24,2.42,2.63,2.84,3.05,3.26,3.46,3.65,3.85,4.05,4.24,4.43,4.62,4.81,4.95,5.08,5.21,5.35,5.48,5.6,5.73,5.86,5.88,5.89,5.9,5.92,5.74,5.55,5.37,5.19,5.07,4.95,4.83,4.71,4.59,4.47,4.35,4.23,4.13,4.03,3.93,3.83,3.8,3.77,3.73,3.7,3.69,3.69,3.68,3.67,3.63,3.59,3.55,3.5,3.47,3.44,3.4,3.37,3.19,3.02,2.84,2.66,2.55,2.44,2.33,2.22,2.12,2.03,1.93,1.83,1.76,1.69,1.62,1.55,1.51,1.48,1.44,1.4,1.33,1.25,1.17,1.1,1.07,1.05,1.03,1.01,0.96,0.91,0.86,0.81,0.78,0.74,0.7,0.67,0.68,0.68,0.69,0.69,1.0,1.3,1.6,1.91,2.27,2.63,2.99,3.35,3.6,3.85,4.09,4.34,4.49,4.63,4.78,4.92,5.03,5.13,5.24,5.35,5.27,5.19,5.11,5.03,4.74,4.45,4.16,3.88,3.63,3.38,3.13,2.89,2.74,2.59,2.44,2.3,,
2016-12-05T00:00:00+00:00
2016-12-06T00:00:00+00:00,1.3,0.95,0.61,0.66,0.7,0.75,0.8,0.83,0.85,0.88,0.91,0.89,0.88,0.86,0.85,0.87,0.88,0.9,0.92,0.93,0.95,0.97,0.98,1.15,1.33,1.5,1.67,1.82,1.97,2.13,2.28,2.76,3.24,3.72,4.2,4.57,4.95,5.33,5.7,6.17,6.64,7.1,7.57,7.84,8.11,8.38,8.66,8.63,8.6,8.57,8.54,8.53,8.52,8.51,8.5,8.09,7.68,7.28,6.87,6.56,6.25,5.94,5.63,5.35,5.08,4.8,4.53,4.41,4.28,4.16,4.04,4.03,4.02,4.01,4.0,3.77,3.55,3.33,3.11,3.05,2.98,2.92,2.86,2.77,2.69,2.61,2.52,2.57,2.62,2.66,2.71,2.54,2.38,2.21,2.04,2.15,2.26,2.37,2.48,2.44,2.39,2.35,2.31,2.1,1.89,1.68,1.47,1.35,1.23,1.11,0.99,1.14,1.29,1.44,1.58,1.6,1.62,1.63,1.65,1.68,1.71,1.73,1.76,1.97,2.17,2.38,2.59,3.06,3.53,4.0,4.47,4.82,5.16,5.5,5.84,6.29,6.73,7.18,7.62,7.81,7.99,8.18,8.36,8.28,8.2,8.12,8.05,7.84,7.63,7.42,7.21,6.93,6.65,6.38,6.1,5.83,5.57,5.31,5.04,4.95,4.85,4.75,4.65,,
2016-12-07T00:00:00+00:00,0.81,0.79,0.78,0.86,0.95,1.03,1.12,0.93,0.75,0.57,0.39,0.38,0.38,0.38,0.38,0.56,0.74,0.91,1.09,1.28,1.46,1.64,1.82,1.87,1.93,1.98,2.03,2.35,2.68,3.0,3.33,3.55,3.77,4.0,4.22,4.8,5.38,5.96,6.54,6.84,7.14,7.44,7.74,7.88,8.02,8.16,8.3,8.38,8.45,8.53,8.6,8.36,8.13,7.89,7.65,7.38,7.11,6.84,6.56,6.36,6.16,5.95,5.75,5.62,5.48,5.34,5.21,5.1,4.99,4.88,4.77,4.67,4.58,4.48,4.39,4.12,3.86,3.6,3.33,3.18,3.04,2.89,2.74,2.69,2.64,2.59,2.54,2.5,2.46,2.42,2.38,2.2,2.02,1.84,1.66,1.7,1.74,1.78,1.82,1.63,1.44,1.25,1.06,1.08,1.09,1.11,1.13,1.14,1.15,1.17,1.18,1.26,1.34,1.42,1.5,1.49,1.47,1.45,1.43,1.47,1.5,1.54,1.57,1.84,2.12,2.39,2.66,2.94,3.23,3.51,3.79,4.14,4.49,4.85,5.2,5.57,5.94,6.31,6.68,6.95,7.22,7.49,7.76,7.88,8.0,8.13,8.25,8.12,7.99,7.86,7.73,7.39,7.05,6.72,6.38,6.07,5.76,5.45,5.14,4.91,4.67,4.44,4.2,,
2016-12-08T00:00:00+00:00,-0.54,-0.69,-0.84,-0.84,-0.83,-0.83,-0.82,-0.73,-0.63,-0.53,-0.44,-0.16,0.12,0.4,0.69,0.89,1.09,1.3,1.5,1.63,1.77,1.9,2.03,2.03,2.02,2.02,2.02,2.32,2.62,2.92,3.22,3.5,3.79,4.07,4.35,4.64,4.93,5.22,5.51,5.77,6.03,6.29,6.54,6.79,7.04,7.29,7.53,7.69,7.85,8.0,8.16,8.08,8.0,7.93,7.85,7.57,7.29,7.02,6.74,6.47,6.21,5.94,5.68,5.5,5.32,5.14,4.96,4.86,4.77,4.68,4.59,4.5,4.4,4.31,4.22,4.23,4.25,4.26,4.27,4.24,4.21,4.18,4.15,4.13,4.11,4.09,4.07,3.99,3.92,3.85,3.78,3.74,3.7,3.66,3.62,3.6,3.59,3.58,3.57,3.48,3.39,3.3,3.21,3.09,2.96,2.84,2.71,2.66,2.6,2.54,2.49,2.51,2.53,2.55,2.57,2.54,2.5,2.47,2.44,2.51,2.58,2.64,2.71,2.95,3.19,3.42,3.66,3.96,4.25,4.55,4.84,5.08,5.32,5.55,5.79,6.13,6.47,6.81,7.15,7.4,7.65,7.9,8.15,8.22,8.29,8.36,8.43,8.34,8.24,8.15,8.06,7.76,7.46,7.16,6.86,6.67,6.48,6.29,6.1,5.96,5.82,5.68,5.54,,
2016-12-09T00:00:00+00:00,3.82,3.7,3.58,3.4,3.22,3.04,2.86,2.93,3.0,3.07,3.15,3.16,3.17,3.18,3.2,3.31,3.43,3.54,3.66,3.64,3.62,3.6,3.58,3.5,3.42,3.35,3.27,3.5,3.73,3.97,4.2,4.38,4.56,4.73,4.91,5.28,5.66,6.03,6.4,6.77,7.14,7.52,7.89,8.0,8.11,8.22,8.33,8.5,8.67,8.83,9.0,8.9,8.8,8.7,8.59,8.33,8.07,7.81,7.55,7.35,7.14,6.94,6.74,6.51,6.28,6.04,5.81,5.67,5.52,5.38,5.23,5.16,5.08,5.01,4.94,4.86,4.79,4.71,4.64,4.59,4.55,4.51,4.47,4.47,4.48,4.48,4.49,4.36,4.24,4.12,4.0,3.9,3.81,3.71,3.61,3.54,3.46,3.39,3.32,3.19,3.05,2.92,2.78,2.65,2.52,2.39,2.26,2.16,2.07,1.97,1.88,1.84,1.81,1.77,1.73,1.73,1.73,1.73,1.72,1.74,1.75,1.76,1.77,2.0,2.23,2.46,2.69,2.87,3.06,3.24,3.42,3.57,3.73,3.88,4.03,4.17,4.32,4.47,4.62,4.68,4.75,4.81,4.88,4.93,4.98,5.02,5.07,5.1,5.13,5.15,5.18,5.15,5.12,5.08,5.05,5.03,5.01,4.98,4.96,4.9,4.85,4.79,4.74,,
2016-12-10T00:00:00+00:00,4.05,3.88,3.72,3.72,3.73,3.73,3.74,3.63,3.53,3.42,3.31,3.17,3.03,2.89,2.74,2.71,2.67,2.63,2.59,2.5,2.42,2.33,2.25,2.26,2.27,2.28,2.29,2.49,2.7,2.91,3.11,3.32,3.54,3.75,3.96,4.1,4.24,4.38,4.52,4.64,4.75,4.87,4.98,5.1,5.21,5.32,5.43,5.47,5.52,5.56,5.6,5.66,5.73,5.79,5.86,5.81,5.77,5.73,5.68,5.62,5.56,5.5,5.43,5.36,5.28,5.2,5.12,5.08,5.05,5.01,4.97,4.95,4.92,4.89,4.86,4.82,4.77,4.73,4.68,4.67,4.66,4.65,4.64,4.64,4.63,4.62,4.61,4.57,4.54,4.5,4.46,4.46,4.46,4.46,4.46,4.56,4.65,4.75,4.84,4.97,5.1,5.22,5.35,5.36,5.38,5.39,5.4,5.52,5.63,5.74,5.85,6.01,6.18,6.34,6.5,6.57,6.64,6.71,6.78,6.58,6.38,6.17,5.97,6.02,6.06,6.11,6.16,6.36,6.57,6.77,6.97,7.18,7.39,7.6,7.81,8.03,8.26,8.48,8.71,8.9,9.09,9.28,9.47,9.55,9.64,9.73,9.81,9.78,9.76,9.73,9.7,9.39,9.08,8.77,8.46,8.3,8.14,7.98,7.82,7.49,7.17,6.84,6.52,,
2016-12-11T00:00:00+00:00,3.84,3.86,3.88,4.03,4.18,4.33,4.48,4.67,4.85,5.04,5.22,5.66,6.09,6.52,6.95,7.13,7.3,7.47,7.64,7.61,7.57,7.54,7.5,7.47,7.44,7.41,7.37,7.49,7.61,7.72,7.84,8.05,8.25,8.46,8.67,8.78,8.9,9.01,9.13,9.18,9.24,9.29,9.34,9.33,9.31,9.29,9.27,9.14,9.02,8.89,8.77,8.62,8.48,8.33,8.18,8.11,8.04,7.98,7.91,7.92,7.94,7.96,7.98,7.92,7.87,7.81,7.75,7.67,7.58,7.49,7.41,7.29,7.17,7.05,6.93,6.81,6.69,6.56,6.44,6.41,6.38,6.34,6.31,6.28,6.25,6.22,6.2,6.13,6.06,5.99,5.93,5.85,5.77,5.69,5.62,5.47,5.33,5.19,5.05,4.89,4.73,4.58,4.42,4.26,4.11,3.95,3.79,3.79,3.78,3.77,3.77,3.74,3.71,3.68,3.65,3.66,3.66,3.67,3.67,3.62,3.58,3.53,3.48,3.48,3.47,3.47,3.46,3.53,3.6,3.67,3.74,3.74,3.73,3.73,3.73,3.79,3.84,3.9,3.96,3.97,3.98,4.0,4.01,4.06,4.11,4.16,4.21,4.22,4.23,4.24,4.24,4.26,4.27,4.28,4.29,4.29,4.29,4.29,4.29,4.28,4.28,4.27,4.26,,
2016-12-12T00:00:00+00:00,3.4,3.34,3.27,3.21,3.15,3.09,3.02,3.03,3.04,3.05,3.06,3.04,3.02,2.99,2.97,2.94,2.91,2.87,2.84,2.78,2.71,2.64,2.58,2.62,2.67,2.71,2.75,2.84,2.93,3.01,3.1,3.21,3.33,3.44,3.55,3.67,3.78,3.9,4.01,4.01,4.02,4.02,4.02,4.07,4.12,4.17,4.22,4.29,4.36,4.43,4.5,4.56,4.62,4.67,4.73,4.7,4.67,4.64,4.61,4.59,4.57,4.54,4.52,4.48,4.44,4.41,4.37,4.38,4.38,4.39,4.39,4.38,4.37,4.36,4.35,4.36,4.37,4.39,4.4,4.4,4.4,4.41,4.41,4.37,4.33,4.29,4.26,4.28,4.3,4.32,4.35,4.35,4.35,4.36,4.36,4.33,4.31,4.28,4.26,4.24,4.22,4.2,4.19,4.2,4.21,4.23,4.24,4.27,4.31,4.34,4.37,4.52,4.66,4.8,4.95,5.03,5.11,5.19,5.28,5.24,5.21,5.17,5.13,5.2,5.26,5.33,5.4,5.46,5.52,5.59,5.65,5.66,5.66,5.67,5.67,5.75,5.83,5.91,5.99,6.1,6.2,6.3,6.4,6.44,6.48,6.51,6.55,6.55,6.54,6.53,6.53,6.52,6.52,6.52,6.51,6.5,6.49,6.48,6.47,6.41,6.36,6.3,6.24,,
2016-12-13T00:00:00+00:00,5.72,5.64,5.56,5.53,5.51,5.48,5.46,5.54,5.63,5.72,5.81,5.75,5.7,5.65,5.59,5.55,5.51,5.47,5.42,5.47,5.51,5.55,5.59,5.65,5.71,5.78,5.84,5.86,5.89,5.92,5.94,6.06,6.17,6.29,6.4,6.57,6.75,6.92,7.09,7.21,7.32,7.43,7.55,7.7,7.84,7.99,8.14,8.3,8.46,8.63,8.79,8.85,8.92,8.98,9.05,8.82,8.59,8.36,8.13,7.9,7.66,7.42,7.18,6.92,6.66,6.4,6.14,5.93,5.73,5.53,5.33,5.17,5.02,4.86,4.71,4.61,4.51,4.41,4.32,4.19,4.05,3.92,3.79,3.69,3.59,3.49,3.4,3.34,3.28,3.21,3.15,3.1,3.05,2.99,2.94,2.91,2.89,2.86,2.84,2.79,2.75,2.71,2.66,2.6,2.55,2.49,2.43,2.38,2.33,2.27,2.22,2.22,2.22,2.22,2.21,2.17,2.13,2.09,2.05,2.04,2.03,2.02,2.01,2.19,2.37,2.56,2.74,3.03,3.31,3.6,3.88,4.19,4.5,4.8,5.11,5.31,5.52,5.72,5.93,6.1,6.27,6.44,6.61,6.69,6.76,6.84,6.92,6.89,6.85,6.81,6.77,6.53,6.3,6.06,5.82,5.63,5.43,5.23,5.03,4.85,4.68,4.5,4.32,,
2016-12-14T00:00:00+00:00,3.65,3.48,3.3,3.3,3.3,3.3,3.3,3.24,3.18,3.11,3.05,2.96,2.87,2.78,2.69,2.69,2.69,2.69,2.69,2.67,2.64,2.62,2.59,2.58,2.57,2.55,2.54,2.73,2.93,3.12,3.32,3.7,4.08,4.45,4.83,5.1,5.36,5.63,5.89,6.19,6.49,6.79,7.09,7.25,7.42,7.58,7.74,7.8,7.85,7.91,7.96,7.95,7.93,7.91,7.89,7.69,7.49,7.29,7.09,6.9,6.7,6.51,6.32,6.12,5.91,5.71,5.5,5.3,5.09,4.88,4.67,4.47,4.27,4.06,3.86,3.69,3.52,3.36,3.19,3.1,3.01,2.92,2.83,2.81,2.78,2.76,2.73,2.61,2.49,2.37,2.25,2.11,1.98,1.85,1.71,1.62,1.52,1.43,1.33,1.23,1.12,1.01,0.9,0.72,0.54,0.35,0.17,0.09,0.02,-0.06,-0.13,-0.14,-0.16,-0.17,-0.18,-0.21,-0.24,-0.26,-0.29,-0.31,-0.34,-0.36,-0.38,-0.27,-0.15,-0.03,0.08,0.27,0.45,0.64,0.82,1.03,1.23,1.44,1.64,1.85,2.06,2.27,2.48,2.68,2.87,3.07,3.27,3.4,3.54,3.68,3.81,3.86,3.9,3.95,3.99,3.97,3.94,3.92,3.89,3.89,3.89,3.88,3.88,3.83,3.78,3.74,3.69,,
2016-12-15T00:00:00+00:00,-0.17,-0.5,-0.84,-0.81,-0.79,-0.76,-0.73,-0.74,-0.74,-0.75,-0.75,-0.65,-0.55,-0.45,-0.34,-0.62,-0.89,-1.16,-1.44,-1.4,-1.37,-1.34,-1.3,-1.34,-1.37,-1.41,-1.44,-1.33,-1.21,-1.09,-0.98,-0.69,-0.41,-0.13,0.15,0.51,0.87,1.24,1.6,1.93,2.26,2.6,2.93,3.27,3.6,3.94,4.28,4.49,4.7,4.91,5.13,5.17,5.21,5.25,5.29,5.12,4.96,4.8,4.64,4.49,4.34,4.19,4.04,3.97,3.89,3.82,3.74,3.72,3.7,3.68,3.65,3.53,3.41,3.28,3.16,3.19,3.22,3.24,3.27,3.15,3.02,2.9,2.77,2.66,2.54,2.42,2.3,2.25,2.2,2.15,2.1,2.12,2.15,2.18,2.2,2.24,2.27,2.31,2.35,2.36,2.37,2.38,2.39,2.4,2.41,2.41,2.42,2.38,2.34,2.3,2.27,2.14,2.01,1.88,1.75,1.64,1.53,1.42,1.31,1.36,1.4,1.45,1.49,1.73,1.98,2.22,2.46,2.75,3.05,3.34,3.64,3.91,4.17,4.44,4.71,4.99,5.28,5.57,5.85,6.11,6.37,6.63,6.89,7.06,7.23,7.4,7.58,7.58,7.58,7.58,7.58,7.4,7.22,7.04,6.86,6.68,6.5,6.32,6.14,5.94,5.75,5.55,5.35,,
2016-12-16T00:00:00+00:00,5.54,5.32,5.11,5.01,4.92,4.82,4.72,4.52,4.32,4.12,3.92,3.81,3.71,3.6,3.49,3.44,3.39,3.34,3.29,3.23,3.16,3.1,3.04,3.06,3.08,3.1,3.12,3.27,3.41,3.56,3.71,4.01,4.31,4.61,4.91,5.21,5.51,5.81,6.11,6.36,6.62,6.87,7.12,7.35,7.59,7.82,8.05,8.2,8.36,8.52,8.68,8.68,8.67,8.67,8.67,8.45,8.24,8.02,7.8,7.57,7.34,7.11,6.88,6.69,6.5,6.31,6.12,5.95,5.79,5.62,5.45,5.31,5.17,5.03,4.9,4.81,4.72,4.63,4.54,4.47,4.39,4.31,4.24,4.16,4.08,4.0,3.92,3.84,3.76,3.68,3.6,3.56,3.52,3.47,3.43,3.37,3.3,3.23,3.16,3.16,3.16,3.16,3.16,3.14,3.13,3.12,3.11,3.02,2.93,2.85,2.76,2.81,2.87,2.93,2.99,2.95,2.9,2.86,2.82,2.62,2.43,2.23,2.03,1.91,1.78,1.65,1.52,1.71,1.9,2.09,2.28,2.58,2.88,3.18,3.48,3.78,4.09,4.4,4.7,5.07,5.44,5.81,6.18,6.24,6.31,6.38,6.44,6.34,6.23,6.13,6.02,5.66,5.3,4.94,4.59,4.65,4.72,4.78,4.85,4.71,4.56,4.42,4.28,,
2016-12-17T00:00:00+00:00,3.08,3.03,2.98,2.93,2.88,2.84,2.79,2.79,2.78,2.78,2.77,2.71,2.65,2.59,2.53,2.7,2.87,3.04,3.21,3.03,2.86,2.68,2.5,2.39,2.28,2.17,2.05,2.3,2.54,2.78,3.02,3.54,4.05,4.56,5.08,5.33,5.58,5.82,6.07,6.23,6.38,6.54,6.7,6.87,7.04,7.21,7.38,7.58,7.78,7.97,8.17,7.98,7.78,7.59,7.4,6.88,6.37,5.85,5.34,4.95,4.57,4.18,3.8,3.79,3.78,3.77,3.76,3.74,3.73,3.72,3.71,3.63,3.56,3.48,3.41,3.45,3.49,3.53,3.57,3.63,3.68,3.74,3.79,3.81,3.83,3.84,3.86,3.87,3.88,3.88,3.89,3.91,3.94,3.97,3.99,4.0,4.01,4.02,4.03,4.05,4.07,4.09,4.11,4.1,4.09,4.08,4.07,4.08,4.08,4.09,4.09,4.15,4.21,4.27,4.33,4.34,4.34,4.35,4.36,4.34,4.32,4.3,4.28,4.29,4.29,4.3,4.3,4.39,4.49,4.58,4.67,4.8,4.93,5.06,5.19,5.29,5.39,5.49,5.58,5.64,5.71,5.77,5.83,5.83,5.83,5.83,5.84,5.83,5.83,5.83,5.82,5.75,5.68,5.6,5.53,5.46,5.39,5.31,5.24,5.18,5.13,5.07,5.02,,
2016-12-18T00:00:00+00:00,3.45,3.39,3.33,3.29,3.25,3.21,3.18,3.12,3.06,3.0,2.94,2.89,2.85,2.8,2.75,2.77,2.78,2.8,2.82,2.83,2.84,2.85,2.86,2.94,3.02,3.1,3.18,3.21,3.24,3.27,3.3,3.34,3.38,3.42,3.46,3.53,3.59,3.65,3.71,3.78,3.84,3.9,3.97,4.01,4.05,4.09,4.13,4.2,4.26,4.32,4.39,4.3,4.21,4.12,4.03,4.02,4.01,4.0,3.99,4.01,4.03,4.05,4.07,3.95,3.83,3.72,3.6,3.58,3.57,3.55,3.53,3.46,3.38,3.31,3.23,3.21,3.18,3.15,3.12,3.11,3.1,3.09,3.08,3.09,3.1,3.11,3.12,3.1,3.09,3.07,3.05,3.03,3.02,3.0,2.98,2.93,2.88,2.83,2.78,2.75,2.73,2.7,2.68,2.69,2.7,2.71,2.73,2.78,2.83,2.88,2.93,3.03,3.14,3.25,3.36,3.35,3.35,3.35,3.35,3.29,3.23,3.16,3.1,3.13,3.17,3.2,3.23,3.2,3.17,3.13,3.1,3.23,3.37,3.5,3.64,3.72,3.81,3.89,3.97,3.99,4.0,4.02,4.03,4.06,4.09,4.12,4.15,4.06,3.97,3.87,3.78,3.75,3.71,3.68,3.64,3.47,3.3,3.13,2.96,2.84,2.72,2.61,2.49,,
2016-12-19T00:00:00+00:00,2.34,2.4,2.46,2.51,2.56,2.61,2.66,2.69,2.72,2.75,2.78,2.79,2.8,2.8,2.81,2.9,2.99,3.08,3.17,3.18,3.18,3.19,3.2,3.31,3.43,3.55,3.67,3.77,3.87,3.97,4.06,4.18,4.3,4.41,4.53,4.63,4.73,4.82,4.92,4.92,4.92,4.93,4.93,4.94,4.96,4.98,4.99,5.01,5.03,5.05,5.08,5.0,4.92,4.84,4.76,4.58,4.39,4.21,4.03,3.88,3.73,3.58,3.43,3.36,3.29,3.21,3.14,3.03,2.93,2.82,2.72,2.68,2.64,2.61,2.57,2.57,2.57,2.57,2.57,2.55,2.54,2.52,2.5,2.44,2.37,2.31,2.24,2.2,2.15,2.11,2.07,1.96,1.85,1.74,1.63,1.61,1.59,1.57,1.55,1.52,1.49,1.46,1.43,1.44,1.45,1.45,1.46,1.47,1.48,1.49,1.5,1.57,1.64,1.72,1.79,1.8,1.81,1.82,1.84,1.91,1.98,2.05,2.12,2.19,2.25,2.31,2.37,2.41,2.45,2.49,2.53,2.73,2.92,3.12,3.32,3.46,3.61,3.76,3.91,4.02,4.13,4.24,4.35,4.47,4.58,4.7,4.81,4.73,4.66,4.58,4.5,4.42,4.33,4.24,4.16,4.01,3.87,3.72,3.58,3.41,3.23,3.05,2.88,,
2016-12-20T00:00:00+00:00
2016-12-21T00:00:00+00:00
2016-12-22T00:00:00+00:00
2016-12-23T00:00:00+00:00
2016-12-24T00:00:00+00:00
2016-12-25T00:00:00+00:00
2016-12-26T00:00:00+00:00
2016-12-27T00:00:00+00:00
2016-12-28T00:00:00+00:00
2016-12-29T00:00:00+00:00
2016-12-30T00:00:00+00:00
2016-12-31T00:00:00+00:00
2017-01-01T00:00:00+00:00
2017-01-02T00:00:00+00:00
2017-01-03T00:00:00+00:00
2017-01-04T00:00:00+00:00,-1.02,-1.02,-1.03,-0.98,-0.93,-0.89,-0.84,-0.73,-0.62,-0.51,-0.4,-0.16,0.09,0.33,0.58,0.72,0.86,1.01,1.15,1.25,1.35,1.45,1.55,1.64,1.73,1.82,1.91,2.01,2.12,2.22,2.33,2.48,2.63,2.79,2.94,3.11,3.28,3.45,3.62,3.83,4.03,4.24,4.45,4.5,4.55,4.6,4.64,4.8,4.96,5.11,5.27,5.27,5.26,5.25,5.25,5.24,5.24,5.24,5.23,5.28,5.32,5.37,5.41,5.35,5.28,5.22,5.16,4.99,4.83,4.66,4.5,4.24,3.99,3.73,3.47,3.34,3.21,3.08,2.95,2.83,2.72,2.6,2.49,2.38,2.26,2.15,2.03,1.95,1.86,1.78,1.69,1.62,1.56,1.49,1.42,1.38,1.33,1.29,1.25,1.25,1.24,1.24,1.23,1.23,1.22,1.22,1.22,1.2,1.19,1.18,1.17,1.18,1.18,1.19,1.19,1.18,1.17,1.15,1.14,1.13,1.12,1.11,1.1,1.25,1.39,1.53,1.68,1.98,2.29,2.6,2.91,3.22,3.53,3.85,4.16,4.36,4.56,4.77,4.97,5.09,5.21,5.33,5.45,5.52,5.6,5.67,5.75,5.73,5.71,5.7,5.68,5.51,5.35,5.18,5.02,4.71,4.41,4.1,3.8,3.59,3.39,3.18,2.98,,
2017-01-05T00:00:00+00:00,1.14,1.2,1.25,1.27,1.29,1.31,1.33,1.29,1.25,1.21,1.18,1.15,1.13,1.11,1.09,1.03,0.97,0.91,0.85,0.81,0.78,0.74,0.71,0.72,0.74,0.76,0.78,1.02,1.26,1.5,1.73,1.96,2.18,2.41,2.63,2.85,3.07,3.29,3.51,3.68,3.85,4.01,4.18,4.34,4.5,4.66,4.82,4.94,5.06,5.18,5.29,5.25,5.21,5.16,5.12,4.93,4.74,4.55,4.36,4.22,4.09,3.96,3.83,3.6,3.37,3.15,2.92,2.81,2.7,2.59,2.48,2.33,2.18,2.03,1.88,1.68,1.49,1.3,1.1,0.94,0.78,0.63,0.47,0.35,0.22,0.1,-0.02,-0.14,-0.27,-0.39,-0.52,-0.63,-0.74,-0.85,-0.96,-1.07,-1.19,-1.3,-1.41,-1.49,-1.57,-1.64,-1.72,-1.84,-1.95,-2.07,-2.18,-2.31,-2.44,-2.57,-2.7,-2.78,-2.87,-2.96,-3.05,-3.07,-3.09,-3.11,-3.14,-3.16,-3.18,-3.21,-3.23,-3.1,-2.97,-2.83,-2.7,-2.48,-2.26,-2.05,-1.83,-1.66,-1.49,-1.32,-1.15,-0.99,-0.82,-0.66,-0.49,-0.35,-0.2,-0.06,0.09,0.17,0.25,0.33,0.41,0.41,0.4,0.4,0.39,0.28,0.17,0.06,-0.06,-0.22,-0.37,-0.53,-0.69,-0.81,-0.94,-1.07,-1.19,,
2017-01-06T00:00:00+00:00,-1.06,-1.25,-1.44,-1.55,-1.66,-1.76,-1.87,-1.93,-1.99,-2.05,-2.11,-2.23,-2.35,-2.47,-2.59,-2.61,-2.63,-2.65,-2.67,-2.66,-2.65,-2.65,-2.64,-2.7,-2.77,-2.83,-2.89,-2.8,-2.7,-2.6,-2.51,-2.31,-2.11,-1.91,-1.71,-1.49,-1.27,-1.06,-0.84,-0.66,-0.48,-0.31,-0.13,0.02,0.18,0.33,0.48,0.56,0.64,0.71,0.79,0.72,0.64,0.57,0.5,0.32,0.14,-0.04,-0.22,-0.34,-0.46,-0.58,-0.7,-0.81,-0.92,-1.02,-1.13,-1.23,-1.33,-1.42,-1.52,-1.61,-1.71,-1.8,-1.9,-2.0,-2.1,-2.2,-2.3,-2.39,-2.49,-2.58,-2.68,-2.75,-2.82,-2.89,-2.96,-3.02,-3.08,-3.14,-3.2,-3.24,-3.29,-3.34,-3.38,-3.45,-3.52,-3.59,-3.66,-3.68,-3.7,-3.72,-3.74,-3.81,-3.89,-3.97,-4.04,-4.12,-4.2,-4.28,-4.36,-4.28,-4.2,-4.12,-4.04,-3.86,-3.69,-3.51,-3.33,-3.19,-3.06,-2.92,-2.79,-2.67,-2.54,-2.42,-2.3,-2.05,-1.79,-1.53,-1.28,-1.03,-0.79,-0.54,-0.3,-0.22,-0.13,-0.05,0.03,0.12,0.22,0.31,0.41,0.39,0.37,0.36,0.34,0.3,0.26,0.22,0.18,0.19,0.2,0.21,0.22,0.25,0.27,0.3,0.33,0.31,0.29,0.27,0.26,,
2017-01-07T00:00:00+00:00,-5.01,-5.07,-5.13,-5.17,-5.21,-5.25,-5.29,-5.33,-5.37,-5.4,-5.44,-5.42,-5.41,-5.39,-5.37,-5.31,-5.25,-5.19,-5.13,-5.07,-5.01,-4.95,-4.89,-4.74,-4.6,-4.45,-4.3,-4.11,-3.91,-3.71,-3.52,-3.3,-3.08,-2.86,-2.63,-2.52,-2.4,-2.28,-2.16,-2.12,-2.09,-2.06,-2.02,-1.91,-1.79,-1.67,-1.56,-1.45,-1.34,-1.24,-1.13,-1.01,-0.9,-0.78,-0.66,-0.55,-0.44,-0.33,-0.22,-0.18,-0.13,-0.09,-0.05,-0.02,0.0,0.03,0.05,0.13,0.22,0.3,0.38,0.43,0.47,0.52,0.56,0.63,0.69,0.76,0.82,0.91,1.0,1.09,1.19,1.35,1.51,1.66,1.82,2.12,2.41,2.7,2.99,3.13,3.26,3.4,3.53,3.5,3.47,3.44,3.41,3.42,3.43,3.43,3.44,3.46,3.49,3.51,3.53,3.51,3.5,3.48,3.47,3.46,3.45,3.44,3.43,3.43,3.43,3.43,3.43,3.43,3.43,3.43,3.43,3.51,3.58,3.65,3.72,3.78,3.85,3.92,3.98,4.14,4.29,4.44,4.6,4.91,5.23,5.55,5.86,5.95,6.03,6.12,6.2,6.12,6.04,5.95,5.87,5.59,5.32,5.04,4.76,4.71,4.66,4.6,4.55,4.49,4.42,4.36,4.3,4.19,4.09,3.98,3.88,,
2017-01-08T00:00:00+00:00,2.71,2.59,2.47,2.48,2.49,2.51,2.52,2.54,2.57,2.6,2.62,2.65,2.67,2.69,2.72,2.69,2.66,2.64,2.61,2.68,2.75,2.82,2.88,2.77,2.66,2.55,2.44,2.57,2.7,2.84,2.97,3.12,3.27,3.41,3.56,3.71,3.86,4.01,4.16,4.48,4.8,5.12,5.44,5.44,5.43,5.43,5.43,5.49,5.56,5.63,5.69,5.7,5.71,5.72,5.73,5.56,5.38,5.2,5.03,4.93,4.83,4.73,4.63,4.58,4.53,4.48,4.43,4.39,4.35,4.31,4.27,4.21,4.14,4.08,4.01,3.97,3.94,3.9,3.86,3.97,4.07,4.18,4.28,4.26,4.25,4.23,4.22,4.24,4.26,4.28,4.3,4.28,4.26,4.24,4.22,4.26,4.31,4.36,4.4,4.39,4.38,4.36,4.35,4.23,4.1,3.97,3.85,4.01,4.18,4.34,4.5,4.5,4.49,4.49,4.48,4.47,4.45,4.44,4.43,4.47,4.51,4.54,4.58,4.56,4.54,4.52,4.5,4.56,4.62,4.69,4.75,4.92,5.09,5.27,5.44,5.49,5.55,5.61,5.67,5.67,5.67,5.67,5.68,5.75,5.83,5.91,5.99,6.11,6.23,6.35,6.47,6.5,6.53,6.56,6.58,6.63,6.68,6.73,6.79,6.72,6.65,6.58,6.51,,
2017-01-09T00:00:00+00:00,4.67,4.56,4.44,4.4,4.36,4.32,4.28,4.21,4.14,4.07,4.0,3.94,3.89,3.83,3.77,3.69,3.6,3.52,3.44,3.43,3.42,3.42,3.41,3.45,3.49,3.52,3.56,3.59,3.61,3.64,3.66,3.7,3.74,3.78,3.81,3.93,4.05,4.16,4.28,4.4,4.52,4.65,4.77,5.08,5.39,5.7,6.01,6.03,6.05,6.07,6.09,6.09,6.1,6.11,6.11,6.15,6.19,6.23,6.26,6.22,6.19,6.15,6.11,6.08,6.05,6.02,5.99,5.99,5.98,5.98,5.97,6.05,6.14,6.22,6.3,6.22,6.14,6.06,5.98,6.02,6.05,6.09,6.13,6.21,6.28,6.36,6.43,6.6,6.78,6.95,7.13,7.3,7.47,7.64,7.81,7.48,7.16,6.83,6.5,6.27,6.04,5.81,5.58,5.37,5.16,4.96,4.75,4.56,4.38,4.2,4.01,3.9,3.79,3.67,3.56,3.52,3.48,3.44,3.4,3.31,3.23,3.14,3.06,3.26,3.46,3.66,3.86,4.27,4.67,5.08,5.48,5.74,6.0,6.26,6.52,6.76,7.0,7.24,7.48,7.55,7.61,7.68,7.75,7.8,7.86,7.91,7.96,7.85,7.73,7.62,7.5,7.39,7.27,7.16,7.04,6.8,6.56,6.32,6.08,5.91,5.73,5.56,5.39,,
2017-01-10T00:00:00+00:00,5.61,5.33,5.05,4.88,4.7,4.53,4.35,4.29,4.22,4.16,4.09,3.95,3.8,3.65,3.51,3.51,3.52,3.52,3.53,3.55,3.57,3.59,3.61,3.56,3.51,3.45,3.4,3.62,3.84,4.06,4.28,4.58,4.88,5.18,5.48,5.73,5.98,6.23,6.47,6.58,6.68,6.78,6.88,6.99,7.11,7.22,7.33,7.38,7.43,7.48,7.53,7.4,7.28,7.15,7.03,6.94,6.85,6.76,6.68,6.49,6.3,6.11,5.91,5.75,5.58,5.41,5.24,5.14,5.03,4.93,4.82,4.8,4.78,4.76,4.74,4.75,4.77,4.78,4.79,4.75,4.7,4.66,4.61,4.55,4.48,4.42,4.36,4.36,4.36,4.36,4.36,4.3,4.23,4.16,4.09,3.93,3.77,3.62,3.46,3.46,3.47,3.48,3.48,3.48,3.48,3.49,3.49,3.51,3.53,3.56,3.58,3.74,3.89,4.04,4.19,4.37,4.54,4.72,4.89,4.94,4.99,5.04,5.09,5.25,5.41,5.57,5.74,5.65,5.56,5.47,5.38,5.43,5.48,5.53,5.58,5.76,5.94,6.12,6.3,6.52,6.73,6.95,7.16,7.53,7.89,8.26,8.62,8.72,8.82,8.91,9.01,9.09,9.16,9.24,9.32,9.23,9.14,9.05,8.96,8.88,8.8,8.72,8.64,,
2017-01-11T00:00:00+00:00,4.79,4.63,4.48,4.4,4.32,4.23,4.15,4.07,3.99,3.91,3.83,4.01,4.18,4.36,4.53,4.59,4.64,4.69,4.75,4.75,4.75,4.75,4.75,4.88,5.01,5.14,5.27,5.45,5.63,5.81,5.99,6.06,6.14,6.22,6.3,6.37,6.44,6.51,6.58,6.59,6.59,6.6,6.6,6.78,6.96,7.13,7.31,7.66,8.02,8.37,8.72,9.01,9.29,9.57,9.86,9.73,9.61,9.48,9.36,9.27,9.17,9.08,8.99,8.82,8.65,8.48,8.31,8.13,7.95,7.76,7.58,7.46,7.34,7.22,7.11,6.94,6.78,6.62,6.45,6.37,6.28,6.19,6.11,6.01,5.9,5.8,5.7,5.65,5.59,5.53,5.47,5.46,5.44,5.43,5.42,5.34,5.26,5.18,5.1,4.99,4.87,4.76,4.64,4.59,4.54,4.49,4.45,4.35,4.25,4.15,4.06,3.98,3.9,3.83,3.75,3.77,3.78,3.8,3.82,3.8,3.78,3.76,3.74,3.81,3.88,3.96,4.03,4.13,4.24,4.34,4.45,4.67,4.89,5.12,5.34,5.46,5.58,5.7,5.82,5.82,5.83,5.83,5.84,5.9,5.95,6.01,6.07,6.07,6.07,6.07,6.06,6.0,5.93,5.86,5.79,5.8,5.8,5.8,5.8,5.9,5.99,6.08,6.17,,
2017-01-12T00:00:00+00:00,6.05,6.03,6.0,5.9,5.79,5.68,5.57,5.55,5.52,5.5,5.48,5.47,5.46,5.45,5.45,5.49,5.53,5.57,5.62,5.46,5.3,5.15,4.99,4.95,4.91,4.86,4.82,4.83,4.84,4.85,4.85,4.94,5.03,5.12,5.21,5.25,5.29,5.34,5.38,5.5,5.61,5.73,5.84,5.92,5.99,6.07,6.14,6.12,6.09,6.07,6.04,6.13,6.23,6.32,6.41,6.49,6.56,6.64,6.71,6.74,6.77,6.8,6.83,6.86,6.89,6.92,6.95,7.04,7.12,7.21,7.29,7.22,7.15,7.07,7.0,6.46,5.92,5.38,4.84,4.47,4.09,3.71,3.34,3.09,2.85,2.6,2.35,2.37,2.38,2.39,2.4,2.34,2.28,2.21,2.15,2.02,1.9,1.77,1.64,1.45,1.25,1.06,0.86,0.95,1.03,1.12,1.21,1.1,0.99,0.88,0.77,0.8,0.83,0.85,0.88,0.83,0.77,0.72,0.66,0.59,0.52,0.45,0.38,0.7,1.02,1.33,1.65,1.92,2.19,2.46,2.73,3.03,3.34,3.64,3.95,4.23,4.51,4.79,5.07,5.22,5.36,5.5,5.64,5.41,5.17,4.93,4.7,4.55,4.41,4.26,4.12,3.97,3.83,3.68,3.53,3.48,3.42,3.36,3.3,3.31,3.31,3.32,3.32,,
2017-01-13T00:00:00+00:00,3.1,3.03,2.96,2.6,2.24,1.87,1.51,1.52,1.53,1.54,1.55,1.58,1.6,1.62,1.64,1.47,1.31,1.14,0.98,1.05,1.11,1.18,1.25,1.31,1.36,1.42,1.48,1.52,1.55,1.59,1.63,1.81,1.98,2.16,2.34,2.54,2.73,2.93,3.12,3.43,3.74,4.05,4.36,4.24,4.13,4.02,3.91,4.12,4.34,4.55,4.77,4.82,4.87,4.92,4.97,4.63,4.3,3.96,3.62,3.49,3.35,3.22,3.08,3.15,3.21,3.28,3.35,3.38,3.41,3.44,3.47,3.36,3.24,3.12,3.01,2.95,2.89,2.83,2.78,2.72,2.65,2.59,2.53,2.44,2.36,2.27,2.18,2.11,2.04,1.98,1.91,1.81,1.72,1.63,1.54,1.5,1.46,1.43,1.39,1.29,1.19,1.1,1.0,1.03,1.06,1.08,1.11,1.05,0.99,0.93,0.87,0.83,0.79,0.75,0.71,0.68,0.65,0.62,0.59,0.57,0.54,0.52,0.5,0.68,0.86,1.05,1.23,1.55,1.87,2.19,2.51,2.69,2.88,3.06,3.24,3.4,3.56,3.72,3.88,3.86,3.84,3.81,3.79,3.88,3.98,4.08,4.18,4.15,4.12,4.09,4.06,4.0,3.94,3.88,3.82,3.58,3.34,3.1,2.86,2.71,2.56,2.41,2.26,,
2017-01-14T00:00:00+00:00,1.97,1.93,1.89,1.81,1.72,1.63,1.54,1.45,1.36,1.26,1.17,1.11,1.04,0.98,0.91,0.9,0.89,0.89,0.88,0.83,0.77,0.72,0.67,0.57,0.48,0.38,0.28,0.39,0.49,0.6,0.71,0.97,1.22,1.48,1.74,2.12,2.49,2.87,3.25,3.41,3.56,3.72,3.87,4.02,4.17,4.31,4.46,4.45,4.43,4.42,4.41,4.47,4.52,4.58,4.64,4.54,4.44,4.35,4.25,4.08,3.9,3.73,3.55,3.47,3.39,3.31,3.22,3.02,2.81,2.61,2.4,2.26,2.12,1.98,1.84,1.63,1.41,1.2,0.98,0.89,0.8,0.71,0.63,0.39,0.15,-0.09,-0.33,-0.29,-0.25,-0.2,-0.16,-0.2,-0.23,-0.27,-0.3,-0.34,-0.38,-0.42,-0.45,-0.36,-0.26,-0.17,-0.08,0.03,0.14,0.25,0.35,0.35,0.35,0.34,0.34,0.28,0.23,0.17,0.12,0.12,0.12,0.13,0.13,0.15,0.18,0.21,0.23,0.4,0.57,0.74,0.91,1.15,1.38,1.62,1.86,2.06,2.26,2.46,2.66,2.9,3.14,3.39,3.63,3.8,3.97,4.14,4.3,4.24,4.17,4.1,4.03,4.09,4.14,4.19,4.24,4.0,3.77,3.53,3.29,3.14,2.99,2.84,2.7,2.49,2.29,2.08,1.87,,
2017-01-15T00:00:00+00:00,-0.55,-0.52,-0.48,-0.37,-0.26,-0.15,-0.04,-0.07,-0.09,-0.12,-0.14,-0.08,-0.02,0.04,0.11,0.14,0.18,0.22,0.26,0.29,0.33,0.36,0.4,0.45,0.51,0.57,0.63,0.78,0.93,1.09,1.24,1.42,1.61,1.8,1.98,2.23,2.48,2.74,2.99,3.18,3.37,3.57,3.76,3.71,3.66,3.61,3.57,3.7,3.84,3.97,4.11,4.15,4.18,4.21,4.25,4.11,3.97,3.83,3.69,3.54,3.39,3.23,3.08,2.9,2.72,2.53,2.35,2.11,1.88,1.64,1.4,1.29,1.18,1.08,0.97,0.95,0.94,0.92,0.9,0.88,0.86,0.84,0.82,0.82,0.81,0.81,0.81,0.73,0.66,0.58,0.51,0.51,0.52,0.53,0.54,0.54,0.54,0.53,0.53,0.5,0.47,0.44,0.42,0.39,0.36,0.34,0.31,0.3,0.28,0.26,0.25,0.26,0.27,0.28,0.29,0.33,0.36,0.39,0.43,0.43,0.43,0.43,0.43,0.48,0.53,0.58,0.62,0.72,0.82,0.92,1.02,1.11,1.2,1.29,1.37,1.58,1.78,1.98,2.18,2.19,2.2,2.22,2.23,2.23,2.24,2.24,2.25,2.19,2.12,2.06,2.0,1.97,1.95,1.93,1.91,1.85,1.79,1.73,1.67,1.51,1.36,1.2,1.04,,
2017-01-16T00:00:00+00:00,0.68,0.65,0.62,0.62,0.62,0.61,0.61,0.56,0.5,0.44,0.38,0.35,0.32,0.29,0.25,0.17,0.09,0.01,-0.07,-0.01,0.06,0.12,0.19,0.12,0.05,-0.01,-0.08,-0.04,-0.0,0.03,0.07,0.17,0.28,0.38,0.49,0.68,0.88,1.08,1.28,1.34,1.4,1.46,1.52,1.53,1.55,1.57,1.59,1.62,1.66,1.69,1.73,1.71,1.7,1.68,1.67,1.51,1.34,1.18,1.01,0.83,0.65,0.47,0.29,0.23,0.16,0.09,0.03,-0.12,-0.27,-0.42,-0.56,-0.58,-0.59,-0.61,-0.63,-0.63,-0.64,-0.65,-0.66,-0.69,-0.72,-0.75,-0.78,-0.77,-0.77,-0.76,-0.75,-0.81,-0.87,-0.92,-0.98,-1.12,-1.26,-1.4,-1.54,-1.63,-1.72,-1.81,-1.9,-1.99,-2.08,-2.16,-2.25,-2.35,-2.44,-2.53,-2.63,-2.7,-2.78,-2.86,-2.94,-3.01,-3.08,-3.15,-3.22,-3.23,-3.24,-3.26,-3.27,-3.27,-3.27,-3.27,-3.27,-3.1,-2.93,-2.76,-2.59,-2.32,-2.05,-1.77,-1.5,-1.22,-0.94,-0.65,-0.37,-0.14,0.09,0.31,0.54,0.69,0.84,0.99,1.14,1.19,1.24,1.29,1.34,1.3,1.27,1.24,1.2,1.03,0.85,0.68,0.51,0.31,0.11,-0.09,-0.28,-0.44,-0.6,-0.76,-0.92,,
2017-01-17T00:00:00+00:00,-1.43,-1.49,-1.55,-1.68,-1.81,-1.94,-2.07,-2.23,-2.39,-2.54,-2.7,-2.82,-2.95,-3.07,-3.2,-3.19,-3.19,-3.18,-3.18,-3.2,-3.22,-3.24,-3.26,-3.31,-3.36,-3.41,-3.46,-3.3,-3.15,-2.99,-2.83,-2.51,-2.2,-1.89,-1.57,-1.36,-1.15,-0.94,-0.73,-0.54,-0.35,-0.16,0.03,0.21,0.39,0.57,0.75,0.84,0.92,1.01,1.1,1.06,1.03,0.99,0.95,0.81,0.67,0.53,0.38,0.19,-0.0,-0.19,-0.39,-0.51,-0.63,-0.75,-0.88,-1.02,-1.16,-1.3,-1.44,-1.52,-1.59,-1.66,-1.73,-1.79,-1.85,-1.92,-1.98,-2.03,-2.09,-2.14,-2.2,-2.26,-2.32,-2.38,-2.44,-2.51,-2.57,-2.64,-2.71,-2.78,-2.85,-2.92,-2.99,-3.05,-3.11,-3.17,-3.23,-3.28,-3.34,-3.4,-3.46,-3.51,-3.56,-3.61,-3.66,-3.71,-3.75,-3.8,-3.85,-3.87,-3.89,-3.91,-3.93,-3.92,-3.92,-3.91,-3.9,-3.9,-3.89,-3.89,-3.89,-3.69,-3.48,-3.28,-3.08,-2.76,-2.44,-2.12,-1.8,-1.56,-1.32,-1.08,-0.84,-0.58,-0.32,-0.07,0.19,0.39,0.6,0.8,1.0,1.07,1.13,1.2,1.26,1.23,1.19,1.16,1.13,0.97,0.81,0.66,0.5,0.33,0.15,-0.02,-0.19,-0.26,-0.32,-0.38,-0.44,,
2017-01-18T00:00:00+00:00,-3.59,-3.67,-3.75,-3.82,-3.89,-3.96,-4.02,-4.07,-4.12,-4.17,-4.23,-4.28,-4.33,-4.38,-4.43,-4.47,-4.51,-4.55,-4.59,-4.58,-4.56,-4.55,-4.53,-4.56,-4.58,-4.61,-4.63,-4.47,-4.31,-4.16,-4.0,-3.74,-3.49,-3.23,-2.97,-2.73,-2.48,-2.24,-1.99,-1.69,-1.39,-1.09,-0.79,-0.53,-0.27,-0.02,0.24,0.35,0.45,0.56,0.66,0.69,0.71,0.74,0.76,0.63,0.51,0.38,0.25,0.12,-0.0,-0.13,-0.26,-0.32,-0.39,-0.45,-0.51,-0.61,-0.7,-0.79,-0.88,-0.96,-1.04,-1.13,-1.21,-1.28,-1.35,-1.42,-1.5,-1.59,-1.67,-1.76,-1.85,-1.94,-2.02,-2.11,-2.19,-2.29,-2.38,-2.47,-2.57,-2.64,-2.71,-2.78,-2.86,-2.91,-2.96,-3.01,-3.07,-3.12,-3.17,-3.22,-3.28,-3.33,-3.38,-3.43,-3.48,-3.5,-3.52,-3.54,-3.55,-3.57,-3.58,-3.6,-3.61,-3.62,-3.63,-3.65,-3.66,-3.67,-3.67,-3.68,-3.69,-3.48,-3.27,-3.07,-2.86,-2.57,-2.28,-1.99,-1.7,-1.43,-1.16,-0.89,-0.62,-0.44,-0.25,-0.07,0.12,0.3,0.48,0.66,0.84,0.93,1.03,1.12,1.21,1.23,1.25,1.26,1.28,1.17,1.06,0.95,0.83,0.69,0.55,0.4,0.26,0.22,0.17,0.13,0.08,,
2017-01-19T00:00:00+00:00,-3.11,-3.22,-3.34,-3.4,-3.46,-3.53,-3.59,-3.66,-3.74,-3.81,-3.88,-3.98,-4.08,-4.19,-4.29,-4.36,-4.43,-4.5,-4.57,-4.61,-4.65,-4.69,-4.74,-4.79,-4.85,-4.9,-4.96,-4.77,-4.59,-4.4,-4.21,-3.94,-3.67,-3.4,-3.12,-2.87,-2.62,-2.37,-2.12,-1.92,-1.73,-1.53,-1.33,-1.15,-0.96,-0.77,-0.59,-0.46,-0.34,-0.22,-0.09,0.0,0.09,0.19,0.28,0.26,0.24,0.22,0.2,0.01,-0.17,-0.36,-0.55,-0.64,-0.72,-0.81,-0.89,-0.95,-1.0,-1.05,-1.1,-1.14,-1.17,-1.21,-1.25,-1.29,-1.34,-1.39,-1.43,-1.5,-1.57,-1.64,-1.7,-1.79,-1.88,-1.97,-2.06,-2.15,-2.25,-2.34,-2.43,-2.51,-2.59,-2.67,-2.75,-2.82,-2.89,-2.96,-3.03,-3.1,-3.17,-3.24,-3.32,-3.4,-3.48,-3.55,-3.63,-3.71,-3.78,-3.85,-3.92,-3.98,-4.05,-4.11,-4.17,-4.21,-4.24,-4.28,-4.32,-4.34,-4.36,-4.39,-4.41,-4.2,-4.0,-3.79,-3.58,-3.21,-2.84,-2.46,-2.09,-1.81,-1.52,-1.24,-0.96,-0.72,-0.48,-0.24,0.01,0.2,0.39,0.59,0.78,0.91,1.03,1.16,1.29,1.35,1.4,1.46,1.51,1.42,1.33,1.23,1.14,0.96,0.77,0.59,0.4,0.31,0.21,0.11,0.02,,
2017-01-20T00:00:00+00:00
2017-01-21T00:00:00+00:00,-5.18,-5.34,-5.5,-5.64,-5.78,-5.91,-6.05,-6.18,-6.3,-6.43,-6.55,-6.76,-6.96,-7.17,-7.37,-7.58,-7.78,-7.98,-8.18,-8.14,-8.1,-8.06,-8.03,-7.97,-7.92,-7.87,-7.82,-7.59,-7.37,-7.14,-6.91,-6.55,-6.19,-5.83,-5.47,-5.03,-4.58,-4.14,-3.69,-3.28,-2.88,-2.47,-2.06,-1.68,-1.3,-0.92,-0.54,-0.32,-0.1,0.11,0.33,0.45,0.58,0.7,0.83,0.8,0.77,0.74,0.71,0.55,0.4,0.24,0.08,-0.01,-0.1,-0.19,-0.28,-0.42,-0.56,-0.7,-0.84,-0.93,-1.01,-1.1,-1.18,-1.27,-1.36,-1.44,-1.53,-1.6,-1.67,-1.74,-1.81,-1.88,-1.94,-2.0,-2.06,-2.16,-2.26,-2.36,-2.45,-2.55,-2.64,-2.73,-2.82,-2.85,-2.87,-2.9,-2.92,-3.0,-3.07,-3.15,-3.23,-3.27,-3.31,-3.35,-3.4,-3.38,-3.37,-3.36,-3.35,-3.39,-3.42,-3.45,-3.48,-3.36,-3.24,-3.12,-3.0,-2.96,-2.93,-2.89,-2.85,-2.52,-2.19,-1.86,-1.52,-1.02,-0.52,-0.01,0.49,0.89,1.28,1.67,2.07,2.34,2.6,2.87,3.14,3.32,3.49,3.67,3.85,3.93,4.02,4.1,4.19,4.27,4.35,4.43,4.51,4.26,4.01,3.76,3.51,3.15,2.8,2.45,2.09,1.95,1.8,1.65,1.5,,
2017-01-22T00:00:00+00:00,-4.03,-4.15,-4.26,-4.35,-4.43,-4.52,-4.61,-4.67,-4.73,-4.8,-4.86,-4.85,-4.84,-4.83,-4.82,-4.91,-5.0,-5.08,-5.17,-5.06,-4.95,-4.84,-4.74,-4.66,-4.58,-4.51,-4.43,-4.22,-4.01,-3.8,-3.59,-3.17,-2.75,-2.33,-1.91,-1.45,-1.0,-0.55,-0.09,0.28,0.65,1.03,1.4,1.81,2.22,2.63,3.04,3.18,3.32,3.46,3.6,3.58,3.56,3.54,3.52,3.3,3.08,2.85,2.63,2.41,2.19,1.96,1.74,1.59,1.45,1.3,1.15,0.98,0.81,0.64,0.47,0.41,0.35,0.29,0.24,0.23,0.22,0.22,0.21,0.21,0.21,0.2,0.2,0.16,0.11,0.06,0.01,-0.06,-0.13,-0.2,-0.27,-0.34,-0.42,-0.49,-0.56,-0.69,-0.82,-0.95,-1.08,-1.06,-1.04,-1.03,-1.01,-1.06,-1.1,-1.15,-1.19,-1.25,-1.31,-1.37,-1.43,-1.49,-1.55,-1.61,-1.67,-1.69,-1.71,-1.73,-1.76,-1.7,-1.65,-1.6,-1.55,-1.27,-0.98,-0.7,-0.42,-0.1,0.22,0.55,0.87,1.11,1.36,1.6,1.84,2.04,2.24,2.44,2.63,2.78,2.93,3.08,3.22,3.34,3.45,3.57,3.68,3.69,3.7,3.71,3.72,3.56,3.4,3.23,3.07,2.76,2.45,2.14,1.83,1.61,1.39,1.17,0.95,,
2017-01-28T00:00:00+00:00,7.04,6.99,6.94,6.87,6.79,6.72,6.64,6.63,6.63,6.62,6.61,6.6,6.58,6.57,6.55,6.51,6.46,6.41,6.37,6.32,6.27,6.21,6.16,6.13,6.1,6.06,6.03,6.18,6.32,6.47,6.61,6.64,6.68,6.71,6.74,6.72,6.71,6.69,6.67,6.7,6.72,6.75,6.78,7.0,7.22,7.44,7.67,7.77,7.88,7.98,8.08,8.19,8.29,8.39,8.5,8.44,8.38,8.32,8.26,8.01,7.75,7.5,7.25,7.06,6.87,6.67,6.48,6.25,6.01,5.78,5.54,5.33,5.12,4.9,4.69,4.5,4.32,4.13,3.95,3.79,3.64,3.49,3.34,3.2,3.06,2.92,2.79,2.76,2.73,2.71,2.68,2.59,2.5,2.41,2.32,2.29,2.27,2.24,2.22,2.18,2.14,2.09,2.05,2.01,1.97,1.93,1.89,1.8,1.7,1.61,1.52,1.47,1.42,1.37,1.32,1.37,1.42,1.47,1.52,1.47,1.42,1.36,1.31,1.4,1.5,1.59,1.69,1.88,2.07,2.26,2.45,2.67,2.89,3.1,3.32,3.49,3.65,3.82,3.98,4.26,4.53,4.8,5.08,5.3,5.52,5.75,5.97,6.15,6.34,6.52,6.71,6.73,6.76,6.78,6.8,6.73,6.66,6.58,6.51,6.37,6.24,6.1,5.97,,
2017-01-29T00:00:00+00:00,3.94,3.88,3.81,3.6,3.38,3.17,2.96,2.93,2.91,2.88,2.86,2.71,2.57,2.42,2.28,2.24,2.21,2.18,2.15,2.09,2.02,1.96,1.9,1.74,1.59,1.43,1.28,1.43,1.57,1.72,1.87,2.04,2.21,2.38,2.55,2.74,2.93,3.12,3.31,3.6,3.88,4.16,4.45,4.75,5.06,5.37,5.68,5.85,6.03,6.2,6.38,6.48,6.57,6.67,6.77,6.8,6.83,6.87,6.9,6.9,6.91,6.91,6.92,6.98,7.05,7.11,7.18,7.17,7.16,7.15,7.14,7.12,7.11,7.1,7.09,7.14,7.18,7.22,7.27,7.27,7.27,7.28,7.28,7.28,7.27,7.27,7.26,7.24,7.21,7.19,7.16,7.13,7.09,7.06,7.02,6.94,6.86,6.77,6.69,6.61,6.53,6.46,6.38,6.36,6.34,6.33,6.31,6.29,6.28,6.27,6.25,6.23,6.22,6.2,6.19,6.24,6.29,6.34,6.39,6.42,6.45,6.48,6.51,6.57,6.62,6.67,6.73,6.82,6.91,7.0,7.09,7.18,7.27,7.36,7.44,7.69,7.94,8.19,8.44,8.62,8.81,8.99,9.18,9.24,9.3,9.36,9.42,9.54,9.67,9.79,9.91,9.93,9.95,9.98,10.0,9.91,9.82,9.73,9.64,9.52,9.4,9.27,9.15,,
2017-01-30T00:00:00+00:00,8.4,8.41,8.42,8.35,8.28,8.2,8.13,8.03,7.93,7.83,7.73,7.7,7.67,7.63,7.6,7.6,7.61,7.62,7.63,7.63,7.62,7.62,7.62,7.56,7.5,7.44,7.39,7.37,7.36,7.35,7.34,7.47,7.6,7.73,7.86,8.07,8.29,8.51,8.73,8.86,8.99,9.12,9.25,9.31,9.36,9.42,9.47,9.47,9.46,9.45,9.44,9.64,9.84,10.03,10.23,10.16,10.09,10.03,9.96,9.94,9.92,9.91,9.89,9.85,9.8,9.75,9.7,9.66,9.62,9.57,9.53,9.55,9.58,9.6,9.63,9.61,9.6,9.59,9.58,9.53,9.49,9.44,9.4,9.39,9.38,9.36,9.35,9.34,9.32,9.31,9.29,9.24,9.19,9.14,9.09,9.09,9.08,9.08,9.08,9.07,9.06,9.06,9.05,9.01,8.98,8.95,8.91,8.89,8.86,8.83,8.81,8.78,8.76,8.73,8.7,8.71,8.72,8.73,8.74,8.74,8.75,8.75,8.76,8.82,8.88,8.93,8.99,9.11,9.22,9.34,9.46,9.53,9.61,9.69,9.77,9.85,9.93,10.01,10.09,10.07,10.04,10.02,9.99,10.18,10.36,10.55,10.73,10.86,10.99,11.12,11.24,11.2,11.15,11.11,11.06,11.0,10.94,10.88,10.82,10.72,10.63,10.54,10.44,,
2017-01-31T00:00:00+00:00,9.64,9.63,9.61,9.62,9.62,9.63,9.64,9.6,9.56,9.52,9.49,9.43,9.38,9.32,9.27,9.23,9.19,9.15,9.1,9.12,9.13,9.15,9.16,9.17,9.18,9.19,9.2,9.16,9.13,9.1,9.07,9.17,9.27,9.37,9.47,9.8,10.12,10.44,10.76,11.03,11.3,11.57,11.84,11.93,12.02,12.12,12.21,12.29,12.37,12.46,12.54,12.57,12.6,12.63,12.66,12.49,12.33,12.16,12.0,11.85,11.71,11.56,11.42,11.29,11.15,11.02,10.89,10.66,10.42,10.19,9.96,9.9,9.84,9.79,9.73,9.68,9.62,9.57,9.52,9.51,9.51,9.51,9.5,9.51,9.51,9.51,9.51,9.51,9.5,9.5,9.5,9.35,9.21,9.06,8.92,8.8,8.68,8.55,8.43,8.33,8.24,8.14,8.04,7.95,7.86,7.77,7.69,7.55,7.41,7.27,7.13,7.04,6.96,6.87,6.79,6.78,6.77,6.76,6.74,6.77,6.8,6.83,6.86,7.03,7.2,7.37,7.54,7.59,7.65,7.7,7.75,7.98,8.21,8.44,8.67,8.96,9.25,9.55,9.84,10.0,10.16,10.32,10.49,10.61,10.73,10.85,10.97,10.98,10.98,10.98,10.98,10.97,10.95,10.94,10.92,10.89,10.86,10.83,10.8,10.77,10.74,10.71,10.68,,
2017-02-01T00:00:00+00:00,8.49,8.39,8.29,8.33,8.37,8.41,8.45,8.47,8.5,8.52,8.54,8.54,8.53,8.52,8.51,8.46,8.41,8.36,8.31,8.29,8.27,8.25,8.23,8.17,8.1,8.04,7.98,7.93,7.89,7.85,7.8,7.88,7.96,8.03,8.11,8.26,8.4,8.54,8.69,8.84,9.0,9.15,9.31,9.44,9.58,9.71,9.85,9.93,10.0,10.08,10.16,10.28,10.41,10.53,10.66,10.78,10.9,11.02,11.13,11.0,10.86,10.72,10.58,10.5,10.41,10.32,10.24,10.1,9.97,9.84,9.7,9.66,9.61,9.57,9.53,9.56,9.6,9.63,9.67,9.57,9.47,9.38,9.28,9.06,8.85,8.63,8.42,8.39,8.36,8.33,8.3,8.26,8.22,8.18,8.13,8.05,7.98,7.9,7.82,7.88,7.95,8.01,8.07,8.11,8.15,8.19,8.22,8.15,8.09,8.02,7.95,7.88,7.81,7.75,7.68,7.67,7.67,7.67,7.66,7.61,7.56,7.51,7.46,7.55,7.65,7.75,7.84,8.15,8.46,8.77,9.09,9.36,9.63,9.9,10.17,10.44,10.72,11.0,11.27,11.48,11.69,11.9,12.11,12.08,12.04,12.0,11.96,11.8,11.63,11.47,11.3,11.27,11.23,11.19,11.15,11.18,11.21,11.24,11.27,11.27,11.28,11.28,11.29,,
2017-02-02T00:00:00+00:00,8.81,8.84,8.87,8.67,8.47,8.27,8.07,7.78,7.5,7.21,6.92,6.97,7.01,7.05,7.09,7.13,7.17,7.2,7.24,7.19,7.14,7.08,7.03,6.97,6.92,6.87,6.82,7.03,7.24,7.45,7.67,8.01,8.35,8.69,9.03,9.34,9.65,9.96,10.27,10.56,10.84,11.13,11.41,11.57,11.73,11.89,12.06,12.03,12.0,11.98,11.95,11.95,11.94,11.94,11.93,11.88,11.84,11.79,11.74,11.59,11.45,11.3,11.15,10.97,10.78,10.59,10.41,10.18,9.95,9.73,9.5,9.4,9.31,9.21,9.12,9.08,9.05,9.02,8.98,8.96,8.94,8.91,8.89,8.75,8.6,8.46,8.31,8.27,8.23,8.19,8.15,8.17,8.18,8.2,8.21,8.23,8.25,8.26,8.28,8.25,8.22,8.19,8.16,8.14,8.13,8.12,8.11,8.11,8.11,8.11,8.11,7.9,7.7,7.49,7.28,7.23,7.18,7.13,7.08,7.0,6.91,6.83,6.74,6.81,6.88,6.94,7.01,7.26,7.5,7.75,7.99,8.29,8.59,8.9,9.2,9.5,9.81,10.11,10.42,10.52,10.62,10.71,10.81,10.66,10.51,10.36,10.21,10.04,9.88,9.71,9.54,9.43,9.32,9.21,9.1,9.07,9.04,9.01,8.98,8.86,8.74,8.61,8.49,,
2017-02-03T00:00:00+00:00,8.61,8.61,8.61,8.58,8.55,8.52,8.49,8.45,8.42,8.38,8.35,8.25,8.15,8.06,7.96,7.72,7.48,7.24,7.0,6.8,6.6,6.4,6.2,6.12,6.03,5.95,5.87,5.96,6.06,6.16,6.26,6.48,6.69,6.91,7.12,7.42,7.71,8.0,8.29,8.52,8.75,8.98,9.21,9.42,9.63,9.84,10.05,10.0,9.95,9.9,9.85,9.61,9.37,9.13,8.89,8.94,8.99,9.04,9.09,8.92,8.75,8.59,8.42,8.28,8.13,7.99,7.84,7.71,7.57,7.44,7.3,7.23,7.17,7.1,7.03,6.79,6.55,6.31,6.07,5.87,5.67,5.46,5.26,5.16,5.06,4.95,4.85,4.75,4.65,4.54,4.44,4.39,4.33,4.28,4.22,4.06,3.9,3.74,3.58,3.54,3.5,3.45,3.41,3.43,3.44,3.46,3.47,3.5,3.52,3.55,3.57,3.7,3.82,3.95,4.08,4.31,4.54,4.78,5.01,5.19,5.36,5.54,5.72,5.72,5.72,5.73,5.73,5.8,5.87,5.94,6.01,6.15,6.29,6.43,6.57,6.73,6.89,7.05,7.21,7.31,7.42,7.52,7.62,7.6,7.57,7.54,7.52,6.97,6.43,5.88,5.34,5.24,5.14,5.04,4.94,4.97,5.0,5.04,5.07,5.08,5.1,5.11,5.12,,
2017-02-04T00:00:00+00:00,4.91,4.7,4.49,4.51,4.54,4.56,4.59,4.65,4.71,4.77,4.83,5.03,5.24,5.44,5.65,5.46,5.28,5.1,4.91,4.91,4.91,4.91,4.91,4.93,4.94,4.95,4.97,5.13,5.29,5.46,5.62,5.77,5.92,6.07,6.22,6.18,6.13,6.08,6.03,5.75,5.47,5.18,4.9,5.08,5.27,5.45,5.64,5.73,5.82,5.9,5.99,6.04,6.1,6.15,6.2,6.2,6.2,6.19,6.19,6.07,5.95,5.83,5.71,5.57,5.43,5.29,5.15,4.89,4.64,4.38,4.12,4.01,3.91,3.8,3.7,3.58,3.46,3.34,3.21,3.15,3.08,3.02,2.95,2.81,2.66,2.52,2.37,2.32,2.28,2.23,2.18,2.23,2.28,2.33,2.39,2.51,2.63,2.75,2.88,3.07,3.26,3.45,3.64,3.76,3.88,4.01,4.13,4.12,4.11,4.1,4.09,4.1,4.12,4.14,4.15,4.23,4.31,4.4,4.48,4.48,4.48,4.49,4.49,4.53,4.57,4.61,4.65,4.81,4.97,5.12,5.28,5.3,5.31,5.33,5.34,5.44,5.54,5.64,5.73,5.87,6.01,6.15,6.29,6.81,7.32,7.84,8.36,8.29,8.22,8.16,8.09,7.96,7.84,7.71,7.58,7.4,7.22,7.04,6.86,6.76,6.67,6.57,6.47,,
2017-02-05T00:00:00+00:00,4.1,3.95,3.79,3.74,3.69,3.64,3.59,3.52,3.45,3.38,3.31,3.4,3.5,3.6,3.69,3.8,3.91,4.02,4.13,4.07,4.02,3.96,3.91,4.05,4.19,4.32,4.46,4.63,4.79,4.96,5.12,5.24,5.36,5.47,5.59,5.86,6.13,6.41,6.68,7.12,7.55,7.99,8.43,8.81,9.2,9.59,9.97,10.09,10.21,10.34,10.46,10.47,10.49,10.5,10.52,10.35,10.18,10.01,9.84,9.56,9.28,9.01,8.73,8.48,8.23,7.98,7.72,7.34,6.96,6.58,6.2,5.75,5.3,4.86,4.41,4.42,4.42,4.43,4.43,4.56,4.68,4.8,4.92,4.94,4.96,4.98,5.0,5.06,5.12,5.18,5.24,5.12,4.99,4.86,4.73,4.68,4.63,4.57,4.52,4.49,4.46,4.43,4.4,4.38,4.37,4.35,4.34,4.37,4.4,4.44,4.47,4.51,4.56,4.61,4.65,4.67,4.68,4.69,4.7,4.74,4.77,4.81,4.85,4.84,4.83,4.81,4.8,5.01,5.22,5.43,5.64,5.76,5.89,6.02,6.15,6.24,6.34,6.43,6.52,6.73,6.93,7.13,7.33,7.44,7.55,7.66,7.77,7.8,7.84,7.88,7.92,7.89,7.87,7.84,7.81,7.67,7.54,7.4,7.26,7.14,7.03,6.92,6.8,,
2017-02-06T00:00:00+00:00,4.04,3.96,3.87,3.86,3.86,3.85,3.85,3.98,4.1,4.23,4.36,4.34,4.33,4.32,4.31,4.21,4.11,4.01,3.91,3.92,3.92,3.93,3.93,4.0,4.07,4.14,4.21,4.38,4.55,4.72,4.89,4.96,5.03,5.1,5.17,5.22,5.27,5.32,5.37,5.67,5.98,6.28,6.59,6.76,6.92,7.09,7.25,7.33,7.4,7.48,7.55,7.57,7.59,7.61,7.63,7.63,7.62,7.61,7.61,7.47,7.33,7.19,7.05,6.87,6.7,6.52,6.35,6.13,5.92,5.71,5.5,5.39,5.27,5.16,5.04,4.91,4.78,4.64,4.51,4.43,4.35,4.27,4.19,4.22,4.25,4.28,4.31,4.28,4.25,4.23,4.2,4.25,4.31,4.36,4.41,4.4,4.39,4.39,4.38,4.36,4.35,4.34,4.33,4.37,4.41,4.46,4.5,4.49,4.49,4.48,4.48,4.43,4.38,4.34,4.29,4.37,4.44,4.51,4.59,4.65,4.71,4.77,4.84,5.06,5.28,5.5,5.72,5.97,6.22,6.47,6.72,7.1,7.49,7.87,8.25,8.8,9.35,9.91,10.46,10.55,10.65,10.74,10.84,10.86,10.89,10.91,10.94,10.91,10.87,10.84,10.81,10.7,10.58,10.47,10.36,10.07,9.79,9.51,9.22,8.9,8.57,8.24,7.92,,
2017-02-07T00:00:00+00:00,5.32,5.11,4.9,5.08,5.26,5.43,5.61,5.53,5.45,5.38,5.3,5.26,5.22,5.18,5.14,5.15,5.16,5.17,5.18,5.28,5.38,5.48,5.58,5.57,5.56,5.56,5.55,5.62,5.69,5.76,5.82,6.14,6.45,6.76,7.07,7.7,8.32,8.94,9.56,9.73,9.9,10.07,10.24,10.29,10.34,10.4,10.45,10.44,10.44,10.43,10.42,10.37,10.31,10.25,10.19,10.02,9.86,9.69,9.52,9.2,8.89,8.57,8.26,8.14,8.03,7.92,7.8,7.55,7.29,7.04,6.78,6.49,6.21,5.92,5.63,5.46,5.3,5.13,4.97,4.91,4.85,4.8,4.74,4.47,4.2,3.93,3.66,3.56,3.46,3.35,3.25,3.22,3.18,3.14,3.1,3.03,2.96,2.89,2.81,2.75,2.68,2.61,2.54,2.5,2.45,2.41,2.36,2.32,2.28,2.24,2.2,2.23,2.26,2.28,2.31,2.39,2.46,2.54,2.62,2.67,2.73,2.79,2.85,3.16,3.47,3.77,4.08,4.4,4.71,5.03,5.34,5.51,5.68,5.85,6.02,6.24,6.46,6.67,6.89,7.04,7.18,7.33,7.48,7.61,7.75,7.89,8.03,7.97,7.91,7.85,7.79,7.68,7.56,7.45,7.33,7.0,6.68,6.35,6.03,5.9,5.78,5.66,5.54,,
2017-02-08T00:00:00+00:00,4.03,3.97,3.9,3.92,3.94,3.95,3.97,3.85,3.72,3.6,3.47,3.43,3.4,3.36,3.32,3.26,3.2,3.15,3.09,3.12,3.16,3.19,3.23,3.33,3.43,3.53,3.64,3.67,3.69,3.72,3.75,3.81,3.88,3.94,4.0,4.22,4.44,4.66,4.88,5.25,5.62,5.98,6.35,6.37,6.39,6.41,6.43,6.34,6.24,6.15,6.05,6.08,6.12,6.15,6.18,6.2,6.22,6.24,6.26,6.09,5.91,5.73,5.56,5.33,5.11,4.89,4.67,4.41,4.16,3.91,3.66,3.58,3.5,3.42,3.34,3.42,3.51,3.59,3.68,3.53,3.39,3.24,3.1,3.08,3.06,3.04,3.02,2.94,2.86,2.77,2.69,2.65,2.6,2.55,2.5,2.37,2.24,2.11,1.98,1.76,1.54,1.33,1.11,1.02,0.93,0.85,0.76,0.78,0.79,0.81,0.83,0.78,0.72,0.67,0.62,0.65,0.69,0.72,0.76,0.75,0.74,0.74,0.73,0.74,0.76,0.77,0.78,0.89,0.99,1.1,1.2,1.39,1.58,1.77,1.96,2.13,2.3,2.48,2.65,2.77,2.89,3.0,3.12,3.17,3.22,3.27,3.32,3.33,3.35,3.36,3.37,3.44,3.5,3.57,3.63,3.53,3.43,3.33,3.23,3.03,2.83,2.64,2.44,,
2017-02-09T00:00:00+00:00,2.72,2.61,2.5,2.44,2.37,2.31,2.25,2.15,2.05,1.95,1.85,1.71,1.57,1.42,1.28,1.31,1.33,1.35,1.38,1.41,1.45,1.49,1.53,1.56,1.6,1.63,1.66,1.75,1.85,1.94,2.03,2.16,2.29,2.42,2.54,2.74,2.94,3.14,3.33,3.47,3.6,3.74,3.87,4.13,4.39,4.65,4.91,5.14,5.38,5.62,5.85,5.9,5.94,5.99,6.03,5.94,5.85,5.76,5.67,5.42,5.17,4.91,4.66,4.38,4.1,3.83,3.55,3.37,3.19,3.02,2.84,2.73,2.63,2.52,2.41,2.28,2.16,2.03,1.9,1.79,1.68,1.56,1.45,1.33,1.22,1.1,0.99,0.92,0.84,0.77,0.69,0.63,0.56,0.5,0.43,0.38,0.33,0.28,0.23,0.15,0.07,-0.01,-0.09,-0.09,-0.1,-0.11,-0.12,-0.2,-0.28,-0.35,-0.43,-0.41,-0.39,-0.36,-0.34,-0.29,-0.24,-0.19,-0.14,-0.12,-0.11,-0.09,-0.07,0.17,0.41,0.65,0.89,1.14,1.4,1.65,1.9,2.14,2.39,2.63,2.87,3.13,3.38,3.63,3.89,3.97,4.05,4.14,4.22,4.12,4.02,3.91,3.81,3.85,3.88,3.91,3.95,3.78,3.61,3.44,3.27,3.11,2.95,2.79,2.63,2.41,2.19,1.96,1.74,,
2017-02-10T00:00:00+00:00,1.04,0.94,0.84,0.73,0.63,0.52,0.42,0.34,0.26,0.18,0.1,0.09,0.08,0.07,0.06,0.09,0.13,0.17,0.2,0.21,0.23,0.24,0.25,0.29,0.33,0.38,0.42,0.4,0.39,0.37,0.35,0.55,0.74,0.94,1.13,1.35,1.57,1.79,2.01,2.21,2.41,2.6,2.8,3.05,3.3,3.55,3.81,3.79,3.77,3.76,3.74,3.76,3.77,3.78,3.79,3.71,3.63,3.55,3.47,3.25,3.03,2.8,2.58,2.34,2.09,1.84,1.6,1.36,1.13,0.9,0.67,0.51,0.35,0.19,0.03,-0.14,-0.31,-0.47,-0.64,-0.77,-0.9,-1.03,-1.16,-1.23,-1.3,-1.37,-1.43,-1.46,-1.49,-1.52,-1.55,-1.54,-1.53,-1.53,-1.52,-1.55,-1.57,-1.6,-1.63,-1.69,-1.75,-1.81,-1.87,-1.89,-1.91,-1.93,-1.96,-1.98,-2.01,-2.03,-2.06,-2.09,-2.13,-2.16,-2.2,-2.17,-2.15,-2.13,-2.11,-2.06,-2.01,-1.97,-1.92,-1.74,-1.55,-1.36,-1.18,-0.96,-0.75,-0.53,-0.32,-0.11,0.11,0.32,0.54,0.72,0.91,1.09,1.27,1.42,1.57,1.72,1.87,1.94,2.01,2.07,2.14,2.1,2.06,2.02,1.98,1.9,1.82,1.74,1.65,1.49,1.32,1.15,0.98,0.78,0.58,0.38,0.18,,
2017-02-11T00:00:00+00:00,-1.64,-1.71,-1.78,-1.86,-1.94,-2.02,-2.1,-2.12,-2.15,-2.18,-2.2,-2.25,-2.3,-2.35,-2.4,-2.47,-2.55,-2.63,-2.71,-2.63,-2.56,-2.49,-2.42,-2.4,-2.38,-2.36,-2.34,-2.04,-1.73,-1.43,-1.12,-0.8,-0.47,-0.15,0.18,0.35,0.53,0.7,0.88,0.94,1.01,1.08,1.15,1.25,1.35,1.45,1.55,1.65,1.76,1.86,1.97,2.01,2.05,2.09,2.13,2.1,2.07,2.04,2.01,1.87,1.73,1.59,1.45,1.22,0.99,0.76,0.53,0.4,0.27,0.14,0.01,0.02,0.03,0.03,0.04,-0.11,-0.26,-0.41,-0.56,-0.8,-1.04,-1.28,-1.51,-1.61,-1.7,-1.8,-1.89,-1.87,-1.86,-1.84,-1.83,-1.83,-1.82,-1.82,-1.81,-1.71,-1.61,-1.5,-1.4,-1.48,-1.55,-1.63,-1.71,-1.87,-2.03,-2.2,-2.36,-2.36,-2.36,-2.36,-2.37,-2.3,-2.23,-2.16,-2.09,-2.02,-1.96,-1.9,-1.83,-1.73,-1.64,-1.54,-1.44,-1.13,-0.83,-0.53,-0.22,0.04,0.31,0.58,0.84,0.9,0.96,1.01,1.07,1.35,1.63,1.91,2.19,2.52,2.86,3.19,3.53,3.87,4.21,4.55,4.89,5.31,5.74,6.17,6.59,7.01,7.42,7.84,8.26,8.34,8.42,8.5,8.58,8.58,8.57,8.57,8.56,,
2017-02-12T00:00:00+00:00,0.08,-0.06,-0.21,-0.45,-0.7,-0.94,-1.18,-1.24,-1.29,-1.34,-1.39,-1.42,-1.45,-1.48,-1.51,-1.48,-1.46,-1.43,-1.4,-1.22,-1.03,-0.85,-0.66,-0.54,-0.43,-0.31,-0.2,-0.08,0.05,0.17,0.29,0.48,0.67,0.86,1.06,1.25,1.44,1.63,1.83,2.08,2.34,2.59,2.85,3.3,3.74,4.19,4.64,5.11,5.59,6.06,6.54,6.96,7.39,7.81,8.24,8.46,8.69,8.91,9.14,9.12,9.11,9.1,9.08,8.99,8.89,8.79,8.7,8.54,8.38,8.22,8.06,7.95,7.84,7.73,7.63,7.66,7.7,7.74,7.77,7.72,7.66,7.61,7.55,7.52,7.5,7.47,7.44,7.32,7.19,7.07,6.94,6.77,6.59,6.42,6.24,6.1,5.97,5.83,5.69,5.59,5.5,5.4,5.3,5.21,5.13,5.04,4.96,4.84,4.71,4.59,4.47,4.33,4.2,4.06,3.93,3.81,3.69,3.58,3.46,3.48,3.5,3.52,3.54,3.83,4.12,4.4,4.69,5.07,5.45,5.82,6.2,6.62,7.05,7.47,7.9,8.35,8.8,9.25,9.7,10.01,10.33,10.64,10.95,11.04,11.14,11.23,11.32,11.29,11.26,11.22,11.19,11.07,10.96,10.84,10.73,10.43,10.14,9.85,9.55,9.28,9.02,8.75,8.48,,
2017-02-13T00:00:00+00:00,5.08,4.95,4.82,4.63,4.45,4.26,4.08,3.86,3.65,3.44,3.23,3.09,2.95,2.81,2.68,2.57,2.47,2.36,2.26,2.18,2.11,2.04,1.96,2.02,2.08,2.13,2.19,2.44,2.69,2.95,3.2,3.58,3.96,4.34,4.72,5.2,5.68,6.16,6.64,7.05,7.46,7.86,8.27,8.52,8.78,9.03,9.28,9.37,9.46,9.56,9.65,9.65,9.65,9.64,9.64,9.58,9.51,9.45,9.38,9.12,8.86,8.59,8.33,8.03,7.73,7.43,7.13,6.88,6.64,6.4,6.15,6.0,5.85,5.69,5.54,5.41,5.27,5.14,5.0,4.91,4.81,4.72,4.62,4.51,4.41,4.3,4.19,4.08,3.96,3.84,3.73,3.59,3.46,3.33,3.2,3.09,2.99,2.88,2.77,2.68,2.58,2.48,2.38,2.29,2.2,2.11,2.02,1.94,1.87,1.79,1.71,1.64,1.58,1.52,1.45,1.46,1.47,1.49,1.5,1.61,1.72,1.83,1.94,2.17,2.39,2.62,2.85,3.39,3.94,4.49,5.04,5.75,6.46,7.17,7.88,8.49,9.1,9.71,10.32,10.65,10.98,11.31,11.63,11.75,11.87,11.98,12.1,12.14,12.18,12.23,12.27,12.12,11.97,11.82,11.66,11.64,11.61,11.59,11.57,11.3,11.04,10.78,10.52,,
2017-02-14T00:00:00+00:00
2017-02-15T00:00:00+00:00
2017-02-16T00:00:00+00:00
2017-02-17T00:00:00+00:00
2017-02-18T00:00:00+00:00
2017-02-19T00:00:00+00:00
2017-02-20T00:00:00+00:00
2017-02-21T00:00:00+00:00
2017-02-22T00:00:00+00:00
2017-02-23T00:00:00+00:00,8.36,8.2,8.04,8.03,8.02,8.01,8.0,7.97,7.94,7.9,7.87,7.87,7.87,7.86,7.86,7.8,7.74,7.68,7.62,7.55,7.47,7.4,7.32,7.41,7.5,7.6,7.69,7.83,7.97,8.11,8.25,8.4,8.56,8.71,8.86,8.92,8.97,9.02,9.07,9.17,9.27,9.38,9.48,9.48,9.48,9.48,9.48,9.44,9.41,9.38,9.35,9.62,9.9,10.17,10.44,10.4,10.36,10.32,10.28,10.05,9.83,9.6,9.37,9.18,8.99,8.8,8.6,8.36,8.11,7.86,7.61,7.57,7.52,7.47,7.43,7.32,7.21,7.11,7.0,6.9,6.81,6.71,6.62,6.49,6.36,6.22,6.09,5.98,5.87,5.76,5.65,5.55,5.46,5.37,5.28,5.2,5.12,5.04,4.96,4.89,4.83,4.77,4.71,4.65,4.58,4.52,4.46,4.38,4.31,4.23,4.16,4.13,4.1,4.07,4.03,4.02,4.0,3.98,3.97,4.1,4.22,4.35,4.48,4.75,5.01,5.27,5.53,5.85,6.18,6.5,6.82,6.95,7.07,7.2,7.33,7.23,7.13,7.03,6.94,7.16,7.39,7.61,7.84,8.07,8.3,8.53,8.76,8.75,8.75,8.74,8.73,8.66,8.58,8.5,8.43,8.21,7.99,7.78,7.56,7.27,6.97,6.67,6.37,,
2017-02-24T00:00:00+00:00
2017-02-25T00:00:00+00:00,0.72,0.77,0.82,0.81,0.8,0.78,0.77,0.76,0.76,0.75,0.75,0.72,0.7,0.67,0.65,0.66,0.67,0.69,0.7,0.73,0.75,0.78,0.81,1.06,1.32,1.58,1.84,2.2,2.57,2.93,3.3,3.64,3.97,4.31,4.65,5.04,5.43,5.82,6.21,6.61,7.02,7.43,7.83,8.09,8.35,8.61,8.86,9.0,9.14,9.28,9.41,9.44,9.47,9.5,9.53,9.49,9.45,9.41,9.37,9.16,8.94,8.73,8.51,8.2,7.9,7.59,7.28,7.07,6.87,6.67,6.46,6.25,6.04,5.84,5.63,5.45,5.28,5.1,4.93,4.83,4.73,4.63,4.53,4.45,4.36,4.28,4.2,4.08,3.97,3.85,3.73,3.7,3.67,3.64,3.61,3.6,3.59,3.58,3.56,3.58,3.6,3.62,3.63,3.61,3.58,3.55,3.53,3.43,3.32,3.22,3.12,3.18,3.24,3.3,3.37,3.38,3.4,3.42,3.43,3.58,3.72,3.87,4.01,4.24,4.47,4.71,4.94,5.16,5.38,5.6,5.82,5.91,6.0,6.09,6.18,6.4,6.62,6.84,7.06,7.47,7.88,8.3,8.71,8.92,9.13,9.33,9.54,9.57,9.6,9.63,9.66,9.69,9.72,9.75,9.77,9.73,9.69,9.65,9.6,9.55,9.49,9.44,9.38,,
2017-02-26T00:00:00+00:00,5.27,5.31,5.34,5.28,5.21,5.15,5.08,4.98,4.88,4.77,4.67,4.71,4.76,4.8,4.84,4.79,4.74,4.68,4.63,4.56,4.49,4.42,4.35,4.45,4.55,4.64,4.74,5.04,5.34,5.64,5.94,6.42,6.9,7.38,7.86,8.29,8.72,9.16,9.59,9.69,9.8,9.9,10.01,9.71,9.4,9.1,8.79,8.96,9.14,9.31,9.48,9.59,9.71,9.82,9.93,9.97,10.0,10.04,10.07,10.05,10.03,10.02,10.0,10.1,10.2,10.29,10.39,10.31,10.22,10.14,10.05,10.02,9.99,9.95,9.92,9.99,10.07,10.14,10.21,10.11,10.01,9.91,9.81,9.74,9.67,9.6,9.53,9.51,9.48,9.45,9.43,9.39,9.36,9.33,9.29,9.18,9.06,8.95,8.83,8.82,8.8,8.79,8.77,8.73,8.69,8.64,8.6,8.56,8.51,8.47,8.43,8.44,8.46,8.47,8.49,8.56,8.63,8.7,8.77,8.83,8.88,8.94,8.99,9.11,9.22,9.34,9.45,9.5,9.55,9.61,9.66,9.61,9.57,9.53,9.49,9.62,9.75,9.88,10.01,9.99,9.97,9.95,9.93,9.67,9.41,9.15,8.88,9.09,9.3,9.51,9.72,9.42,9.13,8.83,8.53,8.43,8.32,8.22,8.11,7.87,7.63,7.39,7.14,,
2017-02-27T00:00:00+00:00,9.32,9.18,9.04,9.04,9.04,9.03,9.03,9.05,9.07,9.09,9.11,9.01,8.92,8.82,8.73,8.74,8.75,8.76,8.77,8.85,8.94,9.03,9.12,9.17,9.21,9.25,9.29,9.39,9.5,9.6,9.7,9.84,9.97,10.11,10.24,10.23,10.21,10.2,10.18,10.19,10.19,10.2,10.2,9.9,9.61,9.31,9.01,9.12,9.23,9.35,9.46,8.85,8.23,7.62,7.0,7.12,7.23,7.35,7.47,7.45,7.43,7.41,7.4,7.29,7.18,7.07,6.96,6.78,6.6,6.42,6.24,6.18,6.13,6.08,6.03,5.96,5.9,5.84,5.77,5.32,4.86,4.41,3.96,3.87,3.79,3.71,3.63,3.6,3.57,3.54,3.51,3.55,3.58,3.61,3.64,3.63,3.63,3.63,3.63,3.65,3.67,3.69,3.72,3.69,3.66,3.64,3.61,3.64,3.67,3.71,3.74,3.83,3.93,4.03,4.13,4.31,4.49,4.67,4.85,4.6,4.34,4.09,3.83,3.78,3.72,3.67,3.61,3.75,3.89,4.04,4.18,4.22,4.26,4.3,4.34,4.49,4.63,4.77,4.92,4.97,5.03,5.08,5.13,5.61,6.09,6.57,7.05,7.27,7.5,7.72,7.95,8.05,8.16,8.26,8.37,7.91,7.46,7.01,6.56,6.29,6.02,5.75,5.48,,
2017-02-28T00:00:00+00:00,4.07,4.07,4.07,4.04,4.01,3.98,3.95,4.04,4.13,4.22,4.32,4.3,4.28,4.26,4.24,4.25,4.25,4.26,4.26,4.23,4.2,4.16,4.13,4.33,4.54,4.74,4.95,5.15,5.36,5.56,5.77,5.81,5.86,5.9,5.94,5.82,5.7,5.59,5.47,5.64,5.82,6.0,6.17,6.25,6.32,6.39,6.47,6.46,6.46,6.46,6.46,6.51,6.56,6.61,6.66,6.85,7.04,7.23,7.42,7.08,6.75,6.42,6.09,6.01,5.94,5.86,5.79,5.87,5.96,6.04,6.13,6.0,5.87,5.74,5.61,5.57,5.53,5.5,5.46,5.47,5.48,5.49,5.5,5.57,5.64,5.71,5.78,5.75,5.71,5.68,5.64,5.68,5.71,5.75,5.78,5.74,5.7,5.65,5.61,5.67,5.72,5.78,5.83,5.83,5.83,5.83,5.83,5.78,5.72,5.66,5.61,5.6,5.6,5.6,5.59,5.5,5.41,5.32,5.23,5.33,5.44,5.54,5.65,5.85,6.05,6.25,6.45,6.67,6.89,7.1,7.32,7.52,7.73,7.93,8.14,8.28,8.42,8.55,8.69,8.64,8.58,8.52,8.47,8.44,8.41,8.38,8.35,8.55,8.74,8.93,9.12,9.34,9.57,9.79,10.02,10.24,10.47,10.69,10.91,10.93,10.96,10.98,11.0,,
2017-03-01T00:00:00+00:00,5.73,5.76,5.79,5.77,5.75,5.73,5.71,5.72,5.73,5.74,5.75,5.76,5.77,5.77,5.78,5.78,5.78,5.78,5.78,5.79,5.8,5.81,5.83,6.01,6.2,6.39,6.57,6.74,6.9,7.06,7.22,7.46,7.7,7.94,8.18,8.24,8.3,8.36,8.41,8.67,8.92,9.18,9.43,9.35,9.27,9.19,9.1,8.93,8.75,8.57,8.4,8.34,8.28,8.23,8.17,8.33,8.49,8.65,8.81,9.03,9.26,9.48,9.71,9.93,10.16,10.39,10.61,10.8,10.99,11.19,11.38,11.17,10.96,10.75,10.54,10.26,9.98,9.69,9.41,9.22,9.03,8.84,8.65,8.51,8.37,8.23,8.09,8.06,8.02,7.99,7.96,7.83,7.7,7.56,7.43,7.3,7.16,7.03,6.89,6.71,6.53,6.35,6.16,5.99,5.82,5.65,5.48,5.35,5.22,5.09,4.96,4.87,4.78,4.69,4.6,4.55,4.51,4.46,4.41,4.61,4.82,5.02,5.23,5.57,5.92,6.26,6.61,7.02,7.43,7.84,8.25,8.59,8.94,9.28,9.62,9.75,9.88,10.0,10.13,10.2,10.27,10.35,10.42,10.47,10.52,10.57,10.62,10.63,10.65,10.67,10.69,10.63,10.56,10.5,10.44,10.26,10.08,9.9,9.72,9.46,9.19,8.93,8.66,,
2017-03-02T00:00:00+00:00,7.47,7.3,7.12,6.93,6.75,6.57,6.39,6.27,6.16,6.05,5.93,5.84,5.74,5.64,5.54,5.45,5.36,5.27,5.19,5.1,5.01,4.92,4.83,4.96,5.09,5.22,5.35,5.64,5.93,6.22,6.5,6.87,7.23,7.59,7.95,8.25,8.55,8.86,9.16,9.33,9.51,9.69,9.87,10.01,10.14,10.28,10.42,10.48,10.54,10.61,10.67,10.57,10.47,10.37,10.27,10.25,10.24,10.23,10.22,10.04,9.86,9.68,9.51,9.21,8.91,8.6,8.3,8.01,7.72,7.42,7.13,6.96,6.79,6.63,6.46,6.28,6.11,5.94,5.77,5.72,5.68,5.63,5.59,5.42,5.25,5.08,4.9,4.77,4.63,4.5,4.36,4.24,4.12,3.99,3.87,3.75,3.63,3.51,3.39,3.45,3.51,3.57,3.62,3.7,3.78,3.85,3.93,3.97,4.02,4.07,4.12,4.07,4.02,3.97,3.92,3.92,3.92,3.91,3.91,4.09,4.26,4.44,4.61,4.96,5.31,5.66,6.01,6.62,7.22,7.83,8.44,8.96,9.48,10.0,10.52,11.03,11.54,12.05,12.56,12.94,13.31,13.69,14.07,14.29,14.52,14.74,14.96,15.02,15.08,15.14,15.2,15.13,15.07,15.01,14.95,14.75,14.55,14.35,14.15,13.9,13.65,13.4,13.14,,
2017-03-03T00:00:00+00:00,5.25,5.06,4.87,4.77,4.68,4.59,4.5,4.42,4.34,4.26,4.18,4.16,4.14,4.11,4.09,4.08,4.06,4.05,4.03,4.16,4.28,4.41,4.54,4.81,5.09,5.36,5.64,6.0,6.37,6.73,7.09,7.72,8.35,8.98,9.62,10.07,10.53,10.99,11.45,11.96,12.47,12.98,13.49,13.79,14.09,14.38,14.68,14.81,14.95,15.08,15.21,15.2,15.19,15.18,15.17,15.16,15.14,15.12,15.1,14.97,14.85,14.72,14.59,14.4,14.21,14.03,13.84,13.66,13.48,13.3,13.11,12.96,12.82,12.67,12.52,12.47,12.43,12.39,12.35,12.25,12.15,12.05,11.94,11.69,11.44,11.19,10.93,10.78,10.62,10.46,10.3,10.17,10.04,9.91,9.78,9.75,9.73,9.7,9.68,9.61,9.55,9.49,9.42,9.38,9.33,9.28,9.23,8.99,8.75,8.51,8.26,8.12,7.98,7.84,7.7,7.74,7.77,7.8,7.83,7.85,7.86,7.88,7.89,7.97,8.05,8.13,8.21,8.25,8.3,8.34,8.39,8.57,8.75,8.93,9.11,9.11,9.11,9.11,9.12,9.21,9.31,9.4,9.5,9.54,9.59,9.64,9.69,9.75,9.8,9.86,9.91,9.9,9.89,9.88,9.87,9.74,9.61,9.48,9.35,9.15,8.95,8.75,8.55,,
2017-03-04T00:00:00+00:00,10.59,10.55,10.5,10.41,10.33,10.24,10.15,10.01,9.86,9.72,9.57,9.4,9.23,9.06,8.89,8.85,8.81,8.77,8.73,8.72,8.71,8.69,8.68,8.66,8.63,8.6,8.57,8.62,8.67,8.72,8.76,8.93,9.1,9.27,9.43,9.52,9.6,9.68,9.76,9.68,9.6,9.52,9.44,9.58,9.72,9.86,10.0,10.07,10.13,10.2,10.27,9.95,9.64,9.32,9.0,8.79,8.57,8.35,8.13,8.19,8.25,8.3,8.36,8.33,8.31,8.28,8.25,8.0,7.74,7.48,7.22,7.05,6.88,6.7,6.53,6.43,6.32,6.22,6.12,6.06,6.01,5.95,5.89,5.9,5.9,5.9,5.91,5.73,5.55,5.37,5.19,5.0,4.81,4.62,4.43,4.32,4.2,4.09,3.98,3.87,3.77,3.67,3.57,3.5,3.43,3.37,3.3,3.32,3.34,3.36,3.37,3.5,3.62,3.74,3.86,4.05,4.24,4.43,4.61,4.61,4.61,4.6,4.6,4.71,4.81,4.92,5.02,5.27,5.52,5.77,6.01,6.41,6.81,7.2,7.6,8.14,8.67,9.21,9.75,8.9,8.05,7.2,6.35,7.02,7.69,8.37,9.04,9.44,9.84,10.24,10.64,10.69,10.74,10.79,10.84,10.74,10.64,10.54,10.44,10.19,9.95,9.7,9.45,,
2017-03-05T00:00:00+00:00,5.55,5.46,5.38,5.26,5.14,5.03,4.91,4.75,4.59,4.44,4.28,4.35,4.42,4.49,4.56,4.59,4.63,4.66,4.7,4.83,4.95,5.08,5.2,5.29,5.37,5.45,5.54,5.44,5.34,5.23,5.13,5.08,5.02,4.97,4.91,5.15,5.39,5.63,5.87,6.49,7.1,7.72,8.34,8.61,8.88,9.15,9.42,9.83,10.23,10.64,11.04,11.16,11.28,11.4,11.51,10.57,9.63,8.69,7.74,7.48,7.21,6.95,6.68,6.62,6.56,6.49,6.43,6.45,6.47,6.5,6.52,6.38,6.24,6.09,5.95,5.94,5.93,5.92,5.91,5.95,5.98,6.02,6.06,5.99,5.92,5.85,5.78,5.7,5.62,5.55,5.47,5.41,5.36,5.31,5.26,5.25,5.24,5.24,5.23,5.24,5.24,5.25,5.25,5.23,5.22,5.2,5.18,5.17,5.15,5.14,5.12,5.08,5.05,5.01,4.97,5.01,5.04,5.08,5.11,5.26,5.41,5.56,5.71,5.95,6.19,6.44,6.68,7.04,7.39,7.75,8.11,7.93,7.76,7.58,7.4,7.44,7.47,7.5,7.53,7.3,7.07,6.83,6.6,6.37,6.13,5.9,5.67,5.78,5.9,6.01,6.13,6.21,6.29,6.38,6.46,6.52,6.58,6.64,6.7,6.85,7.01,7.17,7.33,,
2017-03-06T00:00:00+00:00,6.29,6.18,6.07,5.99,5.91,5.83,5.75,5.71,5.67,5.63,5.59,5.54,5.49,5.44,5.39,5.32,5.25,5.18,5.11,5.22,5.32,5.43,5.53,5.68,5.84,5.99,6.14,6.24,6.34,6.43,6.53,6.55,6.57,6.59,6.61,6.64,6.67,6.7,6.73,6.8,6.86,6.92,6.98,7.06,7.14,7.22,7.3,7.24,7.18,7.11,7.05,7.0,6.95,6.9,6.85,6.79,6.73,6.68,6.62,6.43,6.25,6.06,5.87,5.71,5.55,5.39,5.23,5.25,5.28,5.3,5.33,5.24,5.16,5.07,4.99,4.94,4.88,4.83,4.78,4.81,4.83,4.86,4.88,4.94,5.0,5.06,5.12,5.2,5.27,5.35,5.42,5.46,5.49,5.53,5.56,5.57,5.58,5.59,5.6,5.62,5.64,5.66,5.69,5.62,5.55,5.48,5.41,5.45,5.5,5.55,5.59,5.49,5.39,5.29,5.19,5.23,5.28,5.33,5.37,5.49,5.62,5.74,5.86,5.96,6.06,6.16,6.26,6.43,6.59,6.76,6.92,7.15,7.38,7.61,7.84,8.09,8.35,8.6,8.85,9.0,9.14,9.29,9.43,9.52,9.6,9.69,9.77,9.77,9.76,9.75,9.75,9.71,9.67,9.62,9.58,9.47,9.36,9.24,9.13,8.89,8.64,8.4,8.15,,
2017-03-07T00:00:00+00:00,6.0,5.97,5.93,5.85,5.77,5.68,5.6,5.58,5.55,5.53,5.5,5.32,5.13,4.94,4.76,4.64,4.53,4.41,4.3,4.25,4.2,4.15,4.1,4.34,4.59,4.84,5.08,5.38,5.67,5.96,6.26,6.44,6.63,6.81,7.0,7.2,7.41,7.62,7.83,8.02,8.21,8.4,8.59,8.8,9.01,9.22,9.44,9.56,9.69,9.81,9.94,10.01,10.07,10.14,10.21,10.15,10.09,10.03,9.97,9.86,9.74,9.63,9.52,9.26,9.0,8.74,8.48,8.19,7.9,7.61,7.32,7.18,7.04,6.9,6.76,6.77,6.78,6.79,6.8,6.73,6.66,6.6,6.53,6.49,6.45,6.42,6.38,6.3,6.22,6.14,6.05,6.11,6.18,6.24,6.3,6.4,6.51,6.61,6.72,6.79,6.86,6.92,6.99,7.07,7.14,7.22,7.29,7.39,7.49,7.6,7.7,7.71,7.72,7.73,7.74,7.81,7.89,7.96,8.03,8.28,8.53,8.78,9.03,9.29,9.56,9.82,10.09,10.29,10.49,10.7,10.9,11.1,11.3,11.49,11.69,11.75,11.81,11.87,11.93,11.77,11.61,11.44,11.28,11.22,11.17,11.11,11.06,11.12,11.19,11.25,11.32,11.37,11.42,11.47,11.53,11.56,11.59,11.63,11.66,11.61,11.55,11.49,11.43,,
2017-03-08T00:00:00+00:00,5.92,5.89,5.86,5.84,5.83,5.82,5.8,5.86,5.92,5.98,6.04,6.09,6.14,6.2,6.25,6.31,6.37,6.44,6.5,6.55,6.6,6.65,6.71,6.8,6.89,6.98,7.07,7.28,7.49,7.7,7.91,8.3,8.68,9.07,9.46,9.67,9.88,10.09,10.31,10.51,10.72,10.92,11.13,11.31,11.5,11.69,11.88,12.07,12.27,12.47,12.67,12.64,12.61,12.58,12.56,12.5,12.45,12.4,12.34,12.36,12.37,12.38,12.4,12.36,12.32,12.29,12.25,12.29,12.33,12.37,12.41,12.34,12.26,12.18,12.1,12.03,11.95,11.87,11.8,11.75,11.71,11.66,11.62,11.55,11.48,11.41,11.34,11.28,11.22,11.16,11.09,11.07,11.05,11.03,11.01,10.93,10.85,10.78,10.7,10.66,10.61,10.57,10.53,10.51,10.49,10.47,10.45,10.44,10.44,10.43,10.42,10.39,10.36,10.32,10.29,10.3,10.31,10.32,10.32,10.32,10.31,10.3,10.3,10.35,10.41,10.46,10.52,10.55,10.58,10.62,10.65,10.74,10.83,10.93,11.02,11.13,11.24,11.35,11.46,11.74,12.01,12.29,12.56,12.75,12.93,13.11,13.3,13.33,13.36,13.38,13.41,13.34,13.27,13.2,13.13,13.08,13.04,13.0,12.96,12.93,12.89,12.86,12.83,,
2017-03-09T00:00:00+00:00,11.49,11.49,11.49,11.49,11.48,11.47,11.46,11.41,11.35,11.3,11.24,11.21,11.18,11.14,11.11,11.02,10.93,10.84,10.75,10.82,10.88,10.95,11.02,11.03,11.04,11.06,11.07,11.07,11.07,11.08,11.08,11.26,11.45,11.64,11.82,11.97,12.11,12.25,12.4,12.47,12.54,12.61,12.68,12.69,12.7,12.72,12.73,12.67,12.61,12.54,12.48,12.68,12.87,13.07,13.27,13.17,13.07,12.98,12.88,12.9,12.92,12.94,12.95,12.65,12.35,12.05,11.75,11.41,11.07,10.73,10.38,10.13,9.87,9.62,9.36,9.4,9.43,9.47,9.51,9.37,9.23,9.09,8.95,8.74,8.53,8.32,8.11,7.89,7.68,7.46,7.25,7.14,7.02,6.91,6.8,6.81,6.82,6.84,6.85,7.04,7.23,7.42,7.62,7.56,7.51,7.46,7.41,7.5,7.59,7.68,7.78,7.19,6.61,6.02,5.44,5.6,5.76,5.92,6.07,6.08,6.08,6.08,6.08,6.24,6.4,6.56,6.72,7.12,7.51,7.9,8.3,8.78,9.27,9.76,10.24,10.64,11.04,11.44,11.84,12.14,12.44,12.75,13.05,13.3,13.55,13.81,14.06,14.12,14.18,14.24,14.3,14.25,14.21,14.16,14.12,13.83,13.55,13.26,12.98,12.59,12.19,11.8,11.41,,
2017-03-10T00:00:00+00:00,7.56,7.43,7.3,7.13,6.95,6.78,6.61,6.28,5.95,5.61,5.28,5.34,5.4,5.45,5.51,5.57,5.64,5.7,5.76,5.87,5.98,6.09,6.2,6.4,6.61,6.81,7.02,7.23,7.45,7.67,7.88,8.04,8.19,8.35,8.5,8.81,9.11,9.42,9.72,9.99,10.27,10.54,10.81,11.28,11.74,12.2,12.66,12.96,13.25,13.54,13.84,13.99,14.14,14.3,14.45,14.52,14.59,14.66,14.73,14.68,14.62,14.57,14.52,14.13,13.75,13.36,12.97,12.6,12.24,11.87,11.5,11.26,11.02,10.79,10.55,10.32,10.09,9.86,9.63,9.47,9.31,9.15,9.0,8.82,8.65,8.48,8.31,8.16,8.01,7.85,7.7,7.53,7.35,7.17,7.0,6.77,6.55,6.32,6.1,5.94,5.78,5.63,5.47,5.34,5.22,5.09,4.96,4.83,4.69,4.55,4.41,4.3,4.18,4.06,3.95,4.0,4.06,4.11,4.17,4.55,4.93,5.31,5.7,6.12,6.55,6.97,7.4,7.91,8.43,8.95,9.46,9.95,10.45,10.94,11.43,11.91,12.39,12.86,13.34,13.79,14.23,14.68,15.13,15.38,15.63,15.88,16.13,16.22,16.31,16.4,16.49,16.42,16.35,16.29,16.22,15.99,15.75,15.52,15.28,14.85,14.41,13.97,13.53,,
2017-03-11T00:00:00+00:00,5.07,5.01,4.96,4.84,4.71,4.59,4.46,4.32,4.17,4.03,3.88,3.76,3.63,3.5,3.37,3.39,3.4,3.41,3.42,3.39,3.35,3.31,3.28,3.7,4.13,4.55,4.98,5.62,6.27,6.91,7.56,8.19,8.83,9.46,10.1,10.76,11.43,12.1,12.76,13.28,13.81,14.33,14.85,15.23,15.6,15.98,16.36,16.57,16.77,16.98,17.19,17.19,17.19,17.2,17.2,17.05,16.9,16.75,16.59,16.28,15.97,15.66,15.35,14.94,14.52,14.11,13.69,13.36,13.03,12.69,12.36,12.21,12.07,11.93,11.78,11.65,11.51,11.38,11.24,10.98,10.73,10.47,10.22,10.05,9.88,9.72,9.55,9.47,9.39,9.31,9.23,9.04,8.86,8.67,8.49,8.38,8.28,8.17,8.07,8.04,8.01,7.97,7.94,7.89,7.83,7.78,7.72,7.57,7.42,7.27,7.11,7.07,7.02,6.98,6.93,7.03,7.12,7.22,7.32,7.62,7.93,8.24,8.54,8.95,9.36,9.77,10.18,10.56,10.95,11.34,11.72,12.1,12.47,12.85,13.23,13.57,13.91,14.25,14.59,14.92,15.25,15.58,15.91,15.95,15.98,16.02,16.05,16.02,15.99,15.96,15.93,15.74,15.55,15.37,15.18,14.92,14.65,14.39,14.13,13.87,13.6,13.34,13.08,,
2017-03-12T00:00:00+00:00,6.85,6.77,6.69,6.61,6.53,6.45,6.37,6.26,6.14,6.03,5.91,5.93,5.95,5.96,5.98,5.81,5.63,5.45,5.28,5.45,5.61,5.78,5.95,6.29,6.64,6.99,7.33,7.87,8.4,8.93,9.46,9.99,10.51,11.03,11.55,12.1,12.64,13.18,13.72,14.12,14.51,14.91,15.31,15.55,15.8,16.04,16.29,16.4,16.51,16.62,16.72,16.56,16.39,16.22,16.05,15.95,15.86,15.76,15.66,15.46,15.26,15.05,14.85,14.54,14.23,13.92,13.61,13.35,13.1,12.85,12.6,12.37,12.15,11.93,11.71,11.49,11.28,11.06,10.85,10.72,10.6,10.47,10.35,10.22,10.09,9.96,9.83,9.62,9.42,9.21,9.01,8.85,8.7,8.55,8.4,8.32,8.25,8.18,8.11,8.11,8.11,8.12,8.12,8.16,8.2,8.24,8.28,8.24,8.19,8.15,8.11,8.02,7.92,7.82,7.73,7.79,7.86,7.92,7.99,8.36,8.73,9.1,9.48,9.45,9.43,9.41,9.39,9.69,9.98,10.28,10.58,10.93,11.29,11.65,12.01,12.36,12.72,13.07,13.43,13.76,14.08,14.41,14.74,14.91,15.09,15.26,15.44,15.5,15.56,15.63,15.69,15.56,15.44,15.31,15.18,14.96,14.74,14.51,14.29,13.95,13.61,13.28,12.94,,
2017-03-13T00:00:00+00:00,7.63,7.49,7.36,7.26,7.16,7.06,6.97,6.87,6.77,6.67,6.57,6.74,6.9,7.07,7.23,7.26,7.29,7.32,7.35,7.5,7.65,7.8,7.95,8.18,8.4,8.62,8.84,9.24,9.63,10.03,10.42,10.76,11.1,11.44,11.78,12.22,12.66,13.1,13.53,13.77,14.0,14.23,14.46,14.59,14.72,14.84,14.97,14.99,15.01,15.03,15.05,14.88,14.72,14.56,14.39,14.29,14.18,14.08,13.97,13.83,13.69,13.55,13.41,13.12,12.83,12.54,12.24,12.1,11.97,11.83,11.69,11.48,11.28,11.07,10.86,10.59,10.33,10.06,9.79,9.6,9.41,9.22,9.03,8.83,8.62,8.41,8.2,8.01,7.82,7.63,7.44,7.28,7.13,6.97,6.81,6.55,6.28,6.02,5.75,5.57,5.38,5.19,5.0,4.85,4.71,4.56,4.42,4.06,3.7,3.34,2.98,2.88,2.78,2.68,2.58,2.72,2.85,2.99,3.12,3.45,3.78,4.11,4.44,5.02,5.59,6.17,6.74,7.35,7.96,8.57,9.18,9.73,10.27,10.82,11.37,11.75,12.14,12.52,12.9,13.15,13.4,13.65,13.9,13.93,13.96,13.99,14.01,14.0,13.99,13.97,13.96,13.75,13.54,13.33,13.11,12.98,12.84,12.71,12.57,12.27,11.96,11.66,11.36,,
2017-03-14T00:00:00+00:00,6.33,6.17,6.01,5.83,5.65,5.47,5.29,5.18,5.06,4.94,4.83,4.72,4.61,4.51,4.4,4.25,4.09,3.93,3.77,3.92,4.06,4.21,4.35,4.84,5.33,5.82,6.31,6.93,7.56,8.18,8.81,9.29,9.77,10.25,10.73,11.02,11.32,11.62,11.92,12.22,12.53,12.83,13.13,13.35,13.56,13.77,13.98,14.05,14.13,14.2,14.28,14.28,14.29,14.29,14.29,14.22,14.14,14.06,13.98,13.73,13.47,13.21,12.95,12.64,12.34,12.03,11.72,11.43,11.14,10.85,10.55,10.33,10.1,9.88,9.65,9.44,9.24,9.03,8.82,8.64,8.46,8.28,8.1,8.16,8.22,8.28,8.34,8.38,8.41,8.44,8.47,8.49,8.5,8.52,8.53,8.49,8.45,8.4,8.36,8.39,8.42,8.45,8.48,8.49,8.49,8.5,8.51,8.53,8.56,8.59,8.62,8.62,8.62,8.62,8.62,8.69,8.76,8.83,8.9,9.0,9.09,9.19,9.28,9.37,9.46,9.55,9.64,9.86,10.08,10.3,10.52,10.67,10.81,10.96,11.1,11.26,11.42,11.58,11.73,11.98,12.23,12.48,12.73,13.0,13.26,13.53,13.8,13.88,13.96,14.04,14.12,14.1,14.07,14.05,14.02,14.02,14.01,14.0,13.99,13.73,13.46,13.2,12.93,,
2017-03-15T00:00:00+00:00,8.32,8.1,7.89,7.69,7.49,7.3,7.1,6.97,6.84,6.71,6.58,6.49,6.4,6.31,6.22,6.43,6.64,6.85,7.06,7.35,7.64,7.93,8.21,8.5,8.78,9.06,9.34,9.72,10.1,10.47,10.85,11.07,11.3,11.52,11.74,11.96,12.18,12.39,12.61,12.73,12.85,12.97,13.09,13.4,13.71,14.02,14.32,14.47,14.61,14.76,14.9,15.02,15.13,15.25,15.36,15.42,15.48,15.53,15.59,15.5,15.41,15.31,15.22,14.91,14.6,14.29,13.98,13.65,13.32,13.0,12.67,12.45,12.22,11.99,11.76,11.55,11.33,11.11,10.9,10.69,10.49,10.29,10.09,9.95,9.81,9.67,9.53,9.38,9.23,9.08,8.93,8.84,8.74,8.65,8.56,8.49,8.42,8.35,8.28,8.19,8.1,8.01,7.92,7.78,7.65,7.52,7.39,7.27,7.14,7.02,6.9,6.76,6.61,6.47,6.32,6.38,6.43,6.48,6.53,6.54,6.54,6.55,6.56,6.98,7.41,7.84,8.27,8.84,9.42,9.99,10.56,11.1,11.65,12.19,12.73,13.25,13.78,14.3,14.82,15.25,15.68,16.11,16.54,16.82,17.1,17.38,17.66,17.79,17.92,18.05,18.17,18.15,18.13,18.1,18.08,17.9,17.72,17.54,17.36,16.98,16.59,16.21,15.82,,
2017-03-16T00:00:00+00:00,7.46,7.51,7.57,7.46,7.35,7.24,7.13,7.02,6.92,6.81,6.71,6.65,6.58,6.52,6.45,6.36,6.26,6.17,6.07,6.3,6.52,6.75,6.97,7.52,8.07,8.62,9.17,9.65,10.12,10.6,11.08,11.6,12.12,12.64,13.16,13.65,14.14,14.63,15.12,15.51,15.9,16.29,16.68,16.93,17.18,17.43,17.68,17.86,18.04,18.22,18.39,18.45,18.52,18.58,18.64,18.57,18.51,18.44,18.37,18.19,18.01,17.83,17.65,17.3,16.95,16.6,16.25,15.88,15.5,15.13,14.76,14.45,14.14,13.84,13.53,13.29,13.05,12.8,12.56,12.35,12.15,11.94,11.73,11.6,11.47,11.33,11.2,11.1,10.99,10.88,10.78,10.39,10.0,9.62,9.23,9.11,8.99,8.87,8.75,8.77,8.78,8.79,8.8,8.88,8.96,9.03,9.11,8.82,8.53,8.24,7.94,7.84,7.73,7.62,7.51,7.59,7.66,7.74,7.82,7.97,8.12,8.27,8.43,8.69,8.96,9.23,9.5,9.54,9.57,9.61,9.65,9.78,9.91,10.04,10.17,10.62,11.07,11.52,11.98,12.14,12.3,12.47,12.63,12.7,12.76,12.82,12.88,12.86,12.84,12.82,12.8,12.62,12.44,12.25,12.07,11.77,11.46,11.15,10.84,10.49,10.13,9.77,9.41,,
2017-03-17T00:00:00+00:00,8.36,8.08,7.81,7.57,7.34,7.1,6.87,6.81,6.76,6.71,6.66,6.73,6.79,6.86,6.93,6.89,6.85,6.81,6.77,6.94,7.11,7.28,7.45,7.65,7.86,8.07,8.28,8.66,9.05,9.44,9.82,9.96,10.1,10.25,10.39,10.8,11.21,11.62,12.03,12.28,12.52,12.77,13.01,13.13,13.25,13.36,13.48,13.54,13.59,13.65,13.71,13.66,13.61,13.56,13.5,13.35,13.2,13.06,12.91,12.61,12.31,12.01,11.71,11.29,10.86,10.43,10.0,9.67,9.33,8.99,8.65,8.45,8.24,8.04,7.83,7.7,7.58,7.46,7.33,7.27,7.2,7.14,7.07,7.06,7.05,7.04,7.04,6.96,6.89,6.82,6.74,6.65,6.56,6.47,6.37,6.44,6.5,6.57,6.63,6.67,6.7,6.74,6.77,6.78,6.8,6.82,6.83,6.85,6.88,6.9,6.92,6.95,6.98,7.01,7.05,7.13,7.2,7.28,7.36,7.44,7.52,7.59,7.67,7.81,7.94,8.08,8.21,8.53,8.85,9.17,9.49,9.71,9.92,10.14,10.36,10.59,10.82,11.05,11.28,11.47,11.66,11.85,12.04,12.17,12.3,12.44,12.57,12.62,12.67,12.71,12.76,12.74,12.71,12.69,12.66,12.54,12.43,12.31,12.19,12.08,11.98,11.87,11.76,,
2017-03-18T00:00:00+00:00,7.38,7.44,7.51,7.56,7.61,7.66,7.71,7.76,7.81,7.86,7.91,7.92,7.93,7.94,7.95,7.93,7.91,7.9,7.88,7.82,7.77,7.71,7.65,7.89,8.13,8.36,8.6,8.84,9.08,9.32,9.56,9.76,9.95,10.14,10.34,10.5,10.67,10.83,10.99,11.12,11.25,11.37,11.5,11.59,11.68,11.77,11.86,12.01,12.17,12.32,12.47,12.68,12.88,13.09,13.29,13.29,13.29,13.28,13.28,13.2,13.11,13.02,12.94,12.96,12.99,13.01,13.03,12.99,12.95,12.9,12.86,12.81,12.75,12.7,12.65,12.54,12.44,12.34,12.24,12.08,11.93,11.78,11.62,11.51,11.39,11.27,11.15,11.08,11.01,10.94,10.87,10.79,10.7,10.62,10.53,10.55,10.56,10.58,10.59,10.58,10.57,10.56,10.55,10.61,10.68,10.74,10.81,10.81,10.81,10.82,10.82,10.74,10.65,10.57,10.48,10.49,10.49,10.5,10.5,10.36,10.22,10.08,9.94,9.96,9.98,10.0,10.02,10.06,10.1,10.15,10.19,10.22,10.24,10.27,10.3,10.51,10.73,10.95,11.17,11.26,11.34,11.43,11.52,11.61,11.71,11.8,11.9,12.01,12.12,12.23,12.34,12.39,12.44,12.49,12.54,12.55,12.56,12.57,12.58,12.42,12.25,12.09,11.93,,
2017-03-19T00:00:00+00:00,11.33,11.26,11.18,11.12,11.05,10.99,10.92,10.82,10.71,10.61,10.51,10.31,10.11,9.91,9.71,9.62,9.53,9.43,9.34,9.48,9.62,9.76,9.89,9.97,10.05,10.13,10.21,10.46,10.7,10.95,11.19,11.41,11.64,11.86,12.08,12.25,12.43,12.61,12.78,12.94,13.1,13.25,13.41,13.72,14.02,14.32,14.63,14.82,15.0,15.19,15.38,15.42,15.47,15.51,15.55,15.52,15.49,15.46,15.43,15.32,15.22,15.11,15.0,14.88,14.75,14.63,14.51,14.2,13.9,13.59,13.28,13.08,12.88,12.68,12.48,12.29,12.1,11.9,11.71,11.52,11.33,11.13,10.94,10.83,10.72,10.61,10.51,10.47,10.43,10.39,10.36,10.38,10.4,10.42,10.45,10.43,10.42,10.41,10.39,10.34,10.29,10.23,10.18,10.02,9.87,9.71,9.55,9.49,9.43,9.37,9.3,9.25,9.19,9.14,9.08,8.99,8.91,8.82,8.73,8.75,8.76,8.77,8.78,8.82,8.86,8.89,8.93,9.15,9.37,9.59,9.81,9.98,10.15,10.32,10.48,10.71,10.93,11.15,11.38,11.58,11.78,11.98,12.18,12.31,12.44,12.57,12.71,12.66,12.62,12.58,12.54,12.56,12.58,12.61,12.63,12.51,12.39,12.28,12.16,12.08,12.0,11.92,11.84,,
2017-03-21T00:00:00+00:00,9.73,9.77,9.8,9.83,9.86,9.88,9.91,9.74,9.58,9.41,9.25,9.19,9.13,9.07,9.01,9.0,8.99,8.98,8.97,8.93,8.88,8.83,8.78,8.68,8.57,8.47,8.37,8.33,8.29,8.25,8.21,8.09,7.96,7.84,7.72,7.79,7.85,7.92,7.99,8.15,8.32,8.48,8.64,8.77,8.89,9.02,9.14,9.4,9.67,9.93,10.19,10.26,10.33,10.4,10.46,10.42,10.38,10.34,10.3,10.17,10.05,9.92,9.8,9.55,9.31,9.06,8.82,8.54,8.27,7.99,7.71,7.53,7.35,7.16,6.98,6.65,6.33,6.0,5.68,5.56,5.44,5.32,5.2,5.08,4.96,4.84,4.72,4.59,4.47,4.34,4.22,4.15,4.09,4.03,3.97,3.88,3.78,3.69,3.6,3.5,3.41,3.31,3.22,3.21,3.2,3.19,3.18,3.08,2.97,2.87,2.77,2.72,2.67,2.61,2.56,2.49,2.42,2.35,2.28,2.62,2.96,3.3,3.64,4.17,4.7,5.23,5.75,6.22,6.69,7.15,7.62,8.17,8.72,9.28,9.83,9.7,9.58,9.45,9.32,9.3,9.27,9.25,9.22,9.31,9.4,9.49,9.59,9.64,9.68,9.73,9.78,9.8,9.82,9.83,9.85,9.82,9.79,9.76,9.72,9.57,9.42,9.26,9.11,,
2017-03-22T00:00:00+00:00,4.49,4.32,4.15,3.98,3.81,3.64,3.47,3.37,3.27,3.17,3.07,3.03,2.99,2.95,2.91,3.0,3.08,3.17,3.25,3.24,3.22,3.2,3.19,3.3,3.42,3.54,3.65,3.97,4.29,4.62,4.94,5.43,5.92,6.42,6.91,7.42,7.93,8.44,8.95,9.27,9.58,9.89,10.2,10.38,10.57,10.75,10.94,10.96,10.98,11.01,11.03,10.91,10.8,10.69,10.57,10.49,10.42,10.34,10.26,9.73,9.2,8.66,8.13,7.95,7.77,7.59,7.41,7.36,7.3,7.25,7.2,7.21,7.23,7.24,7.26,7.14,7.02,6.9,6.78,6.58,6.38,6.17,5.97,5.86,5.74,5.63,5.51,5.45,5.4,5.34,5.29,5.25,5.22,5.18,5.14,5.03,4.91,4.8,4.68,4.57,4.46,4.35,4.24,4.21,4.18,4.15,4.12,4.07,4.03,3.98,3.94,3.93,3.91,3.9,3.89,4.01,4.14,4.27,4.4,4.62,4.84,5.06,5.28,5.73,6.17,6.61,7.05,7.17,7.29,7.41,7.53,7.48,7.44,7.4,7.35,7.41,7.46,7.51,7.57,7.87,8.17,8.48,8.78,8.79,8.79,8.8,8.8,8.73,8.66,8.59,8.52,8.48,8.45,8.42,8.38,8.44,8.49,8.55,8.6,8.56,8.52,8.48,8.43,,
2017-03-23T00:00:00+00:00
2017-03-24T00:00:00+00:00
2017-03-25T00:00:00+00:00
2017-03-26T00:00:00+00:00
2017-03-27T00:00:00+00:00
2017-03-28T00:00:00+00:00
2017-03-29T00:00:00+00:00
2017-03-30T00:00:00+00:00
2017-03-31T00:00:00+00:00,13.42,13.47,13.52,13.25,12.98,12.71,12.45,12.46,12.47,12.48,12.5,12.35,12.19,12.04,11.89,11.94,11.99,12.05,12.1,12.21,12.32,12.42,12.53,12.76,12.98,13.2,13.43,13.73,14.03,14.33,14.63,15.12,15.61,16.1,16.59,16.64,16.69,16.74,16.8,16.74,16.68,16.62,16.56,16.56,16.56,16.56,16.57,16.61,16.66,16.7,16.75,16.84,16.94,17.03,17.13,17.1,17.08,17.05,17.03,16.93,16.83,16.73,16.63,16.37,16.11,15.86,15.6,15.39,15.17,14.96,14.75,14.54,14.34,14.13,13.93,13.73,13.53,13.33,13.13,12.99,12.86,12.73,12.59,12.42,12.25,12.08,11.91,11.8,11.69,11.58,11.47,11.36,11.25,11.14,11.02,10.88,10.73,10.59,10.44,10.3,10.16,10.02,9.88,9.71,9.54,9.38,9.21,9.05,8.9,8.75,8.59,8.54,8.49,8.44,8.39,8.53,8.66,8.8,8.93,9.12,9.32,9.51,9.7,10.04,10.38,10.72,11.06,11.39,11.71,12.03,12.36,12.56,12.77,12.97,13.18,13.38,13.59,13.79,13.99,14.15,14.3,14.45,14.61,14.72,14.82,14.93,15.04,14.98,14.91,14.85,14.78,14.82,14.85,14.89,14.92,14.72,14.52,14.33,14.13,13.96,13.79,13.62,13.45,,
2017-04-01T00:00:00+00:00,9.94,9.9,9.86,9.79,9.73,9.67,9.6,9.47,9.34,9.2,9.07,9.04,9.02,8.99,8.96,8.99,9.02,9.05,9.08,9.16,9.25,9.34,9.42,9.61,9.79,9.98,10.16,10.41,10.66,10.91,11.16,11.4,11.63,11.86,12.09,12.42,12.75,13.08,13.4,13.61,13.82,14.03,14.23,14.32,14.41,14.49,14.58,14.71,14.85,14.98,15.12,15.06,15.0,14.95,14.89,14.59,14.28,13.98,13.67,13.71,13.74,13.77,13.81,13.52,13.23,12.95,12.66,12.47,12.29,12.1,11.91,11.65,11.39,11.13,10.86,10.49,10.11,9.73,9.35,9.19,9.03,8.86,8.7,8.54,8.39,8.24,8.09,7.89,7.69,7.5,7.3,7.25,7.21,7.16,7.12,7.07,7.03,6.98,6.94,6.85,6.76,6.67,6.59,6.47,6.36,6.25,6.14,6.06,5.98,5.9,5.82,5.88,5.93,5.99,6.05,6.46,6.86,7.27,7.68,8.33,8.97,9.62,10.26,10.68,11.1,11.51,11.93,12.15,12.37,12.59,12.81,13.06,13.32,13.57,13.83,14.06,14.29,14.52,14.75,14.87,15.0,15.12,15.25,15.32,15.4,15.48,15.55,15.62,15.69,15.76,15.83,15.81,15.79,15.77,15.74,15.65,15.55,15.45,15.36,15.06,14.77,14.47,14.17,,
2017-04-02T00:00:00+00:00,8.92,8.88,8.83,8.63,8.42,8.21,8.0,7.89,7.77,7.65,7.53,7.49,7.44,7.4,7.35,7.27,7.2,7.12,7.04,7.38,7.73,8.07,8.41,9.04,9.67,10.3,10.93,11.52,12.11,12.7,13.29,13.67,14.05,14.43,14.81,15.06,15.3,15.54,15.79,15.79,15.79,15.79,15.79,16.05,16.32,16.59,16.85,16.28,15.71,15.13,14.56,14.52,14.49,14.46,14.42,14.58,14.74,14.89,15.05,14.97,14.88,14.8,14.72,14.7,14.69,14.68,14.66,14.3,13.93,13.57,13.2,12.92,12.64,12.37,12.09,11.9,11.71,11.52,11.33,11.14,10.95,10.75,10.56,10.3,10.03,9.77,9.51,9.27,9.04,8.81,8.58,8.45,8.32,8.19,8.06,7.96,7.85,7.75,7.65,7.57,7.49,7.41,7.32,7.2,7.07,6.94,6.81,6.7,6.58,6.47,6.35,6.38,6.41,6.44,6.47,6.89,7.31,7.73,8.15,8.76,9.36,9.97,10.58,11.16,11.74,12.32,12.9,13.33,13.76,14.18,14.61,14.89,15.17,15.45,15.73,15.97,16.21,16.44,16.68,16.86,17.04,17.22,17.4,17.46,17.52,17.58,17.64,17.62,17.61,17.59,17.58,17.51,17.44,17.38,17.31,17.18,17.05,16.91,16.78,16.43,16.08,15.74,15.39,,
2017-04-03T00:00:00+00:00,7.96,7.87,7.77,7.71,7.65,7.59,7.52,7.37,7.22,7.07,6.92,6.79,6.66,6.53,6.4,6.44,6.48,6.51,6.55,6.97,7.4,7.82,8.25,8.93,9.61,10.28,10.96,11.64,12.31,12.99,13.66,14.21,14.75,15.29,15.83,16.11,16.39,16.67,16.95,17.14,17.33,17.52,17.7,17.83,17.95,18.07,18.19,18.26,18.33,18.39,18.46,18.43,18.4,18.37,18.33,18.25,18.18,18.1,18.02,17.85,17.68,17.51,17.35,17.0,16.66,16.32,15.97,15.58,15.18,14.78,14.39,14.26,14.13,14.0,13.86,13.79,13.72,13.65,13.58,13.41,13.23,13.06,12.89,12.75,12.61,12.47,12.33,12.23,12.13,12.03,11.92,11.9,11.88,11.85,11.83,11.49,11.14,10.8,10.46,10.71,10.97,11.23,11.48,11.28,11.09,10.89,10.69,10.63,10.57,10.5,10.44,10.38,10.32,10.26,10.2,10.48,10.77,11.06,11.35,11.7,12.04,12.39,12.74,13.32,13.89,14.47,15.05,15.34,15.63,15.91,16.2,16.37,16.54,16.72,16.89,16.93,16.97,17.01,17.05,16.81,16.58,16.35,16.11,16.09,16.07,16.05,16.02,15.96,15.91,15.85,15.79,15.69,15.58,15.48,15.38,15.27,15.16,15.05,14.94,14.75,14.55,14.36,14.16,,
2017-04-04T00:00:00+00:00,9.12,8.97,8.81,8.73,8.64,8.55,8.46,8.56,8.65,8.75,8.84,8.7,8.56,8.42,8.27,8.26,8.25,8.24,8.23,8.75,9.27,9.79,10.32,10.89,11.46,12.03,12.6,13.04,13.48,13.91,14.35,14.68,15.02,15.35,15.69,16.02,16.36,16.7,17.03,17.16,17.29,17.41,17.54,17.63,17.72,17.81,17.91,17.97,18.02,18.08,18.14,18.08,18.01,17.94,17.88,17.77,17.66,17.55,17.44,17.2,16.96,16.72,16.48,16.2,15.92,15.64,15.36,15.08,14.8,14.52,14.24,13.96,13.69,13.41,13.13,12.85,12.58,12.3,12.03,11.69,11.35,11.0,10.66,10.51,10.36,10.2,10.05,10.06,10.07,10.08,10.09,10.05,10.0,9.96,9.92,9.55,9.19,8.82,8.46,8.43,8.41,8.38,8.35,8.35,8.34,8.34,8.33,8.26,8.18,8.1,8.02,7.91,7.8,7.7,7.59,7.77,7.95,8.14,8.32,8.69,9.06,9.43,9.79,10.15,10.5,10.85,11.2,11.54,11.87,12.21,12.54,12.74,12.94,13.14,13.34,13.77,14.19,14.62,15.04,15.24,15.43,15.63,15.83,15.87,15.91,15.96,16.0,16.0,16.0,15.99,15.99,15.92,15.84,15.76,15.69,15.48,15.27,15.07,14.86,14.4,13.94,13.47,13.01,,
2017-04-05T00:00:00+00:00,9.3,9.15,9.0,8.81,8.62,8.43,8.23,8.11,7.99,7.87,7.75,7.79,7.84,7.88,7.92,7.91,7.9,7.89,7.88,7.96,8.04,8.12,8.2,8.51,8.83,9.14,9.45,9.71,9.96,10.22,10.47,10.84,11.2,11.56,11.93,12.14,12.34,12.55,12.76,12.93,13.09,13.25,13.42,13.42,13.42,13.43,13.43,13.57,13.72,13.86,14.01,14.14,14.27,14.39,14.52,14.54,14.57,14.59,14.61,14.49,14.38,14.27,14.16,13.92,13.69,13.45,13.22,13.02,12.83,12.64,12.44,12.09,11.73,11.38,11.03,10.78,10.54,10.29,10.05,9.87,9.7,9.52,9.34,9.18,9.02,8.87,8.71,8.58,8.46,8.33,8.21,7.92,7.64,7.35,7.07,6.88,6.69,6.5,6.31,6.26,6.2,6.15,6.09,6.03,5.97,5.9,5.84,5.78,5.71,5.64,5.58,5.6,5.63,5.65,5.68,5.94,6.19,6.45,6.71,7.14,7.57,7.99,8.42,8.86,9.31,9.75,10.19,10.47,10.75,11.02,11.3,11.6,11.9,12.2,12.5,12.77,13.05,13.32,13.6,13.8,13.99,14.19,14.39,14.5,14.62,14.73,14.85,14.92,15.0,15.07,15.15,15.1,15.06,15.01,14.97,14.84,14.7,14.57,14.44,14.17,13.89,13.61,13.34,,
2017-04-06T00:00:00+00:00,7.29,7.2,7.11,7.07,7.04,7.01,6.97,6.9,6.83,6.75,6.68,6.63,6.58,6.53,6.48,6.47,6.45,6.43,6.41,6.67,6.93,7.18,7.44,7.77,8.1,8.44,8.77,9.06,9.35,9.64,9.93,10.21,10.5,10.78,11.07,11.35,11.64,11.92,12.21,12.43,12.66,12.89,13.12,13.29,13.46,13.63,13.8,13.89,13.99,14.09,14.18,14.24,14.29,14.34,14.4,14.38,14.35,14.33,14.31,14.16,14.01,13.87,13.72,13.44,13.16,12.88,12.6,12.31,12.02,11.74,11.45,11.25,11.05,10.85,10.64,10.46,10.28,10.09,9.91,9.66,9.42,9.17,8.93,8.76,8.59,8.42,8.26,8.11,7.96,7.81,7.65,7.54,7.42,7.3,7.18,7.07,6.96,6.85,6.75,6.61,6.48,6.35,6.21,6.06,5.91,5.75,5.6,5.46,5.32,5.18,5.04,5.06,5.08,5.1,5.12,5.59,6.07,6.54,7.01,7.54,8.06,8.58,9.1,9.56,10.02,10.49,10.95,11.38,11.81,12.24,12.67,13.06,13.44,13.83,14.21,14.51,14.81,15.11,15.41,15.66,15.91,16.16,16.41,16.6,16.78,16.96,17.14,17.23,17.32,17.4,17.49,17.48,17.47,17.46,17.44,17.34,17.23,17.12,17.02,16.71,16.4,16.09,15.79,,
2017-04-07T00:00:00+00:00,5.51,5.45,5.39,5.34,5.28,5.22,5.17,5.11,5.05,4.99,4.93,4.82,4.71,4.6,4.5,4.57,4.64,4.71,4.78,5.22,5.66,6.1,6.53,7.06,7.6,8.13,8.66,9.12,9.59,10.05,10.52,10.92,11.33,11.73,12.14,12.57,13.0,13.44,13.87,14.27,14.67,15.08,15.48,15.82,16.15,16.49,16.82,17.07,17.32,17.56,17.81,17.95,18.09,18.24,18.38,18.43,18.47,18.52,18.56,18.38,18.19,18.01,17.82,17.45,17.09,16.72,16.36,15.9,15.44,14.99,14.53,14.22,13.9,13.59,13.28,13.06,12.85,12.63,12.41,12.24,12.07,11.9,11.72,11.57,11.41,11.25,11.1,10.86,10.62,10.38,10.14,9.99,9.85,9.7,9.55,9.43,9.3,9.18,9.05,8.96,8.86,8.77,8.68,8.58,8.48,8.37,8.27,8.17,8.07,7.97,7.87,7.91,7.96,8.0,8.04,8.46,8.89,9.31,9.73,10.3,10.86,11.42,11.98,12.51,13.03,13.55,14.08,14.56,15.05,15.54,16.02,16.43,16.84,17.25,17.66,17.99,18.31,18.64,18.96,19.21,19.46,19.71,19.95,20.14,20.32,20.51,20.7,20.79,20.88,20.98,21.07,21.1,21.13,21.16,21.19,21.07,20.95,20.83,20.71,20.3,19.88,19.47,19.06,,
2017-04-08T00:00:00+00:00,8.77,8.58,8.4,8.31,8.22,8.13,8.05,7.99,7.94,7.88,7.83,7.75,7.67,7.59,7.51,7.56,7.61,7.66,7.7,8.18,8.66,9.14,9.63,10.29,10.96,11.63,12.29,12.8,13.32,13.83,14.34,14.82,15.3,15.78,16.26,16.67,17.07,17.48,17.89,18.24,18.58,18.93,19.28,19.53,19.79,20.04,20.3,20.51,20.71,20.92,21.13,21.22,21.32,21.41,21.51,21.5,21.5,21.5,21.5,21.34,21.18,21.02,20.86,20.41,19.96,19.51,19.06,18.62,18.19,17.75,17.32,17.01,16.7,16.39,16.07,15.74,15.4,15.06,14.72,14.47,14.23,13.98,13.73,13.54,13.35,13.16,12.96,12.81,12.66,12.51,12.36,12.18,11.99,11.8,11.61,11.39,11.18,10.97,10.75,10.63,10.5,10.37,10.25,10.14,10.03,9.93,9.82,9.7,9.59,9.47,9.36,9.45,9.53,9.62,9.7,10.13,10.57,11.0,11.43,12.05,12.67,13.29,13.91,14.45,14.98,15.52,16.06,16.59,17.13,17.67,18.2,18.74,19.29,19.83,20.38,20.73,21.09,21.45,21.81,21.97,22.13,22.3,22.46,22.63,22.79,22.96,23.13,23.16,23.19,23.22,23.25,23.17,23.1,23.02,22.94,22.82,22.69,22.56,22.43,22.13,21.82,21.52,21.21,,
2017-04-09T00:00:00+00:00,9.46,9.34,9.23,9.07,8.91,8.75,8.59,8.55,8.5,8.46,8.41,8.36,8.3,8.25,8.19,8.22,8.25,8.28,8.32,8.69,9.07,9.44,9.82,10.6,11.39,12.17,12.96,13.65,14.34,15.02,15.71,16.27,16.83,17.39,17.94,18.47,19.0,19.53,20.05,20.38,20.71,21.04,21.37,21.66,21.96,22.26,22.55,22.69,22.84,22.98,23.12,23.12,23.12,23.12,23.13,23.05,22.97,22.89,22.81,22.69,22.58,22.47,22.36,22.03,21.7,21.37,21.04,20.61,20.19,19.77,19.34,18.9,18.46,18.03,17.59,17.25,16.91,16.56,16.22,15.97,15.71,15.46,15.2,15.05,14.89,14.74,14.58,14.42,14.26,14.1,13.94,13.83,13.72,13.6,13.49,12.86,12.23,11.6,10.97,10.48,10.0,9.51,9.02,9.05,9.07,9.1,9.12,9.19,9.25,9.31,9.38,9.43,9.48,9.53,9.58,9.69,9.79,9.9,10.0,10.17,10.34,10.5,10.67,10.97,11.28,11.58,11.89,12.22,12.54,12.87,13.2,13.69,14.18,14.67,15.16,15.35,15.55,15.74,15.94,16.01,16.09,16.16,16.24,16.29,16.34,16.39,16.44,16.41,16.38,16.35,16.32,16.26,16.2,16.14,16.08,15.92,15.75,15.59,15.42,15.04,14.66,14.28,13.9,,
2017-04-10T00:00:00+00:00,11.82,11.64,11.46,11.21,10.97,10.72,10.48,10.11,9.75,9.38,9.02,8.99,8.97,8.95,8.92,9.04,9.16,9.28,9.4,9.61,9.81,10.02,10.23,10.48,10.74,11.0,11.26,11.58,11.91,12.23,12.56,13.01,13.45,13.9,14.35,14.63,14.91,15.19,15.46,15.7,15.93,16.17,16.4,16.27,16.14,16.0,15.87,16.06,16.24,16.43,16.62,16.54,16.45,16.37,16.28,16.1,15.93,15.75,15.57,15.48,15.4,15.32,15.23,14.91,14.59,14.27,13.94,13.53,13.12,12.71,12.3,11.96,11.61,11.26,10.91,10.64,10.37,10.1,9.83,9.63,9.43,9.23,9.03,8.71,8.4,8.08,7.77,7.56,7.36,7.16,6.95,6.74,6.53,6.31,6.1,5.96,5.83,5.7,5.56,5.5,5.43,5.37,5.31,5.24,5.17,5.1,5.03,4.96,4.9,4.84,4.77,4.85,4.93,5.01,5.09,5.56,6.03,6.51,6.98,7.51,8.04,8.57,9.1,9.63,10.15,10.68,11.2,11.6,11.99,12.39,12.78,13.08,13.39,13.69,14.0,14.24,14.48,14.72,14.96,15.13,15.31,15.48,15.65,15.76,15.87,15.99,16.1,16.11,16.12,16.13,16.14,16.12,16.1,16.08,16.06,15.95,15.85,15.74,15.63,15.43,15.24,15.04,14.84,,
2017-04-11T00:00:00+00:00,5.15,4.97,4.78,4.69,4.6,4.52,4.43,4.38,4.33,4.28,4.23,4.22,4.2,4.19,4.18,4.27,4.36,4.45,4.54,5.08,5.62,6.16,6.71,7.33,7.96,8.59,9.22,9.68,10.14,10.6,11.05,11.38,11.7,12.03,12.35,12.63,12.9,13.18,13.45,13.71,13.96,14.22,14.47,14.69,14.91,15.13,15.35,15.47,15.59,15.71,15.83,15.89,15.96,16.03,16.09,16.07,16.06,16.04,16.02,15.9,15.78,15.66,15.54,15.23,14.92,14.61,14.3,13.93,13.56,13.19,12.82,12.49,12.16,11.83,11.5,11.36,11.21,11.07,10.93,10.53,10.14,9.74,9.35,9.12,8.89,8.66,8.44,8.27,8.1,7.93,7.76,7.6,7.44,7.27,7.11,6.96,6.8,6.64,6.49,6.34,6.2,6.05,5.91,5.8,5.69,5.58,5.47,5.38,5.29,5.2,5.1,5.19,5.27,5.35,5.43,5.94,6.45,6.96,7.47,8.08,8.69,9.3,9.91,10.42,10.93,11.45,11.96,12.33,12.7,13.06,13.43,13.74,14.05,14.36,14.67,14.95,15.23,15.51,15.79,15.98,16.16,16.35,16.54,16.64,16.74,16.85,16.95,16.93,16.92,16.9,16.89,16.82,16.74,16.67,16.6,16.45,16.3,16.15,16.0,15.73,15.46,15.19,14.92,,
2017-04-12T00:00:00+00:00,6.24,6.14,6.05,5.95,5.84,5.74,5.64,5.56,5.47,5.39,5.31,5.22,5.13,5.04,4.95,5.01,5.08,5.15,5.21,5.75,6.28,6.81,7.35,7.99,8.63,9.27,9.91,10.39,10.88,11.36,11.85,12.25,12.66,13.06,13.47,13.8,14.14,14.48,14.82,15.07,15.33,15.58,15.83,16.06,16.29,16.51,16.74,16.87,17.01,17.15,17.29,17.32,17.36,17.39,17.42,17.38,17.34,17.29,17.25,17.06,16.86,16.67,16.48,16.16,15.84,15.53,15.21,14.69,14.17,13.65,13.13,12.74,12.35,11.96,11.57,11.29,11.01,10.73,10.44,10.2,9.96,9.72,9.48,9.34,9.19,9.05,8.91,8.77,8.64,8.5,8.37,8.25,8.14,8.02,7.9,7.76,7.62,7.48,7.33,7.35,7.37,7.38,7.4,7.45,7.49,7.54,7.59,7.62,7.64,7.67,7.69,7.84,7.99,8.13,8.28,8.47,8.67,8.86,9.06,9.42,9.79,10.16,10.52,10.94,11.36,11.78,12.2,12.52,12.85,13.18,13.5,13.68,13.87,14.05,14.23,14.44,14.64,14.85,15.06,15.21,15.37,15.52,15.68,15.74,15.79,15.85,15.91,15.87,15.83,15.79,15.75,15.6,15.45,15.3,15.14,15.01,14.88,14.75,14.62,14.48,14.35,14.21,14.08,,
2017-04-13T00:00:00+00:00,6.73,6.64,6.55,6.48,6.42,6.35,6.28,6.19,6.1,6.01,5.92,5.91,5.9,5.89,5.88,6.1,6.32,6.54,6.77,7.08,7.4,7.72,8.04,8.41,8.78,9.15,9.52,9.98,10.44,10.91,11.37,11.79,12.21,12.64,13.06,13.18,13.31,13.43,13.56,13.62,13.68,13.74,13.8,13.84,13.88,13.93,13.97,14.04,14.11,14.19,14.26,14.22,14.19,14.16,14.12,14.23,14.34,14.45,14.56,14.3,14.04,13.78,13.52,13.44,13.36,13.29,13.21,12.93,12.65,12.38,12.1,12.04,11.99,11.93,11.88,11.73,11.59,11.45,11.31,11.18,11.05,10.92,10.79,10.73,10.68,10.62,10.57,10.51,10.46,10.4,10.34,10.26,10.18,10.1,10.02,9.92,9.82,9.72,9.62,9.42,9.22,9.01,8.81,8.63,8.45,8.27,8.09,8.05,8.01,7.97,7.93,8.12,8.31,8.5,8.68,8.91,9.14,9.37,9.61,9.81,10.02,10.23,10.44,10.78,11.12,11.46,11.8,11.98,12.17,12.35,12.53,12.82,13.11,13.39,13.68,13.9,14.12,14.34,14.57,14.68,14.8,14.92,15.04,15.15,15.27,15.39,15.51,15.49,15.47,15.45,15.43,15.37,15.32,15.26,15.21,15.14,15.06,14.99,14.92,14.67,14.43,14.18,13.94,,
2017-04-14T00:00:00+00:00,10.41,10.22,10.03,9.77,9.5,9.23,8.96,9.05,9.14,9.22,9.31,9.23,9.16,9.08,9.01,9.09,9.18,9.26,9.35,9.51,9.67,9.83,10.0,10.43,10.86,11.29,11.72,12.09,12.47,12.84,13.22,13.49,13.75,14.01,14.28,14.46,14.63,14.81,14.99,15.09,15.19,15.3,15.4,15.59,15.77,15.96,16.15,16.25,16.35,16.45,16.55,16.52,16.49,16.46,16.43,16.38,16.34,16.29,16.24,16.1,15.97,15.84,15.71,15.43,15.15,14.87,14.6,14.37,14.14,13.91,13.68,13.53,13.37,13.22,13.06,12.91,12.75,12.6,12.44,12.32,12.2,12.07,11.95,11.75,11.56,11.37,11.17,11.02,10.87,10.72,10.57,10.35,10.14,9.92,9.71,9.47,9.24,9.01,8.78,8.65,8.53,8.4,8.28,8.12,7.96,7.8,7.65,7.58,7.51,7.45,7.38,7.57,7.76,7.96,8.15,8.37,8.59,8.81,9.03,9.17,9.3,9.44,9.58,10.12,10.66,11.21,11.75,12.03,12.32,12.6,12.88,13.16,13.44,13.72,14.0,14.02,14.05,14.08,14.11,13.77,13.43,13.09,12.75,13.12,13.5,13.87,14.24,13.88,13.52,13.16,12.8,12.98,13.16,13.34,13.51,13.38,13.25,13.11,12.98,12.69,12.4,12.1,11.81,,
2017-04-15T00:00:00+00:00,8.48,8.32,8.15,8.02,7.88,7.75,7.61,7.55,7.48,7.41,7.35,7.29,7.23,7.18,7.12,7.28,7.44,7.61,7.77,8.17,8.57,8.97,9.37,9.5,9.63,9.75,9.88,10.18,10.48,10.78,11.08,11.55,12.03,12.5,12.98,13.2,13.43,13.66,13.88,13.63,13.37,13.11,12.85,13.07,13.29,13.51,13.73,14.01,14.28,14.55,14.83,14.95,15.06,15.18,15.3,15.27,15.24,15.21,15.18,14.98,14.78,14.58,14.38,14.03,13.69,13.34,13.0,12.71,12.43,12.14,11.86,11.63,11.4,11.17,10.94,10.71,10.48,10.26,10.03,10.01,9.98,9.96,9.94,9.79,9.65,9.5,9.35,9.06,8.76,8.47,8.17,7.92,7.66,7.41,7.15,7.05,6.94,6.84,6.73,6.8,6.86,6.92,6.99,6.87,6.75,6.63,6.51,6.36,6.2,6.05,5.89,6.01,6.13,6.26,6.38,6.82,7.27,7.72,8.17,8.49,8.82,9.14,9.46,9.81,10.16,10.51,10.86,11.12,11.37,11.62,11.87,12.09,12.31,12.53,12.75,12.89,13.03,13.17,13.31,13.37,13.42,13.48,13.54,13.57,13.61,13.64,13.68,13.59,13.5,13.41,13.32,13.44,13.57,13.69,13.81,13.75,13.68,13.62,13.56,13.31,13.06,12.8,12.55,,
2017-04-16T00:00:00+00:00,6.7,6.53,6.36,6.23,6.11,5.98,5.85,5.78,5.71,5.63,5.56,5.46,5.36,5.26,5.15,5.25,5.36,5.46,5.56,6.02,6.48,6.95,7.41,7.86,8.3,8.75,9.19,9.57,9.94,10.31,10.69,10.96,11.23,11.5,11.77,11.98,12.18,12.39,12.59,12.69,12.79,12.89,12.99,13.09,13.19,13.29,13.39,13.38,13.38,13.37,13.37,13.36,13.36,13.36,13.35,13.21,13.08,12.94,12.8,12.77,12.74,12.71,12.68,12.54,12.41,12.28,12.15,11.91,11.66,11.42,11.18,10.8,10.42,10.05,9.67,9.44,9.22,8.99,8.76,8.55,8.33,8.11,7.89,7.67,7.45,7.24,7.02,6.87,6.71,6.56,6.41,6.32,6.22,6.13,6.03,5.96,5.88,5.8,5.73,5.64,5.55,5.46,5.37,5.34,5.3,5.27,5.23,5.48,5.72,5.96,6.21,6.54,6.88,7.21,7.55,7.82,8.09,8.36,8.63,8.96,9.29,9.62,9.95,10.24,10.54,10.83,11.13,11.35,11.57,11.8,12.02,11.94,11.85,11.77,11.68,11.49,11.3,11.1,10.91,11.25,11.6,11.95,12.29,12.27,12.25,12.22,12.2,12.52,12.84,13.15,13.47,13.35,13.24,13.12,13.0,12.82,12.65,12.48,12.31,12.05,11.79,11.54,11.28,,
2017-04-17T00:00:00+00:00,6.86,6.82,6.78,6.73,6.68,6.63,6.58,6.46,6.35,6.23,6.12,6.13,6.15,6.16,6.17,6.31,6.44,6.58,6.71,7.09,7.48,7.86,8.24,8.42,8.59,8.76,8.94,9.25,9.56,9.87,10.19,10.6,11.01,11.42,11.84,11.97,12.1,12.23,12.36,12.7,13.03,13.36,13.7,13.4,13.1,12.81,12.51,12.75,12.98,13.21,13.45,13.26,13.07,12.88,12.69,12.74,12.78,12.82,12.87,12.71,12.55,12.39,12.23,11.98,11.73,11.48,11.23,10.9,10.57,10.25,9.92,9.75,9.59,9.42,9.26,9.16,9.07,8.97,8.87,8.57,8.26,7.95,7.64,7.4,7.16,6.91,6.67,6.45,6.24,6.02,5.81,5.62,5.44,5.26,5.08,4.9,4.71,4.53,4.35,4.14,3.92,3.71,3.49,3.27,3.04,2.82,2.59,2.47,2.35,2.23,2.11,2.3,2.5,2.69,2.88,3.4,3.92,4.44,4.96,5.6,6.24,6.89,7.53,7.94,8.36,8.77,9.18,8.67,8.15,7.64,7.12,7.23,7.33,7.43,7.54,7.61,7.67,7.74,7.81,8.4,9.0,9.59,10.18,10.17,10.17,10.16,10.15,10.04,9.94,9.83,9.73,9.99,10.25,10.51,10.76,10.62,10.47,10.33,10.18,9.94,9.69,9.44,9.2,,
2017-04-18T00:00:00+00:00,4.4,4.29,4.18,4.12,4.06,4.01,3.95,3.86,3.76,3.66,3.57,3.45,3.33,3.22,3.1,3.22,3.34,3.45,3.57,4.05,4.54,5.02,5.5,5.99,6.47,6.95,7.43,7.74,8.04,8.35,8.65,8.89,9.13,9.37,9.61,9.6,9.59,9.58,9.58,9.72,9.86,10.01,10.15,9.59,9.04,8.48,7.92,8.53,9.14,9.75,10.36,10.39,10.41,10.44,10.47,10.09,9.7,9.32,8.93,9.0,9.06,9.13,9.19,9.07,8.95,8.83,8.7,8.41,8.12,7.82,7.53,7.34,7.15,6.96,6.77,6.7,6.64,6.57,6.5,6.41,6.32,6.23,6.14,6.0,5.85,5.7,5.55,5.39,5.22,5.06,4.89,4.74,4.59,4.43,4.28,4.15,4.02,3.89,3.76,3.61,3.46,3.31,3.16,3.06,2.95,2.85,2.75,2.64,2.53,2.42,2.3,2.42,2.54,2.67,2.79,3.19,3.6,4.01,4.42,4.91,5.4,5.89,6.38,6.71,7.04,7.37,7.7,7.96,8.21,8.46,8.71,8.94,9.16,9.38,9.6,9.78,9.95,10.13,10.31,10.4,10.49,10.58,10.67,10.7,10.73,10.76,10.79,10.75,10.71,10.68,10.64,10.55,10.45,10.36,10.27,10.11,9.95,9.79,9.63,9.38,9.13,8.88,8.63,,
2017-04-19T00:00:00+00:00
2017-04-20T00:00:00+00:00,2.2,1.97,1.74,1.64,1.54,1.44,1.34,1.34,1.33,1.32,1.31,1.13,0.95,0.76,0.58,0.81,1.03,1.26,1.49,1.97,2.45,2.94,3.42,3.84,4.26,4.68,5.1,5.55,6.0,6.45,6.9,7.26,7.62,7.98,8.34,8.64,8.94,9.24,9.54,9.81,10.08,10.36,10.63,10.86,11.1,11.33,11.56,11.73,11.9,12.07,12.25,12.33,12.42,12.51,12.6,12.61,12.62,12.62,12.63,12.55,12.46,12.37,12.28,12.03,11.78,11.53,11.28,10.93,10.57,10.22,9.86,9.45,9.03,8.62,8.2,7.98,7.75,7.53,7.31,7.09,6.87,6.65,6.44,6.24,6.04,5.83,5.63,5.51,5.39,5.27,5.15,5.05,4.96,4.86,4.77,4.74,4.71,4.68,4.65,4.54,4.42,4.3,4.19,4.01,3.84,3.67,3.49,3.4,3.31,3.22,3.13,3.38,3.64,3.9,4.15,4.76,5.37,5.98,6.59,7.2,7.82,8.43,9.05,9.57,10.08,10.6,11.12,11.53,11.94,12.35,12.76,13.11,13.47,13.82,14.17,14.56,14.96,15.35,15.74,15.97,16.21,16.44,16.67,16.78,16.89,16.99,17.1,17.11,17.12,17.12,17.13,17.08,17.03,16.98,16.93,16.81,16.69,16.56,16.44,16.19,15.93,15.68,15.43,,
2017-04-21T00:00:00+00:00,3.46,3.42,3.38,3.36,3.34,3.32,3.3,3.25,3.2,3.15,3.1,3.03,2.95,2.87,2.8,3.1,3.39,3.69,3.99,4.59,5.2,5.8,6.4,7.02,7.63,8.25,8.87,9.38,9.89,10.4,10.91,11.27,11.63,12.0,12.36,12.68,13.0,13.33,13.65,13.96,14.26,14.56,14.87,15.1,15.33,15.57,15.8,15.95,16.1,16.25,16.4,16.42,16.45,16.48,16.51,16.45,16.39,16.34,16.28,16.12,15.97,15.82,15.66,15.39,15.12,14.84,14.57,14.19,13.82,13.44,13.06,12.75,12.43,12.11,11.8,11.66,11.52,11.39,11.25,10.89,10.54,10.18,9.82,9.57,9.32,9.07,8.82,8.56,8.29,8.03,7.77,7.68,7.59,7.5,7.41,7.2,7.0,6.79,6.58,6.46,6.33,6.2,6.07,5.97,5.86,5.75,5.65,5.66,5.66,5.67,5.68,5.98,6.29,6.59,6.89,7.4,7.9,8.4,8.9,9.61,10.32,11.02,11.73,12.06,12.4,12.73,13.06,13.28,13.5,13.71,13.93,14.22,14.52,14.81,15.11,15.33,15.55,15.78,16.0,16.21,16.42,16.62,16.83,16.48,16.13,15.78,15.43,15.52,15.61,15.7,15.79,15.92,16.05,16.18,16.31,16.09,15.87,15.64,15.42,14.88,14.34,13.8,13.26,,
2017-04-22T00:00:00+00:00,7.65,7.61,7.57,7.45,7.32,7.2,7.07,6.99,6.91,6.83,6.75,6.62,6.49,6.36,6.23,6.42,6.62,6.82,7.01,7.51,8.01,8.51,9.0,9.65,10.29,10.93,11.57,12.08,12.58,13.09,13.6,13.75,13.91,14.06,14.22,14.02,13.83,13.63,13.43,13.94,14.44,14.95,15.45,15.62,15.79,15.96,16.13,16.09,16.04,16.0,15.96,15.57,15.18,14.79,14.4,14.25,14.11,13.97,13.83,13.7,13.57,13.44,13.32,13.14,12.97,12.8,12.63,12.41,12.2,11.98,11.76,11.7,11.63,11.56,11.5,11.32,11.14,10.96,10.78,10.62,10.45,10.28,10.11,9.86,9.6,9.35,9.09,8.84,8.58,8.33,8.08,7.8,7.53,7.26,6.99,6.76,6.52,6.29,6.06,5.89,5.71,5.53,5.36,5.23,5.09,4.96,4.82,4.67,4.53,4.38,4.23,4.45,4.67,4.89,5.11,5.59,6.07,6.55,7.04,7.35,7.67,7.99,8.3,8.64,8.99,9.33,9.67,10.0,10.33,10.66,10.98,11.32,11.66,12.0,12.34,12.62,12.9,13.19,13.47,13.69,13.91,14.13,14.36,14.49,14.63,14.77,14.91,14.98,15.04,15.11,15.17,15.14,15.12,15.09,15.06,14.95,14.83,14.72,14.6,14.37,14.14,13.91,13.68,,
2017-04-23T00:00:00+00:00
2017-04-24T00:00:00+00:00
2017-04-25T00:00:00+00:00
2017-04-26T00:00:00+00:00
2017-04-27T00:00:00+00:00
2017-04-28T00:00:00+00:00,2.99,2.92,2.85,3.02,3.2,3.37,3.55,3.5,3.45,3.39,3.34,3.48,3.63,3.77,3.91,4.17,4.44,4.7,4.97,5.33,5.69,6.06,6.42,6.92,7.43,7.94,8.44,8.81,9.18,9.56,9.93,10.25,10.56,10.88,11.2,11.32,11.44,11.56,11.69,11.98,12.28,12.58,12.88,13.11,13.34,13.57,13.8,13.26,12.72,12.18,11.64,11.94,12.24,12.55,12.85,12.63,12.41,12.19,11.97,12.02,12.06,12.11,12.15,11.89,11.63,11.37,11.11,10.86,10.61,10.37,10.12,9.78,9.44,9.1,8.76,8.53,8.3,8.06,7.83,7.58,7.34,7.09,6.84,6.78,6.71,6.64,6.57,6.52,6.47,6.43,6.38,6.3,6.22,6.13,6.05,5.9,5.74,5.59,5.43,5.25,5.08,4.9,4.72,4.72,4.72,4.72,4.72,4.67,4.63,4.58,4.54,4.9,5.27,5.63,5.99,6.49,6.99,7.49,7.99,8.42,8.85,9.28,9.71,10.1,10.5,10.89,11.28,11.51,11.74,11.97,12.2,12.42,12.64,12.86,13.08,13.38,13.69,13.99,14.3,14.5,14.7,14.91,15.11,15.26,15.4,15.55,15.7,15.74,15.77,15.81,15.85,15.8,15.75,15.71,15.66,15.54,15.42,15.3,15.17,14.94,14.72,14.49,14.26,,
2017-04-29T00:00:00+00:00,5.64,5.63,5.62,5.5,5.38,5.25,5.13,5.11,5.09,5.07,5.05,4.92,4.79,4.66,4.53,4.74,4.96,5.17,5.38,5.94,6.49,7.04,7.6,8.04,8.49,8.93,9.37,9.78,10.19,10.6,11.01,11.42,11.83,12.24,12.65,13.03,13.41,13.79,14.18,14.4,14.63,14.85,15.08,15.26,15.44,15.62,15.81,15.94,16.07,16.2,16.33,16.37,16.42,16.46,16.5,16.45,16.39,16.33,16.27,16.15,16.03,15.91,15.79,15.57,15.36,15.14,14.92,14.57,14.23,13.89,13.55,13.21,12.86,12.52,12.18,11.94,11.71,11.48,11.24,11.01,10.78,10.55,10.32,10.03,9.75,9.46,9.18,8.94,8.7,8.46,8.22,8.14,8.06,7.98,7.91,7.77,7.64,7.51,7.38,7.29,7.2,7.11,7.02,6.88,6.73,6.58,6.44,6.29,6.15,6.01,5.86,6.09,6.32,6.55,6.78,7.38,7.98,8.58,9.19,9.72,10.26,10.79,11.33,11.92,12.5,13.09,13.67,14.17,14.66,15.15,15.64,16.07,16.51,16.95,17.38,17.73,18.07,18.41,18.76,18.97,19.19,19.4,19.61,19.51,19.4,19.3,19.19,18.98,18.77,18.57,18.36,17.07,15.78,14.5,13.21,12.7,12.2,11.69,11.19,11.11,11.03,10.95,10.87,,
2017-05-03T00:00:00+00:00,8.67,8.71,8.76,8.63,8.49,8.36,8.23,8.18,8.14,8.09,8.05,7.97,7.89,7.81,7.72,7.93,8.13,8.34,8.55,8.8,9.06,9.32,9.58,9.82,10.05,10.28,10.51,10.7,10.88,11.06,11.25,11.19,11.14,11.09,11.04,11.35,11.66,11.97,12.28,12.28,12.27,12.27,12.27,11.69,11.11,10.54,9.96,10.32,10.68,11.03,11.39,11.51,11.63,11.75,11.88,11.96,12.04,12.12,12.2,12.27,12.33,12.4,12.46,12.41,12.35,12.29,12.23,12.1,11.96,11.82,11.68,11.34,11.0,10.66,10.31,10.31,10.31,10.31,10.31,10.28,10.24,10.21,10.18,10.08,9.98,9.88,9.78,9.76,9.74,9.72,9.7,9.57,9.44,9.31,9.18,9.03,8.88,8.73,8.58,8.62,8.66,8.7,8.73,8.58,8.44,8.29,8.14,8.07,8.0,7.93,7.85,8.09,8.32,8.55,8.79,9.01,9.23,9.45,9.67,9.99,10.3,10.62,10.93,11.29,11.66,12.02,12.38,12.73,13.08,13.42,13.77,14.0,14.22,14.45,14.68,14.99,15.3,15.61,15.93,16.21,16.49,16.77,17.05,16.49,15.93,15.37,14.81,14.6,14.39,14.18,13.97,14.28,14.6,14.91,15.22,15.15,15.09,15.02,14.95,14.95,14.94,14.94,14.94,,
2017-05-04T00:00:00+00:00,7.31,7.22,7.13,7.24,7.34,7.45,7.55,7.55,7.55,7.55,7.54,7.52,7.5,7.48,7.46,7.66,7.86,8.07,8.27,8.29,8.31,8.34,8.36,8.45,8.55,8.65,8.74,9.12,9.49,9.86,10.23,10.54,10.86,11.17,11.49,11.82,12.16,12.5,12.84,13.14,13.43,13.72,14.01,14.39,14.77,15.14,15.52,15.82,16.13,16.43,16.73,16.89,17.04,17.2,17.35,17.23,17.1,16.98,16.86,16.85,16.84,16.83,16.83,16.63,16.43,16.23,16.04,15.65,15.26,14.87,14.48,14.08,13.68,13.28,12.87,12.64,12.41,12.18,11.95,11.75,11.55,11.35,11.15,10.95,10.74,10.54,10.34,10.23,10.12,10.01,9.91,9.79,9.67,9.55,9.43,9.4,9.37,9.33,9.3,9.22,9.14,9.06,8.97,8.89,8.81,8.73,8.65,8.71,8.76,8.81,8.87,8.89,8.91,8.93,8.96,9.05,9.15,9.25,9.35,9.64,9.93,10.21,10.5,10.92,11.34,11.77,12.19,12.71,13.24,13.77,14.3,14.73,15.15,15.58,16.01,16.34,16.67,17.01,17.34,17.59,17.85,18.1,18.36,18.5,18.63,18.77,18.91,18.98,19.05,19.12,19.19,19.2,19.21,19.22,19.24,19.16,19.08,19.01,18.93,18.75,18.57,18.4,18.22,,
2017-05-05T00:00:00+00:00,8.29,8.3,8.31,8.33,8.35,8.37,8.4,8.4,8.4,8.4,8.41,8.42,8.43,8.44,8.45,8.59,8.74,8.88,9.03,9.11,9.2,9.28,9.37,9.41,9.45,9.48,9.52,10.01,10.49,10.98,11.46,11.83,12.2,12.57,12.93,13.29,13.64,13.99,14.35,14.7,15.06,15.41,15.77,16.01,16.25,16.49,16.73,16.89,17.04,17.19,17.35,17.45,17.56,17.66,17.77,17.76,17.75,17.75,17.74,17.67,17.61,17.55,17.48,17.27,17.05,16.84,16.63,16.36,16.09,15.82,15.55,15.36,15.16,14.97,14.77,14.61,14.45,14.28,14.12,13.99,13.87,13.74,13.61,13.4,13.19,12.98,12.77,12.65,12.52,12.4,12.27,12.01,11.75,11.49,11.23,11.07,10.92,10.76,10.6,10.63,10.66,10.69,10.72,10.67,10.63,10.58,10.54,10.53,10.53,10.53,10.52,10.8,11.07,11.34,11.61,11.71,11.81,11.91,12.01,11.95,11.89,11.84,11.78,11.86,11.93,12.01,12.09,12.2,12.31,12.42,12.53,12.56,12.58,12.61,12.64,12.69,12.74,12.79,12.84,12.83,12.82,12.81,12.8,12.81,12.81,12.81,12.81,12.81,12.81,12.82,12.82,12.62,12.43,12.23,12.03,12.02,12.0,11.98,11.97,11.98,12.0,12.02,12.03,,
2017-05-06T00:00:00+00:00,11.82,11.7,11.58,11.33,11.09,10.84,10.59,10.48,10.37,10.25,10.14,10.21,10.28,10.36,10.43,10.38,10.34,10.29,10.24,10.33,10.41,10.5,10.59,10.6,10.62,10.63,10.65,10.73,10.81,10.89,10.97,11.02,11.08,11.13,11.19,11.28,11.38,11.47,11.57,11.58,11.59,11.6,11.6,11.99,12.37,12.75,13.14,13.11,13.08,13.05,13.02,13.24,13.47,13.7,13.93,14.01,14.08,14.16,14.24,14.13,14.01,13.9,13.79,13.69,13.59,13.5,13.4,13.14,12.89,12.63,12.37,12.25,12.13,12.01,11.89,11.86,11.83,11.8,11.77,11.66,11.56,11.45,11.35,11.3,11.24,11.19,11.13,11.09,11.04,10.99,10.94,10.91,10.87,10.83,10.8,10.75,10.71,10.67,10.62,10.58,10.53,10.49,10.44,10.4,10.36,10.32,10.28,10.29,10.3,10.31,10.32,10.36,10.4,10.44,10.48,10.49,10.49,10.5,10.5,10.71,10.92,11.13,11.34,11.71,12.08,12.46,12.83,13.2,13.57,13.94,14.31,14.58,14.85,15.11,15.38,15.45,15.52,15.6,15.67,15.9,16.14,16.38,16.61,16.26,15.91,15.56,15.21,15.39,15.58,15.76,15.95,15.87,15.78,15.7,15.61,15.44,15.26,15.09,14.92,14.7,14.48,14.26,14.04,,
2017-05-07T00:00:00+00:00,10.83,10.75,10.66,10.58,10.5,10.41,10.33,10.25,10.17,10.08,10.0,9.99,9.97,9.95,9.93,10.03,10.14,10.24,10.34,10.49,10.65,10.8,10.95,11.2,11.46,11.71,11.96,12.24,12.52,12.79,13.07,13.14,13.21,13.28,13.35,13.62,13.89,14.16,14.43,14.09,13.75,13.41,13.07,13.6,14.13,14.66,15.19,15.24,15.29,15.34,15.38,15.31,15.23,15.16,15.08,14.96,14.84,14.72,14.6,14.36,14.12,13.88,13.65,13.51,13.37,13.23,13.09,12.82,12.55,12.27,12.0,11.79,11.58,11.37,11.15,11.05,10.95,10.84,10.74,10.74,10.75,10.76,10.77,10.52,10.27,10.02,9.77,9.45,9.13,8.8,8.48,8.29,8.11,7.92,7.73,7.56,7.39,7.22,7.05,7.01,6.96,6.92,6.88,7.11,7.34,7.57,7.8,7.87,7.93,7.99,8.05,8.07,8.1,8.12,8.14,8.27,8.39,8.52,8.64,8.93,9.23,9.52,9.81,10.04,10.27,10.5,10.72,10.88,11.04,11.2,11.36,11.76,12.15,12.55,12.94,13.18,13.42,13.66,13.9,14.12,14.34,14.56,14.78,14.89,15.01,15.12,15.24,15.21,15.18,15.15,15.12,14.93,14.75,14.57,14.38,14.07,13.77,13.46,13.15,12.79,12.42,12.06,11.7,,
2017-05-08T00:00:00+00:00,7.68,7.69,7.7,7.72,7.75,7.78,7.8,7.57,7.34,7.11,6.87,6.81,6.76,6.7,6.64,6.93,7.22,7.51,7.81,7.99,8.18,8.37,8.56,8.76,8.96,9.16,9.35,9.31,9.27,9.23,9.19,9.27,9.35,9.42,9.5,10.06,10.62,11.18,11.74,12.04,12.33,12.63,12.92,13.06,13.2,13.33,13.47,13.58,13.69,13.81,13.92,13.8,13.69,13.57,13.46,13.18,12.9,12.61,12.33,12.27,12.21,12.15,12.09,11.84,11.59,11.35,11.1,11.03,10.96,10.88,10.81,10.8,10.8,10.79,10.78,10.72,10.66,10.6,10.54,10.45,10.37,10.28,10.2,10.09,9.98,9.87,9.76,9.7,9.65,9.59,9.53,9.22,8.91,8.59,8.28,7.96,7.64,7.32,6.99,6.72,6.44,6.17,5.89,5.71,5.53,5.35,5.16,5.09,5.02,4.95,4.88,5.11,5.35,5.58,5.82,6.16,6.51,6.85,7.2,7.62,8.04,8.46,8.88,9.34,9.81,10.27,10.74,11.11,11.49,11.86,12.24,12.54,12.84,13.14,13.43,13.68,13.92,14.16,14.4,14.6,14.79,14.99,15.18,15.31,15.45,15.58,15.71,15.76,15.81,15.87,15.92,15.89,15.85,15.82,15.79,15.67,15.55,15.44,15.32,15.09,14.86,14.63,14.39,,
2017-05-09T00:00:00+00:00,7.73,7.39,7.05,6.82,6.59,6.37,6.14,5.99,5.85,5.71,5.57,5.5,5.43,5.37,5.3,5.5,5.71,5.91,6.11,6.48,6.84,7.21,7.58,8.06,8.54,9.02,9.5,10.0,10.49,10.99,11.48,11.82,12.15,12.49,12.83,13.11,13.38,13.66,13.94,14.18,14.41,14.65,14.89,15.08,15.28,15.47,15.67,15.8,15.93,16.06,16.19,16.24,16.29,16.34,16.39,16.35,16.31,16.28,16.24,16.11,15.98,15.85,15.72,15.47,15.22,14.97,14.72,14.41,14.1,13.78,13.47,13.23,12.98,12.73,12.49,12.25,12.02,11.78,11.55,11.3,11.05,10.79,10.54,10.36,10.17,9.99,9.8,9.58,9.36,9.14,8.92,8.72,8.52,8.32,8.12,7.93,7.75,7.56,7.37,7.25,7.13,7.01,6.88,6.76,6.63,6.51,6.38,6.35,6.32,6.29,6.26,6.61,6.95,7.3,7.64,8.09,8.53,8.98,9.42,9.99,10.55,11.11,11.67,12.34,13.01,13.68,14.34,14.84,15.33,15.82,16.31,16.62,16.93,17.25,17.56,17.87,18.17,18.48,18.79,19.0,19.22,19.43,19.64,19.79,19.93,20.08,20.22,20.28,20.35,20.41,20.48,20.44,20.4,20.36,20.32,20.27,20.22,20.18,20.13,19.94,19.75,19.55,19.36,,
2017-05-10T00:00:00+00:00,7.62,7.42,7.22,7.11,7.0,6.88,6.77,6.64,6.51,6.39,6.26,6.24,6.23,6.21,6.2,6.58,6.96,7.34,7.72,8.21,8.71,9.21,9.7,10.21,10.72,11.23,11.75,12.33,12.92,13.51,14.1,14.63,15.15,15.68,16.2,16.58,16.96,17.33,17.71,17.92,18.13,18.34,18.55,18.74,18.92,19.1,19.29,19.46,19.62,19.79,19.96,20.05,20.14,20.23,20.31,20.35,20.39,20.43,20.47,20.42,20.38,20.33,20.29,20.07,19.85,19.63,19.41,19.08,18.75,18.42,18.09,17.78,17.47,17.17,16.86,16.64,16.42,16.2,15.98,15.77,15.55,15.34,15.12,14.85,14.58,14.31,14.04,13.83,13.63,13.42,13.21,13.26,13.31,13.36,13.4,13.33,13.25,13.17,13.1,13.12,13.13,13.15,13.17,12.85,12.53,12.22,11.9,11.84,11.77,11.71,11.65,11.85,12.05,12.25,12.45,13.11,13.77,14.43,15.09,15.46,15.83,16.2,16.57,16.93,17.29,17.65,18.01,18.52,19.03,19.53,20.04,19.75,19.45,19.16,18.87,18.46,18.05,17.64,17.24,16.87,16.51,16.15,15.79,15.8,15.82,15.83,15.85,15.52,15.19,14.85,14.52,14.51,14.49,14.48,14.47,14.45,14.43,14.41,14.39,14.33,14.27,14.21,14.15,,
2017-05-11T00:00:00+00:00,13.17,12.95,12.72,12.76,12.8,12.84,12.88,12.68,12.48,12.28,12.08,12.05,12.02,12.0,11.97,12.3,12.62,12.95,13.27,13.75,14.22,14.69,15.17,15.33,15.5,15.66,15.83,16.27,16.71,17.15,17.59,17.92,18.24,18.56,18.89,18.8,18.72,18.63,18.55,18.7,18.86,19.01,19.16,18.93,18.7,18.47,18.23,18.15,18.06,17.97,17.89,17.68,17.47,17.27,17.06,16.82,16.58,16.34,16.11,16.0,15.88,15.77,15.66,15.45,15.24,15.02,14.81,14.76,14.71,14.67,14.62,14.58,14.54,14.5,14.46,14.36,14.26,14.16,14.06,14.0,13.93,13.87,13.81,13.7,13.59,13.48,13.37,13.2,13.03,12.87,12.7,12.58,12.47,12.35,12.23,12.13,12.02,11.92,11.82,11.69,11.57,11.45,11.33,11.2,11.08,10.95,10.82,10.77,10.71,10.65,10.59,10.9,11.22,11.53,11.84,12.15,12.47,12.79,13.1,13.51,13.92,14.33,14.73,15.15,15.56,15.97,16.38,16.8,17.22,17.64,18.06,18.33,18.61,18.88,19.15,19.3,19.44,19.59,19.73,19.78,19.82,19.86,19.91,19.41,18.9,18.4,17.9,17.84,17.77,17.71,17.64,17.88,18.13,18.37,18.62,18.69,18.77,18.84,18.92,18.8,18.68,18.56,18.43,,
2017-05-12T00:00:00+00:00
2017-05-13T00:00:00+00:00
2017-05-14T00:00:00+00:00
2017-05-15T00:00:00+00:00
2017-05-16T00:00:00+00:00,14.95,14.7,14.46,14.45,14.43,14.42,14.4,14.22,14.04,13.85,13.67,13.7,13.73,13.76,13.79,14.25,14.7,15.15,15.61,16.08,16.56,17.04,17.51,18.1,18.69,19.27,19.86,20.39,20.91,21.43,21.96,22.42,22.87,23.33,23.79,24.12,24.45,24.78,25.11,25.32,25.53,25.74,25.95,25.99,26.03,26.07,26.11,26.14,26.18,26.21,26.24,26.24,26.23,26.23,26.22,26.19,26.16,26.13,26.1,25.99,25.88,25.77,25.66,25.52,25.38,25.24,25.1,24.84,24.57,24.31,24.05,23.76,23.47,23.19,22.9,22.55,22.19,21.84,21.49,21.28,21.06,20.85,20.63,20.39,20.14,19.89,19.64,19.51,19.38,19.25,19.12,18.96,18.8,18.64,18.48,18.35,18.22,18.09,17.97,17.75,17.53,17.31,17.09,16.88,16.68,16.47,16.26,16.15,16.03,15.92,15.8,16.15,16.5,16.85,17.2,17.77,18.34,18.91,19.48,19.98,20.48,20.98,21.48,21.93,22.37,22.81,23.26,23.63,24.01,24.38,24.76,24.98,25.2,25.42,25.64,25.92,26.2,26.47,26.75,26.91,27.06,27.21,27.37,27.54,27.7,27.87,28.04,28.1,28.16,28.22,28.28,28.27,28.26,28.25,28.24,27.94,27.63,27.32,27.01,26.82,26.62,26.43,26.23,,
2017-05-17T00:00:00+00:00,17.41,17.15,16.89,16.8,16.71,16.61,16.52,16.46,16.39,16.32,16.25,16.21,16.16,16.12,16.07,16.4,16.72,17.05,17.37,17.75,18.12,18.5,18.87,19.34,19.81,20.28,20.74,21.25,21.75,22.25,22.75,23.14,23.53,23.92,24.31,24.7,25.09,25.49,25.88,26.12,26.35,26.59,26.82,27.0,27.17,27.34,27.52,27.58,27.65,27.72,27.78,27.8,27.82,27.84,27.87,27.76,27.66,27.55,27.45,27.31,27.17,27.02,26.88,25.4,23.92,22.45,20.97,20.35,19.73,19.11,18.49,18.32,18.15,17.98,17.81,17.76,17.7,17.65,17.59,17.54,17.48,17.42,17.37,17.24,17.12,16.99,16.87,16.69,16.51,16.32,16.14,16.17,16.2,16.22,16.25,16.0,15.75,15.5,15.25,15.0,14.76,14.52,14.28,14.03,13.78,13.53,13.28,13.26,13.23,13.2,13.18,13.17,13.15,13.14,13.13,13.14,13.16,13.18,13.2,13.16,13.11,13.07,13.03,13.04,13.06,13.07,13.08,13.08,13.07,13.06,13.05,13.14,13.23,13.33,13.42,13.54,13.67,13.79,13.91,14.09,14.27,14.45,14.63,14.82,15.02,15.22,15.42,15.46,15.5,15.54,15.57,15.61,15.65,15.69,15.73,15.58,15.43,15.27,15.12,14.99,14.86,14.74,14.61,,
2017-05-18T00:00:00+00:00,15.81,15.8,15.79,15.71,15.63,15.55,15.47,15.39,15.3,15.22,15.13,15.12,15.11,15.1,15.09,15.15,15.21,15.27,15.34,15.39,15.45,15.5,15.55,15.54,15.53,15.52,15.51,15.78,16.04,16.31,16.58,16.72,16.85,16.99,17.13,17.03,16.94,16.84,16.74,16.81,16.89,16.97,17.04,17.13,17.21,17.29,17.37,17.73,18.08,18.44,18.79,18.96,19.13,19.3,19.46,19.4,19.33,19.26,19.19,19.23,19.27,19.3,19.34,19.08,18.83,18.57,18.32,16.41,14.5,12.6,10.69,10.55,10.41,10.27,10.13,10.02,9.91,9.8,9.68,9.72,9.75,9.78,9.81,9.63,9.46,9.29,9.12,9.11,9.11,9.11,9.11,9.11,9.12,9.12,9.12,9.21,9.29,9.37,9.45,9.37,9.3,9.22,9.14,9.08,9.02,8.96,8.9,8.81,8.72,8.63,8.55,8.72,8.9,9.08,9.26,9.43,9.6,9.77,9.94,10.21,10.47,10.73,10.99,11.3,11.6,11.9,12.2,12.49,12.78,13.07,13.36,13.57,13.78,14.0,14.21,14.43,14.65,14.86,15.08,15.29,15.5,15.72,15.93,15.78,15.63,15.48,15.33,15.48,15.63,15.78,15.93,15.36,14.8,14.24,13.67,13.75,13.83,13.91,14.0,13.4,12.8,12.2,11.6,,
2017-05-19T00:00:00+00:00,9.09,9.04,8.99,8.98,8.97,8.97,8.96,8.98,9.01,9.03,9.06,9.13,9.21,9.28,9.36,9.48,9.61,9.73,9.85,10.05,10.24,10.43,10.63,10.9,11.17,11.44,11.71,12.01,12.3,12.59,12.88,13.01,13.13,13.25,13.37,13.5,13.64,13.78,13.91,14.25,14.59,14.93,15.27,15.46,15.66,15.85,16.05,15.65,15.26,14.87,14.47,14.39,14.31,14.24,14.16,14.14,14.12,14.1,14.09,13.96,13.84,13.71,13.59,13.07,12.55,12.03,11.51,11.43,11.34,11.26,11.18,10.99,10.8,10.61,10.43,10.36,10.29,10.22,10.15,10.0,9.85,9.71,9.56,9.52,9.49,9.46,9.43,9.23,9.03,8.83,8.63,8.64,8.64,8.65,8.66,8.61,8.57,8.53,8.48,8.38,8.28,8.19,8.09,8.05,8.0,7.96,7.92,7.94,7.95,7.97,7.98,8.1,8.21,8.32,8.43,8.74,9.06,9.37,9.68,10.03,10.38,10.73,11.08,11.43,11.77,12.12,12.47,12.7,12.93,13.16,13.39,13.56,13.73,13.89,14.06,14.27,14.47,14.68,14.88,14.82,14.75,14.68,14.62,15.05,15.49,15.93,16.37,15.93,15.49,15.04,14.6,14.64,14.68,14.72,14.76,15.02,15.27,15.53,15.79,15.67,15.55,15.43,15.31,,
2017-05-20T00:00:00+00:00,7.2,7.09,6.98,6.88,6.79,6.69,6.6,6.53,6.46,6.39,6.32,6.34,6.36,6.38,6.4,6.73,7.07,7.4,7.74,8.21,8.68,9.15,9.62,10.08,10.53,10.99,11.44,11.79,12.14,12.49,12.84,13.16,13.48,13.8,14.12,14.33,14.55,14.77,14.98,15.07,15.16,15.25,15.33,15.53,15.72,15.92,16.11,16.29,16.46,16.64,16.81,16.89,16.97,17.05,17.13,17.1,17.08,17.05,17.02,16.79,16.55,16.31,16.07,15.92,15.78,15.63,15.48,15.34,15.19,15.04,14.89,14.56,14.24,13.91,13.58,13.32,13.06,12.79,12.53,12.4,12.27,12.15,12.02,11.84,11.66,11.49,11.31,11.12,10.92,10.73,10.54,10.37,10.19,10.02,9.84,9.78,9.71,9.64,9.58,9.62,9.67,9.72,9.76,9.83,9.89,9.96,10.03,10.09,10.15,10.21,10.28,10.66,11.04,11.43,11.81,12.27,12.73,13.19,13.66,14.15,14.64,15.13,15.62,15.93,16.25,16.56,16.87,17.13,17.4,17.66,17.92,18.18,18.43,18.69,18.94,19.12,19.29,19.47,19.64,19.77,19.9,20.02,20.15,20.29,20.42,20.56,20.69,20.75,20.8,20.85,20.91,20.89,20.87,20.85,20.84,20.77,20.7,20.63,20.56,20.39,20.21,20.03,19.86,,
2017-05-21T00:00:00+00:00,9.82,9.75,9.69,9.48,9.28,9.08,8.88,8.73,8.59,8.44,8.3,8.23,8.15,8.08,8.01,8.47,8.93,9.4,9.86,10.47,11.09,11.71,12.32,12.83,13.35,13.86,14.37,14.89,15.42,15.94,16.47,16.86,17.26,17.65,18.05,18.34,18.63,18.92,19.22,19.44,19.66,19.89,20.11,20.25,20.38,20.52,20.65,20.74,20.82,20.9,20.98,21.01,21.04,21.08,21.11,21.05,20.99,20.93,20.88,20.74,20.61,20.47,20.34,20.14,19.95,19.76,19.57,19.31,19.04,18.78,18.52,18.19,17.86,17.53,17.19,16.92,16.65,16.37,16.1,15.86,15.62,15.38,15.13,14.97,14.8,14.63,14.47,14.31,14.16,14.0,13.85,13.59,13.34,13.08,12.82,12.66,12.49,12.32,12.15,12.03,11.91,11.8,11.68,11.69,11.69,11.7,11.71,11.66,11.61,11.56,11.52,11.92,12.33,12.74,13.14,13.51,13.88,14.24,14.61,15.2,15.78,16.37,16.95,17.48,18.02,18.55,19.08,19.54,20.0,20.46,20.92,21.35,21.78,22.21,22.63,22.84,23.05,23.25,23.46,23.71,23.95,24.2,24.44,24.52,24.59,24.66,24.73,24.76,24.78,24.8,24.82,24.87,24.91,24.96,25.0,24.95,24.89,24.84,24.78,24.53,24.27,24.02,23.77,,
2017-05-22T00:00:00+00:00,12.49,12.34,12.18,12.01,11.83,11.65,11.47,11.31,11.14,10.98,10.81,10.84,10.88,10.91,10.95,11.39,11.84,12.28,12.73,13.22,13.71,14.21,14.7,15.25,15.81,16.36,16.92,17.56,18.21,18.85,19.49,20.04,20.59,21.14,21.68,22.04,22.4,22.76,23.11,23.31,23.5,23.69,23.88,24.02,24.15,24.29,24.43,24.49,24.56,24.63,24.7,24.61,24.53,24.44,24.35,24.38,24.42,24.45,24.49,24.38,24.28,24.18,24.07,23.91,23.75,23.58,23.42,23.17,22.92,22.67,22.43,22.13,21.84,21.55,21.26,20.87,20.48,20.1,19.71,19.43,19.15,18.87,18.59,18.36,18.14,17.91,17.69,17.5,17.3,17.11,16.92,16.75,16.58,16.41,16.24,16.05,15.86,15.66,15.47,15.29,15.11,14.93,14.74,14.52,14.3,14.08,13.86,13.77,13.67,13.57,13.48,13.71,13.93,14.16,14.39,14.64,14.89,15.14,15.39,15.69,15.99,16.29,16.58,17.04,17.5,17.96,18.42,18.84,19.26,19.69,20.11,20.48,20.85,21.22,21.59,21.85,22.12,22.39,22.66,22.82,22.98,23.14,23.3,23.32,23.35,23.37,23.4,23.41,23.42,23.43,23.44,23.41,23.37,23.34,23.3,23.19,23.07,22.95,22.84,22.58,22.32,22.07,21.81,,
2017-05-23T00:00:00+00:00,14.96,14.65,14.35,14.26,14.17,14.08,13.99,13.86,13.72,13.58,13.45,13.41,13.36,13.32,13.28,13.52,13.76,13.99,14.23,14.31,14.38,14.45,14.53,14.87,15.21,15.55,15.89,16.4,16.9,17.4,17.9,18.34,18.78,19.22,19.66,19.92,20.18,20.45,20.71,20.98,21.24,21.51,21.77,21.94,22.11,22.28,22.45,22.56,22.67,22.78,22.88,22.94,22.99,23.05,23.1,23.08,23.06,23.03,23.01,22.92,22.83,22.73,22.64,22.44,22.23,22.03,21.83,21.5,21.16,20.83,20.5,20.15,19.81,19.46,19.11,18.87,18.63,18.39,18.16,17.8,17.45,17.09,16.73,16.54,16.34,16.14,15.95,15.76,15.57,15.39,15.2,15.03,14.87,14.7,14.53,14.35,14.17,13.99,13.81,13.65,13.49,13.33,13.17,13.03,12.9,12.76,12.62,12.64,12.66,12.68,12.69,13.13,13.56,13.99,14.43,14.94,15.45,15.96,16.47,16.98,17.5,18.01,18.52,18.97,19.42,19.87,20.32,20.7,21.08,21.46,21.83,22.2,22.56,22.93,23.29,23.6,23.92,24.24,24.55,24.75,24.95,25.15,25.35,25.44,25.53,25.62,25.71,25.66,25.62,25.57,25.53,25.44,25.34,25.25,25.16,25.05,24.95,24.85,24.75,24.49,24.24,23.99,23.74,,
2017-05-24T00:00:00+00:00,14.23,14.15,14.07,13.97,13.87,13.77,13.67,13.56,13.45,13.34,13.23,13.27,13.31,13.35,13.38,13.48,13.58,13.68,13.77,14.09,14.4,14.71,15.02,15.49,15.96,16.43,16.9,17.33,17.76,18.2,18.63,19.06,19.5,19.93,20.36,20.7,21.04,21.38,21.71,21.96,22.21,22.46,22.71,22.9,23.1,23.29,23.49,23.63,23.77,23.9,24.04,24.11,24.17,24.24,24.31,24.28,24.25,24.22,24.19,24.14,24.08,24.03,23.98,23.77,23.56,23.36,23.15,22.83,22.51,22.19,21.87,21.58,21.28,20.99,20.7,20.47,20.24,20.01,19.77,19.48,19.19,18.89,18.6,18.48,18.37,18.25,18.14,18.02,17.9,17.78,17.66,17.56,17.46,17.35,17.25,17.13,17.01,16.89,16.76,16.6,16.44,16.27,16.11,15.98,15.85,15.72,15.58,15.6,15.62,15.63,15.65,15.94,16.22,16.51,16.8,17.13,17.47,17.8,18.13,18.58,19.02,19.47,19.91,20.3,20.69,21.07,21.46,21.82,22.18,22.54,22.9,23.26,23.62,23.97,24.33,24.57,24.81,25.06,25.3,25.49,25.69,25.88,26.08,26.21,26.34,26.47,26.61,26.66,26.71,26.76,26.82,26.75,26.69,26.62,26.56,26.46,26.36,26.26,26.15,25.94,25.72,25.51,25.29,,
2017-05-25T00:00:00+00:00,16.39,16.31,16.23,16.11,15.99,15.87,15.75,15.59,15.43,15.27,15.11,15.09,15.07,15.04,15.02,15.36,15.69,16.03,16.37,16.74,17.12,17.5,17.87,18.22,18.56,18.9,19.25,19.66,20.07,20.48,20.89,21.3,21.71,22.12,22.53,22.9,23.27,23.64,24.0,24.33,24.65,24.97,25.3,25.48,25.66,25.84,26.02,26.15,26.28,26.41,26.54,26.6,26.66,26.72,26.78,26.75,26.73,26.7,26.68,26.53,26.39,26.24,26.09,25.82,25.55,25.28,25.0,24.71,24.41,24.11,23.81,23.45,23.09,22.73,22.37,22.17,21.98,21.78,21.58,21.47,21.37,21.26,21.16,20.97,20.78,20.6,20.41,20.18,19.96,19.73,19.5,19.29,19.07,18.86,18.64,18.46,18.28,18.1,17.92,17.79,17.65,17.51,17.38,17.24,17.1,16.96,16.82,16.81,16.8,16.78,16.77,16.95,17.14,17.32,17.51,17.83,18.15,18.48,18.8,19.18,19.55,19.93,20.31,20.76,21.21,21.65,22.1,22.44,22.79,23.13,23.48,23.8,24.12,24.44,24.76,25.06,25.35,25.64,25.94,26.12,26.31,26.49,26.67,26.79,26.9,27.01,27.12,27.2,27.28,27.36,27.44,27.44,27.44,27.43,27.43,27.35,27.26,27.18,27.09,26.94,26.79,26.63,26.48,,
2017-05-26T00:00:00+00:00,16.65,16.45,16.24,16.11,15.98,15.84,15.71,15.7,15.7,15.69,15.68,15.67,15.66,15.65,15.64,15.95,16.25,16.56,16.87,17.27,17.67,18.07,18.47,18.89,19.32,19.74,20.16,20.64,21.12,21.61,22.09,22.49,22.9,23.3,23.7,24.01,24.31,24.62,24.93,25.21,25.5,25.78,26.07,26.27,26.47,26.68,26.88,26.97,27.06,27.15,27.24,27.33,27.41,27.5,27.58,27.58,27.59,27.59,27.59,27.52,27.45,27.38,27.3,27.15,27.01,26.86,26.71,26.43,26.16,25.88,25.61,25.26,24.9,24.55,24.2,23.9,23.6,23.3,23.0,22.7,22.4,22.1,21.8,21.52,21.23,20.94,20.65,20.4,20.14,19.89,19.64,19.42,19.21,19.0,18.79,18.59,18.39,18.19,17.99,17.87,17.75,17.62,17.5,17.4,17.29,17.19,17.09,17.16,17.23,17.3,17.37,17.78,18.19,18.6,19.01,19.52,20.03,20.53,21.04,21.32,21.6,21.88,22.17,22.87,23.57,24.27,24.97,25.46,25.95,26.44,26.92,27.19,27.45,27.71,27.97,28.19,28.41,28.63,28.85,28.98,29.1,29.22,29.35,29.35,29.35,29.35,29.35,29.34,29.33,29.32,29.31,29.32,29.33,29.33,29.34,29.33,29.31,29.3,29.28,29.14,28.99,28.84,28.69,,
2017-05-27T00:00:00+00:00,17.17,16.9,16.63,16.44,16.24,16.05,15.85,15.78,15.71,15.63,15.56,15.66,15.77,15.87,15.97,16.46,16.95,17.44,17.93,18.54,19.15,19.76,20.37,20.87,21.37,21.88,22.38,22.84,23.3,23.76,24.21,24.7,25.19,25.67,26.16,26.55,26.95,27.35,27.75,27.81,27.87,27.94,28.0,28.12,28.24,28.36,28.48,28.51,28.53,28.55,28.57,28.71,28.84,28.97,29.11,29.03,28.96,28.88,28.81,28.7,28.59,28.49,28.38,28.22,28.07,27.92,27.76,27.54,27.32,27.09,26.87,26.49,26.1,25.72,25.34,24.98,24.61,24.25,23.89,23.84,23.78,23.73,23.68,23.57,23.45,23.34,23.23,22.7,22.17,21.64,21.11,20.89,20.68,20.47,20.25,20.13,20.01,19.89,19.77,19.76,19.74,19.73,19.71,19.61,19.51,19.41,19.31,19.4,19.48,19.57,19.66,20.0,20.34,20.68,21.02,21.34,21.66,21.98,22.3,22.22,22.15,22.07,22.0,22.21,22.41,22.62,22.83,23.52,24.22,24.91,25.6,25.92,26.25,26.57,26.89,27.59,28.29,28.99,29.69,29.97,30.24,30.52,30.79,31.01,31.23,31.45,31.67,31.87,32.06,32.26,32.45,32.32,32.18,32.04,31.91,31.89,31.87,31.86,31.84,31.78,31.72,31.65,31.59,,
2017-05-28T00:00:00+00:00,18.75,18.67,18.58,18.56,18.54,18.52,18.5,18.44,18.37,18.31,18.25,18.34,18.44,18.53,18.63,18.94,19.25,19.55,19.86,20.26,20.65,21.04,21.44,21.9,22.37,22.84,23.3,23.83,24.35,24.88,25.4,25.88,26.35,26.82,27.3,27.71,28.12,28.54,28.95,29.28,29.62,29.96,30.29,30.56,30.82,31.08,31.34,31.49,31.63,31.78,31.93,31.95,31.97,31.99,32.0,31.99,31.98,31.97,31.96,31.85,31.75,31.64,31.54,31.37,31.2,31.04,30.87,30.61,30.35,30.1,29.84,29.5,29.15,28.81,28.47,28.16,27.85,27.54,27.23,26.93,26.63,26.32,26.02,25.81,25.6,25.39,25.17,24.96,24.75,24.54,24.32,24.31,24.29,24.28,24.26,24.01,23.75,23.5,23.25,23.06,22.87,22.67,22.48,22.37,22.25,22.14,22.02,21.96,21.9,21.84,21.78,21.87,21.96,22.05,22.14,22.45,22.77,23.09,23.4,23.79,24.17,24.55,24.94,25.09,25.24,25.39,25.55,25.75,25.96,26.17,26.37,26.46,26.54,26.62,26.7,26.8,26.89,26.99,27.08,27.16,27.24,27.32,27.39,27.53,27.67,27.81,27.95,27.92,27.9,27.87,27.84,27.73,27.62,27.51,27.39,27.17,26.95,26.72,26.5,26.07,25.65,25.22,24.8,,
2017-05-29T00:00:00+00:00,21.02,21.05,21.07,20.89,20.72,20.54,20.36,20.15,19.93,19.71,19.5,19.61,19.72,19.84,19.95,20.31,20.68,21.04,21.41,21.72,22.03,22.35,22.66,23.14,23.62,24.09,24.57,25.04,25.52,25.99,26.46,26.44,26.43,26.42,26.4,26.41,26.42,26.43,26.44,26.22,26.0,25.77,25.55,25.73,25.92,26.1,26.28,26.45,26.62,26.8,26.97,26.99,27.01,27.03,27.05,26.92,26.79,26.67,26.54,26.51,26.48,26.44,26.41,26.28,26.16,26.03,25.91,24.89,23.86,22.84,21.82,21.74,21.67,21.59,21.51,21.49,21.47,21.45,21.43,21.17,20.9,20.64,20.38,20.37,20.36,20.35,20.34,20.26,20.18,20.1,20.02,19.91,19.81,19.7,19.59,19.48,19.37,19.26,19.14,18.93,18.72,18.51,18.29,18.27,18.24,18.22,18.19,18.16,18.13,18.09,18.06,17.9,17.73,17.57,17.4,17.15,16.91,16.66,16.41,16.57,16.72,16.88,17.04,17.2,17.37,17.53,17.69,18.06,18.43,18.8,19.17,19.42,19.68,19.94,20.2,20.25,20.31,20.36,20.42,20.43,20.43,20.44,20.45,20.56,20.67,20.77,20.88,20.94,20.99,21.05,21.1,21.19,21.28,21.38,21.47,21.44,21.42,21.39,21.36,21.17,20.97,20.77,20.58,,
2017-05-30T00:00:00+00:00,18.39,18.26,18.13,17.97,17.81,17.64,17.48,17.36,17.25,17.14,17.02,17.03,17.04,17.05,17.05,17.04,17.02,17.0,16.98,17.06,17.14,17.22,17.29,17.48,17.67,17.85,18.04,18.37,18.71,19.04,19.37,19.69,20.02,20.34,20.66,20.84,21.03,21.21,21.39,21.65,21.91,22.17,22.43,22.58,22.74,22.89,23.04,23.11,23.18,23.24,23.31,23.33,23.36,23.38,23.41,23.36,23.32,23.27,23.23,23.01,22.79,22.56,22.34,22.15,21.96,21.77,21.57,21.19,20.81,20.42,20.04,19.72,19.4,19.08,18.75,18.49,18.22,17.95,17.68,17.46,17.23,17.0,16.77,16.56,16.35,16.14,15.94,15.76,15.59,15.42,15.25,15.11,14.97,14.83,14.69,14.48,14.28,14.07,13.87,13.71,13.55,13.39,13.23,13.12,13.01,12.9,12.79,12.87,12.95,13.03,13.11,13.43,13.76,14.08,14.41,14.74,15.07,15.41,15.74,15.98,16.21,16.45,16.69,17.03,17.38,17.72,18.06,18.5,18.93,19.37,19.8,20.18,20.56,20.94,21.32,21.6,21.87,22.15,22.42,22.65,22.87,23.09,23.32,23.48,23.65,23.81,23.97,24.04,24.1,24.17,24.23,24.16,24.1,24.03,23.96,23.81,23.66,23.5,23.35,23.22,23.1,22.97,22.84,,
2017-05-31T00:00:00+00:00,12.58,12.42,12.25,12.13,12.01,11.89,11.77,11.71,11.66,11.6,11.55,11.69,11.83,11.97,12.11,12.65,13.2,13.74,14.28,14.67,15.06,15.44,15.83,16.19,16.55,16.92,17.28,17.68,18.08,18.48,18.88,19.23,19.59,19.94,20.3,20.59,20.88,21.17,21.46,21.73,21.99,22.26,22.53,22.75,22.97,23.2,23.42,23.49,23.55,23.62,23.69,23.85,24.02,24.18,24.35,24.32,24.28,24.25,24.22,24.02,23.82,23.63,23.43,23.18,22.93,22.68,22.43,22.23,22.02,21.82,21.62,21.35,21.09,20.82,20.56,20.33,20.1,19.87,19.64,19.44,19.23,19.03,18.82,18.63,18.44,18.24,18.05,17.92,17.8,17.68,17.55,17.4,17.24,17.09,16.93,16.84,16.74,16.64,16.54,16.44,16.34,16.24,16.14,16.02,15.9,15.78,15.66,15.69,15.71,15.73,15.76,16.16,16.57,16.98,17.39,17.87,18.35,18.83,19.31,19.82,20.34,20.85,21.36,21.88,22.39,22.9,23.41,23.75,24.1,24.44,24.78,25.07,25.36,25.64,25.93,26.21,26.49,26.78,27.06,27.2,27.34,27.49,27.63,27.67,27.71,27.75,27.79,27.84,27.89,27.94,27.99,28.02,28.05,28.08,28.11,28.01,27.91,27.82,27.72,27.3,26.88,26.47,26.05,,
2017-06-01T00:00:00+00:00,15.14,14.95,14.77,14.75,14.72,14.7,14.68,14.55,14.41,14.28,14.15,14.22,14.29,14.36,14.43,14.98,15.52,16.07,16.62,17.08,17.54,18.0,18.46,18.99,19.52,20.05,20.58,21.02,21.46,21.9,22.34,22.7,23.06,23.41,23.77,24.07,24.36,24.66,24.95,25.21,25.47,25.72,25.98,26.13,26.29,26.45,26.61,26.71,26.81,26.91,27.01,27.07,27.13,27.2,27.26,27.0,26.75,26.49,26.24,26.31,26.37,26.44,26.51,26.22,25.94,25.66,25.38,25.03,24.68,24.33,23.98,23.67,23.37,23.06,22.76,22.55,22.33,22.12,21.91,21.72,21.53,21.33,21.14,21.05,20.95,20.85,20.75,20.66,20.57,20.48,20.39,20.26,20.13,19.99,19.86,19.9,19.94,19.98,20.01,19.95,19.9,19.84,19.78,19.62,19.46,19.3,19.14,19.14,19.14,19.13,19.13,19.43,19.73,20.03,20.33,20.41,20.49,20.57,20.65,21.23,21.81,22.38,22.96,23.48,24.01,24.53,25.05,25.19,25.33,25.47,25.61,25.94,26.26,26.59,26.92,27.02,27.12,27.23,27.33,26.14,24.96,23.77,22.59,22.91,23.23,23.55,23.87,24.5,25.13,25.76,26.39,26.26,26.12,25.99,25.85,25.77,25.7,25.62,25.54,24.36,23.18,22.0,20.82,,
2017-06-02T00:00:00+00:00,17.96,17.74,17.53,17.41,17.3,17.18,17.06,17.0,16.93,16.86,16.79,16.93,17.07,17.21,17.35,17.88,18.41,18.94,19.47,19.88,20.28,20.68,21.09,21.46,21.84,22.21,22.59,22.97,23.36,23.74,24.13,24.55,24.98,25.4,25.83,25.98,26.13,26.28,26.43,26.06,25.68,25.31,24.94,25.48,26.03,26.58,27.12,27.24,27.37,27.49,27.61,26.8,25.98,25.17,24.36,23.66,22.97,22.27,21.58,21.8,22.01,22.23,22.44,22.56,22.68,22.8,22.92,22.71,22.5,22.29,22.08,21.83,21.58,21.34,21.09,20.89,20.68,20.48,20.27,20.26,20.24,20.23,20.21,19.98,19.75,19.52,19.29,19.09,18.9,18.71,18.51,18.32,18.12,17.92,17.72,17.61,17.49,17.37,17.25,17.17,17.08,16.99,16.9,16.84,16.78,16.71,16.65,16.72,16.79,16.86,16.93,17.07,17.21,17.35,17.48,17.54,17.6,17.65,17.71,17.88,18.05,18.22,18.39,18.22,18.05,17.87,17.7,17.68,17.66,17.63,17.61,17.87,18.13,18.39,18.65,18.82,18.98,19.15,19.32,18.99,18.66,18.34,18.01,18.04,18.07,18.09,18.12,18.17,18.23,18.28,18.34,18.23,18.13,18.02,17.92,18.0,18.07,18.15,18.23,17.95,17.67,17.39,17.11,,
2017-06-03T00:00:00+00:00,16.87,16.81,16.75,16.66,16.57,16.48,16.39,16.16,15.93,15.7,15.47,15.54,15.6,15.67,15.74,15.94,16.14,16.34,16.54,16.94,17.34,17.74,18.14,17.99,17.84,17.7,17.55,17.32,17.08,16.84,16.6,16.66,16.71,16.76,16.81,16.88,16.95,17.02,17.08,17.21,17.34,17.47,17.6,17.83,18.06,18.3,18.53,18.59,18.65,18.71,18.78,18.8,18.83,18.86,18.89,18.8,18.72,18.64,18.56,17.58,16.6,15.61,14.63,14.51,14.38,14.26,14.13,14.01,13.89,13.77,13.64,13.48,13.31,13.14,12.97,12.95,12.94,12.92,12.9,12.68,12.46,12.23,12.01,11.79,11.57,11.35,11.13,10.98,10.84,10.69,10.55,10.43,10.31,10.19,10.07,9.98,9.89,9.8,9.71,9.64,9.57,9.51,9.44,9.38,9.32,9.26,9.2,9.32,9.44,9.57,9.69,10.06,10.43,10.81,11.18,11.51,11.83,12.16,12.49,12.67,12.86,13.05,13.24,13.65,14.06,14.46,14.87,15.18,15.5,15.81,16.12,16.36,16.61,16.85,17.1,17.35,17.61,17.86,18.11,18.3,18.48,18.66,18.85,18.96,19.07,19.19,19.3,19.35,19.39,19.44,19.48,19.46,19.43,19.41,19.38,19.29,19.21,19.12,19.04,18.81,18.59,18.37,18.15,,
2017-06-04T00:00:00+00:00,8.73,8.6,8.48,8.43,8.39,8.34,8.3,8.26,8.21,8.17,8.13,8.36,8.6,8.84,9.07,9.32,9.57,9.82,10.07,10.53,11.0,11.47,11.93,12.34,12.75,13.16,13.57,13.85,14.13,14.41,14.69,15.01,15.32,15.64,15.96,16.27,16.58,16.89,17.2,17.41,17.63,17.84,18.06,18.17,18.27,18.38,18.49,18.59,18.69,18.79,18.89,18.96,19.03,19.1,19.17,19.18,19.18,19.19,19.19,19.13,19.06,19.0,18.94,18.78,18.63,18.48,18.33,18.1,17.88,17.65,17.43,17.19,16.95,16.71,16.46,16.28,16.09,15.91,15.72,15.56,15.4,15.24,15.08,14.98,14.89,14.79,14.69,14.57,14.45,14.32,14.2,14.14,14.07,14.01,13.95,13.99,14.03,14.07,14.11,13.89,13.67,13.45,13.23,13.11,12.98,12.86,12.74,12.52,12.31,12.1,11.89,12.46,13.04,13.62,14.2,14.69,15.19,15.68,16.17,16.52,16.87,17.22,17.57,17.91,18.24,18.58,18.91,19.16,19.42,19.67,19.92,20.12,20.32,20.52,20.72,20.89,21.07,21.24,21.42,21.54,21.67,21.79,21.91,21.99,22.07,22.14,22.22,22.23,22.25,22.26,22.28,22.25,22.23,22.21,22.19,22.13,22.07,22.01,21.94,21.77,21.6,21.43,21.27,,
2017-06-05T00:00:00+00:00,13.01,12.94,12.86,12.81,12.77,12.72,12.68,12.51,12.34,12.18,12.01,11.74,11.48,11.21,10.94,11.51,12.09,12.66,13.23,13.85,14.47,15.09,15.7,16.04,16.38,16.71,17.05,17.46,17.86,18.27,18.67,18.93,19.19,19.46,19.72,19.87,20.01,20.16,20.31,20.47,20.62,20.78,20.93,21.0,21.07,21.13,21.2,21.26,21.33,21.39,21.45,21.48,21.51,21.53,21.56,21.54,21.51,21.49,21.47,21.36,21.26,21.15,21.05,20.87,20.7,20.53,20.35,20.12,19.89,19.66,19.42,19.14,18.85,18.56,18.27,18.13,18.0,17.86,17.72,17.62,17.52,17.42,17.32,16.97,16.61,16.26,15.91,15.8,15.7,15.59,15.48,15.34,15.19,15.04,14.89,14.66,14.44,14.21,13.99,13.89,13.8,13.71,13.62,13.56,13.5,13.44,13.39,13.39,13.39,13.39,13.39,13.11,12.84,12.56,12.28,12.42,12.56,12.71,12.85,13.0,13.14,13.28,13.43,13.66,13.89,14.13,14.36,14.64,14.91,15.19,15.47,15.44,15.42,15.4,15.37,15.57,15.76,15.96,16.16,16.49,16.82,17.16,17.49,16.69,15.89,15.09,14.29,14.06,13.84,13.62,13.4,13.64,13.87,14.11,14.35,14.43,14.51,14.58,14.66,14.46,14.27,14.07,13.87,,
2017-06-06T00:00:00+00:00,13.74,13.75,13.77,13.77,13.77,13.77,13.77,13.73,13.68,13.63,13.59,13.15,12.71,12.27,11.83,11.76,11.7,11.64,11.57,11.6,11.63,11.67,11.7,11.9,12.11,12.32,12.52,12.69,12.85,13.02,13.18,13.38,13.58,13.78,13.97,14.23,14.49,14.75,15.01,14.41,13.81,13.22,12.62,13.06,13.51,13.95,14.4,14.59,14.78,14.97,15.16,15.32,15.47,15.63,15.79,15.74,15.69,15.64,15.59,15.31,15.02,14.74,14.45,14.06,13.68,13.29,12.9,12.95,12.99,13.03,13.07,12.92,12.77,12.61,12.46,12.35,12.24,12.13,12.02,11.92,11.83,11.73,11.64,11.5,11.36,11.21,11.07,10.94,10.8,10.66,10.53,10.48,10.43,10.39,10.34,10.28,10.22,10.16,10.1,9.93,9.77,9.6,9.44,9.37,9.3,9.23,9.16,9.24,9.32,9.4,9.48,9.74,10.0,10.26,10.52,10.76,11.01,11.25,11.5,11.83,12.17,12.5,12.84,13.16,13.49,13.81,14.13,14.41,14.69,14.97,15.25,15.56,15.87,16.18,16.5,16.76,17.03,17.29,17.56,17.7,17.84,17.98,18.13,18.29,18.45,18.62,18.78,18.86,18.94,19.01,19.09,19.13,19.18,19.22,19.27,19.22,19.17,19.12,19.07,18.97,18.86,18.75,18.64,,
2017-06-07T00:00:00+00:00,9.88,9.86,9.85,9.8,9.74,9.69,9.64,9.55,9.47,9.39,9.31,9.32,9.33,9.34,9.35,9.6,9.86,10.11,10.36,10.68,11.0,11.32,11.63,11.8,11.96,12.12,12.28,12.67,13.06,13.45,13.83,14.04,14.25,14.46,14.67,15.01,15.36,15.7,16.04,16.36,16.68,17.0,17.32,17.57,17.82,18.07,18.32,18.38,18.44,18.5,18.56,18.55,18.54,18.52,18.51,18.59,18.67,18.75,18.83,18.8,18.76,18.72,18.69,18.6,18.52,18.44,18.35,18.14,17.93,17.72,17.51,17.16,16.81,16.47,16.12,15.87,15.63,15.39,15.14,14.98,14.82,14.66,14.49,14.3,14.1,13.91,13.71,13.6,13.48,13.37,13.25,13.16,13.06,12.97,12.88,12.71,12.55,12.38,12.21,12.08,11.94,11.81,11.67,11.44,11.21,10.98,10.75,10.88,11.0,11.12,11.25,11.87,12.49,13.12,13.74,14.13,14.51,14.89,15.28,15.88,16.48,17.08,17.68,18.13,18.59,19.05,19.51,19.89,20.28,20.67,21.05,21.45,21.84,22.23,22.63,22.93,23.24,23.54,23.85,24.08,24.32,24.56,24.79,25.03,25.27,25.52,25.76,25.92,26.09,26.25,26.41,26.43,26.44,26.46,26.47,26.46,26.45,26.45,26.44,26.33,26.22,26.12,26.01,,
2017-06-09T00:00:00+00:00,16.34,16.42,16.5,16.41,16.33,16.24,16.15,16.04,15.94,15.83,15.72,15.72,15.71,15.71,15.71,15.87,16.02,16.18,16.34,16.33,16.33,16.33,16.33,16.48,16.63,16.78,16.93,17.12,17.31,17.5,17.68,17.93,18.17,18.41,18.65,18.93,19.21,19.48,19.76,19.92,20.09,20.25,20.42,20.5,20.58,20.66,20.75,20.78,20.82,20.86,20.89,21.0,21.1,21.2,21.31,21.32,21.33,21.34,21.36,21.33,21.3,21.27,21.24,21.11,20.98,20.85,20.73,20.47,20.21,19.96,19.7,19.31,18.92,18.53,18.13,17.9,17.66,17.42,17.19,17.03,16.88,16.73,16.58,16.41,16.24,16.07,15.9,15.77,15.65,15.53,15.4,15.27,15.15,15.02,14.89,14.78,14.67,14.57,14.46,14.31,14.17,14.02,13.88,13.78,13.68,13.58,13.48,13.58,13.68,13.78,13.88,14.39,14.9,15.41,15.92,16.32,16.72,17.12,17.53,18.04,18.56,19.08,19.6,20.05,20.51,20.97,21.43,21.81,22.19,22.58,22.96,23.25,23.54,23.83,24.12,24.3,24.48,24.66,24.84,25.01,25.17,25.33,25.5,25.61,25.72,25.82,25.93,26.0,26.06,26.13,26.19,26.2,26.21,26.22,26.23,26.17,26.11,26.06,26.0,25.84,25.69,25.53,25.37,,
2017-06-10T00:00:00+00:00,15.4,15.26,15.13,15.06,15.0,14.94,14.88,14.76,14.64,14.51,14.39,14.39,14.39,14.39,14.38,14.91,15.44,15.97,16.49,16.96,17.43,17.89,18.36,18.93,19.51,20.08,20.66,20.97,21.28,21.58,21.89,22.12,22.34,22.57,22.79,23.02,23.25,23.48,23.7,23.91,24.13,24.34,24.55,24.72,24.9,25.07,25.24,25.35,25.45,25.55,25.65,25.69,25.73,25.77,25.81,25.83,25.84,25.86,25.88,25.83,25.78,25.73,25.68,25.5,25.32,25.14,24.97,24.71,24.45,24.2,23.94,23.62,23.3,22.98,22.66,22.39,22.12,21.85,21.58,21.34,21.09,20.84,20.59,20.42,20.24,20.06,19.88,19.77,19.66,19.55,19.44,19.35,19.25,19.16,19.06,18.89,18.72,18.55,18.38,18.33,18.29,18.25,18.2,18.08,17.95,17.82,17.69,17.79,17.89,17.99,18.09,18.72,19.35,19.98,20.61,21.19,21.77,22.35,22.93,23.24,23.55,23.85,24.16,24.54,24.91,25.29,25.67,25.98,26.3,26.62,26.94,27.19,27.44,27.7,27.95,28.16,28.37,28.58,28.78,28.92,29.05,29.19,29.32,29.33,29.34,29.35,29.36,29.43,29.49,29.56,29.62,29.61,29.59,29.58,29.56,29.4,29.24,29.07,28.91,28.69,28.48,28.26,28.05,,
2017-06-11T00:00:00+00:00,16.97,16.82,16.68,16.69,16.69,16.7,16.7,16.58,16.45,16.32,16.19,16.34,16.49,16.64,16.79,17.24,17.69,18.14,18.59,19.07,19.55,20.03,20.51,21.1,21.68,22.27,22.85,23.18,23.51,23.85,24.18,24.51,24.85,25.19,25.53,25.84,26.15,26.46,26.77,26.99,27.21,27.43,27.65,27.82,27.99,28.16,28.34,28.42,28.51,28.6,28.69,28.71,28.73,28.75,28.78,28.73,28.69,28.65,28.61,28.47,28.34,28.2,28.07,27.82,27.58,27.33,27.09,26.7,26.31,25.93,25.54,24.73,23.92,23.11,22.3,21.41,20.51,19.61,18.71,18.46,18.2,17.95,17.69,17.59,17.5,17.41,17.31,17.16,17.01,16.87,16.72,16.4,16.09,15.78,15.46,15.22,14.98,14.73,14.49,14.2,13.91,13.62,13.32,13.04,12.76,12.48,12.2,12.25,12.31,12.36,12.42,12.69,12.96,13.22,13.49,13.78,14.07,14.36,14.65,14.86,15.07,15.29,15.5,15.79,16.08,16.37,16.66,17.01,17.36,17.71,18.05,18.41,18.76,19.11,19.46,19.74,20.03,20.32,20.6,20.83,21.05,21.27,21.49,21.63,21.78,21.93,22.07,22.16,22.25,22.33,22.42,22.44,22.46,22.48,22.5,22.41,22.32,22.23,22.14,21.95,21.77,21.58,21.4,,
2017-06-12T00:00:00+00:00,15.6,15.42,15.24,15.03,14.82,14.61,14.4,14.12,13.85,13.57,13.3,13.22,13.15,13.08,13.01,13.18,13.35,13.53,13.7,13.93,14.16,14.39,14.62,14.79,14.96,15.13,15.3,15.59,15.89,16.18,16.48,16.79,17.09,17.4,17.71,17.99,18.27,18.55,18.83,19.09,19.35,19.61,19.86,20.08,20.29,20.5,20.71,20.87,21.02,21.18,21.34,21.42,21.51,21.59,21.68,21.68,21.68,21.68,21.68,21.62,21.56,21.5,21.44,21.26,21.07,20.88,20.7,20.4,20.09,19.79,19.48,19.09,18.69,18.3,17.9,17.62,17.34,17.06,16.78,16.55,16.32,16.09,15.86,15.64,15.42,15.2,14.98,14.78,14.59,14.39,14.19,14.01,13.83,13.65,13.46,13.28,13.1,12.92,12.74,12.54,12.35,12.15,11.96,11.79,11.62,11.46,11.29,11.35,11.41,11.47,11.53,12.02,12.52,13.01,13.51,13.96,14.41,14.86,15.31,15.78,16.26,16.73,17.21,17.6,17.99,18.39,18.78,19.18,19.59,20.0,20.4,20.8,21.21,21.61,22.01,22.36,22.72,23.07,23.42,23.78,24.13,24.48,24.84,25.04,25.24,25.45,25.65,25.69,25.73,25.77,25.81,25.75,25.68,25.62,25.56,25.41,25.26,25.12,24.97,24.71,24.44,24.18,23.92,,
2017-06-13T00:00:00+00:00
2017-06-14T00:00:00+00:00
2017-06-15T00:00:00+00:00
2017-06-16T00:00:00+00:00,13.74,13.47,13.21,13.04,12.87,12.71,12.54,12.37,12.2,12.04,11.87,11.9,11.94,11.97,12.01,12.28,12.56,12.83,13.11,13.45,13.8,14.14,14.49,14.85,15.22,15.58,15.95,16.15,16.35,16.55,16.75,17.22,17.7,18.18,18.66,19.04,19.42,19.81,20.19,20.53,20.88,21.22,21.57,21.79,22.01,22.22,22.44,22.61,22.77,22.93,23.1,23.18,23.26,23.34,23.43,23.44,23.46,23.48,23.49,23.42,23.35,23.28,23.2,22.99,22.77,22.56,22.34,22.01,21.68,21.35,21.02,20.64,20.27,19.89,19.52,19.24,18.97,18.7,18.42,18.17,17.93,17.68,17.43,17.23,17.02,16.82,16.61,16.43,16.25,16.07,15.89,15.69,15.49,15.29,15.09,14.91,14.73,14.55,14.37,14.24,14.11,13.97,13.84,13.67,13.5,13.33,13.15,13.27,13.38,13.49,13.61,14.15,14.69,15.24,15.78,16.39,17.0,17.61,18.22,18.65,19.08,19.51,19.94,20.37,20.8,21.24,21.67,22.03,22.38,22.74,23.1,23.48,23.85,24.23,24.61,24.96,25.31,25.66,26.02,26.26,26.5,26.74,26.98,27.13,27.28,27.43,27.58,27.64,27.71,27.77,27.84,27.84,27.85,27.85,27.85,27.73,27.62,27.5,27.39,27.16,26.94,26.71,26.48,,
2017-06-17T00:00:00+00:00,13.49,13.37,13.25,13.18,13.11,13.04,12.97,12.82,12.67,12.51,12.36,12.47,12.58,12.69,12.8,13.33,13.86,14.39,14.92,15.45,15.99,16.52,17.05,17.52,17.99,18.46,18.93,19.37,19.81,20.25,20.69,21.11,21.53,21.95,22.37,22.72,23.07,23.42,23.77,24.1,24.44,24.77,25.1,25.41,25.72,26.02,26.33,26.51,26.69,26.87,27.05,27.26,27.47,27.69,27.9,27.78,27.66,27.55,27.43,27.35,27.26,27.18,27.09,26.87,26.65,26.43,26.21,25.95,25.69,25.43,25.17,24.82,24.47,24.13,23.78,23.55,23.33,23.1,22.87,22.71,22.55,22.39,22.23,22.16,22.09,22.02,21.95,21.81,21.67,21.53,21.39,21.22,21.05,20.88,20.72,20.55,20.39,20.22,20.06,19.88,19.7,19.52,19.35,19.18,19.02,18.86,18.69,18.77,18.84,18.91,18.98,19.42,19.85,20.28,20.72,21.09,21.47,21.85,22.22,22.52,22.82,23.11,23.41,23.78,24.16,24.54,24.92,25.22,25.53,25.83,26.13,26.51,26.88,27.25,27.62,27.98,28.33,28.69,29.04,29.3,29.55,29.81,30.06,30.21,30.36,30.51,30.66,30.76,30.86,30.96,31.05,31.02,31.0,30.97,30.94,30.83,30.71,30.59,30.48,30.27,30.06,29.85,29.64,,
2017-06-18T00:00:00+00:00,18.74,18.57,18.4,18.24,18.08,17.92,17.75,17.59,17.43,17.26,17.1,17.2,17.3,17.4,17.5,17.89,18.28,18.66,19.05,19.48,19.91,20.34,20.77,21.19,21.62,22.04,22.47,22.88,23.29,23.7,24.12,24.49,24.87,25.25,25.63,26.01,26.4,26.78,27.17,27.49,27.8,28.12,28.44,28.65,28.87,29.08,29.29,29.43,29.57,29.71,29.85,29.96,30.06,30.17,30.27,30.29,30.3,30.31,30.33,30.25,30.17,30.08,30.0,29.81,29.61,29.41,29.21,28.93,28.65,28.37,28.09,27.72,27.36,27.0,26.63,26.42,26.2,25.98,25.77,25.55,25.34,25.12,24.91,24.72,24.53,24.34,24.15,23.84,23.52,23.2,22.89,22.63,22.37,22.12,21.86,21.66,21.45,21.25,21.04,20.87,20.7,20.52,20.35,20.13,19.92,19.71,19.5,19.47,19.44,19.41,19.38,19.82,20.26,20.7,21.14,21.58,22.03,22.47,22.92,23.39,23.86,24.33,24.81,25.31,25.82,26.32,26.83,27.29,27.75,28.21,28.67,28.97,29.27,29.58,29.88,30.16,30.44,30.72,31.01,31.27,31.52,31.78,32.04,32.25,32.45,32.66,32.86,32.96,33.06,33.16,33.26,33.27,33.28,33.29,33.31,33.27,33.23,33.19,33.15,32.82,32.5,32.17,31.84,,
2017-06-19T00:00:00+00:00,19.46,19.25,19.05,18.84,18.63,18.43,18.22,18.05,17.88,17.71,17.54,17.62,17.7,17.78,17.86,18.24,18.63,19.01,19.39,19.72,20.04,20.37,20.69,21.18,21.67,22.16,22.65,23.2,23.74,24.29,24.84,25.37,25.89,26.42,26.95,27.31,27.68,28.04,28.4,28.75,29.1,29.44,29.79,30.02,30.25,30.47,30.7,30.9,31.1,31.29,31.49,31.58,31.67,31.76,31.85,31.77,31.7,31.62,31.54,31.53,31.52,31.51,31.5,31.36,31.22,31.08,30.94,30.57,30.2,29.84,29.47,29.08,28.7,28.32,27.93,27.53,27.13,26.72,26.32,26.09,25.87,25.65,25.42,25.28,25.14,25.0,24.85,24.55,24.24,23.93,23.63,23.31,22.98,22.66,22.33,22.07,21.8,21.53,21.26,21.18,21.1,21.01,20.93,20.87,20.81,20.74,20.68,20.79,20.9,21.02,21.13,21.76,22.4,23.04,23.68,24.22,24.76,25.31,25.85,26.37,26.89,27.42,27.94,28.45,28.97,29.49,30.0,30.36,30.72,31.08,31.45,31.72,31.99,32.26,32.53,32.72,32.91,33.09,33.28,33.45,33.61,33.77,33.94,33.93,33.91,33.9,33.89,33.85,33.81,33.77,33.74,33.64,33.54,33.45,33.35,33.16,32.96,32.76,32.57,32.19,31.81,31.43,31.05,,
2017-06-20T00:00:00+00:00,20.8,20.81,20.82,20.53,20.24,19.96,19.67,19.73,19.78,19.84,19.89,19.92,19.95,19.97,20.0,20.5,21.01,21.51,22.02,22.57,23.12,23.67,24.21,24.85,25.48,26.11,26.74,27.23,27.72,28.2,28.69,29.08,29.47,29.87,30.26,30.62,30.97,31.33,31.68,32.0,32.32,32.65,32.97,33.23,33.5,33.77,34.03,34.06,34.08,34.1,34.13,34.13,34.13,34.13,34.13,34.17,34.2,34.23,34.26,34.12,33.99,33.85,33.72,33.5,33.29,33.08,32.87,32.56,32.24,31.93,31.61,31.13,30.65,30.16,29.68,29.44,29.2,28.96,28.72,28.49,28.26,28.03,27.8,27.6,27.41,27.21,27.01,26.79,26.57,26.35,26.12,25.93,25.73,25.53,25.33,25.16,24.99,24.82,24.65,24.54,24.42,24.31,24.19,24.06,23.92,23.78,23.65,23.7,23.75,23.8,23.86,24.31,24.76,25.22,25.67,26.13,26.6,27.06,27.53,28.04,28.56,29.08,29.59,30.08,30.58,31.07,31.56,31.98,32.4,32.82,33.25,33.57,33.89,34.21,34.53,34.71,34.89,35.06,35.24,35.45,35.66,35.87,36.08,36.2,36.32,36.44,36.56,36.5,36.43,36.37,36.31,36.33,36.36,36.39,36.42,36.39,36.36,36.33,36.29,36.08,35.86,35.64,35.43,,
2017-06-21T00:00:00+00:00,23.04,22.88,22.73,22.64,22.55,22.47,22.38,22.42,22.46,22.5,22.55,22.61,22.68,22.74,22.81,23.13,23.45,23.78,24.1,24.48,24.87,25.25,25.64,26.08,26.53,26.98,27.43,27.85,28.27,28.69,29.1,29.52,29.93,30.35,30.76,31.09,31.42,31.74,32.07,32.38,32.69,32.99,33.3,33.52,33.75,33.97,34.2,34.36,34.53,34.7,34.86,34.95,35.03,35.12,35.2,35.21,35.21,35.22,35.22,34.95,34.69,34.42,34.15,34.01,33.87,33.72,33.58,33.47,33.37,33.26,33.15,32.9,32.66,32.41,32.16,31.95,31.73,31.52,31.3,30.96,30.62,30.27,29.93,29.51,29.09,28.68,28.26,27.8,27.33,26.87,26.4,26.18,25.95,25.72,25.49,25.29,25.08,24.87,24.66,24.48,24.29,24.1,23.91,23.76,23.61,23.46,23.31,23.39,23.47,23.55,23.63,24.11,24.6,25.09,25.58,26.04,26.5,26.96,27.41,27.85,28.28,28.71,29.15,29.7,30.25,30.8,31.35,31.71,32.08,32.44,32.81,32.97,33.13,33.29,33.45,33.91,34.38,34.84,35.31,35.62,35.93,36.24,36.56,36.65,36.75,36.84,36.94,36.98,37.02,37.06,37.09,36.99,36.88,36.78,36.67,35.81,34.94,34.08,33.22,32.74,32.27,31.8,31.33,,
2017-06-22T00:00:00+00:00,22.43,22.18,21.93,21.89,21.86,21.82,21.78,21.75,21.72,21.69,21.66,21.77,21.89,22.01,22.12,22.56,23.0,23.43,23.87,24.29,24.7,25.12,25.54,25.97,26.41,26.84,27.28,27.71,28.14,28.58,29.01,29.27,29.53,29.79,30.04,30.42,30.79,31.17,31.54,31.8,32.06,32.33,32.59,32.93,33.28,33.62,33.96,34.24,34.52,34.81,35.09,35.17,35.26,35.35,35.44,35.31,35.17,35.03,34.9,34.74,34.59,34.43,34.28,33.54,32.8,32.06,31.33,30.54,29.75,28.96,28.17,27.77,27.37,26.97,26.58,26.21,25.84,25.47,25.1,24.76,24.42,24.07,23.73,23.39,23.04,22.7,22.36,22.0,21.64,21.28,20.91,20.64,20.36,20.09,19.82,19.55,19.29,19.02,18.76,18.51,18.26,18.01,17.76,17.55,17.34,17.13,16.92,16.88,16.84,16.8,16.77,16.96,17.15,17.34,17.53,17.84,18.15,18.46,18.77,19.02,19.28,19.53,19.79,20.07,20.35,20.64,20.92,21.3,21.67,22.05,22.43,22.84,23.25,23.65,24.06,24.4,24.75,25.09,25.43,25.74,26.05,26.36,26.67,26.8,26.93,27.06,27.19,27.32,27.44,27.56,27.68,27.68,27.67,27.66,27.65,27.56,27.48,27.39,27.3,27.12,26.93,26.74,26.55,,
2017-06-23T00:00:00+00:00,16.99,16.84,16.68,16.46,16.23,16.01,15.78,15.74,15.69,15.65,15.6,15.67,15.73,15.79,15.86,16.05,16.24,16.43,16.62,16.87,17.12,17.37,17.62,17.86,18.09,18.33,18.57,18.96,19.35,19.75,20.14,20.6,21.05,21.51,21.97,22.35,22.73,23.12,23.5,23.85,24.2,24.55,24.9,25.15,25.4,25.65,25.9,26.1,26.29,26.48,26.67,26.76,26.84,26.93,27.01,27.03,27.05,27.07,27.09,27.02,26.96,26.89,26.83,26.68,26.53,26.39,26.24,25.93,25.62,25.31,25.0,24.41,23.83,23.24,22.66,22.3,21.95,21.6,21.25,20.97,20.68,20.4,20.11,19.9,19.68,19.47,19.26,19.06,18.86,18.66,18.46,18.22,17.98,17.74,17.5,17.22,16.93,16.64,16.36,16.23,16.1,15.97,15.85,15.69,15.52,15.36,15.2,15.29,15.38,15.47,15.56,15.9,16.24,16.58,16.92,17.27,17.63,17.98,18.33,18.67,19.0,19.34,19.67,20.05,20.43,20.81,21.19,21.51,21.83,22.15,22.47,22.86,23.25,23.65,24.04,24.43,24.81,25.19,25.57,25.85,26.13,26.41,26.69,26.88,27.06,27.25,27.43,27.54,27.65,27.76,27.87,27.89,27.91,27.93,27.95,27.86,27.78,27.7,27.62,27.36,27.1,26.84,26.59,,
2017-06-24T00:00:00+00:00,13.98,13.88,13.78,13.65,13.53,13.4,13.27,13.2,13.14,13.08,13.01,13.18,13.34,13.51,13.67,14.09,14.5,14.92,15.34,15.8,16.26,16.72,17.17,17.61,18.04,18.48,18.91,19.22,19.53,19.84,20.14,20.49,20.84,21.19,21.53,21.88,22.22,22.56,22.91,23.13,23.35,23.57,23.79,24.04,24.29,24.54,24.79,24.96,25.13,25.29,25.46,25.55,25.65,25.74,25.83,25.84,25.85,25.86,25.86,25.81,25.76,25.7,25.65,25.46,25.27,25.08,24.9,24.63,24.37,24.11,23.85,23.51,23.17,22.84,22.5,22.21,21.92,21.62,21.33,21.08,20.83,20.58,20.33,20.13,19.94,19.74,19.54,19.25,18.95,18.66,18.37,18.35,18.33,18.31,18.29,18.2,18.11,18.02,17.93,17.88,17.82,17.77,17.72,17.66,17.6,17.54,17.48,17.46,17.44,17.42,17.4,17.47,17.53,17.6,17.67,17.78,17.89,18.0,18.12,18.04,17.97,17.89,17.82,17.99,18.17,18.35,18.53,18.98,19.43,19.88,20.34,20.58,20.83,21.07,21.32,21.65,21.98,22.31,22.65,22.9,23.16,23.42,23.68,23.95,24.23,24.5,24.78,24.91,25.04,25.17,25.3,25.35,25.4,25.45,25.5,25.4,25.3,25.21,25.11,24.84,24.56,24.29,24.01,,
2017-06-25T00:00:00+00:00,16.57,16.45,16.33,16.31,16.29,16.27,16.24,16.14,16.04,15.95,15.85,15.93,16.01,16.09,16.17,16.48,16.78,17.08,17.39,17.61,17.83,18.04,18.26,18.61,18.96,19.3,19.65,20.0,20.36,20.71,21.06,21.41,21.76,22.11,22.46,22.79,23.11,23.43,23.76,23.83,23.9,23.98,24.05,24.19,24.34,24.48,24.63,24.66,24.68,24.71,24.74,24.76,24.78,24.8,24.83,24.9,24.97,25.04,25.11,25.12,25.13,25.14,25.15,25.01,24.86,24.72,24.57,24.32,24.07,23.82,23.57,23.19,22.8,22.41,22.02,21.67,21.32,20.97,20.62,20.4,20.18,19.96,19.74,19.56,19.38,19.2,19.02,18.88,18.74,18.59,18.45,18.35,18.26,18.16,18.07,17.87,17.68,17.48,17.29,16.98,16.66,16.35,16.04,15.97,15.91,15.84,15.78,15.87,15.97,16.06,16.16,16.44,16.72,17.0,17.27,17.59,17.91,18.22,18.54,18.89,19.24,19.59,19.94,20.41,20.89,21.37,21.84,22.31,22.79,23.26,23.73,24.1,24.48,24.85,25.23,25.5,25.78,26.05,26.33,26.6,26.88,27.16,27.44,27.55,27.67,27.79,27.9,28.04,28.18,28.32,28.46,28.5,28.53,28.56,28.59,28.38,28.18,27.97,27.76,27.34,26.93,26.51,26.1,,
2017-06-26T00:00:00+00:00,16.72,16.6,16.48,16.36,16.23,16.11,15.99,15.89,15.79,15.69,15.59,15.74,15.89,16.04,16.19,16.55,16.91,17.27,17.63,18.01,18.39,18.77,19.15,19.58,20.0,20.42,20.85,21.29,21.73,22.16,22.6,22.98,23.36,23.74,24.12,24.47,24.81,25.16,25.5,25.8,26.09,26.39,26.68,26.92,27.16,27.41,27.65,27.88,28.11,28.35,28.58,28.62,28.66,28.71,28.75,28.8,28.84,28.89,28.94,28.82,28.7,28.58,28.46,27.92,27.37,26.82,26.28,25.52,24.77,24.02,23.26,23.26,23.26,23.26,23.25,23.27,23.29,23.31,23.33,23.02,22.72,22.42,22.12,21.83,21.54,21.25,20.96,20.76,20.55,20.34,20.14,20.02,19.91,19.79,19.68,19.52,19.36,19.2,19.04,18.91,18.79,18.67,18.54,18.43,18.33,18.22,18.11,18.18,18.24,18.31,18.37,18.75,19.13,19.51,19.89,19.99,20.08,20.17,20.27,20.54,20.81,21.08,21.36,21.56,21.76,21.96,22.16,22.41,22.66,22.91,23.16,23.15,23.13,23.12,23.11,23.28,23.46,23.63,23.8,24.25,24.71,25.16,25.61,25.44,25.26,25.09,24.91,23.85,22.79,21.73,20.67,20.61,20.54,20.47,20.41,20.39,20.38,20.36,20.35,20.35,20.35,20.35,20.36,,
2017-06-27T00:00:00+00:00,19.31,19.16,19.01,18.93,18.86,18.78,18.71,18.73,18.76,18.79,18.81,18.88,18.94,19.0,19.06,19.2,19.34,19.48,19.62,19.7,19.78,19.85,19.93,20.1,20.26,20.43,20.6,20.56,20.52,20.48,20.44,20.93,21.42,21.92,22.41,22.84,23.27,23.69,24.12,24.36,24.6,24.83,25.07,24.28,23.49,22.7,21.91,22.01,22.11,22.22,22.32,22.53,22.74,22.95,23.16,23.09,23.03,22.96,22.9,22.55,22.21,21.86,21.52,21.58,21.63,21.69,21.75,21.7,21.65,21.6,21.55,21.3,21.04,20.79,20.53,20.22,19.9,19.59,19.28,19.14,19.0,18.86,18.71,18.75,18.78,18.81,18.84,18.77,18.7,18.63,18.56,18.37,18.18,17.99,17.79,17.82,17.85,17.88,17.91,17.88,17.85,17.82,17.79,17.64,17.5,17.35,17.2,17.2,17.2,17.19,17.19,17.21,17.22,17.24,17.26,17.27,17.27,17.28,17.29,17.26,17.24,17.22,17.19,17.39,17.6,17.8,18.0,18.21,18.42,18.63,18.84,19.16,19.48,19.8,20.12,20.44,20.75,21.07,21.38,21.03,20.67,20.32,19.97,20.08,20.19,20.3,20.41,20.23,20.05,19.88,19.7,20.05,20.4,20.75,21.1,21.21,21.32,21.43,21.54,21.13,20.73,20.33,19.93,,
2017-06-28T00:00:00+00:00,16.21,16.1,16.0,15.92,15.85,15.77,15.69,15.69,15.7,15.7,15.7,15.76,15.82,15.88,15.94,16.11,16.29,16.46,16.64,16.81,16.99,17.16,17.34,17.57,17.81,18.04,18.28,18.55,18.82,19.09,19.36,19.28,19.19,19.11,19.03,19.22,19.42,19.61,19.81,20.32,20.83,21.33,21.84,22.18,22.52,22.87,23.21,22.54,21.88,21.21,20.55,20.82,21.09,21.36,21.63,21.57,21.51,21.45,21.39,21.26,21.13,21.0,20.87,20.32,19.78,19.23,18.68,18.46,18.24,18.02,17.79,17.76,17.72,17.69,17.65,17.52,17.39,17.25,17.12,16.97,16.83,16.68,16.53,16.4,16.26,16.12,15.99,15.92,15.85,15.78,15.71,15.77,15.83,15.89,15.95,15.87,15.79,15.71,15.63,15.38,15.13,14.88,14.63,14.56,14.49,14.41,14.34,14.29,14.24,14.19,14.14,14.13,14.11,14.09,14.08,14.15,14.23,14.3,14.38,14.53,14.69,14.84,14.99,15.2,15.4,15.6,15.81,15.85,15.9,15.94,15.99,16.37,16.74,17.12,17.49,17.79,18.09,18.38,18.68,18.97,19.27,19.56,19.86,20.17,20.48,20.79,21.1,20.45,19.79,19.13,18.48,18.48,18.48,18.48,18.49,18.64,18.79,18.94,19.09,18.87,18.64,18.42,18.2,,
2017-06-29T00:00:00+00:00,14.07,13.94,13.82,13.8,13.78,13.77,13.75,13.88,14.01,14.14,14.27,14.33,14.39,14.44,14.5,14.46,14.43,14.39,14.35,14.49,14.62,14.75,14.89,15.05,15.21,15.36,15.52,15.86,16.2,16.54,16.88,17.21,17.55,17.89,18.23,18.59,18.96,19.33,19.69,19.83,19.97,20.1,20.24,19.44,18.64,17.83,17.03,17.06,17.08,17.11,17.13,17.2,17.27,17.33,17.4,17.73,18.06,18.39,18.72,18.83,18.93,19.04,19.15,18.92,18.7,18.48,18.25,18.12,17.98,17.84,17.71,17.38,17.04,16.71,16.38,16.3,16.21,16.13,16.05,15.89,15.73,15.57,15.41,15.22,15.03,14.84,14.64,14.51,14.37,14.23,14.09,14.0,13.92,13.83,13.74,13.62,13.5,13.38,13.26,13.37,13.48,13.59,13.69,13.69,13.68,13.67,13.67,13.67,13.68,13.68,13.69,13.7,13.72,13.73,13.75,13.76,13.78,13.8,13.82,13.92,14.02,14.12,14.22,14.3,14.38,14.45,14.53,14.67,14.81,14.95,15.1,15.12,15.14,15.16,15.18,15.55,15.91,16.28,16.65,17.13,17.61,18.1,18.58,18.81,19.04,19.28,19.51,19.81,20.12,20.43,20.73,20.84,20.95,21.06,21.17,20.65,20.13,19.6,19.08,18.78,18.49,18.19,17.9,,
2017-06-30T00:00:00+00:00,14.21,14.22,14.23,14.23,14.23,14.22,14.22,14.15,14.08,14.01,13.94,13.84,13.73,13.62,13.51,13.64,13.78,13.91,14.05,14.12,14.19,14.27,14.34,14.68,15.02,15.36,15.69,15.88,16.07,16.25,16.44,16.37,16.31,16.24,16.17,16.42,16.66,16.9,17.15,16.99,16.83,16.67,16.52,16.9,17.28,17.66,18.05,18.06,18.07,18.08,18.09,18.09,18.08,18.08,18.08,18.15,18.22,18.29,18.36,18.37,18.37,18.38,18.38,18.4,18.42,18.44,18.45,18.34,18.22,18.1,17.99,17.86,17.73,17.6,17.47,17.27,17.06,16.85,16.65,16.51,16.37,16.23,16.09,16.03,15.97,15.91,15.85,15.74,15.63,15.52,15.41,15.19,14.97,14.75,14.53,14.26,13.99,13.72,13.45,13.46,13.46,13.47,13.47,13.61,13.76,13.9,14.04,14.16,14.27,14.38,14.49,14.67,14.85,15.02,15.2,15.39,15.59,15.78,15.98,16.06,16.15,16.23,16.32,16.58,16.83,17.09,17.35,17.61,17.86,18.12,18.38,18.31,18.24,18.17,18.1,17.74,17.38,17.02,16.66,16.49,16.32,16.16,15.99,16.41,16.83,17.25,17.67,18.13,18.58,19.04,19.49,19.63,19.76,19.89,20.02,19.7,19.38,19.06,18.74,18.71,18.67,18.64,18.6,,
2017-07-01T00:00:00+00:00,13.89,13.83,13.77,13.69,13.61,13.52,13.44,13.45,13.47,13.49,13.51,13.54,13.57,13.6,13.64,13.81,13.98,14.15,14.32,14.56,14.8,15.03,15.27,15.5,15.74,15.97,16.2,16.23,16.26,16.29,16.32,16.15,15.97,15.8,15.63,15.64,15.66,15.67,15.68,15.28,14.88,14.48,14.08,14.29,14.5,14.71,14.92,15.18,15.44,15.69,15.95,16.09,16.23,16.37,16.5,16.66,16.82,16.97,17.13,17.5,17.86,18.23,18.59,18.83,19.06,19.29,19.53,19.34,19.15,18.96,18.78,18.46,18.14,17.82,17.5,17.24,16.99,16.73,16.47,16.28,16.09,15.9,15.71,15.47,15.24,15.0,14.77,14.63,14.49,14.35,14.2,14.11,14.02,13.92,13.83,13.73,13.62,13.51,13.41,13.24,13.07,12.91,12.74,12.55,12.36,12.17,11.98,12.01,12.04,12.07,12.1,12.29,12.47,12.65,12.84,12.96,13.08,13.21,13.33,13.61,13.89,14.17,14.45,14.62,14.79,14.96,15.13,15.36,15.6,15.84,16.08,15.74,15.4,15.06,14.72,14.73,14.73,14.74,14.74,14.71,14.68,14.65,14.62,14.79,14.96,15.13,15.31,15.73,16.15,16.57,16.99,17.26,17.52,17.79,18.06,18.09,18.13,18.16,18.2,18.25,18.3,18.35,18.4,,
2017-07-02T00:00:00+00:00,13.67,13.52,13.38,13.22,13.07,12.91,12.76,12.57,12.39,12.2,12.02,12.0,11.98,11.96,11.94,12.09,12.25,12.4,12.56,12.91,13.25,13.6,13.95,14.22,14.49,14.76,15.04,14.87,14.7,14.53,14.36,14.3,14.25,14.19,14.14,14.25,14.36,14.48,14.59,14.7,14.81,14.92,15.03,15.47,15.91,16.35,16.79,17.08,17.37,17.66,17.95,18.62,19.29,19.96,20.63,20.84,21.05,21.27,21.48,20.98,20.47,19.97,19.47,19.39,19.31,19.24,19.16,19.15,19.15,19.14,19.13,19.0,18.87,18.74,18.61,18.34,18.07,17.8,17.53,17.37,17.21,17.05,16.89,16.56,16.23,15.9,15.57,15.58,15.59,15.6,15.61,15.53,15.46,15.38,15.31,15.09,14.87,14.65,14.43,14.37,14.32,14.27,14.22,14.23,14.25,14.26,14.28,14.34,14.41,14.48,14.55,14.8,15.05,15.31,15.56,15.94,16.31,16.69,17.06,17.41,17.77,18.12,18.47,18.74,19.02,19.29,19.57,19.61,19.66,19.7,19.75,20.08,20.42,20.75,21.09,21.22,21.34,21.47,21.59,21.79,21.98,22.17,22.36,22.65,22.93,23.22,23.5,23.55,23.59,23.63,23.68,23.7,23.71,23.73,23.75,23.63,23.51,23.39,23.27,23.14,23.01,22.87,22.74,,
2017-07-03T00:00:00+00:00,13.91,13.79,13.68,13.55,13.42,13.3,13.17,13.19,13.2,13.21,13.22,13.42,13.62,13.82,14.02,14.26,14.49,14.73,14.97,15.3,15.64,15.97,16.31,16.35,16.38,16.42,16.46,17.22,17.99,18.75,19.52,19.94,20.37,20.79,21.22,21.51,21.8,22.09,22.38,22.64,22.9,23.16,23.43,23.59,23.75,23.91,24.08,24.13,24.18,24.23,24.28,24.22,24.17,24.11,24.06,24.09,24.11,24.14,24.17,23.92,23.68,23.44,23.19,22.77,22.34,21.91,21.48,21.24,21.0,20.76,20.52,20.21,19.89,19.58,19.27,19.01,18.75,18.49,18.23,17.99,17.74,17.5,17.25,17.07,16.89,16.71,16.53,16.33,16.14,15.95,15.76,15.55,15.34,15.13,14.92,14.77,14.62,14.46,14.31,14.2,14.08,13.97,13.86,13.73,13.6,13.47,13.33,13.37,13.41,13.45,13.49,13.95,14.41,14.87,15.33,15.74,16.16,16.57,16.98,17.42,17.85,18.28,18.71,19.12,19.52,19.93,20.33,20.6,20.86,21.13,21.39,21.7,22.01,22.31,22.62,22.88,23.15,23.41,23.68,23.91,24.14,24.37,24.61,24.78,24.94,25.11,25.28,25.42,25.57,25.71,25.86,25.92,25.98,26.05,26.11,26.08,26.05,26.02,25.99,25.89,25.78,25.68,25.57,,
2017-07-04T00:00:00+00:00,14.05,14.04,14.03,14.02,14.0,13.98,13.96,13.83,13.69,13.55,13.41,13.47,13.52,13.57,13.62,14.18,14.75,15.32,15.88,16.39,16.9,17.4,17.91,18.28,18.66,19.03,19.4,19.82,20.24,20.67,21.09,21.44,21.78,22.13,22.48,22.77,23.06,23.35,23.64,23.9,24.17,24.43,24.7,24.95,25.19,25.44,25.69,25.88,26.07,26.26,26.45,26.57,26.69,26.81,26.93,26.91,26.89,26.88,26.86,26.82,26.78,26.74,26.7,26.59,26.48,26.37,26.26,26.02,25.78,25.55,25.31,24.95,24.59,24.23,23.87,23.46,23.06,22.66,22.25,22.04,21.83,21.62,21.4,21.15,20.9,20.65,20.4,20.26,20.12,19.98,19.84,19.65,19.45,19.26,19.07,18.87,18.67,18.47,18.27,18.15,18.04,17.93,17.82,17.68,17.54,17.4,17.26,17.27,17.29,17.3,17.31,17.71,18.12,18.52,18.92,19.46,20.01,20.55,21.1,21.61,22.13,22.64,23.15,23.61,24.06,24.52,24.98,25.37,25.76,26.15,26.53,26.89,27.24,27.6,27.95,28.3,28.65,29.0,29.35,29.56,29.78,29.99,30.2,30.36,30.53,30.7,30.86,30.97,31.07,31.17,31.27,31.3,31.33,31.36,31.39,31.31,31.24,31.16,31.09,30.86,30.63,30.41,30.18,,
2017-07-05T00:00:00+00:00,17.98,17.82,17.65,17.54,17.43,17.32,17.21,17.11,17.02,16.93,16.84,16.84,16.84,16.84,16.84,17.35,17.86,18.37,18.88,19.39,19.9,20.41,20.93,21.45,21.98,22.51,23.04,23.6,24.17,24.73,25.29,25.81,26.33,26.85,27.37,27.74,28.11,28.48,28.85,29.1,29.36,29.62,29.87,30.13,30.39,30.64,30.9,31.1,31.29,31.49,31.69,31.78,31.86,31.95,32.04,32.09,32.13,32.18,32.22,32.25,32.27,32.29,32.32,32.14,31.97,31.8,31.62,31.23,30.84,30.46,30.07,29.77,29.47,29.16,28.86,28.47,28.08,27.69,27.29,26.72,26.15,25.58,25.01,24.93,24.86,24.79,24.71,24.61,24.52,24.42,24.32,24.2,24.08,23.96,23.84,23.71,23.58,23.45,23.31,23.08,22.84,22.6,22.36,22.19,22.01,21.84,21.66,21.67,21.67,21.67,21.67,22.04,22.42,22.79,23.16,23.69,24.21,24.74,25.26,25.87,26.47,27.08,27.68,28.14,28.61,29.07,29.53,29.97,30.41,30.85,31.29,31.72,32.15,32.58,33.01,33.21,33.41,33.61,33.81,33.91,34.02,34.12,34.22,34.34,34.46,34.57,34.69,34.76,34.82,34.89,34.95,34.92,34.89,34.86,34.83,34.75,34.67,34.6,34.52,34.3,34.08,33.86,33.64,,
2017-07-06T00:00:00+00:00,21.95,21.67,21.39,21.22,21.05,20.87,20.7,20.63,20.56,20.49,20.42,20.46,20.51,20.55,20.6,20.96,21.33,21.7,22.07,22.39,22.71,23.03,23.35,23.79,24.23,24.67,25.11,25.39,25.66,25.93,26.2,27.05,27.9,28.75,29.6,30.0,30.4,30.8,31.2,31.31,31.42,31.54,31.65,32.05,32.45,32.86,33.26,33.42,33.58,33.74,33.89,33.6,33.32,33.03,32.74,33.04,33.33,33.63,33.93,33.85,33.77,33.69,33.61,33.39,33.17,32.95,32.73,32.32,31.91,31.5,31.09,30.76,30.44,30.11,29.79,29.46,29.14,28.82,28.49,28.07,27.66,27.24,26.82,26.4,25.98,25.56,25.13,24.87,24.61,24.34,24.08,23.88,23.68,23.48,23.28,23.09,22.9,22.71,22.53,22.24,21.96,21.67,21.39,21.17,20.94,20.72,20.49,20.39,20.29,20.2,20.1,20.34,20.58,20.82,21.07,21.5,21.92,22.35,22.78,23.27,23.76,24.25,24.74,25.1,25.46,25.82,26.18,26.57,26.97,27.36,27.76,28.08,28.41,28.74,29.06,29.36,29.65,29.95,30.25,30.42,30.59,30.76,30.93,31.05,31.17,31.29,31.41,31.52,31.62,31.73,31.83,31.78,31.72,31.66,31.6,31.42,31.24,31.06,30.88,30.65,30.43,30.2,29.97,,
2017-07-07T00:00:00+00:00,21.39,21.29,21.18,21.11,21.04,20.96,20.89,20.72,20.55,20.39,20.22,20.22,20.23,20.23,20.24,20.59,20.95,21.3,21.65,21.97,22.3,22.62,22.94,23.31,23.68,24.05,24.42,24.83,25.24,25.65,26.07,26.36,26.66,26.96,27.25,27.51,27.76,28.01,28.27,28.58,28.9,29.21,29.52,29.78,30.04,30.3,30.56,30.68,30.8,30.93,31.05,31.13,31.2,31.27,31.34,31.26,31.18,31.1,31.03,30.91,30.8,30.68,30.57,30.27,29.97,29.67,29.38,28.93,28.48,28.03,27.58,27.11,26.64,26.17,25.7,25.43,25.16,24.89,24.62,24.33,24.04,23.75,23.46,23.19,22.91,22.64,22.37,22.08,21.79,21.5,21.21,21.02,20.82,20.63,20.44,20.21,19.99,19.77,19.55,19.44,19.32,19.2,19.09,18.95,18.81,18.67,18.53,18.47,18.41,18.34,18.28,18.7,19.11,19.53,19.94,20.31,20.67,21.04,21.4,21.75,22.09,22.44,22.78,23.19,23.6,24.01,24.42,24.83,25.24,25.66,26.07,26.42,26.76,27.11,27.46,27.72,27.98,28.25,28.51,28.66,28.81,28.96,29.11,29.3,29.5,29.69,29.89,29.99,30.09,30.19,30.3,30.15,30.0,29.85,29.7,29.67,29.63,29.6,29.57,29.35,29.13,28.92,28.7,,
2017-07-08T00:00:00+00:00,19.94,19.69,19.44,19.23,19.01,18.8,18.58,18.36,18.14,17.92,17.7,17.66,17.63,17.6,17.57,17.84,18.11,18.38,18.65,19.01,19.36,19.71,20.07,20.39,20.71,21.03,21.35,21.78,22.21,22.64,23.07,23.47,23.87,24.28,24.68,25.01,25.33,25.66,25.98,26.27,26.56,26.85,27.14,27.32,27.5,27.69,27.87,28.03,28.19,28.35,28.51,28.62,28.72,28.83,28.93,28.98,29.04,29.09,29.14,29.1,29.06,29.02,28.98,28.83,28.69,28.54,28.4,27.91,27.42,26.93,26.43,26.08,25.73,25.38,25.03,24.87,24.71,24.55,24.39,24.16,23.93,23.7,23.47,23.3,23.13,22.96,22.79,22.6,22.41,22.22,22.03,21.83,21.62,21.41,21.21,21.04,20.88,20.71,20.55,20.41,20.27,20.13,20.0,19.87,19.75,19.63,19.5,19.53,19.55,19.57,19.59,19.8,20.02,20.23,20.44,20.69,20.94,21.19,21.44,21.89,22.34,22.79,23.24,23.68,24.13,24.58,25.03,25.44,25.85,26.25,26.66,26.8,26.93,27.06,27.2,27.42,27.65,27.87,28.1,28.38,28.67,28.96,29.25,29.56,29.87,30.18,30.49,30.61,30.73,30.85,30.97,30.98,30.99,31.0,31.01,30.92,30.83,30.73,30.64,29.39,28.13,26.88,25.62,,
2017-07-09T00:00:00+00:00,20.85,20.65,20.45,20.26,20.07,19.88,19.69,19.52,19.35,19.17,19.0,19.02,19.04,19.06,19.08,19.33,19.57,19.81,20.06,20.42,20.79,21.15,21.52,21.91,22.31,22.71,23.1,23.25,23.4,23.56,23.71,23.81,23.92,24.03,24.14,24.35,24.57,24.79,25.01,25.46,25.9,26.35,26.8,26.97,27.13,27.3,27.47,27.59,27.7,27.82,27.94,27.64,27.34,27.05,26.75,26.78,26.82,26.85,26.88,26.76,26.64,26.51,26.39,25.94,25.5,25.05,24.6,24.54,24.48,24.42,24.36,24.19,24.01,23.84,23.66,23.58,23.49,23.41,23.32,23.2,23.07,22.94,22.81,22.63,22.45,22.27,22.09,21.91,21.72,21.54,21.35,21.19,21.03,20.87,20.71,20.62,20.52,20.43,20.34,20.15,19.97,19.79,19.61,19.46,19.31,19.16,19.01,18.91,18.82,18.72,18.63,18.36,18.08,17.81,17.54,17.29,17.05,16.81,16.57,16.55,16.52,16.5,16.48,16.87,17.27,17.67,18.07,18.03,17.99,17.95,17.9,18.37,18.85,19.32,19.79,19.9,20.01,20.12,20.23,20.81,21.38,21.95,22.53,22.05,21.57,21.09,20.61,21.06,21.51,21.96,22.41,21.78,21.15,20.52,19.89,20.48,21.08,21.67,22.27,22.22,22.17,22.11,22.06,,
2017-07-10T00:00:00+00:00,17.97,17.66,17.36,17.38,17.4,17.42,17.44,17.53,17.61,17.69,17.77,17.83,17.89,17.95,18.01,17.92,17.83,17.74,17.65,17.36,17.08,16.79,16.5,16.63,16.76,16.89,17.02,16.99,16.97,16.95,16.92,17.01,17.11,17.2,17.29,17.66,18.02,18.39,18.75,19.06,19.38,19.69,20.0,20.24,20.48,20.71,20.95,21.14,21.32,21.51,21.69,21.9,22.11,22.33,22.54,22.27,22.0,21.73,21.47,21.31,21.15,20.99,20.84,20.8,20.77,20.73,20.7,20.64,20.57,20.51,20.45,20.3,20.14,19.98,19.82,19.61,19.39,19.18,18.96,18.64,18.32,18.0,17.68,17.45,17.21,16.98,16.75,16.58,16.4,16.23,16.06,16.0,15.95,15.89,15.83,15.7,15.57,15.44,15.31,15.22,15.12,15.03,14.94,14.87,14.81,14.75,14.68,14.73,14.77,14.81,14.85,15.19,15.53,15.87,16.21,16.53,16.85,17.16,17.48,17.65,17.82,17.99,18.16,18.47,18.78,19.09,19.4,19.63,19.85,20.08,20.3,20.45,20.59,20.73,20.88,21.12,21.37,21.62,21.86,21.96,22.06,22.16,22.26,22.28,22.31,22.33,22.35,22.21,22.06,21.91,21.77,22.01,22.25,22.49,22.72,22.55,22.37,22.19,22.01,22.04,22.06,22.09,22.11,,
2017-07-11T00:00:00+00:00,14.42,14.35,14.28,14.11,13.94,13.76,13.59,13.63,13.67,13.71,13.75,13.85,13.96,14.06,14.17,14.54,14.91,15.28,15.66,15.96,16.25,16.55,16.85,17.21,17.56,17.92,18.27,18.42,18.58,18.73,18.88,19.33,19.78,20.22,20.67,20.94,21.22,21.49,21.77,21.92,22.08,22.24,22.4,21.98,21.56,21.14,20.73,21.11,21.49,21.86,22.24,21.65,21.06,20.46,19.87,20.26,20.65,21.03,21.42,21.46,21.5,21.54,21.59,21.51,21.44,21.37,21.3,21.23,21.16,21.09,21.02,20.88,20.73,20.59,20.44,20.28,20.12,19.97,19.81,19.7,19.6,19.5,19.39,19.29,19.18,19.08,18.98,18.89,18.81,18.73,18.65,18.53,18.42,18.31,18.2,18.1,18.01,17.91,17.82,17.72,17.61,17.51,17.4,17.31,17.21,17.11,17.02,17.03,17.04,17.05,17.06,16.99,16.92,16.84,16.77,16.88,17.0,17.11,17.23,17.42,17.62,17.82,18.01,18.38,18.74,19.1,19.46,19.23,19.0,18.77,18.54,18.51,18.49,18.46,18.44,18.65,18.86,19.07,19.28,19.22,19.15,19.08,19.01,19.59,20.17,20.76,21.34,21.27,21.2,21.13,21.06,20.88,20.71,20.53,20.35,20.54,20.73,20.91,21.1,21.14,21.19,21.24,21.28,,
2017-07-12T00:00:00+00:00,17.13,17.26,17.38,17.42,17.45,17.48,17.52,17.46,17.41,17.35,17.3,17.31,17.33,17.34,17.36,17.32,17.29,17.26,17.22,17.35,17.48,17.62,17.75,18.09,18.44,18.78,19.13,19.06,19.0,18.94,18.87,18.87,18.87,18.87,18.87,19.28,19.7,20.11,20.52,20.57,20.62,20.67,20.73,20.13,19.54,18.94,18.35,18.72,19.08,19.45,19.82,19.73,19.64,19.54,19.45,19.6,19.75,19.9,20.05,20.15,20.24,20.33,20.42,20.47,20.53,20.59,20.64,20.52,20.41,20.29,20.17,19.87,19.58,19.28,18.98,19.02,19.05,19.08,19.11,18.84,18.57,18.3,18.03,17.74,17.44,17.15,16.86,16.75,16.64,16.52,16.41,16.22,16.03,15.84,15.65,15.48,15.3,15.12,14.94,14.79,14.64,14.49,14.34,14.35,14.37,14.39,14.41,14.3,14.19,14.09,13.98,14.25,14.51,14.78,15.04,15.39,15.74,16.09,16.44,16.9,17.35,17.81,18.27,18.68,19.09,19.5,19.91,20.29,20.67,21.04,21.42,21.33,21.23,21.14,21.04,21.01,20.98,20.95,20.92,21.12,21.32,21.52,21.72,21.52,21.32,21.12,20.92,21.4,21.88,22.36,22.84,23.0,23.15,23.31,23.47,23.45,23.43,23.41,23.39,22.89,22.39,21.9,21.4,,
2017-07-13T00:00:00+00:00,15.62,15.41,15.19,14.97,14.75,14.54,14.32,14.13,13.94,13.76,13.57,13.52,13.47,13.42,13.37,13.66,13.95,14.24,14.53,14.95,15.37,15.79,16.21,16.7,17.18,17.66,18.14,18.64,19.15,19.65,20.15,20.56,20.96,21.37,21.78,22.14,22.51,22.88,23.24,23.16,23.07,22.99,22.9,23.19,23.47,23.76,24.04,24.01,23.98,23.95,23.91,24.0,24.09,24.18,24.28,24.03,23.79,23.54,23.3,22.29,21.27,20.26,19.25,19.27,19.29,19.31,19.33,19.42,19.52,19.61,19.71,19.67,19.62,19.58,19.54,19.44,19.34,19.24,19.14,19.17,19.21,19.24,19.27,19.15,19.02,18.89,18.77,18.53,18.29,18.05,17.81,17.57,17.33,17.1,16.86,16.66,16.45,16.25,16.05,15.88,15.71,15.54,15.37,14.99,14.62,14.25,13.87,13.72,13.56,13.41,13.25,13.57,13.89,14.21,14.53,14.95,15.37,15.78,16.2,16.58,16.96,17.34,17.71,18.06,18.41,18.76,19.1,19.43,19.77,20.1,20.43,20.65,20.87,21.09,21.31,21.4,21.49,21.58,21.67,21.85,22.02,22.19,22.37,22.3,22.24,22.18,22.12,22.18,22.24,22.3,22.36,22.34,22.32,22.3,22.28,22.16,22.04,21.92,21.8,21.52,21.25,20.98,20.71,,
2017-07-14T00:00:00+00:00,15.69,15.54,15.4,15.12,14.84,14.56,14.28,14.03,13.79,13.54,13.3,13.21,13.11,13.01,12.92,13.19,13.47,13.74,14.02,14.41,14.8,15.18,15.57,16.02,16.47,16.92,17.37,17.73,18.09,18.46,18.82,19.16,19.5,19.84,20.17,20.49,20.8,21.11,21.42,21.19,20.96,20.72,20.49,20.78,21.08,21.37,21.66,21.71,21.77,21.82,21.87,21.97,22.06,22.15,22.25,22.28,22.3,22.33,22.36,22.25,22.14,22.04,21.93,21.64,21.35,21.05,20.76,20.37,19.98,19.59,19.2,18.89,18.58,18.28,17.97,17.76,17.54,17.32,17.1,16.85,16.6,16.35,16.09,15.86,15.62,15.39,15.15,14.96,14.76,14.57,14.38,14.18,13.99,13.8,13.61,13.47,13.33,13.19,13.04,12.89,12.74,12.59,12.44,12.32,12.21,12.09,11.98,12.0,12.02,12.04,12.06,12.53,13.01,13.49,13.97,14.54,15.11,15.68,16.25,16.76,17.27,17.78,18.29,18.74,19.18,19.63,20.07,20.41,20.75,21.09,21.42,21.66,21.9,22.14,22.39,22.6,22.81,23.02,23.23,23.44,23.65,23.86,24.07,24.26,24.45,24.65,24.84,24.97,25.11,25.25,25.39,25.44,25.48,25.53,25.58,25.54,25.5,25.46,25.42,25.33,25.24,25.15,25.06,,
2017-07-15T00:00:00+00:00,12.31,12.17,12.03,11.91,11.8,11.68,11.56,11.51,11.45,11.4,11.35,11.39,11.43,11.46,11.5,11.97,12.44,12.91,13.38,13.9,14.43,14.95,15.47,15.96,16.45,16.94,17.42,17.87,18.32,18.77,19.22,19.58,19.94,20.3,20.66,20.96,21.25,21.55,21.84,22.1,22.35,22.6,22.86,23.04,23.23,23.41,23.6,23.77,23.95,24.13,24.31,24.49,24.67,24.86,25.04,25.12,25.2,25.29,25.37,25.32,25.27,25.21,25.16,25.03,24.9,24.77,24.64,24.28,23.93,23.57,23.21,22.85,22.5,22.14,21.79,21.54,21.29,21.04,20.79,20.52,20.26,19.99,19.73,19.45,19.17,18.89,18.62,18.45,18.29,18.12,17.96,17.82,17.68,17.55,17.41,17.22,17.03,16.84,16.65,16.48,16.31,16.13,15.96,15.82,15.69,15.55,15.41,15.43,15.44,15.46,15.48,15.88,16.29,16.69,17.1,17.54,17.98,18.42,18.85,19.15,19.45,19.75,20.04,20.47,20.89,21.32,21.74,22.15,22.56,22.97,23.38,23.82,24.25,24.69,25.13,25.4,25.66,25.93,26.2,26.47,26.75,27.02,27.3,27.48,27.66,27.84,28.02,28.13,28.25,28.36,28.47,28.48,28.49,28.5,28.51,28.42,28.32,28.22,28.12,27.96,27.79,27.63,27.46,,
2017-07-16T00:00:00+00:00,18.0,17.79,17.59,17.39,17.18,16.98,16.78,16.8,16.82,16.85,16.87,16.9,16.94,16.97,17.01,17.14,17.28,17.42,17.56,18.05,18.55,19.05,19.55,19.97,20.39,20.81,21.23,21.6,21.96,22.33,22.7,23.11,23.53,23.95,24.36,24.67,24.98,25.29,25.6,25.7,25.8,25.91,26.01,26.31,26.6,26.9,27.19,27.37,27.54,27.72,27.89,28.06,28.22,28.39,28.56,28.54,28.53,28.51,28.5,28.44,28.39,28.34,28.29,28.08,27.88,27.68,27.47,27.13,26.79,26.45,26.11,25.67,25.23,24.79,24.36,24.04,23.72,23.41,23.09,22.84,22.59,22.34,22.09,21.85,21.6,21.35,21.1,20.88,20.66,20.43,20.21,20.02,19.82,19.63,19.44,19.25,19.06,18.87,18.69,18.52,18.36,18.19,18.03,17.87,17.71,17.55,17.4,17.3,17.2,17.1,17.0,17.15,17.3,17.44,17.59,17.85,18.11,18.36,18.62,19.1,19.58,20.06,20.54,21.08,21.63,22.18,22.72,23.27,23.81,24.36,24.9,25.4,25.9,26.4,26.9,27.22,27.55,27.87,28.2,28.45,28.7,28.95,29.2,29.38,29.57,29.75,29.94,30.01,30.08,30.15,30.23,30.18,30.14,30.1,30.05,29.92,29.79,29.66,29.53,29.26,29.0,28.74,28.48,,
2017-07-17T00:00:00+00:00,18.16,18.02,17.89,17.78,17.67,17.57,17.46,17.28,17.11,16.94,16.76,16.84,16.92,17.0,17.08,17.37,17.67,17.96,18.26,18.64,19.03,19.41,19.8,20.3,20.8,21.3,21.8,22.26,22.72,23.18,23.64,24.07,24.51,24.94,25.37,25.72,26.07,26.42,26.77,27.01,27.25,27.49,27.73,27.95,28.18,28.4,28.63,28.81,29.0,29.19,29.38,29.49,29.6,29.71,29.83,29.86,29.9,29.93,29.97,29.91,29.86,29.8,29.74,29.45,29.16,28.87,28.58,28.19,27.81,27.42,27.03,26.7,26.36,26.02,25.68,25.45,25.22,24.98,24.75,24.6,24.44,24.29,24.14,23.94,23.73,23.53,23.32,23.09,22.87,22.64,22.42,22.21,21.99,21.78,21.56,21.38,21.2,21.02,20.83,20.67,20.5,20.33,20.17,20.04,19.91,19.79,19.66,19.64,19.63,19.62,19.6,19.86,20.12,20.38,20.64,21.04,21.43,21.82,22.21,22.74,23.27,23.8,24.34,24.92,25.5,26.08,26.66,27.16,27.67,28.18,28.68,29.1,29.52,29.94,30.36,30.57,30.78,30.99,31.2,31.43,31.67,31.91,32.15,32.42,32.68,32.94,33.2,33.13,33.05,32.97,32.89,32.92,32.94,32.97,32.99,32.98,32.98,32.97,32.96,32.81,32.65,32.5,32.34,,
2017-07-18T00:00:00+00:00,20.52,20.34,20.17,20.0,19.83,19.66,19.5,19.38,19.27,19.15,19.04,19.05,19.07,19.09,19.1,19.29,19.47,19.65,19.83,20.21,20.6,20.98,21.36,21.86,22.36,22.85,23.35,23.92,24.49,25.06,25.64,26.21,26.79,27.37,27.95,28.36,28.78,29.19,29.61,29.93,30.25,30.58,30.9,31.12,31.33,31.55,31.77,31.93,32.09,32.25,32.41,32.53,32.65,32.77,32.89,32.96,33.03,33.1,33.17,33.2,33.22,33.25,33.27,33.07,32.86,32.66,32.45,32.27,32.08,31.89,31.7,31.4,31.09,30.79,30.48,30.15,29.82,29.49,29.16,28.17,27.19,26.2,25.21,25.02,24.82,24.63,24.43,24.19,23.95,23.71,23.47,23.46,23.46,23.46,23.46,23.89,24.32,24.76,25.19,24.87,24.56,24.24,23.92,23.88,23.84,23.8,23.76,23.63,23.51,23.38,23.25,23.66,24.08,24.49,24.91,24.95,24.99,25.03,25.07,25.28,25.5,25.71,25.93,26.33,26.73,27.12,27.52,27.76,28.0,28.24,28.48,28.68,28.88,29.07,29.27,29.42,29.57,29.72,29.86,30.02,30.18,30.33,30.49,30.48,30.47,30.46,30.45,30.56,30.68,30.79,30.9,30.82,30.74,30.65,30.57,30.37,30.17,29.96,29.76,29.59,29.41,29.24,29.06,,
2017-07-19T00:00:00+00:00,23.17,22.96,22.75,22.62,22.49,22.36,22.23,22.06,21.89,21.72,21.55,21.7,21.85,22.0,22.14,22.66,23.18,23.7,24.22,24.45,24.68,24.92,25.15,25.55,25.95,26.35,26.75,27.04,27.33,27.62,27.91,28.11,28.3,28.49,28.68,28.74,28.8,28.86,28.92,29.18,29.44,29.71,29.97,30.05,30.13,30.2,30.28,30.28,30.28,30.27,30.27,30.51,30.75,30.99,31.23,31.08,30.93,30.77,30.62,30.45,30.29,30.12,29.95,29.73,29.52,29.3,29.09,28.83,28.58,28.33,28.08,27.73,27.37,27.02,26.66,25.78,24.9,24.02,23.14,23.13,23.13,23.12,23.12,23.32,23.52,23.73,23.93,23.73,23.53,23.32,23.12,22.8,22.48,22.17,21.85,21.53,21.22,20.91,20.6,20.43,20.27,20.11,19.94,19.89,19.83,19.78,19.72,19.63,19.54,19.44,19.35,19.37,19.39,19.41,19.43,19.42,19.4,19.39,19.38,19.61,19.84,20.07,20.31,20.38,20.45,20.52,20.59,20.35,20.11,19.86,19.62,19.32,19.03,18.73,18.43,18.66,18.88,19.11,19.34,19.29,19.24,19.19,19.15,18.96,18.77,18.58,18.39,18.67,18.94,19.21,19.49,19.78,20.07,20.36,20.65,20.66,20.68,20.7,20.72,20.43,20.15,19.87,19.58,,
2017-07-20T00:00:00+00:00,18.86,18.77,18.69,18.61,18.53,18.44,18.36,18.23,18.1,17.97,17.83,17.81,17.78,17.75,17.73,17.8,17.87,17.94,18.01,17.9,17.78,17.67,17.55,17.71,17.86,18.01,18.17,18.09,18.01,17.92,17.84,17.98,18.12,18.26,18.4,18.01,17.62,17.24,16.85,17.65,18.46,19.26,20.07,20.29,20.51,20.72,20.94,20.72,20.5,20.28,20.07,20.22,20.38,20.54,20.7,20.72,20.74,20.76,20.78,20.72,20.65,20.59,20.52,20.46,20.39,20.32,20.25,19.97,19.69,19.41,19.13,18.9,18.66,18.43,18.2,18.15,18.1,18.05,18.0,17.95,17.89,17.84,17.79,17.71,17.64,17.56,17.48,17.37,17.26,17.14,17.03,16.97,16.91,16.85,16.79,16.65,16.51,16.38,16.24,16.25,16.26,16.26,16.27,16.25,16.22,16.19,16.17,16.11,16.06,16.01,15.96,16.25,16.53,16.81,17.1,17.39,17.68,17.97,18.26,18.61,18.96,19.31,19.66,19.95,20.23,20.52,20.8,20.96,21.13,21.29,21.45,21.66,21.87,22.09,22.3,22.48,22.67,22.86,23.04,23.18,23.31,23.45,23.58,23.69,23.79,23.9,24.0,24.09,24.17,24.26,24.34,24.38,24.42,24.46,24.49,24.47,24.45,24.43,24.4,24.31,24.22,24.13,24.04,,
2017-07-21T00:00:00+00:00,13.35,13.22,13.09,12.97,12.86,12.75,12.63,12.53,12.43,12.33,12.23,12.37,12.52,12.67,12.82,13.06,13.31,13.55,13.8,14.34,14.88,15.42,15.97,16.55,17.13,17.71,18.3,18.66,19.03,19.4,19.76,20.1,20.43,20.76,21.09,21.34,21.59,21.84,22.09,22.3,22.52,22.73,22.95,23.1,23.26,23.42,23.58,23.71,23.84,23.97,24.11,24.16,24.22,24.28,24.34,24.33,24.32,24.32,24.31,24.25,24.19,24.13,24.07,23.94,23.81,23.68,23.55,23.3,23.05,22.8,22.54,22.22,21.9,21.58,21.26,21.12,20.99,20.86,20.73,20.5,20.27,20.05,19.82,19.61,19.4,19.2,18.99,18.8,18.62,18.44,18.26,18.06,17.87,17.67,17.48,17.32,17.17,17.01,16.85,16.73,16.61,16.48,16.36,16.32,16.27,16.23,16.18,16.12,16.06,15.99,15.93,15.9,15.88,15.86,15.83,15.92,16.0,16.08,16.17,16.19,16.22,16.24,16.27,16.57,16.88,17.19,17.49,17.72,17.94,18.16,18.39,18.79,19.19,19.59,19.99,20.32,20.64,20.96,21.29,21.49,21.7,21.9,22.1,22.27,22.44,22.61,22.78,22.75,22.71,22.68,22.65,22.48,22.31,22.14,21.98,21.81,21.65,21.49,21.33,21.11,20.9,20.68,20.47,,
2017-07-22T00:00:00+00:00,16.66,16.49,16.31,16.24,16.17,16.09,16.02,15.9,15.78,15.66,15.54,15.56,15.59,15.61,15.63,15.93,16.23,16.54,16.84,17.05,17.26,17.47,17.68,18.0,18.31,18.63,18.95,18.91,18.87,18.83,18.8,18.51,18.23,17.94,17.65,17.82,17.98,18.14,18.3,18.62,18.94,19.26,19.58,19.83,20.09,20.34,20.6,21.03,21.47,21.9,22.34,22.55,22.76,22.98,23.19,23.09,22.99,22.89,22.79,22.67,22.55,22.43,22.31,21.99,21.67,21.34,21.02,20.62,20.21,19.81,19.41,18.58,17.75,16.92,16.09,15.87,15.65,15.42,15.2,15.2,15.19,15.19,15.18,14.96,14.75,14.53,14.31,14.12,13.94,13.75,13.56,13.69,13.82,13.96,14.09,14.04,13.99,13.94,13.89,13.96,14.02,14.08,14.14,14.05,13.96,13.87,13.78,13.76,13.74,13.72,13.7,13.85,14.01,14.16,14.31,14.5,14.69,14.88,15.06,15.37,15.67,15.98,16.29,16.48,16.68,16.88,17.08,17.13,17.18,17.23,17.29,17.42,17.55,17.68,17.81,18.19,18.57,18.95,19.34,19.17,19.01,18.85,18.69,19.24,19.79,20.34,20.89,20.94,21.0,21.06,21.11,21.06,21.01,20.95,20.9,20.87,20.84,20.82,20.79,20.03,19.27,18.5,17.74,,
2017-07-23T00:00:00+00:00,12.98,12.97,12.96,12.87,12.79,12.7,12.62,12.61,12.61,12.6,12.6,12.62,12.65,12.68,12.71,12.97,13.23,13.49,13.76,14.02,14.28,14.54,14.8,15.16,15.52,15.87,16.23,16.62,17.0,17.39,17.78,17.99,18.2,18.41,18.63,18.72,18.81,18.9,18.99,19.24,19.48,19.73,19.98,20.32,20.67,21.01,21.35,21.48,21.62,21.75,21.89,21.98,22.06,22.15,22.24,22.26,22.27,22.29,22.3,22.23,22.15,22.07,21.99,21.65,21.3,20.96,20.61,20.4,20.2,19.99,19.78,19.39,19.0,18.61,18.22,17.81,17.41,17.01,16.61,16.34,16.08,15.81,15.54,15.38,15.21,15.04,14.87,14.81,14.76,14.7,14.65,14.67,14.69,14.71,14.72,14.72,14.72,14.72,14.72,14.72,14.71,14.71,14.71,14.54,14.36,14.19,14.01,13.86,13.72,13.57,13.43,13.46,13.5,13.54,13.57,13.66,13.76,13.85,13.94,14.19,14.44,14.69,14.94,15.2,15.46,15.72,15.98,16.12,16.25,16.39,16.52,16.51,16.51,16.5,16.49,16.51,16.52,16.54,16.56,16.54,16.53,16.52,16.51,16.68,16.85,17.02,17.18,17.45,17.72,17.99,18.26,18.06,17.86,17.66,17.46,17.31,17.15,16.99,16.83,16.75,16.67,16.59,16.51,,
2017-07-24T00:00:00+00:00,13.82,13.73,13.64,13.67,13.69,13.71,13.74,13.66,13.59,13.51,13.44,13.36,13.28,13.2,13.13,13.14,13.16,13.18,13.2,13.41,13.63,13.84,14.05,14.27,14.48,14.69,14.91,15.18,15.45,15.73,16.0,16.43,16.85,17.28,17.71,17.49,17.27,17.05,16.84,16.68,16.53,16.38,16.23,16.32,16.41,16.5,16.59,16.86,17.13,17.4,17.67,17.79,17.91,18.03,18.15,18.36,18.57,18.78,18.98,18.96,18.93,18.91,18.89,18.73,18.57,18.41,18.25,18.04,17.84,17.63,17.42,17.27,17.12,16.96,16.81,16.69,16.56,16.44,16.32,16.26,16.2,16.14,16.09,16.03,15.98,15.93,15.87,15.82,15.76,15.71,15.65,15.58,15.5,15.43,15.35,15.19,15.02,14.86,14.7,14.75,14.79,14.84,14.89,14.91,14.94,14.96,14.99,14.98,14.96,14.95,14.94,15.03,15.11,15.2,15.29,15.46,15.63,15.8,15.97,16.29,16.62,16.94,17.27,17.51,17.75,17.99,18.23,18.34,18.45,18.55,18.66,18.63,18.61,18.59,18.57,18.81,19.05,19.3,19.54,19.49,19.44,19.39,19.34,19.83,20.32,20.82,21.31,21.38,21.44,21.51,21.58,21.74,21.91,22.07,22.24,22.14,22.03,21.92,21.82,21.64,21.46,21.29,21.11,,
2017-07-25T00:00:00+00:00,14.65,14.49,14.33,14.19,14.05,13.91,13.77,13.82,13.88,13.93,13.98,14.02,14.06,14.11,14.15,14.3,14.45,14.6,14.75,14.95,15.16,15.36,15.56,15.57,15.59,15.61,15.62,15.63,15.64,15.66,15.67,15.9,16.12,16.35,16.58,16.9,17.21,17.53,17.84,17.78,17.71,17.65,17.58,17.69,17.8,17.91,18.03,18.52,19.02,19.52,20.02,20.18,20.34,20.5,20.66,20.68,20.7,20.73,20.75,20.64,20.53,20.42,20.31,20.26,20.21,20.17,20.12,19.8,19.48,19.16,18.84,18.53,18.22,17.91,17.6,17.27,16.95,16.62,16.29,16.02,15.74,15.47,15.19,14.97,14.74,14.51,14.28,14.17,14.06,13.95,13.83,13.67,13.5,13.33,13.16,13.07,12.97,12.88,12.78,12.8,12.83,12.85,12.87,12.85,12.84,12.83,12.82,12.82,12.83,12.84,12.85,13.27,13.69,14.12,14.54,15.14,15.74,16.34,16.94,17.34,17.74,18.15,18.55,19.01,19.46,19.92,20.37,20.76,21.15,21.54,21.92,22.1,22.27,22.44,22.61,22.81,23.01,23.21,23.41,23.34,23.28,23.22,23.15,23.17,23.19,23.21,23.23,22.27,21.31,20.34,19.38,19.41,19.44,19.46,19.49,19.48,19.48,19.47,19.47,19.38,19.29,19.21,19.12,,
2017-07-26T00:00:00+00:00,12.67,12.66,12.65,12.61,12.58,12.55,12.52,12.2,11.89,11.58,11.26,11.33,11.4,11.47,11.54,12.11,12.67,13.24,13.8,14.48,15.16,15.84,16.51,16.98,17.44,17.9,18.36,18.86,19.35,19.84,20.34,20.8,21.27,21.74,22.21,22.47,22.74,23.01,23.28,23.15,23.03,22.9,22.77,22.27,21.77,21.27,20.77,20.68,20.59,20.49,20.4,20.1,19.79,19.48,19.18,19.24,19.31,19.37,19.44,19.23,19.02,18.81,18.59,18.55,18.51,18.46,18.42,18.47,18.52,18.56,18.61,18.6,18.58,18.57,18.56,18.58,18.61,18.63,18.66,18.69,18.72,18.75,18.78,18.8,18.82,18.84,18.86,18.74,18.62,18.49,18.37,18.32,18.26,18.21,18.16,18.14,18.11,18.09,18.06,17.99,17.91,17.83,17.76,17.67,17.57,17.48,17.39,17.05,16.71,16.37,16.04,16.13,16.22,16.32,16.41,16.53,16.64,16.76,16.88,17.28,17.68,18.08,18.49,18.6,18.72,18.84,18.96,19.3,19.65,20.0,20.34,20.68,21.03,21.37,21.71,21.73,21.75,21.77,21.79,22.2,22.61,23.02,23.43,23.1,22.77,22.44,22.11,22.48,22.86,23.23,23.61,23.56,23.5,23.45,23.4,23.28,23.16,23.04,22.92,22.73,22.55,22.37,22.19,,
2017-07-27T00:00:00+00:00,16.87,16.73,16.59,16.48,16.37,16.25,16.14,16.15,16.16,16.18,16.19,16.23,16.27,16.31,16.35,16.52,16.7,16.88,17.05,17.17,17.28,17.4,17.52,17.77,18.02,18.28,18.53,18.79,19.05,19.31,19.57,19.45,19.32,19.19,19.07,19.6,20.13,20.67,21.2,21.49,21.78,22.07,22.36,22.19,22.02,21.85,21.68,21.57,21.46,21.35,21.24,21.19,21.14,21.09,21.05,20.9,20.76,20.61,20.47,20.46,20.46,20.45,20.45,20.36,20.27,20.18,20.08,19.78,19.48,19.18,18.87,18.63,18.39,18.15,17.91,17.72,17.54,17.36,17.18,17.05,16.92,16.79,16.66,16.61,16.56,16.51,16.46,16.38,16.3,16.22,16.14,16.14,16.13,16.13,16.13,16.1,16.08,16.05,16.02,15.96,15.89,15.83,15.76,15.73,15.69,15.65,15.61,15.59,15.58,15.56,15.54,15.57,15.61,15.64,15.67,15.82,15.97,16.11,16.26,16.58,16.89,17.21,17.53,17.85,18.17,18.48,18.8,19.06,19.31,19.56,19.82,20.09,20.37,20.64,20.92,21.09,21.25,21.42,21.58,21.75,21.91,22.07,22.23,22.41,22.58,22.75,22.92,22.9,22.89,22.87,22.86,22.83,22.81,22.79,22.76,22.63,22.49,22.36,22.22,22.09,21.96,21.83,21.7,,
2017-07-28T00:00:00+00:00,14.15,14.07,13.98,13.9,13.81,13.72,13.63,13.49,13.35,13.21,13.07,12.98,12.89,12.8,12.71,13.05,13.39,13.74,14.08,14.49,14.91,15.32,15.73,16.22,16.7,17.18,17.66,18.01,18.35,18.69,19.03,18.97,18.91,18.85,18.79,19.18,19.56,19.94,20.33,20.57,20.81,21.05,21.29,21.56,21.83,22.09,22.36,22.55,22.74,22.94,23.13,23.15,23.17,23.19,23.21,23.08,22.96,22.84,22.72,22.6,22.48,22.37,22.25,22.1,21.94,21.79,21.63,21.56,21.48,21.41,21.33,21.27,21.21,21.14,21.08,20.89,20.69,20.5,20.31,20.08,19.85,19.62,19.39,19.15,18.91,18.67,18.43,18.23,18.02,17.81,17.6,17.46,17.32,17.18,17.04,16.9,16.76,16.62,16.48,16.53,16.58,16.63,16.68,16.56,16.44,16.32,16.2,16.15,16.11,16.06,16.01,16.1,16.19,16.28,16.36,16.56,16.76,16.96,17.16,17.49,17.82,18.15,18.48,19.08,19.69,20.29,20.89,21.35,21.81,22.28,22.74,23.11,23.47,23.83,24.2,24.56,24.92,25.28,25.65,25.8,25.96,26.11,26.27,26.42,26.58,26.73,26.88,26.75,26.62,26.49,26.36,26.36,26.36,26.36,26.37,26.26,26.16,26.05,25.94,25.9,25.85,25.81,25.77,,
2017-07-29T00:00:00+00:00,17.43,17.25,17.06,16.9,16.74,16.59,16.43,16.32,16.22,16.11,16.01,15.91,15.82,15.72,15.63,15.78,15.93,16.09,16.24,16.57,16.89,17.21,17.54,17.84,18.15,18.45,18.75,19.29,19.82,20.35,20.89,21.32,21.75,22.18,22.61,22.94,23.27,23.61,23.94,24.24,24.54,24.84,25.14,25.39,25.63,25.87,26.12,26.32,26.52,26.72,26.92,26.86,26.8,26.74,26.69,26.78,26.88,26.98,27.08,27.03,26.99,26.94,26.9,26.79,26.67,26.56,26.45,26.28,26.12,25.96,25.79,25.61,25.44,25.26,25.09,24.72,24.36,24.0,23.64,23.2,22.76,22.32,21.88,21.66,21.44,21.22,21.0,20.89,20.78,20.66,20.55,20.34,20.13,19.91,19.7,19.57,19.44,19.3,19.17,19.22,19.27,19.31,19.36,19.51,19.65,19.8,19.95,19.84,19.73,19.62,19.51,19.24,18.97,18.7,18.42,18.46,18.5,18.53,18.57,18.7,18.83,18.96,19.09,19.21,19.33,19.46,19.58,19.83,20.08,20.33,20.59,20.82,21.06,21.3,21.53,21.75,21.98,22.2,22.42,22.57,22.72,22.87,23.02,23.13,23.24,23.35,23.46,23.55,23.63,23.72,23.8,23.81,23.81,23.82,23.82,23.74,23.67,23.59,23.51,23.35,23.18,23.01,22.84,,
2017-07-30T00:00:00+00:00,19.67,19.55,19.44,19.47,19.51,19.55,19.58,19.64,19.7,19.76,19.82,19.87,19.92,19.97,20.03,20.04,20.05,20.06,20.07,20.06,20.05,20.04,20.04,20.11,20.18,20.25,20.32,20.47,20.62,20.78,20.93,21.05,21.16,21.28,21.39,21.62,21.85,22.08,22.3,22.14,21.97,21.8,21.64,21.75,21.86,21.96,22.07,22.19,22.3,22.41,22.52,22.59,22.66,22.73,22.79,22.85,22.9,22.95,23.0,22.94,22.88,22.81,22.75,22.64,22.52,22.41,22.29,22.1,21.91,21.71,21.52,21.28,21.03,20.79,20.55,20.43,20.31,20.19,20.07,19.93,19.78,19.64,19.5,19.41,19.32,19.23,19.14,18.96,18.77,18.59,18.4,18.21,18.03,17.84,17.65,17.49,17.32,17.15,16.99,16.81,16.64,16.46,16.29,16.16,16.03,15.9,15.77,15.65,15.53,15.41,15.29,15.49,15.68,15.88,16.08,16.38,16.68,16.98,17.28,17.49,17.69,17.9,18.1,18.4,18.7,18.99,19.29,19.62,19.96,20.29,20.63,20.95,21.26,21.58,21.9,22.17,22.44,22.71,22.98,23.18,23.38,23.58,23.78,23.93,24.09,24.24,24.39,24.37,24.35,24.33,24.31,24.24,24.17,24.1,24.03,24.05,24.06,24.07,24.09,23.99,23.89,23.79,23.69,,
2017-07-31T00:00:00+00:00,15.96,15.73,15.5,15.32,15.14,14.96,14.78,14.63,14.49,14.34,14.19,14.15,14.1,14.05,14.0,14.26,14.51,14.77,15.02,15.4,15.77,16.14,16.51,16.87,17.24,17.6,17.96,18.32,18.67,19.03,19.39,19.66,19.94,20.21,20.49,20.8,21.11,21.43,21.74,21.96,22.19,22.41,22.64,22.95,23.26,23.57,23.88,24.03,24.18,24.33,24.49,24.58,24.67,24.76,24.85,24.85,24.84,24.84,24.84,24.77,24.71,24.65,24.59,24.4,24.22,24.03,23.85,23.52,23.18,22.85,22.51,21.86,21.2,20.55,19.89,19.58,19.27,18.96,18.64,18.46,18.27,18.08,17.89,17.84,17.78,17.73,17.68,17.56,17.45,17.34,17.22,17.17,17.11,17.06,17.0,17.09,17.17,17.26,17.34,17.38,17.43,17.47,17.52,17.41,17.31,17.21,17.11,17.02,16.93,16.85,16.76,17.02,17.27,17.53,17.78,18.02,18.27,18.51,18.75,19.01,19.28,19.54,19.8,20.08,20.36,20.63,20.91,21.28,21.65,22.01,22.38,22.76,23.14,23.52,23.9,24.2,24.5,24.81,25.11,25.21,25.3,25.4,25.49,25.61,25.72,25.83,25.95,26.07,26.19,26.32,26.44,26.4,26.37,26.33,26.3,26.25,26.2,26.16,26.11,25.93,25.75,25.57,25.39,,
2017-08-01T00:00:00+00:00,16.05,16.13,16.22,16.17,16.12,16.07,16.03,16.07,16.12,16.17,16.21,16.18,16.15,16.11,16.08,16.25,16.43,16.6,16.78,17.05,17.33,17.61,17.88,18.06,18.24,18.43,18.61,18.91,19.22,19.53,19.84,20.11,20.38,20.65,20.92,21.41,21.89,22.38,22.87,23.1,23.34,23.57,23.8,23.71,23.62,23.53,23.44,23.83,24.22,24.6,24.99,25.19,25.39,25.6,25.8,25.84,25.89,25.94,25.98,26.0,26.01,26.02,26.04,25.87,25.7,25.53,25.37,24.87,24.36,23.86,23.36,22.75,22.15,21.54,20.93,20.69,20.44,20.19,19.94,19.58,19.22,18.85,18.49,18.23,17.96,17.7,17.44,17.22,17.01,16.79,16.58,16.41,16.23,16.06,15.89,15.76,15.64,15.51,15.38,15.32,15.26,15.2,15.14,15.1,15.06,15.01,14.97,14.97,14.96,14.96,14.96,15.25,15.53,15.81,16.1,16.67,17.24,17.81,18.39,18.79,19.2,19.61,20.02,20.5,20.99,21.47,21.96,22.39,22.83,23.26,23.7,24.0,24.3,24.61,24.91,25.16,25.41,25.66,25.91,26.05,26.19,26.34,26.48,26.68,26.88,27.08,27.28,27.42,27.56,27.7,27.84,27.9,27.96,28.01,28.07,28.01,27.95,27.89,27.83,27.62,27.4,27.19,26.97,,
2017-08-02T00:00:00+00:00,16.02,15.98,15.95,15.86,15.76,15.67,15.58,15.37,15.16,14.95,14.74,14.81,14.88,14.95,15.02,15.35,15.69,16.02,16.36,16.97,17.58,18.19,18.8,19.24,19.67,20.1,20.53,20.91,21.28,21.66,22.04,22.43,22.81,23.2,23.59,23.85,24.11,24.37,24.64,24.49,24.35,24.2,24.06,24.21,24.36,24.51,24.66,24.88,25.1,25.33,25.55,25.7,25.84,25.99,26.14,26.35,26.56,26.78,26.99,26.86,26.73,26.6,26.47,26.41,26.35,26.29,26.23,26.1,25.97,25.84,25.71,25.45,25.2,24.94,24.68,24.58,24.48,24.38,24.28,23.93,23.59,23.25,22.91,22.77,22.62,22.48,22.34,22.15,21.97,21.78,21.6,21.32,21.05,20.78,20.5,20.4,20.29,20.18,20.07,19.95,19.82,19.7,19.57,19.53,19.5,19.46,19.42,19.37,19.32,19.27,19.22,19.27,19.32,19.37,19.42,19.55,19.69,19.82,19.96,20.16,20.36,20.56,20.76,20.98,21.21,21.43,21.65,21.91,22.18,22.44,22.7,22.94,23.18,23.42,23.65,23.95,24.24,24.53,24.82,25.07,25.32,25.57,25.82,25.97,26.12,26.28,26.43,26.46,26.48,26.51,26.54,26.49,26.44,26.4,26.35,26.27,26.19,26.11,26.03,25.85,25.68,25.5,25.33,,
2017-08-03T00:00:00+00:00,20.78,20.73,20.68,20.58,20.48,20.38,20.29,20.15,20.01,19.87,19.73,19.5,19.27,19.04,18.81,18.84,18.87,18.9,18.93,19.04,19.16,19.27,19.39,19.71,20.03,20.35,20.66,20.8,20.93,21.07,21.2,21.56,21.92,22.28,22.65,22.64,22.63,22.62,22.61,23.06,23.51,23.96,24.41,24.6,24.79,24.99,25.18,25.24,25.31,25.38,25.44,25.48,25.52,25.56,25.59,25.6,25.61,25.61,25.62,25.56,25.51,25.45,25.39,25.22,25.05,24.88,24.71,24.38,24.06,23.73,23.41,23.08,22.75,22.42,22.09,21.82,21.55,21.28,21.02,20.81,20.6,20.39,20.18,19.98,19.78,19.58,19.37,19.16,18.95,18.73,18.52,18.29,18.05,17.82,17.59,17.38,17.17,16.96,16.75,16.6,16.45,16.29,16.14,16.14,16.15,16.15,16.15,16.14,16.12,16.11,16.1,16.18,16.26,16.35,16.43,16.52,16.6,16.68,16.77,17.19,17.61,18.04,18.46,18.72,18.98,19.24,19.5,19.97,20.43,20.9,21.36,21.77,22.18,22.59,23.0,23.31,23.62,23.94,24.25,24.31,24.38,24.44,24.51,24.66,24.82,24.98,25.14,25.28,25.42,25.57,25.71,25.46,25.21,24.96,24.71,24.45,24.2,23.94,23.69,23.29,22.9,22.5,22.11,,
2017-08-04T00:00:00+00:00,17.56,17.38,17.19,17.04,16.9,16.75,16.6,16.5,16.4,16.31,16.21,16.12,16.03,15.94,15.85,16.03,16.2,16.38,16.55,16.84,17.12,17.4,17.69,17.98,18.28,18.58,18.87,19.18,19.49,19.8,20.12,20.44,20.76,21.09,21.41,21.67,21.93,22.19,22.44,22.37,22.3,22.23,22.16,22.11,22.06,22.01,21.96,22.2,22.44,22.68,22.92,22.89,22.87,22.84,22.82,22.51,22.21,21.9,21.59,21.35,21.1,20.85,20.6,20.58,20.55,20.52,20.5,20.35,20.19,20.04,19.89,19.73,19.57,19.41,19.25,19.21,19.17,19.14,19.1,19.03,18.95,18.88,18.8,18.69,18.58,18.47,18.35,18.34,18.33,18.32,18.31,18.28,18.25,18.22,18.19,18.06,17.93,17.8,17.66,17.42,17.19,16.95,16.71,16.61,16.52,16.43,16.33,16.35,16.37,16.38,16.4,16.39,16.37,16.35,16.33,16.51,16.69,16.86,17.04,17.08,17.12,17.16,17.2,17.42,17.64,17.86,18.08,18.27,18.46,18.65,18.84,19.13,19.42,19.71,20.0,20.28,20.56,20.84,21.12,21.24,21.35,21.46,21.57,21.61,21.65,21.7,21.74,21.83,21.93,22.03,22.12,21.92,21.71,21.5,21.3,21.25,21.2,21.16,21.11,20.79,20.47,20.15,19.83,,
2017-08-05T00:00:00+00:00,18.77,18.65,18.54,18.49,18.44,18.39,18.35,18.22,18.1,17.98,17.86,17.85,17.84,17.82,17.81,17.51,17.2,16.9,16.59,16.74,16.89,17.03,17.18,17.4,17.62,17.84,18.06,18.33,18.61,18.89,19.16,19.54,19.92,20.3,20.67,20.88,21.08,21.28,21.48,21.56,21.63,21.71,21.79,21.85,21.9,21.96,22.02,21.86,21.7,21.54,21.38,21.71,22.04,22.37,22.7,22.68,22.66,22.63,22.61,22.55,22.48,22.41,22.34,21.85,21.37,20.88,20.39,20.03,19.67,19.31,18.95,18.62,18.29,17.96,17.64,17.34,17.05,16.75,16.46,16.21,15.96,15.71,15.46,15.22,14.98,14.74,14.5,14.27,14.05,13.82,13.6,13.42,13.25,13.07,12.9,12.73,12.57,12.4,12.24,12.1,11.96,11.82,11.69,11.57,11.46,11.35,11.24,11.17,11.1,11.03,10.96,11.22,11.49,11.75,12.02,12.51,12.99,13.48,13.97,14.47,14.96,15.46,15.95,16.25,16.55,16.85,17.15,17.43,17.72,18.01,18.29,18.59,18.88,19.18,19.47,19.74,20.0,20.27,20.54,20.75,20.96,21.17,21.38,21.57,21.76,21.95,22.14,22.24,22.34,22.44,22.54,22.56,22.59,22.61,22.63,22.52,22.41,22.3,22.2,22.03,21.86,21.7,21.53,,
2017-08-06T00:00:00+00:00,11.79,11.65,11.51,11.43,11.35,11.27,11.19,11.09,11.0,10.91,10.81,10.74,10.67,10.6,10.53,10.83,11.13,11.43,11.73,12.28,12.83,13.38,13.92,14.45,14.97,15.49,16.02,16.47,16.91,17.36,17.81,18.1,18.38,18.67,18.95,19.2,19.44,19.69,19.93,20.17,20.4,20.64,20.87,21.09,21.3,21.52,21.73,21.87,22.01,22.15,22.29,22.38,22.48,22.57,22.67,22.71,22.76,22.81,22.86,22.85,22.84,22.82,22.81,22.65,22.49,22.33,22.17,21.84,21.51,21.18,20.85,20.43,20.02,19.6,19.19,18.88,18.57,18.26,17.95,17.7,17.44,17.19,16.93,16.79,16.64,16.5,16.36,16.2,16.04,15.88,15.72,15.53,15.35,15.16,14.98,14.84,14.69,14.55,14.41,14.26,14.11,13.96,13.81,13.66,13.5,13.34,13.18,13.14,13.1,13.06,13.02,13.35,13.69,14.02,14.35,14.87,15.39,15.91,16.42,16.91,17.41,17.9,18.39,18.88,19.37,19.87,20.36,20.81,21.26,21.71,22.16,22.45,22.75,23.04,23.33,23.6,23.88,24.15,24.43,24.66,24.89,25.12,25.35,25.5,25.65,25.8,25.95,26.05,26.15,26.24,26.34,26.39,26.44,26.49,26.54,26.5,26.46,26.42,26.38,26.2,26.02,25.84,25.67,,
2017-08-07T00:00:00+00:00,13.44,13.25,13.06,12.83,12.61,12.38,12.15,12.04,11.93,11.81,11.7,11.68,11.65,11.63,11.61,12.0,12.4,12.79,13.19,13.73,14.28,14.82,15.36,15.88,16.39,16.9,17.41,17.89,18.37,18.85,19.33,19.77,20.21,20.65,21.09,21.5,21.9,22.3,22.71,23.04,23.38,23.72,24.05,24.27,24.49,24.71,24.93,25.06,25.19,25.31,25.44,25.54,25.63,25.73,25.82,25.87,25.91,25.96,26.01,26.02,26.04,26.05,26.07,25.83,25.59,25.36,25.12,24.5,23.88,23.26,22.64,22.39,22.13,21.88,21.63,21.52,21.41,21.3,21.19,21.04,20.89,20.75,20.6,20.18,19.77,19.35,18.93,18.72,18.51,18.3,18.08,17.87,17.66,17.45,17.24,17.08,16.92,16.77,16.61,16.52,16.44,16.35,16.27,16.3,16.32,16.35,16.38,16.31,16.23,16.15,16.08,15.96,15.85,15.73,15.62,15.48,15.35,15.21,15.08,15.16,15.24,15.32,15.4,15.43,15.46,15.48,15.51,15.73,15.95,16.17,16.39,16.19,16.0,15.8,15.61,15.68,15.76,15.83,15.91,15.95,15.98,16.02,16.06,16.26,16.46,16.66,16.86,16.69,16.51,16.33,16.16,16.14,16.12,16.09,16.07,16.02,15.97,15.92,15.87,16.02,16.17,16.32,16.46,,
2017-08-08T00:00:00+00:00,17.6,17.35,17.09,16.91,16.73,16.55,16.37,16.29,16.2,16.11,16.03,15.77,15.51,15.25,15.0,14.86,14.72,14.59,14.45,14.34,14.22,14.1,13.99,13.94,13.9,13.86,13.81,14.01,14.21,14.41,14.61,15.06,15.5,15.94,16.39,16.29,16.2,16.11,16.02,16.12,16.22,16.32,16.43,16.92,17.42,17.91,18.4,18.71,19.01,19.31,19.62,18.87,18.12,17.37,16.62,17.06,17.49,17.93,18.37,18.49,18.61,18.73,18.85,18.42,17.99,17.56,17.13,16.84,16.55,16.26,15.96,15.76,15.56,15.36,15.16,15.03,14.9,14.77,14.65,14.48,14.32,14.16,14.0,13.86,13.71,13.57,13.42,13.52,13.62,13.71,13.81,13.85,13.9,13.94,13.99,13.89,13.8,13.7,13.6,13.48,13.36,13.23,13.11,13.01,12.91,12.8,12.7,12.56,12.42,12.28,12.13,12.2,12.28,12.35,12.42,12.59,12.76,12.93,13.1,13.29,13.47,13.66,13.85,13.81,13.76,13.72,13.68,13.94,14.21,14.48,14.75,15.11,15.47,15.83,16.19,16.47,16.74,17.02,17.3,17.35,17.4,17.45,17.51,17.57,17.63,17.69,17.76,18.02,18.28,18.53,18.79,18.9,19.0,19.1,19.21,18.85,18.5,18.14,17.79,17.53,17.27,17.01,16.75,,
2017-08-09T00:00:00+00:00,12.81,12.74,12.66,12.75,12.83,12.92,13.0,12.8,12.59,12.39,12.18,12.06,11.94,11.82,11.7,11.84,11.98,12.12,12.26,12.61,12.96,13.31,13.66,14.12,14.57,15.02,15.47,15.9,16.33,16.76,17.2,17.58,17.96,18.35,18.73,18.81,18.88,18.96,19.04,18.67,18.3,17.93,17.56,17.47,17.38,17.28,17.19,17.16,17.12,17.09,17.06,16.57,16.08,15.6,15.11,15.2,15.29,15.37,15.46,15.53,15.61,15.68,15.75,15.8,15.85,15.9,15.95,15.81,15.67,15.53,15.39,15.13,14.87,14.61,14.35,14.12,13.9,13.68,13.45,13.3,13.15,12.99,12.84,12.78,12.72,12.66,12.6,12.49,12.38,12.27,12.16,12.09,12.02,11.95,11.88,11.91,11.94,11.98,12.01,11.98,11.95,11.92,11.88,11.77,11.65,11.53,11.41,11.46,11.51,11.56,11.61,11.76,11.92,12.07,12.22,12.68,13.14,13.61,14.07,14.05,14.03,14.01,13.99,14.4,14.82,15.24,15.66,15.69,15.73,15.76,15.8,15.87,15.94,16.01,16.08,16.7,17.32,17.94,18.56,18.88,19.19,19.51,19.82,19.57,19.32,19.06,18.81,18.47,18.13,17.79,17.45,17.36,17.28,17.19,17.1,17.0,16.9,16.8,16.7,16.59,16.48,16.37,16.26,,
2017-08-10T00:00:00+00:00,11.52,11.52,11.51,11.26,11.01,10.76,10.52,10.52,10.52,10.52,10.53,10.59,10.65,10.71,10.77,10.94,11.12,11.3,11.48,11.74,12.0,12.26,12.52,12.85,13.18,13.51,13.84,14.14,14.44,14.74,15.04,15.12,15.2,15.28,15.36,15.69,16.03,16.36,16.7,17.17,17.64,18.12,18.59,18.79,18.99,19.19,19.39,19.46,19.54,19.61,19.68,19.78,19.88,19.98,20.08,20.11,20.14,20.17,20.19,19.8,19.41,19.02,18.63,18.75,18.87,18.99,19.11,18.83,18.55,18.28,18.0,17.85,17.69,17.54,17.39,17.21,17.04,16.86,16.68,16.55,16.42,16.29,16.16,15.86,15.55,15.25,14.94,14.92,14.9,14.89,14.87,14.76,14.65,14.54,14.42,14.35,14.27,14.19,14.11,14.08,14.04,14.01,13.98,14.0,14.03,14.05,14.07,14.06,14.04,14.03,14.01,14.07,14.12,14.17,14.23,14.28,14.34,14.4,14.46,14.64,14.82,15.01,15.19,15.32,15.45,15.58,15.71,15.98,16.24,16.51,16.77,17.17,17.57,17.96,18.36,18.17,17.98,17.79,17.6,18.06,18.51,18.97,19.42,19.49,19.56,19.62,19.69,19.59,19.5,19.4,19.3,19.48,19.65,19.83,20.0,19.99,19.97,19.95,19.94,19.89,19.85,19.81,19.76,,
2017-08-11T00:00:00+00:00,12.86,12.86,12.86,12.9,12.94,12.98,13.02,12.95,12.88,12.82,12.75,12.74,12.74,12.74,12.74,12.92,13.1,13.29,13.47,13.68,13.89,14.1,14.31,14.55,14.8,15.04,15.29,15.63,15.97,16.31,16.65,16.98,17.32,17.65,17.99,18.19,18.39,18.58,18.78,18.74,18.71,18.67,18.64,19.23,19.81,20.4,20.99,21.07,21.14,21.22,21.3,21.09,20.88,20.68,20.47,20.42,20.37,20.32,20.26,20.38,20.49,20.6,20.71,20.46,20.2,19.95,19.69,19.42,19.14,18.86,18.58,18.28,17.98,17.68,17.38,17.02,16.66,16.29,15.93,15.7,15.46,15.23,15.0,14.77,14.54,14.32,14.09,13.94,13.79,13.63,13.48,13.31,13.14,12.97,12.8,12.7,12.61,12.51,12.41,12.36,12.31,12.26,12.21,12.28,12.34,12.41,12.48,12.52,12.57,12.62,12.66,12.8,12.95,13.09,13.23,13.32,13.4,13.49,13.58,13.83,14.09,14.34,14.6,15.28,15.96,16.64,17.32,17.33,17.33,17.34,17.34,17.82,18.3,18.78,19.26,19.59,19.93,20.27,20.61,20.14,19.68,19.22,18.75,18.55,18.34,18.14,17.93,18.61,19.28,19.95,20.63,20.88,21.14,21.4,21.65,21.54,21.42,21.3,21.18,21.03,20.89,20.74,20.59,,
2017-08-12T00:00:00+00:00,12.59,12.56,12.54,12.54,12.53,12.52,12.52,12.54,12.57,12.59,12.62,12.83,13.05,13.26,13.48,13.4,13.33,13.25,13.18,13.46,13.75,14.03,14.32,14.66,15.01,15.35,15.7,15.97,16.24,16.52,16.79,17.44,18.08,18.73,19.38,19.62,19.86,20.1,20.34,20.65,20.95,21.25,21.55,21.55,21.55,21.54,21.54,21.55,21.56,21.57,21.58,21.74,21.91,22.08,22.25,22.14,22.04,21.94,21.83,21.56,21.29,21.02,20.75,20.5,20.24,19.99,19.74,19.61,19.49,19.36,19.23,19.12,19.01,18.9,18.79,18.71,18.63,18.55,18.47,18.38,18.29,18.2,18.11,18.01,17.9,17.8,17.69,17.58,17.47,17.37,17.26,17.18,17.09,17.01,16.93,16.86,16.79,16.72,16.64,16.52,16.39,16.27,16.14,16.01,15.88,15.75,15.62,15.55,15.48,15.41,15.34,15.33,15.33,15.32,15.32,15.32,15.31,15.31,15.31,15.47,15.63,15.8,15.96,16.36,16.76,17.16,17.56,17.91,18.27,18.62,18.97,19.3,19.62,19.95,20.27,20.55,20.82,21.09,21.36,21.51,21.67,21.82,21.98,21.98,21.98,21.98,21.98,21.99,22.01,22.02,22.04,21.68,21.31,20.94,20.58,20.69,20.8,20.91,21.02,20.66,20.31,19.96,19.6,,
2017-08-13T00:00:00+00:00,12.99,12.84,12.7,12.53,12.36,12.19,12.02,11.88,11.74,11.6,11.47,11.18,10.89,10.6,10.31,10.49,10.68,10.86,11.04,11.65,12.26,12.87,13.47,14.04,14.6,15.17,15.73,16.16,16.58,17.01,17.43,17.71,17.99,18.27,18.54,18.84,19.13,19.42,19.71,19.96,20.21,20.46,20.72,20.93,21.15,21.36,21.58,21.72,21.87,22.01,22.16,22.25,22.35,22.44,22.53,22.55,22.57,22.59,22.61,22.56,22.52,22.48,22.44,22.28,22.13,21.97,21.82,21.51,21.21,20.9,20.59,20.19,19.79,19.39,18.99,18.74,18.48,18.23,17.97,17.76,17.54,17.33,17.11,16.93,16.74,16.56,16.38,16.24,16.1,15.97,15.83,15.73,15.62,15.52,15.41,15.58,15.75,15.91,16.08,15.98,15.89,15.79,15.7,15.73,15.77,15.81,15.85,15.91,15.96,16.02,16.07,16.2,16.33,16.46,16.59,17.09,17.59,18.1,18.6,19.06,19.52,19.98,20.44,20.83,21.22,21.61,22.0,22.23,22.46,22.69,22.92,23.3,23.68,24.06,24.44,24.61,24.79,24.96,25.13,25.3,25.47,25.64,25.81,25.89,25.97,26.05,26.12,26.22,26.32,26.41,26.51,26.57,26.63,26.69,26.76,26.75,26.74,26.73,26.73,26.59,26.45,26.32,26.18,,
2017-08-14T00:00:00+00:00,12.91,12.92,12.93,12.78,12.62,12.47,12.31,12.3,12.28,12.26,12.25,12.15,12.06,11.97,11.87,12.14,12.41,12.68,12.95,13.42,13.89,14.36,14.84,15.38,15.92,16.47,17.01,17.54,18.06,18.59,19.12,19.61,20.11,20.61,21.1,21.53,21.96,22.39,22.82,23.18,23.53,23.89,24.24,24.54,24.84,25.14,25.44,25.59,25.75,25.9,26.05,26.21,26.37,26.53,26.69,26.78,26.87,26.96,27.05,27.0,26.94,26.88,26.83,26.66,26.5,26.34,26.17,25.89,25.61,25.32,25.04,24.7,24.35,24.0,23.66,23.36,23.06,22.77,22.47,22.3,22.12,21.95,21.77,21.66,21.54,21.42,21.31,21.15,21.0,20.84,20.69,20.54,20.4,20.25,20.1,19.98,19.86,19.73,19.61,19.67,19.74,19.8,19.87,20.2,20.54,20.87,21.21,21.37,21.53,21.69,21.85,21.72,21.59,21.46,21.33,21.49,21.64,21.8,21.95,21.8,21.64,21.49,21.34,21.45,21.56,21.68,21.79,21.85,21.9,21.96,22.01,22.11,22.21,22.32,22.42,22.64,22.86,23.08,23.3,23.17,23.04,22.91,22.78,22.96,23.14,23.32,23.51,23.72,23.93,24.14,24.35,24.34,24.33,24.31,24.3,24.28,24.25,24.23,24.2,23.86,23.51,23.17,22.82,,
2017-08-15T00:00:00+00:00,18.49,18.39,18.29,18.3,18.3,18.31,18.31,18.36,18.4,18.45,18.49,18.44,18.39,18.34,18.29,18.49,18.69,18.89,19.08,19.09,19.1,19.11,19.12,19.49,19.87,20.24,20.61,20.82,21.03,21.24,21.45,21.75,22.05,22.35,22.66,23.0,23.35,23.69,24.04,24.04,24.04,24.04,24.04,24.22,24.4,24.58,24.76,25.1,25.43,25.76,26.1,26.08,26.06,26.04,26.02,25.4,24.77,24.15,23.52,22.84,22.15,21.47,20.79,20.75,20.71,20.68,20.64,20.46,20.28,20.09,19.91,19.82,19.73,19.64,19.55,19.47,19.4,19.32,19.24,19.01,18.77,18.54,18.31,18.12,17.92,17.73,17.54,17.44,17.34,17.24,17.14,17.02,16.9,16.77,16.65,16.46,16.27,16.08,15.89,15.8,15.71,15.62,15.53,15.31,15.09,14.87,14.65,14.51,14.37,14.23,14.09,14.22,14.34,14.46,14.59,14.97,15.36,15.75,16.14,16.52,16.91,17.29,17.68,18.05,18.42,18.79,19.17,19.48,19.78,20.09,20.4,20.62,20.84,21.06,21.28,21.59,21.9,22.22,22.53,22.74,22.96,23.17,23.39,23.72,24.05,24.38,24.71,24.8,24.89,24.99,25.08,24.78,24.48,24.18,23.88,24.16,24.43,24.71,24.98,24.57,24.16,23.76,23.35,,
2017-08-16T00:00:00+00:00,16.59,16.53,16.47,16.35,16.24,16.12,16.0,15.86,15.71,15.57,15.43,15.31,15.2,15.08,14.96,15.08,15.19,15.3,15.42,15.7,15.98,16.25,16.53,16.96,17.38,17.8,18.22,18.64,19.06,19.48,19.89,20.18,20.46,20.74,21.03,21.33,21.63,21.93,22.23,22.51,22.79,23.08,23.36,23.5,23.65,23.79,23.93,24.12,24.3,24.48,24.67,24.64,24.6,24.57,24.54,24.56,24.58,24.6,24.62,24.57,24.51,24.46,24.4,24.29,24.17,24.05,23.93,23.71,23.49,23.27,23.05,22.81,22.57,22.33,22.09,21.85,21.61,21.38,21.14,20.8,20.46,20.13,19.79,19.65,19.51,19.37,19.22,19.08,18.94,18.8,18.65,18.44,18.22,18.01,17.79,17.74,17.69,17.64,17.59,17.45,17.32,17.18,17.05,16.88,16.72,16.56,16.4,16.27,16.15,16.03,15.9,16.0,16.09,16.19,16.28,16.48,16.67,16.87,17.07,17.55,18.04,18.53,19.02,19.43,19.84,20.25,20.66,21.03,21.4,21.77,22.14,22.36,22.57,22.78,23.0,23.42,23.84,24.26,24.68,24.94,25.2,25.46,25.72,25.91,26.1,26.3,26.49,26.44,26.38,26.33,26.28,26.21,26.15,26.09,26.03,26.09,26.15,26.21,26.27,25.62,24.96,24.31,23.66,,
2017-08-17T00:00:00+00:00,16.7,16.59,16.48,16.52,16.56,16.6,16.64,16.74,16.85,16.95,17.05,16.92,16.8,16.68,16.55,16.64,16.73,16.81,16.9,17.07,17.25,17.42,17.59,17.91,18.22,18.53,18.84,19.37,19.91,20.44,20.97,21.4,21.83,22.27,22.7,22.59,22.49,22.39,22.28,22.33,22.38,22.43,22.48,22.84,23.19,23.55,23.91,23.43,22.94,22.46,21.98,22.36,22.73,23.11,23.48,23.69,23.9,24.11,24.32,24.35,24.37,24.39,24.42,24.32,24.23,24.13,24.04,23.79,23.54,23.29,23.04,22.81,22.59,22.36,22.13,21.95,21.76,21.58,21.39,21.22,21.05,20.88,20.7,20.66,20.62,20.58,20.54,20.38,20.23,20.07,19.91,19.77,19.63,19.49,19.35,19.25,19.16,19.06,18.97,18.97,18.97,18.98,18.98,18.95,18.93,18.9,18.88,18.88,18.89,18.89,18.9,18.93,18.96,19.0,19.03,19.11,19.18,19.26,19.34,19.36,19.38,19.4,19.43,19.32,19.21,19.1,19.0,19.12,19.25,19.38,19.5,19.64,19.77,19.91,20.04,20.07,20.11,20.14,20.17,20.34,20.5,20.67,20.84,21.1,21.37,21.63,21.89,22.04,22.18,22.32,22.46,22.53,22.6,22.67,22.73,22.21,21.69,21.17,20.65,20.59,20.52,20.46,20.4,,
2017-08-18T00:00:00+00:00,18.82,18.8,18.77,18.72,18.67,18.62,18.57,18.54,18.51,18.49,18.46,18.42,18.37,18.33,18.29,18.33,18.37,18.41,18.45,18.4,18.35,18.29,18.24,18.33,18.42,18.51,18.59,18.77,18.96,19.14,19.32,19.16,19.0,18.84,18.68,18.64,18.6,18.56,18.52,18.93,19.35,19.76,20.18,20.42,20.67,20.91,21.16,21.37,21.59,21.8,22.02,22.16,22.29,22.43,22.56,22.29,22.01,21.74,21.46,20.97,20.48,19.99,19.5,19.42,19.34,19.26,19.17,18.84,18.5,18.17,17.83,17.49,17.14,16.8,16.46,16.26,16.07,15.87,15.67,15.46,15.24,15.02,14.81,14.63,14.45,14.27,14.1,13.89,13.68,13.47,13.26,13.05,12.83,12.61,12.4,12.22,12.05,11.88,11.71,11.67,11.64,11.6,11.57,11.48,11.39,11.3,11.21,11.12,11.02,10.92,10.82,10.97,11.12,11.27,11.43,11.78,12.13,12.48,12.84,13.28,13.72,14.16,14.6,15.06,15.52,15.98,16.44,16.77,17.1,17.43,17.76,17.99,18.22,18.46,18.69,18.91,19.13,19.35,19.57,19.1,18.62,18.15,17.67,18.13,18.58,19.04,19.49,18.87,18.24,17.61,16.99,17.29,17.59,17.89,18.2,18.1,18.0,17.9,17.8,17.77,17.74,17.71,17.68,,
2017-08-19T00:00:00+00:00,11.59,11.47,11.34,11.25,11.16,11.06,10.97,10.9,10.84,10.77,10.71,10.61,10.52,10.42,10.33,10.47,10.6,10.74,10.88,11.28,11.69,12.09,12.5,12.93,13.36,13.79,14.22,14.72,15.23,15.74,16.24,16.67,17.1,17.53,17.95,18.18,18.4,18.63,18.85,19.07,19.29,19.52,19.74,19.91,20.09,20.26,20.44,20.54,20.64,20.74,20.84,20.93,21.03,21.12,21.21,20.85,20.5,20.14,19.78,19.4,19.01,18.63,18.25,18.31,18.38,18.44,18.51,18.35,18.2,18.04,17.89,17.7,17.52,17.33,17.15,16.86,16.58,16.29,16.0,15.75,15.5,15.24,14.99,14.81,14.63,14.45,14.27,14.15,14.04,13.93,13.81,13.64,13.47,13.3,13.13,13.04,12.94,12.85,12.75,12.74,12.73,12.72,12.71,12.68,12.65,12.63,12.6,12.48,12.36,12.24,12.12,12.2,12.29,12.38,12.46,12.88,13.3,13.71,14.13,14.52,14.92,15.31,15.7,16.04,16.37,16.71,17.05,17.31,17.57,17.83,18.09,18.3,18.51,18.73,18.94,19.15,19.36,19.58,19.79,19.97,20.16,20.34,20.52,20.64,20.76,20.88,21.0,21.06,21.12,21.17,21.23,21.18,21.14,21.09,21.05,20.95,20.85,20.75,20.65,20.47,20.28,20.1,19.91,,
2017-08-20T00:00:00+00:00,11.21,11.09,10.96,10.88,10.8,10.72,10.64,10.56,10.47,10.39,10.3,10.2,10.09,9.99,9.89,10.04,10.19,10.34,10.49,11.03,11.56,12.09,12.63,13.19,13.75,14.31,14.87,15.3,15.72,16.15,16.58,16.89,17.2,17.51,17.82,18.08,18.34,18.61,18.87,19.09,19.31,19.53,19.75,19.94,20.13,20.33,20.52,20.64,20.76,20.87,20.99,21.04,21.09,21.15,21.2,21.19,21.18,21.18,21.17,21.11,21.04,20.97,20.91,20.73,20.55,20.36,20.18,19.85,19.52,19.19,18.86,18.6,18.34,18.08,17.82,17.57,17.31,17.06,16.8,16.65,16.51,16.36,16.21,16.07,15.93,15.79,15.65,15.48,15.32,15.15,14.99,14.96,14.94,14.92,14.9,15.05,15.2,15.35,15.5,15.53,15.56,15.58,15.61,15.52,15.43,15.34,15.25,15.3,15.35,15.4,15.45,15.57,15.69,15.81,15.94,16.25,16.55,16.86,17.17,17.3,17.44,17.57,17.71,18.17,18.62,19.08,19.54,19.96,20.38,20.8,21.22,21.41,21.6,21.79,21.98,21.93,21.89,21.84,21.79,22.29,22.79,23.28,23.78,24.05,24.32,24.6,24.87,24.97,25.06,25.16,25.25,25.32,25.38,25.44,25.5,25.43,25.35,25.28,25.21,25.01,24.82,24.63,24.43,,
2017-08-21T00:00:00+00:00,16.99,16.83,16.66,16.6,16.55,16.49,16.44,16.46,16.48,16.5,16.52,16.5,16.49,16.47,16.45,16.51,16.58,16.64,16.7,16.89,17.07,17.26,17.45,17.47,17.49,17.52,17.54,17.99,18.44,18.89,19.34,19.75,20.17,20.58,20.99,20.95,20.91,20.88,20.84,21.09,21.35,21.61,21.86,21.94,22.03,22.11,22.19,22.5,22.81,23.12,23.43,23.51,23.59,23.67,23.75,23.73,23.7,23.68,23.66,23.61,23.56,23.52,23.47,23.2,22.94,22.67,22.41,22.2,22.0,21.79,21.59,21.38,21.18,20.97,20.77,20.58,20.39,20.2,20.01,19.84,19.67,19.5,19.33,19.12,18.91,18.69,18.48,18.36,18.25,18.13,18.02,17.94,17.85,17.77,17.69,17.6,17.51,17.41,17.32,17.24,17.16,17.08,17.0,16.83,16.66,16.49,16.32,16.12,15.92,15.72,15.52,15.69,15.85,16.02,16.18,16.36,16.53,16.71,16.88,17.49,18.09,18.7,19.3,19.92,20.54,21.16,21.78,22.25,22.71,23.18,23.64,23.97,24.31,24.64,24.97,25.25,25.52,25.79,26.06,26.27,26.48,26.69,26.9,27.07,27.23,27.4,27.56,27.57,27.57,27.57,27.58,27.51,27.44,27.38,27.31,27.13,26.95,26.77,26.59,26.36,26.13,25.9,25.67,,
2017-08-22T00:00:00+00:00,16.89,16.83,16.76,16.68,16.59,16.51,16.42,16.33,16.23,16.14,16.05,15.9,15.75,15.61,15.46,15.7,15.94,16.17,16.41,16.85,17.29,17.73,18.17,18.64,19.12,19.59,20.06,20.61,21.16,21.71,22.26,22.67,23.09,23.5,23.91,24.29,24.66,25.03,25.4,25.72,26.03,26.35,26.67,26.92,27.18,27.43,27.68,27.87,28.06,28.26,28.45,28.5,28.54,28.59,28.64,28.49,28.34,28.19,28.04,28.0,27.96,27.91,27.87,27.66,27.45,27.23,27.02,26.71,26.39,26.08,25.77,25.52,25.26,25.01,24.76,24.45,24.15,23.85,23.54,23.28,23.02,22.76,22.49,22.26,22.02,21.79,21.55,21.42,21.29,21.17,21.04,20.88,20.72,20.55,20.39,20.2,20.0,19.8,19.6,19.43,19.25,19.07,18.9,18.76,18.62,18.49,18.35,18.23,18.11,18.0,17.88,18.09,18.3,18.51,18.72,19.0,19.27,19.54,19.81,20.02,20.23,20.45,20.66,20.85,21.04,21.24,21.43,21.74,22.05,22.36,22.67,22.9,23.13,23.37,23.6,23.73,23.86,23.99,24.12,24.25,24.39,24.52,24.65,24.78,24.91,25.04,25.17,25.28,25.4,25.51,25.62,25.63,25.63,25.64,25.65,25.43,25.21,24.99,24.77,24.45,24.13,23.81,23.49,,
2017-08-23T00:00:00+00:00,19.06,18.86,18.67,18.52,18.37,18.22,18.07,17.92,17.76,17.61,17.45,17.36,17.26,17.16,17.07,17.17,17.28,17.38,17.49,17.9,18.3,18.71,19.12,19.49,19.87,20.25,20.62,21.19,21.75,22.32,22.88,23.2,23.51,23.83,24.14,24.51,24.88,25.25,25.63,25.93,26.24,26.55,26.86,27.07,27.29,27.51,27.72,27.86,27.99,28.12,28.26,27.87,27.49,27.11,26.72,26.62,26.52,26.41,26.31,26.11,25.9,25.7,25.49,25.16,24.83,24.5,24.18,23.77,23.37,22.97,22.57,22.19,21.8,21.42,21.03,20.72,20.41,20.09,19.78,19.54,19.3,19.06,18.82,18.6,18.37,18.15,17.92,17.78,17.63,17.48,17.33,17.23,17.13,17.04,16.94,16.76,16.58,16.39,16.21,16.06,15.91,15.76,15.61,15.52,15.42,15.32,15.23,15.35,15.47,15.6,15.72,15.94,16.16,16.38,16.6,16.84,17.07,17.31,17.55,17.74,17.94,18.14,18.33,18.64,18.94,19.24,19.55,19.75,19.95,20.15,20.36,20.65,20.94,21.23,21.53,21.81,22.1,22.38,22.66,22.92,23.18,23.44,23.7,23.89,24.07,24.26,24.45,24.55,24.65,24.75,24.85,24.9,24.95,25.0,25.05,25.02,25.0,24.97,24.95,24.71,24.48,24.24,24.01,,
2017-08-24T00:00:00+00:00,14.68,14.58,14.47,14.43,14.39,14.35,14.32,14.24,14.17,14.1,14.03,13.96,13.9,13.83,13.77,13.99,14.22,14.45,14.67,15.13,15.58,16.03,16.49,16.99,17.48,17.98,18.48,18.87,19.25,19.63,20.01,20.4,20.79,21.18,21.57,21.85,22.13,22.41,22.69,22.77,22.86,22.94,23.02,23.46,23.9,24.34,24.78,24.92,25.06,25.2,25.34,25.47,25.61,25.74,25.87,25.75,25.63,25.51,25.39,25.36,25.34,25.31,25.29,25.12,24.96,24.8,24.64,24.22,23.79,23.37,22.95,22.68,22.41,22.14,21.87,21.75,21.62,21.5,21.37,21.21,21.05,20.88,20.72,20.36,20.0,19.65,19.29,19.21,19.12,19.04,18.96,18.9,18.84,18.78,18.72,18.71,18.7,18.69,18.68,18.58,18.48,18.38,18.28,18.25,18.21,18.18,18.14,18.13,18.11,18.09,18.08,18.11,18.15,18.18,18.21,18.27,18.34,18.4,18.46,18.93,19.4,19.86,20.33,20.81,21.29,21.77,22.26,22.61,22.97,23.33,23.68,23.97,24.25,24.53,24.81,24.98,25.16,25.33,25.5,26.0,26.5,27.0,27.51,27.79,28.08,28.37,28.65,28.85,29.05,29.25,29.45,29.52,29.58,29.65,29.72,29.62,29.53,29.43,29.34,29.17,29.0,28.83,28.66,,
2017-08-25T00:00:00+00:00,18.3,18.23,18.15,18.08,18.02,17.95,17.88,17.95,18.02,18.08,18.15,18.23,18.3,18.37,18.45,18.41,18.37,18.33,18.29,18.65,19.01,19.37,19.72,20.13,20.54,20.95,21.36,21.76,22.15,22.54,22.93,23.25,23.56,23.88,24.2,23.95,23.69,23.44,23.18,23.3,23.42,23.54,23.67,23.09,22.5,21.92,21.34,21.24,21.14,21.03,20.93,21.09,21.24,21.4,21.56,22.03,22.5,22.98,23.45,23.59,23.72,23.86,23.99,23.86,23.73,23.6,23.47,23.22,22.98,22.73,22.49,22.33,22.18,22.02,21.86,21.65,21.44,21.22,21.01,20.82,20.62,20.43,20.23,20.1,19.97,19.84,19.71,19.62,19.53,19.44,19.35,19.34,19.33,19.32,19.31,19.2,19.09,18.97,18.86,18.78,18.7,18.61,18.53,18.5,18.47,18.44,18.41,18.16,17.91,17.67,17.42,17.51,17.59,17.68,17.77,17.98,18.2,18.42,18.63,18.96,19.28,19.61,19.93,20.37,20.8,21.24,21.67,22.05,22.43,22.81,23.19,23.58,23.96,24.34,24.73,25.02,25.31,25.61,25.9,26.12,26.33,26.55,26.76,26.9,27.03,27.16,27.29,27.37,27.45,27.53,27.61,27.64,27.67,27.7,27.73,27.62,27.51,27.4,27.29,27.11,26.92,26.73,26.54,,
2017-08-26T00:00:00+00:00,16.77,16.77,16.76,16.75,16.74,16.73,16.72,16.74,16.75,16.76,16.77,16.89,17.0,17.12,17.24,17.41,17.58,17.75,17.92,18.09,18.25,18.42,18.58,18.78,18.98,19.17,19.37,19.61,19.85,20.1,20.34,20.52,20.71,20.89,21.08,21.67,22.26,22.85,23.45,23.79,24.12,24.46,24.8,25.12,25.45,25.77,26.09,26.27,26.46,26.64,26.83,26.88,26.92,26.97,27.02,27.02,27.02,27.02,27.02,26.95,26.88,26.81,26.74,26.53,26.33,26.12,25.92,25.58,25.24,24.91,24.57,24.21,23.84,23.48,23.12,22.92,22.72,22.52,22.32,21.95,21.58,21.21,20.84,20.67,20.51,20.34,20.18,20.04,19.89,19.75,19.6,19.43,19.26,19.09,18.91,18.86,18.81,18.76,18.71,18.57,18.43,18.3,18.16,18.16,18.16,18.16,18.16,18.17,18.17,18.18,18.19,18.15,18.11,18.08,18.04,18.36,18.67,18.99,19.31,19.77,20.24,20.7,21.17,21.66,22.16,22.65,23.15,23.67,24.2,24.73,25.25,25.62,25.99,26.36,26.73,26.98,27.23,27.49,27.74,27.95,28.16,28.37,28.58,28.73,28.87,29.01,29.16,29.23,29.31,29.38,29.46,29.45,29.44,29.42,29.41,29.29,29.16,29.04,28.92,28.63,28.34,28.05,27.76,,
2017-08-28T00:00:00+00:00,19.54,19.51,19.47,19.32,19.16,19.01,18.85,18.78,18.71,18.64,18.57,18.51,18.45,18.39,18.33,18.49,18.65,18.81,18.97,19.45,19.93,20.41,20.9,21.42,21.95,22.48,23.01,23.52,24.04,24.56,25.07,25.53,25.99,26.45,26.9,27.21,27.52,27.83,28.13,28.38,28.62,28.87,29.11,29.27,29.43,29.59,29.74,29.91,30.08,30.24,30.41,30.5,30.6,30.7,30.8,30.8,30.8,30.8,30.8,30.66,30.51,30.36,30.21,29.82,29.43,29.05,28.66,28.27,27.89,27.51,27.12,26.86,26.6,26.34,26.08,25.8,25.53,25.25,24.97,24.8,24.63,24.45,24.28,24.1,23.92,23.75,23.57,23.4,23.24,23.07,22.91,22.78,22.65,22.52,22.4,22.27,22.15,22.03,21.9,21.78,21.66,21.54,21.43,21.22,21.02,20.82,20.62,20.52,20.42,20.32,20.22,20.3,20.39,20.47,20.56,21.05,21.55,22.05,22.55,22.96,23.37,23.78,24.19,24.68,25.18,25.68,26.18,26.68,27.19,27.7,28.2,28.68,29.15,29.63,30.11,30.36,30.62,30.87,31.12,31.39,31.65,31.91,32.17,32.34,32.52,32.69,32.86,32.88,32.89,32.9,32.92,32.9,32.89,32.87,32.86,32.77,32.69,32.6,32.52,32.24,31.97,31.69,31.42,,
2017-08-29T00:00:00+00:00,19.75,19.71,19.67,19.71,19.75,19.79,19.83,19.7,19.57,19.44,19.3,19.19,19.08,18.97,18.85,18.98,19.12,19.25,19.38,19.9,20.42,20.95,21.47,21.95,22.42,22.9,23.38,23.9,24.43,24.95,25.47,25.97,26.47,26.96,27.46,27.89,28.32,28.75,29.18,29.47,29.76,30.05,30.34,30.57,30.8,31.03,31.25,31.44,31.64,31.83,32.02,32.05,32.08,32.11,32.14,32.13,32.12,32.11,32.1,31.94,31.78,31.62,31.46,31.15,30.84,30.53,30.22,29.84,29.45,29.06,28.68,28.49,28.3,28.11,27.92,27.86,27.8,27.74,27.69,27.56,27.42,27.29,27.16,25.99,24.81,23.64,22.47,22.31,22.15,22.0,21.84,21.67,21.5,21.33,21.16,21.08,21.0,20.92,20.84,20.7,20.55,20.4,20.25,20.19,20.13,20.07,20.02,20.06,20.11,20.16,20.21,20.18,20.15,20.12,20.08,20.0,19.91,19.82,19.74,19.83,19.92,20.01,20.11,20.23,20.35,20.47,20.59,20.65,20.71,20.77,20.83,20.94,21.06,21.17,21.28,21.17,21.06,20.95,20.84,20.68,20.51,20.35,20.19,20.07,19.95,19.84,19.72,19.77,19.83,19.88,19.93,19.58,19.23,18.88,18.53,18.35,18.17,17.99,17.82,17.55,17.28,17.01,16.75,,
2017-08-30T00:00:00+00:00,22.35,21.92,21.49,21.36,21.22,21.09,20.96,20.72,20.48,20.24,20.0,19.79,19.58,19.37,19.16,19.01,18.86,18.71,18.56,18.78,19.0,19.22,19.43,19.54,19.64,19.75,19.85,19.87,19.88,19.9,19.91,19.99,20.07,20.16,20.24,20.55,20.86,21.16,21.47,21.43,21.39,21.36,21.32,21.38,21.45,21.52,21.59,21.29,20.99,20.69,20.39,20.16,19.94,19.72,19.49,19.21,18.92,18.64,18.36,18.28,18.21,18.13,18.06,17.61,17.17,16.73,16.29,16.07,15.85,15.64,15.42,15.18,14.94,14.71,14.47,14.4,14.33,14.26,14.19,14.15,14.11,14.07,14.04,14.0,13.96,13.92,13.88,13.77,13.67,13.56,13.45,13.38,13.32,13.25,13.18,13.09,13.0,12.91,12.82,12.82,12.81,12.8,12.8,12.79,12.78,12.77,12.76,12.65,12.54,12.43,12.32,12.34,12.36,12.38,12.41,12.57,12.73,12.89,13.05,13.38,13.72,14.05,14.39,14.76,15.13,15.49,15.86,16.16,16.45,16.75,17.05,17.35,17.65,17.95,18.25,18.48,18.71,18.94,19.16,19.38,19.6,19.82,20.04,20.16,20.29,20.41,20.54,20.6,20.66,20.72,20.78,20.79,20.8,20.81,20.82,20.73,20.65,20.57,20.49,20.28,20.08,19.88,19.68,,
2017-08-31T00:00:00+00:00,11.84,11.8,11.76,11.74,11.71,11.69,11.67,11.71,11.74,11.78,11.82,11.71,11.59,11.48,11.37,11.44,11.52,11.59,11.67,11.97,12.26,12.56,12.86,13.18,13.5,13.83,14.15,14.47,14.8,15.12,15.44,15.74,16.04,16.33,16.63,16.85,17.07,17.28,17.5,17.66,17.81,17.97,18.12,18.33,18.53,18.74,18.94,19.04,19.14,19.25,19.35,19.18,19.02,18.86,18.7,18.77,18.85,18.93,19.0,19.07,19.13,19.2,19.26,19.04,18.81,18.59,18.36,17.77,17.17,16.58,15.98,15.84,15.71,15.57,15.43,15.22,15.01,14.81,14.6,14.44,14.28,14.12,13.97,13.8,13.64,13.47,13.31,13.11,12.92,12.73,12.53,12.44,12.35,12.26,12.17,12.12,12.07,12.02,11.97,11.94,11.9,11.87,11.83,11.69,11.54,11.4,11.26,11.09,10.92,10.76,10.59,10.66,10.72,10.79,10.85,11.29,11.73,12.17,12.61,13.16,13.71,14.26,14.81,15.22,15.62,16.03,16.44,16.61,16.78,16.95,17.13,17.25,17.37,17.48,17.6,17.79,17.97,18.15,18.34,18.31,18.28,18.25,18.22,17.98,17.73,17.48,17.23,17.05,16.87,16.69,16.5,16.41,16.31,16.21,16.11,16.31,16.51,16.71,16.92,16.56,16.21,15.85,15.5,,
2017-09-01T00:00:00+00:00,13.4,13.32,13.24,12.96,12.68,12.41,12.13,12.11,12.09,12.07,12.04,12.04,12.04,12.03,12.03,12.08,12.14,12.19,12.25,12.69,13.13,13.57,14.01,14.55,15.08,15.62,16.15,16.53,16.9,17.28,17.66,17.86,18.07,18.28,18.49,18.69,18.89,19.09,19.29,19.49,19.68,19.88,20.07,20.21,20.35,20.49,20.63,20.67,20.7,20.74,20.77,20.82,20.86,20.9,20.95,20.93,20.92,20.9,20.88,20.8,20.72,20.63,20.55,19.54,18.54,17.54,16.54,16.3,16.06,15.82,15.58,15.5,15.42,15.34,15.26,15.28,15.3,15.32,15.34,15.13,14.91,14.7,14.48,14.21,13.94,13.67,13.4,13.25,13.09,12.94,12.79,12.63,12.47,12.3,12.14,11.99,11.83,11.68,11.52,11.46,11.39,11.33,11.26,11.21,11.15,11.1,11.05,10.98,10.92,10.85,10.79,10.83,10.87,10.92,10.96,11.39,11.82,12.25,12.68,13.12,13.55,13.98,14.41,14.92,15.42,15.92,16.43,16.69,16.94,17.2,17.46,17.71,17.96,18.21,18.46,18.41,18.35,18.3,18.24,18.62,19.0,19.38,19.76,19.5,19.23,18.97,18.7,18.98,19.25,19.52,19.8,19.7,19.6,19.5,19.4,19.24,19.09,18.93,18.78,18.43,18.07,17.72,17.36,,
2017-09-02T00:00:00+00:00,10.73,10.57,10.41,10.47,10.53,10.59,10.65,10.61,10.57,10.53,10.49,10.5,10.5,10.5,10.51,10.57,10.64,10.7,10.77,11.08,11.39,11.7,12.01,12.62,13.23,13.85,14.46,14.72,14.99,15.26,15.53,15.97,16.41,16.85,17.29,17.56,17.83,18.1,18.36,18.57,18.77,18.97,19.18,18.94,18.71,18.48,18.24,18.33,18.43,18.52,18.62,18.36,18.11,17.86,17.61,18.05,18.48,18.92,19.36,19.27,19.17,19.08,18.99,18.74,18.49,18.24,17.98,17.64,17.29,16.94,16.59,16.38,16.16,15.94,15.72,15.66,15.6,15.54,15.48,15.25,15.02,14.8,14.57,14.32,14.07,13.82,13.56,13.39,13.21,13.04,12.86,12.76,12.66,12.56,12.45,12.3,12.15,11.99,11.84,11.81,11.78,11.75,11.71,11.62,11.53,11.43,11.34,11.17,11.01,10.85,10.69,10.72,10.75,10.79,10.82,11.13,11.45,11.76,12.07,12.61,13.15,13.69,14.22,14.82,15.41,16.0,16.59,17.02,17.46,17.9,18.33,18.63,18.94,19.24,19.54,19.75,19.96,20.16,20.37,20.51,20.65,20.8,20.94,21.01,21.09,21.16,21.24,21.26,21.28,21.3,21.32,21.3,21.29,21.27,21.25,21.17,21.08,20.99,20.9,20.63,20.37,20.1,19.83,,
2017-09-03T00:00:00+00:00,11.07,10.98,10.89,10.73,10.57,10.41,10.25,10.16,10.06,9.96,9.87,9.88,9.89,9.91,9.92,10.09,10.26,10.43,10.6,10.92,11.24,11.56,11.89,12.44,12.99,13.54,14.1,14.58,15.06,15.54,16.02,16.27,16.52,16.77,17.03,17.27,17.52,17.77,18.02,18.27,18.51,18.75,19.0,19.11,19.22,19.33,19.44,19.43,19.42,19.41,19.41,19.44,19.47,19.5,19.53,19.59,19.65,19.71,19.77,19.49,19.2,18.91,18.62,18.32,18.01,17.7,17.39,17.26,17.13,17.01,16.88,16.81,16.74,16.68,16.61,16.61,16.61,16.62,16.62,16.6,16.58,16.56,16.55,16.56,16.56,16.57,16.58,16.57,16.55,16.54,16.53,16.49,16.46,16.42,16.39,16.3,16.21,16.12,16.03,15.96,15.9,15.83,15.77,15.72,15.68,15.63,15.58,15.56,15.54,15.52,15.5,15.56,15.62,15.68,15.75,15.78,15.8,15.83,15.86,15.92,15.98,16.05,16.11,16.61,17.12,17.63,18.14,18.65,19.16,19.67,20.18,20.54,20.91,21.27,21.63,21.89,22.15,22.4,22.66,22.9,23.14,23.38,23.62,23.69,23.76,23.83,23.9,23.8,23.71,23.61,23.52,23.31,23.09,22.88,22.66,22.48,22.3,22.13,21.95,21.81,21.68,21.54,21.41,,
2017-09-04T00:00:00+00:00,15.16,14.96,14.77,14.69,14.6,14.52,14.43,14.62,14.81,15.01,15.2,15.27,15.35,15.42,15.5,15.56,15.63,15.7,15.77,16.02,16.27,16.52,16.77,16.95,17.13,17.3,17.48,17.9,18.32,18.74,19.15,19.54,19.93,20.32,20.71,21.04,21.37,21.7,22.03,22.1,22.17,22.24,22.32,22.55,22.78,23.01,23.25,23.35,23.45,23.56,23.66,23.74,23.81,23.89,23.97,23.79,23.61,23.43,23.26,23.15,23.04,22.93,22.82,22.62,22.42,22.23,22.03,21.69,21.36,21.03,20.7,20.46,20.22,19.98,19.74,19.65,19.55,19.45,19.35,19.33,19.31,19.28,19.26,19.17,19.09,19.0,18.92,18.92,18.93,18.94,18.94,18.86,18.78,18.7,18.62,18.57,18.52,18.48,18.43,18.27,18.12,17.96,17.81,17.74,17.67,17.6,17.53,17.56,17.59,17.62,17.65,17.63,17.61,17.58,17.56,17.76,17.97,18.17,18.38,18.65,18.91,19.18,19.45,19.57,19.7,19.82,19.95,19.91,19.87,19.83,19.79,19.85,19.92,19.98,20.05,20.02,19.99,19.97,19.94,19.93,19.91,19.9,19.88,20.35,20.82,21.28,21.75,21.64,21.52,21.41,21.3,21.26,21.22,21.18,21.14,21.27,21.4,21.53,21.66,21.47,21.28,21.09,20.91,,
2017-09-05T00:00:00+00:00
2017-09-06T00:00:00+00:00,16.61,16.45,16.29,16.11,15.92,15.74,15.55,15.28,15.01,14.74,14.47,14.31,14.16,14.0,13.84,13.76,13.67,13.59,13.5,13.67,13.85,14.02,14.2,14.48,14.76,15.04,15.33,15.68,16.03,16.38,16.74,16.95,17.16,17.37,17.58,17.79,17.99,18.2,18.4,18.37,18.34,18.32,18.29,18.69,19.08,19.48,19.88,20.02,20.17,20.31,20.45,19.98,19.51,19.04,18.57,18.41,18.24,18.08,17.91,17.79,17.67,17.55,17.43,17.39,17.36,17.32,17.29,17.07,16.84,16.62,16.4,16.23,16.05,15.88,15.7,15.55,15.4,15.25,15.1,15.0,14.9,14.8,14.7,14.45,14.2,13.95,13.71,13.68,13.66,13.63,13.61,13.57,13.54,13.51,13.48,13.47,13.46,13.45,13.44,13.22,13.0,12.78,12.56,12.49,12.42,12.34,12.27,12.42,12.57,12.73,12.88,12.99,13.11,13.22,13.33,13.49,13.65,13.82,13.98,14.2,14.41,14.63,14.85,15.25,15.64,16.03,16.43,16.63,16.84,17.04,17.24,17.5,17.76,18.02,18.28,18.52,18.76,19.0,19.24,19.45,19.66,19.87,20.07,20.19,20.31,20.43,20.55,20.55,20.54,20.53,20.53,20.42,20.31,20.21,20.1,19.91,19.72,19.54,19.35,19.13,18.91,18.68,18.46,,
2017-09-07T00:00:00+00:00,12.82,12.73,12.63,12.58,12.54,12.49,12.44,12.34,12.24,12.14,12.04,12.05,12.07,12.08,12.1,12.12,12.14,12.16,12.18,12.36,12.55,12.73,12.91,13.21,13.51,13.8,14.1,14.48,14.85,15.23,15.61,15.99,16.38,16.76,17.14,17.33,17.52,17.72,17.91,18.26,18.61,18.97,19.32,19.5,19.68,19.86,20.04,20.16,20.27,20.39,20.51,20.53,20.54,20.56,20.58,20.5,20.42,20.34,20.26,20.13,19.99,19.85,19.72,19.44,19.15,18.87,18.59,18.26,17.93,17.59,17.26,17.1,16.94,16.78,16.62,16.5,16.39,16.27,16.16,16.11,16.06,16.01,15.96,15.73,15.51,15.28,15.06,14.88,14.7,14.52,14.34,14.27,14.2,14.12,14.05,13.99,13.93,13.87,13.81,13.84,13.88,13.91,13.95,14.0,14.04,14.09,14.14,14.12,14.11,14.09,14.07,14.16,14.26,14.35,14.44,14.6,14.76,14.92,15.08,15.27,15.46,15.65,15.83,15.86,15.9,15.93,15.96,15.99,16.02,16.05,16.07,16.35,16.63,16.91,17.19,17.49,17.78,18.08,18.38,18.42,18.46,18.5,18.54,18.48,18.41,18.34,18.28,18.41,18.55,18.68,18.81,18.73,18.64,18.55,18.46,18.19,17.92,17.65,17.38,17.2,17.03,16.85,16.68,,
2017-09-08T00:00:00+00:00,14.54,14.49,14.43,14.35,14.27,14.18,14.1,14.0,13.9,13.79,13.69,13.64,13.59,13.54,13.49,13.6,13.71,13.83,13.94,14.1,14.25,14.41,14.56,14.75,14.93,15.12,15.3,15.62,15.93,16.24,16.56,16.49,16.41,16.34,16.26,16.49,16.72,16.94,17.17,17.24,17.31,17.38,17.45,17.65,17.86,18.07,18.28,18.25,18.22,18.19,18.16,18.14,18.11,18.08,18.05,17.89,17.74,17.58,17.42,17.16,16.9,16.63,16.37,16.35,16.34,16.32,16.3,16.22,16.14,16.06,15.98,15.88,15.77,15.66,15.56,15.46,15.36,15.26,15.17,15.01,14.86,14.71,14.55,14.29,14.02,13.76,13.5,13.43,13.37,13.31,13.25,13.3,13.35,13.4,13.45,13.47,13.49,13.51,13.53,13.58,13.62,13.67,13.71,13.73,13.75,13.77,13.78,13.59,13.4,13.21,13.02,12.96,12.9,12.84,12.78,12.9,13.01,13.12,13.24,13.27,13.3,13.33,13.36,13.58,13.8,14.02,14.24,14.53,14.82,15.11,15.4,15.68,15.96,16.24,16.52,16.26,15.99,15.72,15.46,15.16,14.86,14.56,14.27,14.54,14.81,15.08,15.35,15.02,14.69,14.36,14.04,14.33,14.63,14.93,15.23,15.13,15.03,14.93,14.83,14.61,14.38,14.16,13.93,,
2017-09-09T00:00:00+00:00,13.21,13.13,13.05,13.08,13.1,13.12,13.14,13.12,13.09,13.07,13.04,12.95,12.86,12.76,12.67,12.7,12.74,12.77,12.8,12.89,12.97,13.06,13.15,13.32,13.48,13.65,13.82,14.08,14.34,14.6,14.86,15.07,15.29,15.5,15.71,15.86,16.0,16.15,16.29,16.07,15.84,15.62,15.4,15.83,16.26,16.7,17.13,17.18,17.22,17.26,17.3,16.62,15.94,15.26,14.58,14.61,14.64,14.66,14.69,14.36,14.03,13.7,13.37,13.24,13.11,12.99,12.86,12.66,12.45,12.25,12.05,11.93,11.81,11.69,11.57,11.49,11.4,11.31,11.23,11.14,11.06,10.98,10.9,10.89,10.89,10.88,10.88,10.74,10.6,10.46,10.32,10.2,10.07,9.95,9.83,9.74,9.66,9.57,9.49,9.35,9.21,9.07,8.93,8.97,9.0,9.04,9.07,9.03,8.99,8.95,8.91,8.9,8.9,8.89,8.89,9.04,9.2,9.36,9.52,9.94,10.37,10.8,11.23,11.8,12.36,12.92,13.49,13.94,14.4,14.85,15.3,15.56,15.82,16.08,16.33,16.55,16.78,17.0,17.22,17.37,17.52,17.67,17.82,17.95,18.08,18.22,18.35,18.28,18.2,18.12,18.04,17.96,17.87,17.78,17.69,17.64,17.59,17.54,17.49,17.17,16.84,16.52,16.19,,
2017-09-10T00:00:00+00:00,9.47,9.37,9.28,9.19,9.11,9.02,8.94,8.88,8.83,8.77,8.71,8.67,8.64,8.6,8.56,8.61,8.65,8.7,8.75,9.12,9.49,9.87,10.24,10.64,11.05,11.45,11.86,12.37,12.89,13.4,13.92,14.36,14.8,15.24,15.68,15.94,16.21,16.48,16.74,17.0,17.25,17.51,17.76,17.8,17.83,17.87,17.9,17.76,17.62,17.48,17.33,17.65,17.96,18.28,18.59,18.49,18.39,18.28,18.18,18.02,17.85,17.69,17.53,17.29,17.04,16.8,16.56,16.42,16.27,16.13,15.99,15.86,15.74,15.62,15.5,15.36,15.23,15.1,14.96,14.89,14.83,14.76,14.69,14.66,14.64,14.61,14.59,14.54,14.5,14.46,14.41,14.46,14.51,14.57,14.62,14.52,14.42,14.33,14.23,14.08,13.93,13.79,13.64,13.43,13.23,13.03,12.82,12.76,12.7,12.64,12.57,12.49,12.4,12.32,12.23,12.37,12.51,12.65,12.79,12.94,13.1,13.25,13.41,13.6,13.8,14.0,14.2,14.33,14.47,14.61,14.75,15.08,15.41,15.74,16.07,16.22,16.38,16.54,16.69,16.82,16.94,17.06,17.19,17.21,17.23,17.25,17.27,17.25,17.24,17.22,17.2,17.0,16.79,16.59,16.39,15.96,15.54,15.11,14.68,14.49,14.3,14.1,13.91,,
2017-09-11T00:00:00+00:00,14.16,14.18,14.19,14.03,13.87,13.71,13.55,13.35,13.16,12.96,12.76,12.7,12.64,12.58,12.51,12.43,12.34,12.25,12.17,12.16,12.16,12.16,12.15,12.36,12.56,12.76,12.97,13.19,13.42,13.64,13.86,13.96,14.06,14.16,14.26,14.27,14.29,14.3,14.32,14.59,14.85,15.12,15.39,15.41,15.43,15.45,15.47,15.81,16.14,16.47,16.81,16.96,17.11,17.26,17.41,16.65,15.89,15.13,14.37,14.71,15.04,15.38,15.72,15.29,14.86,14.43,14.0,13.86,13.72,13.57,13.43,13.23,13.04,12.84,12.65,12.66,12.68,12.69,12.71,12.63,12.56,12.48,12.41,12.35,12.29,12.24,12.18,12.12,12.06,12.0,11.94,11.85,11.76,11.68,11.59,11.54,11.49,11.44,11.39,11.31,11.23,11.16,11.08,11.03,10.99,10.95,10.9,10.88,10.86,10.83,10.81,10.87,10.92,10.98,11.04,11.19,11.35,11.5,11.66,11.95,12.25,12.55,12.84,13.19,13.54,13.89,14.24,14.52,14.81,15.09,15.37,15.57,15.78,15.98,16.18,16.14,16.1,16.07,16.03,16.36,16.7,17.03,17.36,17.3,17.24,17.19,17.13,17.16,17.19,17.22,17.24,17.12,16.99,16.86,16.73,16.61,16.49,16.36,16.24,15.89,15.53,15.18,14.82,,
2017-09-12T00:00:00+00:00,11.48,11.35,11.22,11.1,10.97,10.85,10.73,10.68,10.62,10.57,10.52,10.43,10.34,10.25,10.16,10.14,10.12,10.11,10.09,10.3,10.51,10.71,10.92,11.25,11.59,11.93,12.26,12.74,13.22,13.7,14.18,14.52,14.86,15.21,15.55,15.83,16.11,16.4,16.68,16.88,17.09,17.29,17.49,17.62,17.75,17.88,18.0,17.9,17.79,17.68,17.58,16.81,16.04,15.27,14.5,14.91,15.33,15.74,16.16,16.29,16.41,16.54,16.66,16.32,15.97,15.63,15.28,15.01,14.75,14.48,14.21,14.1,13.98,13.87,13.75,13.64,13.52,13.4,13.28,13.24,13.19,13.15,13.1,13.17,13.23,13.3,13.36,13.38,13.4,13.42,13.44,13.49,13.54,13.59,13.64,13.71,13.77,13.84,13.91,13.99,14.08,14.17,14.26,14.43,14.61,14.78,14.96,15.17,15.38,15.59,15.8,15.88,15.97,16.05,16.14,16.1,16.05,16.01,15.97,15.82,15.68,15.53,15.38,15.46,15.54,15.61,15.69,15.76,15.82,15.89,15.95,16.35,16.76,17.16,17.56,17.68,17.81,17.94,18.06,18.1,18.14,18.19,18.23,18.39,18.54,18.7,18.86,18.89,18.92,18.94,18.97,19.05,19.13,19.21,19.29,19.06,18.82,18.59,18.35,18.3,18.25,18.19,18.14,,
2017-09-13T00:00:00+00:00,15.83,15.95,16.06,16.03,16.01,15.98,15.95,15.98,16.01,16.04,16.07,16.15,16.22,16.3,16.38,16.48,16.59,16.7,16.8,16.71,16.61,16.51,16.42,16.63,16.85,17.07,17.28,17.33,17.38,17.42,17.47,17.59,17.71,17.83,17.95,17.63,17.31,16.99,16.67,16.67,16.66,16.66,16.65,16.49,16.33,16.17,16.01,15.96,15.91,15.86,15.81,16.24,16.66,17.08,17.51,17.72,17.94,18.16,18.37,18.35,18.32,18.3,18.28,17.22,16.16,15.1,14.04,13.95,13.85,13.76,13.66,13.43,13.2,12.96,12.73,12.71,12.69,12.67,12.65,12.7,12.75,12.8,12.85,12.91,12.97,13.03,13.1,13.11,13.11,13.12,13.13,13.19,13.24,13.3,13.36,13.33,13.3,13.28,13.25,13.1,12.95,12.8,12.65,12.49,12.32,12.16,11.99,11.92,11.84,11.77,11.69,11.51,11.33,11.15,10.97,11.03,11.08,11.14,11.19,11.38,11.56,11.74,11.93,12.15,12.37,12.59,12.81,12.92,13.04,13.15,13.27,13.36,13.45,13.55,13.64,13.25,12.85,12.46,12.06,12.31,12.56,12.81,13.06,12.92,12.79,12.65,12.52,12.67,12.82,12.98,13.13,13.21,13.3,13.38,13.47,13.58,13.7,13.82,13.94,13.82,13.69,13.56,13.43,,
2017-09-14T00:00:00+00:00,12.15,12.17,12.2,12.02,11.84,11.66,11.49,11.45,11.41,11.38,11.34,11.26,11.18,11.1,11.02,11.1,11.18,11.26,11.34,11.39,11.44,11.49,11.54,11.62,11.7,11.78,11.86,12.02,12.17,12.33,12.48,12.52,12.57,12.61,12.65,12.89,13.13,13.37,13.61,13.78,13.95,14.11,14.28,14.26,14.24,14.22,14.2,14.48,14.75,15.03,15.31,15.18,15.04,14.91,14.78,14.44,14.1,13.76,13.42,13.37,13.33,13.28,13.23,13.13,13.04,12.94,12.84,12.77,12.69,12.62,12.55,12.36,12.17,11.98,11.79,11.66,11.54,11.42,11.29,11.27,11.24,11.22,11.19,11.03,10.88,10.72,10.56,10.47,10.37,10.28,10.18,10.09,9.99,9.89,9.79,9.63,9.47,9.31,9.16,8.99,8.83,8.67,8.51,8.41,8.3,8.2,8.1,7.97,7.84,7.71,7.59,7.55,7.51,7.48,7.44,7.61,7.77,7.94,8.1,8.48,8.85,9.22,9.6,10.16,10.71,11.27,11.83,12.12,12.42,12.71,13.01,13.23,13.45,13.67,13.89,14.06,14.23,14.4,14.57,14.43,14.29,14.15,14.02,14.39,14.76,15.14,15.51,15.4,15.28,15.16,15.05,15.0,14.95,14.9,14.85,14.23,13.6,12.98,12.36,12.05,11.75,11.44,11.14,,
2017-09-15T00:00:00+00:00,9.67,9.54,9.4,9.3,9.2,9.1,8.99,8.85,8.7,8.56,8.41,8.28,8.16,8.03,7.9,7.84,7.79,7.73,7.67,7.9,8.14,8.38,8.61,9.03,9.45,9.87,10.3,10.82,11.34,11.86,12.38,12.73,13.08,13.43,13.78,14.06,14.33,14.61,14.88,15.03,15.18,15.33,15.48,15.2,14.91,14.63,14.34,14.72,15.11,15.49,15.87,15.88,15.89,15.9,15.9,15.07,14.23,13.39,12.55,12.66,12.77,12.88,13.0,12.73,12.46,12.19,11.93,11.61,11.3,10.99,10.67,10.5,10.33,10.16,9.99,9.8,9.62,9.43,9.24,9.07,8.89,8.72,8.55,8.38,8.22,8.06,7.89,7.74,7.59,7.44,7.29,7.19,7.08,6.98,6.87,6.78,6.68,6.59,6.49,6.25,6.0,5.76,5.51,5.49,5.47,5.46,5.44,5.46,5.49,5.52,5.55,5.66,5.77,5.89,6.0,6.22,6.44,6.67,6.89,7.2,7.52,7.84,8.16,8.61,9.07,9.52,9.98,10.38,10.78,11.18,11.58,11.97,12.37,12.76,13.16,13.02,12.87,12.73,12.58,12.85,13.11,13.37,13.64,13.85,14.07,14.29,14.51,14.32,14.13,13.94,13.76,13.84,13.92,14.0,14.08,13.92,13.75,13.58,13.42,13.13,12.84,12.55,12.26,,
2017-09-16T00:00:00+00:00,7.91,7.81,7.71,7.6,7.48,7.37,7.25,7.19,7.12,7.06,7.0,6.88,6.77,6.65,6.54,6.5,6.45,6.41,6.36,6.7,7.03,7.36,7.7,8.21,8.71,9.22,9.73,10.27,10.82,11.36,11.91,12.33,12.75,13.17,13.59,13.7,13.8,13.91,14.01,14.27,14.52,14.78,15.03,15.19,15.34,15.49,15.64,15.61,15.57,15.54,15.5,15.61,15.72,15.83,15.93,15.85,15.77,15.69,15.61,15.31,15.0,14.7,14.39,14.23,14.07,13.91,13.75,13.52,13.3,13.08,12.86,12.7,12.54,12.38,12.22,12.05,11.89,11.72,11.55,11.64,11.73,11.82,11.91,11.79,11.67,11.55,11.43,11.23,11.03,10.83,10.63,10.52,10.41,10.3,10.18,10.01,9.83,9.65,9.47,9.32,9.17,9.03,8.88,8.89,8.91,8.93,8.94,8.93,8.91,8.9,8.89,8.76,8.63,8.5,8.38,8.56,8.74,8.92,9.1,9.26,9.42,9.58,9.75,10.13,10.51,10.89,11.27,11.43,11.59,11.75,11.91,12.0,12.09,12.18,12.28,12.36,12.44,12.53,12.61,12.8,12.99,13.18,13.37,13.52,13.67,13.82,13.97,14.07,14.16,14.26,14.36,14.41,14.46,14.5,14.55,14.49,14.42,14.35,14.28,14.09,13.89,13.69,13.5,,
2017-09-17T00:00:00+00:00,9.54,9.51,9.48,9.43,9.37,9.32,9.27,9.3,9.34,9.37,9.41,9.34,9.28,9.22,9.16,9.36,9.56,9.76,9.95,9.93,9.9,9.88,9.85,10.24,10.63,11.02,11.41,11.63,11.84,12.05,12.26,12.55,12.83,13.12,13.4,13.55,13.69,13.84,13.98,14.15,14.32,14.49,14.65,14.48,14.31,14.14,13.97,14.2,14.42,14.64,14.87,14.79,14.71,14.63,14.55,14.44,14.33,14.23,14.12,14.08,14.03,13.99,13.94,13.53,13.12,12.7,12.29,12.06,11.83,11.6,11.37,11.3,11.23,11.16,11.09,10.85,10.61,10.38,10.14,9.99,9.84,9.68,9.53,9.42,9.3,9.18,9.07,9.1,9.14,9.17,9.21,9.27,9.34,9.4,9.46,9.32,9.17,9.02,8.87,8.62,8.36,8.1,7.85,7.57,7.29,7.02,6.74,6.64,6.55,6.45,6.36,6.37,6.39,6.41,6.43,6.66,6.89,7.12,7.35,7.95,8.56,9.17,9.78,10.4,11.03,11.65,12.27,12.8,13.32,13.84,14.37,14.52,14.68,14.83,14.99,15.08,15.18,15.28,15.37,15.62,15.87,16.11,16.36,16.55,16.73,16.92,17.11,16.11,15.12,14.13,13.14,13.42,13.69,13.97,14.24,14.2,14.16,14.12,14.08,13.73,13.38,13.03,12.68,,
2017-09-18T00:00:00+00:00,8.09,8.02,7.95,7.77,7.58,7.4,7.21,7.04,6.87,6.71,6.54,6.26,5.97,5.69,5.41,5.54,5.68,5.81,5.94,6.36,6.78,7.2,7.62,8.07,8.52,8.97,9.42,10.06,10.69,11.33,11.97,12.61,13.24,13.88,14.52,14.65,14.78,14.91,15.03,15.31,15.58,15.85,16.12,16.35,16.58,16.8,17.03,16.98,16.93,16.87,16.82,16.38,15.94,15.49,15.05,14.86,14.67,14.48,14.29,14.07,13.84,13.61,13.39,13.06,12.73,12.4,12.07,11.94,11.81,11.68,11.55,11.49,11.42,11.35,11.29,11.26,11.23,11.2,11.17,11.05,10.92,10.8,10.68,10.45,10.22,9.99,9.76,9.67,9.57,9.48,9.38,9.39,9.39,9.39,9.39,9.43,9.46,9.5,9.54,9.64,9.75,9.85,9.95,9.91,9.87,9.83,9.79,9.78,9.77,9.76,9.75,9.8,9.84,9.89,9.94,10.0,10.05,10.11,10.17,10.37,10.57,10.77,10.97,11.29,11.6,11.91,12.23,12.58,12.94,13.3,13.66,13.87,14.08,14.3,14.51,14.73,14.94,15.15,15.36,15.51,15.66,15.81,15.96,16.03,16.11,16.18,16.26,16.31,16.36,16.41,16.46,16.21,15.96,15.71,15.46,15.37,15.29,15.21,15.13,14.76,14.4,14.03,13.66,,
2017-09-19T00:00:00+00:00,9.72,9.78,9.83,9.92,10.01,10.1,10.18,10.31,10.43,10.55,10.67,10.55,10.43,10.31,10.19,10.12,10.06,10.0,9.94,9.99,10.05,10.1,10.15,10.46,10.77,11.07,11.38,11.46,11.53,11.61,11.68,11.72,11.76,11.8,11.83,12.34,12.84,13.34,13.84,14.1,14.36,14.63,14.89,15.05,15.21,15.38,15.54,15.7,15.85,16.01,16.17,16.32,16.47,16.62,16.77,16.58,16.38,16.18,15.99,15.78,15.57,15.36,15.15,14.75,14.36,13.97,13.57,13.26,12.94,12.62,12.3,12.05,11.79,11.53,11.27,11.09,10.91,10.73,10.55,10.34,10.12,9.9,9.68,9.52,9.36,9.21,9.05,8.89,8.73,8.58,8.42,8.28,8.15,8.01,7.87,7.74,7.6,7.46,7.32,7.23,7.14,7.05,6.96,6.94,6.91,6.89,6.87,6.94,7.02,7.09,7.16,7.09,7.02,6.95,6.88,7.34,7.79,8.25,8.7,9.3,9.9,10.5,11.09,11.69,12.3,12.9,13.5,13.66,13.81,13.97,14.13,14.4,14.67,14.93,15.2,15.45,15.69,15.94,16.18,16.34,16.5,16.67,16.83,16.95,17.08,17.2,17.33,17.04,16.74,16.45,16.16,16.16,16.16,16.17,16.17,16.09,16.0,15.92,15.84,15.71,15.58,15.45,15.32,,
2017-09-20T00:00:00+00:00,8.08,8.04,8.0,7.96,7.92,7.88,7.84,7.78,7.72,7.66,7.6,7.59,7.58,7.57,7.56,7.6,7.63,7.66,7.69,8.17,8.64,9.12,9.59,10.13,10.66,11.2,11.73,12.29,12.85,13.4,13.96,14.29,14.61,14.94,15.27,15.48,15.7,15.92,16.14,16.34,16.54,16.74,16.94,17.04,17.15,17.26,17.37,17.44,17.52,17.6,17.68,17.55,17.42,17.3,17.17,17.22,17.26,17.31,17.35,17.21,17.07,16.93,16.79,16.44,16.09,15.74,15.38,15.1,14.81,14.52,14.23,14.04,13.86,13.67,13.48,13.33,13.18,13.04,12.89,12.75,12.61,12.46,12.32,12.18,12.04,11.9,11.76,11.63,11.5,11.38,11.25,11.08,10.91,10.74,10.58,10.44,10.31,10.17,10.04,9.86,9.68,9.51,9.33,9.18,9.02,8.87,8.71,8.57,8.42,8.28,8.14,8.09,8.04,7.99,7.94,8.23,8.51,8.8,9.08,9.59,10.1,10.61,11.12,11.71,12.3,12.9,13.49,13.99,14.49,14.98,15.48,15.88,16.29,16.69,17.09,17.42,17.74,18.06,18.38,18.57,18.75,18.94,19.12,19.27,19.42,19.57,19.72,19.71,19.71,19.7,19.69,19.61,19.53,19.45,19.37,19.19,19.01,18.82,18.64,18.29,17.95,17.6,17.26,,
2017-09-21T00:00:00+00:00,10.08,10.03,9.99,9.74,9.5,9.25,9.01,8.94,8.86,8.79,8.72,8.76,8.8,8.85,8.89,8.65,8.42,8.18,7.94,8.37,8.79,9.22,9.64,10.12,10.6,11.08,11.56,12.15,12.74,13.34,13.93,14.49,15.04,15.6,16.16,16.52,16.88,17.23,17.59,17.85,18.1,18.35,18.61,18.77,18.93,19.1,19.26,19.34,19.43,19.51,19.59,19.59,19.58,19.58,19.57,19.5,19.43,19.35,19.28,19.09,18.9,18.71,18.53,18.22,17.91,17.61,17.3,17.07,16.85,16.62,16.39,16.11,15.82,15.53,15.25,15.08,14.92,14.75,14.59,14.42,14.24,14.07,13.9,13.87,13.85,13.82,13.79,13.84,13.89,13.93,13.98,13.81,13.65,13.48,13.32,13.23,13.13,13.04,12.95,12.94,12.93,12.93,12.92,12.97,13.02,13.06,13.11,13.14,13.16,13.19,13.21,13.25,13.29,13.32,13.36,13.45,13.54,13.62,13.71,13.77,13.82,13.88,13.93,14.0,14.07,14.15,14.22,14.3,14.39,14.48,14.56,14.68,14.79,14.9,15.02,15.05,15.07,15.1,15.13,15.31,15.49,15.66,15.84,16.28,16.72,17.15,17.59,17.69,17.8,17.9,18.0,18.01,18.02,18.04,18.05,17.77,17.5,17.22,16.94,16.52,16.1,15.68,15.27,,
2017-09-22T00:00:00+00:00,11.4,11.3,11.2,11.08,10.97,10.85,10.74,10.58,10.42,10.27,10.11,10.53,10.95,11.37,11.79,11.98,12.17,12.36,12.55,12.78,13.01,13.24,13.47,13.86,14.24,14.63,15.02,15.24,15.47,15.69,15.91,16.1,16.28,16.46,16.65,16.83,17.02,17.21,17.4,17.6,17.8,18.01,18.21,18.4,18.59,18.78,18.98,18.98,18.99,18.99,18.99,18.97,18.95,18.93,18.9,18.81,18.71,18.61,18.51,18.27,18.03,17.78,17.54,17.08,16.63,16.17,15.71,15.37,15.03,14.68,14.34,14.08,13.81,13.55,13.28,13.1,12.92,12.74,12.56,12.4,12.24,12.08,11.93,11.8,11.67,11.55,11.42,11.26,11.1,10.95,10.79,10.66,10.52,10.39,10.26,10.12,9.98,9.84,9.7,9.6,9.5,9.4,9.29,9.19,9.09,8.99,8.89,8.81,8.72,8.64,8.55,8.56,8.56,8.57,8.58,8.88,9.19,9.49,9.8,10.32,10.84,11.36,11.88,12.43,12.98,13.54,14.09,14.54,15.0,15.45,15.9,16.23,16.56,16.89,17.22,17.49,17.76,18.03,18.3,18.51,18.73,18.94,19.16,19.29,19.43,19.56,19.69,19.73,19.77,19.8,19.84,19.75,19.67,19.58,19.49,19.23,18.97,18.7,18.44,18.02,17.6,17.18,16.76,,
2017-09-23T00:00:00+00:00,9.86,9.89,9.91,9.97,10.04,10.1,10.16,10.09,10.01,9.93,9.85,9.76,9.67,9.57,9.48,9.48,9.48,9.47,9.47,9.72,9.97,10.22,10.47,10.99,11.51,12.04,12.56,13.02,13.48,13.94,14.4,14.9,15.4,15.9,16.4,16.75,17.1,17.45,17.8,18.0,18.19,18.39,18.59,18.76,18.94,19.11,19.29,19.4,19.52,19.63,19.74,19.77,19.79,19.82,19.85,19.79,19.74,19.69,19.64,19.41,19.18,18.95,18.72,18.35,17.98,17.61,17.25,17.04,16.83,16.62,16.41,16.18,15.95,15.72,15.49,15.24,14.99,14.74,14.49,14.28,14.06,13.85,13.63,13.44,13.24,13.05,12.85,12.78,12.7,12.62,12.54,12.46,12.37,12.29,12.2,12.08,11.95,11.82,11.69,11.58,11.47,11.36,11.24,11.17,11.1,11.03,10.96,11.0,11.04,11.08,11.13,11.13,11.13,11.13,11.13,11.33,11.52,11.72,11.92,12.41,12.91,13.41,13.9,14.38,14.86,15.33,15.81,16.43,17.04,17.66,18.28,18.76,19.24,19.73,20.21,20.54,20.87,21.2,21.53,21.76,22.0,22.23,22.47,22.53,22.59,22.66,22.72,22.67,22.62,22.58,22.53,22.47,22.41,22.34,22.28,22.08,21.88,21.68,21.48,21.16,20.85,20.54,20.23,,
2017-09-24T00:00:00+00:00,11.03,11.05,11.08,11.01,10.94,10.87,10.8,10.89,10.98,11.08,11.17,11.16,11.15,11.14,11.13,11.21,11.28,11.36,11.44,11.63,11.83,12.03,12.22,12.64,13.05,13.46,13.87,14.41,14.94,15.48,16.01,16.51,17.01,17.51,18.01,18.49,18.97,19.44,19.92,20.27,20.62,20.97,21.33,21.51,21.69,21.87,22.06,22.16,22.26,22.37,22.47,22.5,22.52,22.54,22.57,22.41,22.26,22.11,21.95,21.71,21.47,21.23,20.99,20.54,20.1,19.66,19.22,18.94,18.66,18.37,18.09,17.89,17.7,17.5,17.3,17.11,16.91,16.72,16.52,16.31,16.09,15.87,15.66,15.48,15.3,15.12,14.94,14.77,14.6,14.42,14.25,14.08,13.91,13.74,13.57,13.42,13.27,13.13,12.98,12.89,12.8,12.72,12.63,12.54,12.45,12.37,12.28,12.16,12.05,11.93,11.81,11.85,11.88,11.91,11.95,12.17,12.39,12.62,12.84,13.03,13.21,13.4,13.58,13.88,14.17,14.47,14.77,15.33,15.89,16.46,17.02,17.41,17.8,18.19,18.58,18.58,18.58,18.58,18.58,18.79,18.99,19.2,19.4,19.58,19.76,19.95,20.13,19.98,19.84,19.69,19.54,19.26,18.99,18.71,18.43,18.25,18.06,17.88,17.7,17.61,17.51,17.42,17.33,,
2017-09-25T00:00:00+00:00,15.05,14.94,14.82,14.6,14.37,14.14,13.92,13.71,13.51,13.31,13.1,12.96,12.81,12.66,12.51,12.59,12.66,12.74,12.82,12.95,13.07,13.2,13.32,13.49,13.66,13.82,13.99,14.24,14.49,14.74,14.99,15.39,15.79,16.19,16.59,16.64,16.68,16.73,16.77,17.16,17.54,17.92,18.3,18.42,18.55,18.68,18.81,18.93,19.05,19.17,19.29,19.5,19.71,19.92,20.13,20.08,20.02,19.96,19.9,19.56,19.22,18.88,18.54,18.27,18.0,17.74,17.47,17.26,17.04,16.83,16.61,16.51,16.41,16.3,16.2,16.14,16.07,16.01,15.95,15.88,15.82,15.76,15.7,15.72,15.74,15.76,15.78,15.76,15.74,15.72,15.7,15.66,15.62,15.58,15.54,15.5,15.46,15.43,15.39,15.32,15.26,15.19,15.13,15.11,15.09,15.07,15.05,14.97,14.9,14.83,14.75,14.75,14.75,14.75,14.74,14.76,14.78,14.8,14.82,14.89,14.96,15.02,15.09,15.2,15.31,15.42,15.53,15.52,15.5,15.49,15.48,15.57,15.66,15.75,15.85,15.88,15.92,15.96,16.0,15.99,15.98,15.97,15.96,15.98,16.0,16.02,16.03,16.09,16.15,16.21,16.28,16.37,16.46,16.55,16.64,16.61,16.58,16.55,16.52,16.32,16.11,15.91,15.7,,
2017-09-26T00:00:00+00:00,15.15,14.99,14.83,14.64,14.45,14.26,14.07,14.14,14.22,14.29,14.37,14.36,14.35,14.34,14.34,14.4,14.47,14.54,14.61,14.68,14.75,14.82,14.89,15.04,15.19,15.35,15.5,15.77,16.04,16.31,16.58,16.86,17.13,17.41,17.69,17.98,18.27,18.56,18.85,19.08,19.31,19.54,19.77,19.99,20.21,20.43,20.64,20.16,19.67,19.18,18.7,18.62,18.54,18.46,18.38,18.31,18.23,18.16,18.09,17.9,17.72,17.53,17.35,17.28,17.21,17.14,17.07,17.12,17.18,17.23,17.28,17.26,17.23,17.2,17.17,17.18,17.18,17.18,17.18,17.09,17.0,16.92,16.83,16.58,16.33,16.08,15.84,15.62,15.41,15.19,14.98,14.84,14.69,14.55,14.4,14.29,14.17,14.05,13.93,13.8,13.67,13.53,13.4,13.23,13.05,12.88,12.7,12.54,12.37,12.2,12.04,12.19,12.34,12.49,12.64,12.73,12.82,12.91,13.0,13.19,13.39,13.58,13.77,13.92,14.07,14.22,14.36,14.59,14.82,15.05,15.27,15.88,16.49,17.1,17.71,17.91,18.12,18.32,18.52,18.69,18.86,19.02,19.19,19.32,19.45,19.58,19.71,19.78,19.85,19.91,19.98,19.96,19.94,19.91,19.89,19.76,19.62,19.48,19.34,19.05,18.75,18.45,18.15,,
2017-09-27T00:00:00+00:00,12.43,12.37,12.32,12.12,11.93,11.74,11.55,11.43,11.32,11.21,11.1,11.15,11.21,11.26,11.32,11.4,11.48,11.57,11.65,11.7,11.76,11.81,11.87,12.01,12.15,12.3,12.44,12.75,13.05,13.36,13.67,14.19,14.71,15.24,15.76,16.3,16.83,17.37,17.91,18.24,18.57,18.9,19.23,19.43,19.63,19.83,20.03,20.14,20.25,20.37,20.48,20.5,20.52,20.54,20.57,20.53,20.49,20.45,20.41,20.21,20.0,19.79,19.59,19.3,19.01,18.73,18.44,18.24,18.04,17.83,17.63,17.61,17.59,17.56,17.54,17.51,17.47,17.44,17.41,17.33,17.24,17.16,17.07,17.01,16.94,16.87,16.81,16.74,16.68,16.62,16.56,16.48,16.41,16.33,16.25,16.15,16.05,15.95,15.85,15.76,15.68,15.59,15.5,15.52,15.55,15.57,15.59,15.5,15.41,15.32,15.23,15.2,15.18,15.15,15.13,15.19,15.26,15.32,15.39,15.47,15.56,15.64,15.73,15.81,15.9,15.98,16.07,16.39,16.72,17.04,17.36,17.64,17.92,18.19,18.47,18.33,18.19,18.05,17.92,18.04,18.17,18.29,18.42,18.46,18.5,18.55,18.59,18.84,19.08,19.33,19.58,19.69,19.8,19.91,20.02,19.95,19.89,19.82,19.76,19.66,19.56,19.46,19.37,,
2017-09-28T00:00:00+00:00,14.77,14.7,14.63,14.59,14.55,14.51,14.47,14.38,14.3,14.21,14.12,14.13,14.14,14.16,14.17,14.2,14.23,14.26,14.29,14.36,14.42,14.49,14.55,15.03,15.5,15.97,16.44,16.99,17.54,18.09,18.64,19.02,19.39,19.76,20.14,20.42,20.71,20.99,21.28,21.55,21.82,22.09,22.37,22.49,22.61,22.74,22.86,22.82,22.79,22.75,22.71,22.68,22.64,22.61,22.57,22.4,22.23,22.06,21.89,21.69,21.48,21.28,21.07,20.9,20.72,20.55,20.38,20.24,20.1,19.96,19.82,19.63,19.45,19.26,19.07,19.0,18.93,18.87,18.8,18.72,18.64,18.55,18.47,18.36,18.25,18.15,18.04,17.96,17.88,17.8,17.72,17.59,17.47,17.34,17.21,17.11,17.0,16.9,16.79,16.69,16.58,16.48,16.38,16.18,15.99,15.79,15.6,15.51,15.43,15.35,15.27,15.34,15.42,15.5,15.57,15.74,15.92,16.09,16.26,16.68,17.09,17.51,17.92,18.22,18.52,18.82,19.12,19.37,19.61,19.86,20.1,20.43,20.75,21.08,21.4,21.72,22.03,22.35,22.66,22.8,22.94,23.08,23.22,23.28,23.34,23.4,23.46,23.42,23.39,23.35,23.31,23.21,23.11,23.0,22.9,22.71,22.51,22.31,22.12,21.81,21.5,21.2,20.89,,
2017-09-29T00:00:00+00:00,15.87,15.86,15.85,15.81,15.76,15.72,15.67,15.57,15.47,15.38,15.28,15.08,14.88,14.68,14.48,14.42,14.37,14.31,14.25,14.57,14.89,15.21,15.53,15.99,16.46,16.93,17.39,17.68,17.96,18.25,18.54,18.97,19.4,19.83,20.27,20.61,20.95,21.29,21.63,21.89,22.14,22.39,22.65,22.8,22.96,23.11,23.27,23.32,23.38,23.44,23.5,23.4,23.31,23.21,23.12,23.08,23.05,23.01,22.97,22.77,22.56,22.35,22.14,21.88,21.61,21.34,21.08,20.86,20.65,20.44,20.22,20.02,19.81,19.6,19.4,19.25,19.11,18.97,18.83,18.31,17.79,17.27,16.76,16.44,16.12,15.8,15.48,15.29,15.1,14.91,14.72,14.41,14.11,13.8,13.49,13.57,13.65,13.73,13.81,13.52,13.24,12.95,12.66,12.74,12.81,12.89,12.97,12.89,12.82,12.75,12.68,12.59,12.5,12.42,12.33,12.44,12.55,12.66,12.78,13.04,13.3,13.56,13.82,14.0,14.19,14.38,14.56,14.6,14.64,14.68,14.72,14.83,14.94,15.05,15.16,15.52,15.89,16.25,16.61,16.5,16.38,16.27,16.15,16.38,16.6,16.83,17.06,17.12,17.18,17.24,17.3,17.26,17.23,17.2,17.16,16.99,16.81,16.63,16.46,16.11,15.77,15.43,15.09,,
2017-09-30T00:00:00+00:00,14.91,14.71,14.51,14.46,14.41,14.35,14.3,14.14,13.97,13.8,13.64,13.54,13.45,13.36,13.26,13.22,13.18,13.14,13.1,13.11,13.12,13.13,13.14,13.19,13.25,13.31,13.36,13.39,13.42,13.44,13.47,13.83,14.19,14.54,14.9,15.11,15.33,15.54,15.75,15.93,16.1,16.27,16.45,16.59,16.73,16.88,17.02,17.08,17.14,17.2,17.26,17.22,17.19,17.15,17.11,17.06,17.0,16.95,16.89,16.68,16.47,16.26,16.05,15.76,15.47,15.17,14.88,14.64,14.39,14.14,13.9,13.7,13.51,13.31,13.12,12.93,12.74,12.56,12.37,12.27,12.16,12.06,11.96,11.87,11.77,11.68,11.58,11.49,11.39,11.3,11.2,11.14,11.07,11.0,10.93,10.87,10.81,10.75,10.68,10.72,10.75,10.78,10.82,10.83,10.84,10.85,10.86,10.98,11.1,11.22,11.35,11.45,11.56,11.66,11.77,11.83,11.88,11.94,11.99,12.04,12.09,12.14,12.18,12.2,12.23,12.25,12.27,12.36,12.46,12.55,12.65,12.82,12.99,13.17,13.34,13.52,13.7,13.89,14.07,14.19,14.32,14.44,14.57,14.6,14.63,14.65,14.68,14.78,14.87,14.96,15.06,15.04,15.02,15.0,14.99,14.98,14.97,14.96,14.96,14.89,14.82,14.75,14.68,,
2017-10-01T00:00:00+00:00,13.41,13.18,12.96,12.89,12.83,12.77,12.71,12.62,12.52,12.43,12.34,12.28,12.22,12.16,12.1,12.12,12.14,12.16,12.19,12.38,12.56,12.75,12.94,13.01,13.07,13.14,13.21,13.24,13.27,13.31,13.34,13.43,13.53,13.62,13.71,13.74,13.77,13.8,13.83,13.83,13.84,13.85,13.85,13.89,13.92,13.96,13.99,14.08,14.17,14.26,14.35,14.42,14.5,14.57,14.65,14.59,14.54,14.48,14.43,14.39,14.35,14.31,14.27,14.26,14.25,14.24,14.23,14.26,14.3,14.33,14.36,14.38,14.4,14.42,14.44,14.38,14.32,14.26,14.2,14.17,14.13,14.1,14.06,14.06,14.05,14.04,14.04,14.05,14.07,14.09,14.1,14.11,14.11,14.12,14.12,14.16,14.2,14.25,14.29,14.42,14.55,14.68,14.81,14.87,14.93,14.98,15.04,15.24,15.44,15.64,15.84,15.73,15.63,15.53,15.43,15.29,15.16,15.02,14.89,14.91,14.93,14.96,14.98,14.96,14.94,14.92,14.9,15.09,15.28,15.47,15.66,15.62,15.59,15.56,15.52,15.59,15.65,15.72,15.78,15.93,16.08,16.22,16.37,16.57,16.76,16.96,17.15,17.26,17.38,17.49,17.61,17.58,17.56,17.53,17.51,17.3,17.08,16.87,16.66,16.52,16.39,16.25,16.11,,
2017-10-02T00:00:00+00:00,15.51,15.65,15.78,15.85,15.91,15.98,16.04,16.04,16.04,16.05,16.05,15.99,15.94,15.88,15.83,15.89,15.96,16.02,16.08,16.06,16.04,16.01,15.99,15.93,15.86,15.8,15.73,15.83,15.94,16.04,16.14,16.36,16.59,16.81,17.03,17.11,17.19,17.27,17.35,17.37,17.39,17.4,17.42,17.49,17.56,17.63,17.7,17.77,17.85,17.92,18.0,17.92,17.85,17.77,17.7,17.74,17.77,17.81,17.85,17.71,17.58,17.45,17.32,17.0,16.68,16.36,16.04,15.94,15.84,15.74,15.65,15.59,15.54,15.49,15.43,15.38,15.32,15.27,15.22,15.04,14.86,14.68,14.5,14.34,14.19,14.03,13.88,13.57,13.26,12.95,12.64,12.54,12.43,12.33,12.23,12.18,12.13,12.08,12.03,11.98,11.93,11.88,11.83,11.68,11.53,11.38,11.23,11.09,10.95,10.81,10.67,10.58,10.49,10.4,10.31,10.4,10.5,10.6,10.69,11.02,11.35,11.68,12.01,12.47,12.92,13.38,13.84,14.08,14.33,14.57,14.82,14.98,15.14,15.3,15.47,15.64,15.81,15.99,16.16,16.31,16.46,16.6,16.75,16.84,16.92,17.01,17.09,17.09,17.09,17.09,17.09,16.99,16.9,16.8,16.71,16.47,16.22,15.98,15.74,15.4,15.05,14.7,14.35,,
2017-10-03T00:00:00+00:00,13.46,13.52,13.58,13.41,13.24,13.07,12.9,12.69,12.48,12.27,12.06,11.86,11.66,11.46,11.27,11.15,11.03,10.91,10.8,10.88,10.96,11.04,11.12,11.45,11.78,12.11,12.44,12.69,12.94,13.18,13.43,13.61,13.79,13.97,14.15,14.38,14.61,14.84,15.06,15.23,15.4,15.57,15.73,15.87,16.01,16.14,16.28,16.38,16.49,16.59,16.7,16.72,16.74,16.76,16.78,16.71,16.63,16.55,16.47,16.24,16.01,15.77,15.54,15.2,14.87,14.53,14.19,13.9,13.61,13.32,13.03,12.83,12.64,12.44,12.24,12.07,11.9,11.73,11.56,11.32,11.08,10.84,10.6,10.49,10.38,10.27,10.16,10.01,9.85,9.7,9.54,9.44,9.35,9.25,9.15,9.04,8.93,8.82,8.71,8.65,8.59,8.53,8.46,8.44,8.41,8.39,8.37,8.38,8.4,8.41,8.43,8.4,8.37,8.35,8.32,8.45,8.57,8.7,8.82,9.3,9.78,10.26,10.74,11.21,11.67,12.13,12.59,12.94,13.29,13.64,13.99,14.21,14.43,14.65,14.86,15.06,15.26,15.46,15.66,15.79,15.93,16.06,16.2,16.27,16.35,16.43,16.5,16.53,16.56,16.58,16.61,16.54,16.46,16.39,16.32,16.08,15.85,15.62,15.38,15.0,14.62,14.24,13.86,,
2017-10-04T00:00:00+00:00,8.46,8.42,8.38,8.35,8.33,8.3,8.28,8.25,8.23,8.21,8.18,8.19,8.19,8.19,8.19,8.22,8.25,8.28,8.31,8.44,8.57,8.7,8.83,9.35,9.88,10.41,10.94,11.36,11.79,12.22,12.65,13.08,13.5,13.93,14.35,14.61,14.86,15.12,15.37,15.57,15.77,15.97,16.17,16.3,16.43,16.56,16.69,16.8,16.91,17.02,17.13,17.14,17.15,17.16,17.17,17.08,16.99,16.9,16.8,16.54,16.28,16.01,15.75,15.39,15.03,14.67,14.32,13.99,13.67,13.35,13.02,12.78,12.53,12.28,12.04,11.83,11.63,11.42,11.22,11.07,10.92,10.78,10.63,10.43,10.24,10.04,9.85,9.68,9.5,9.33,9.16,9.0,8.84,8.68,8.52,8.39,8.26,8.13,8.0,7.97,7.93,7.9,7.86,7.87,7.87,7.87,7.88,7.82,7.76,7.69,7.63,7.64,7.65,7.66,7.67,8.02,8.37,8.71,9.06,9.21,9.36,9.51,9.66,10.06,10.45,10.85,11.25,11.78,12.32,12.85,13.38,14.03,14.67,15.32,15.96,16.09,16.22,16.34,16.47,16.32,16.17,16.03,15.88,15.77,15.67,15.56,15.46,15.44,15.43,15.41,15.4,15.29,15.17,15.06,14.95,14.73,14.5,14.28,14.05,13.63,13.22,12.8,12.39,,
2017-10-05T00:00:00+00:00,9.54,9.48,9.42,9.45,9.49,9.52,9.56,9.62,9.67,9.73,9.79,9.68,9.58,9.47,9.37,9.55,9.74,9.92,10.11,10.21,10.3,10.4,10.5,10.87,11.24,11.61,11.98,12.47,12.95,13.43,13.92,14.36,14.8,15.23,15.67,15.74,15.81,15.89,15.96,16.0,16.04,16.09,16.13,16.21,16.28,16.36,16.43,16.47,16.52,16.56,16.61,16.57,16.52,16.48,16.44,16.42,16.41,16.39,16.38,16.23,16.08,15.93,15.78,15.31,14.85,14.39,13.92,13.64,13.37,13.09,12.81,12.56,12.32,12.07,11.82,11.59,11.35,11.11,10.88,10.7,10.53,10.35,10.17,10.04,9.91,9.78,9.65,9.49,9.33,9.17,9.01,8.88,8.74,8.6,8.46,8.36,8.26,8.15,8.05,7.91,7.78,7.64,7.5,7.46,7.42,7.38,7.34,7.22,7.1,6.98,6.85,6.94,7.02,7.11,7.19,7.37,7.54,7.71,7.88,8.42,8.96,9.49,10.03,10.46,10.89,11.32,11.75,12.05,12.35,12.64,12.94,13.17,13.4,13.62,13.85,14.03,14.21,14.39,14.58,14.7,14.83,14.96,15.09,15.13,15.18,15.23,15.28,15.2,15.12,15.04,14.96,14.77,14.58,14.39,14.19,13.85,13.51,13.17,12.83,12.38,11.93,11.48,11.03,,
2017-10-06T00:00:00+00:00,7.81,7.78,7.74,7.72,7.7,7.67,7.65,7.53,7.41,7.29,7.17,7.09,7.01,6.94,6.86,6.87,6.88,6.89,6.9,7.01,7.12,7.23,7.34,7.75,8.17,8.59,9.0,9.37,9.74,10.11,10.48,10.62,10.75,10.89,11.02,11.42,11.81,12.21,12.61,12.83,13.05,13.27,13.49,13.7,13.9,14.11,14.32,14.46,14.6,14.74,14.88,14.88,14.87,14.87,14.86,14.73,14.61,14.48,14.35,14.01,13.68,13.34,13.0,12.61,12.22,11.83,11.44,11.16,10.88,10.6,10.33,10.07,9.81,9.56,9.3,9.06,8.83,8.59,8.36,8.23,8.1,7.98,7.85,7.73,7.61,7.49,7.37,7.2,7.02,6.85,6.67,6.55,6.43,6.31,6.19,6.07,5.96,5.84,5.73,5.65,5.58,5.51,5.43,5.34,5.25,5.16,5.07,5.02,4.96,4.91,4.85,4.87,4.88,4.9,4.91,5.14,5.37,5.6,5.82,6.44,7.06,7.67,8.29,8.86,9.42,9.98,10.55,10.96,11.38,11.8,12.21,12.54,12.86,13.18,13.51,13.77,14.03,14.28,14.54,14.69,14.83,14.98,15.12,15.11,15.11,15.1,15.1,15.12,15.14,15.17,15.19,15.11,15.04,14.96,14.88,14.74,14.59,14.45,14.3,14.12,13.93,13.74,13.55,,
2017-10-07T00:00:00+00:00,6.1,6.09,6.08,5.99,5.9,5.81,5.72,5.7,5.68,5.67,5.65,5.62,5.59,5.55,5.52,5.61,5.7,5.78,5.87,6.15,6.43,6.71,6.99,7.48,7.96,8.45,8.93,9.46,9.98,10.5,11.03,11.53,12.03,12.53,13.03,13.3,13.58,13.86,14.14,14.38,14.62,14.85,15.09,15.24,15.39,15.54,15.69,15.73,15.76,15.8,15.84,15.82,15.8,15.78,15.76,15.59,15.43,15.26,15.1,14.74,14.39,14.04,13.68,13.5,13.31,13.13,12.94,12.92,12.89,12.87,12.85,12.69,12.53,12.37,12.22,12.13,12.05,11.96,11.88,11.82,11.76,11.7,11.65,11.59,11.53,11.48,11.42,11.55,11.67,11.8,11.93,12.01,12.1,12.18,12.27,12.34,12.4,12.47,12.54,12.53,12.53,12.52,12.52,12.38,12.24,12.1,11.97,11.79,11.61,11.43,11.24,11.14,11.03,10.93,10.82,10.89,10.95,11.01,11.08,11.33,11.58,11.83,12.08,12.35,12.62,12.89,13.15,13.32,13.49,13.67,13.84,14.04,14.24,14.45,14.65,14.74,14.82,14.91,15.0,14.89,14.78,14.67,14.56,14.63,14.7,14.77,14.84,14.96,15.09,15.21,15.33,15.27,15.21,15.15,15.09,14.95,14.8,14.65,14.5,14.33,14.16,13.99,13.82,,
2017-10-08T00:00:00+00:00,11.8,11.68,11.55,11.62,11.69,11.76,11.83,11.93,12.04,12.14,12.25,12.32,12.4,12.48,12.55,12.51,12.46,12.42,12.38,12.26,12.14,12.02,11.9,11.91,11.93,11.94,11.95,12.31,12.67,13.03,13.39,13.64,13.89,14.14,14.39,14.29,14.2,14.1,14.01,14.28,14.56,14.83,15.11,15.3,15.49,15.69,15.88,16.0,16.12,16.25,16.37,16.34,16.3,16.27,16.24,16.15,16.06,15.98,15.89,15.66,15.44,15.21,14.98,14.74,14.49,14.25,14.0,13.84,13.67,13.5,13.34,13.3,13.26,13.22,13.19,13.09,12.99,12.9,12.8,12.81,12.82,12.82,12.83,12.76,12.68,12.61,12.53,12.24,11.95,11.67,11.38,11.17,10.96,10.75,10.54,10.29,10.05,9.8,9.55,9.46,9.36,9.27,9.17,9.06,8.96,8.85,8.74,8.59,8.44,8.29,8.14,7.86,7.58,7.3,7.02,7.28,7.54,7.8,8.06,8.5,8.93,9.37,9.81,10.17,10.54,10.9,11.27,11.7,12.14,12.57,13.01,13.55,14.1,14.65,15.2,15.44,15.68,15.92,16.16,16.33,16.5,16.67,16.84,16.87,16.89,16.92,16.94,16.9,16.85,16.81,16.77,16.69,16.62,16.54,16.47,16.31,16.14,15.98,15.81,15.63,15.45,15.26,15.08,,
2017-10-09T00:00:00+00:00,9.9,9.76,9.61,9.53,9.44,9.36,9.27,8.99,8.71,8.43,8.15,8.58,9.0,9.43,9.85,9.96,10.06,10.16,10.27,10.41,10.55,10.68,10.82,11.06,11.3,11.54,11.78,11.92,12.06,12.21,12.35,12.87,13.39,13.92,14.44,14.83,15.22,15.61,16.0,16.26,16.52,16.78,17.04,16.99,16.94,16.89,16.84,16.85,16.86,16.87,16.87,16.96,17.05,17.14,17.23,17.06,16.88,16.71,16.53,16.33,16.13,15.92,15.72,15.52,15.33,15.13,14.93,14.72,14.51,14.3,14.09,14.0,13.91,13.82,13.74,13.69,13.65,13.6,13.56,13.55,13.53,13.52,13.51,13.43,13.35,13.27,13.2,13.19,13.19,13.18,13.17,13.09,13.01,12.93,12.85,12.89,12.94,12.98,13.03,12.91,12.78,12.66,12.54,12.31,12.09,11.87,11.65,11.51,11.37,11.24,11.1,11.08,11.06,11.03,11.01,11.18,11.35,11.53,11.7,11.98,12.27,12.56,12.84,13.16,13.47,13.79,14.1,14.38,14.67,14.95,15.24,15.44,15.63,15.83,16.03,16.09,16.14,16.2,16.26,16.5,16.75,16.99,17.24,17.33,17.42,17.52,17.61,17.58,17.56,17.53,17.51,17.39,17.27,17.15,17.03,16.77,16.51,16.25,15.99,15.74,15.5,15.25,15.0,,
2017-10-10T00:00:00+00:00,13.96,13.91,13.86,13.58,13.3,13.02,12.74,12.56,12.38,12.2,12.02,11.82,11.63,11.44,11.24,11.03,10.82,10.61,10.4,10.37,10.33,10.29,10.26,10.52,10.78,11.04,11.3,11.65,11.99,12.34,12.69,13.03,13.37,13.71,14.05,14.14,14.23,14.32,14.41,14.88,15.36,15.83,16.31,16.43,16.56,16.68,16.81,16.8,16.78,16.77,16.76,16.83,16.9,16.96,17.03,16.92,16.81,16.7,16.58,16.45,16.32,16.19,16.05,15.9,15.75,15.6,15.45,15.33,15.22,15.1,14.99,14.92,14.85,14.77,14.7,14.6,14.5,14.4,14.3,14.27,14.24,14.2,14.17,14.12,14.08,14.03,13.98,13.93,13.87,13.81,13.76,13.62,13.48,13.34,13.21,13.16,13.11,13.06,13.01,12.98,12.95,12.92,12.9,12.89,12.88,12.87,12.86,12.83,12.8,12.77,12.74,12.82,12.89,12.96,13.03,13.09,13.14,13.19,13.25,13.37,13.49,13.61,13.73,13.91,14.1,14.28,14.46,14.65,14.84,15.04,15.23,15.45,15.67,15.9,16.12,16.35,16.57,16.8,17.02,17.21,17.4,17.58,17.77,17.9,18.02,18.15,18.28,18.34,18.4,18.47,18.53,18.52,18.5,18.48,18.46,18.25,18.03,17.81,17.6,17.28,16.96,16.64,16.32,,
2017-10-11T00:00:00+00:00,13.27,13.29,13.31,13.28,13.25,13.22,13.19,13.25,13.32,13.38,13.45,13.5,13.56,13.62,13.67,13.68,13.68,13.68,13.69,13.73,13.78,13.82,13.87,13.97,14.07,14.17,14.27,14.54,14.82,15.1,15.37,15.64,15.9,16.17,16.43,16.68,16.92,17.16,17.41,17.59,17.77,17.95,18.13,18.26,18.39,18.52,18.65,18.74,18.83,18.92,19.01,19.02,19.03,19.05,19.06,18.97,18.87,18.78,18.69,18.47,18.25,18.03,17.81,17.47,17.13,16.79,16.45,16.24,16.03,15.82,15.61,15.49,15.37,15.25,15.13,15.09,15.04,15.0,14.95,14.83,14.71,14.59,14.47,14.38,14.3,14.21,14.13,14.19,14.25,14.31,14.37,14.19,14.01,13.82,13.64,13.55,13.45,13.36,13.26,13.32,13.38,13.44,13.5,13.6,13.7,13.8,13.9,13.91,13.92,13.92,13.93,13.98,14.03,14.08,14.13,14.2,14.26,14.33,14.39,14.46,14.52,14.59,14.65,14.78,14.91,15.03,15.16,15.49,15.82,16.14,16.47,16.64,16.8,16.97,17.13,17.25,17.36,17.47,17.58,17.53,17.49,17.44,17.39,17.43,17.47,17.52,17.56,17.73,17.91,18.09,18.27,18.24,18.2,18.16,18.13,17.87,17.62,17.37,17.12,16.9,16.68,16.47,16.25,,
2017-10-12T00:00:00+00:00,14.09,14.02,13.95,13.94,13.92,13.91,13.89,13.8,13.71,13.62,13.53,13.53,13.53,13.53,13.53,13.67,13.8,13.94,14.08,14.16,14.24,14.31,14.39,14.6,14.81,15.02,15.23,15.34,15.46,15.57,15.68,15.8,15.92,16.03,16.15,16.46,16.76,17.07,17.38,17.56,17.74,17.93,18.11,18.18,18.25,18.32,18.39,18.33,18.28,18.22,18.17,18.2,18.24,18.27,18.31,18.31,18.31,18.31,18.31,18.14,17.98,17.82,17.65,17.44,17.23,17.02,16.82,16.75,16.68,16.61,16.54,16.43,16.33,16.22,16.12,16.04,15.97,15.89,15.82,15.87,15.92,15.97,16.03,15.97,15.91,15.85,15.79,15.71,15.62,15.54,15.46,15.35,15.25,15.15,15.05,14.91,14.76,14.62,14.48,14.29,14.09,13.89,13.7,13.54,13.38,13.23,13.07,12.95,12.82,12.7,12.57,12.54,12.51,12.48,12.45,12.39,12.34,12.28,12.22,12.47,12.71,12.96,13.21,13.43,13.66,13.88,14.1,14.51,14.92,15.32,15.73,16.27,16.81,17.35,17.89,18.31,18.72,19.14,19.56,19.83,20.09,20.35,20.62,20.68,20.74,20.79,20.85,20.84,20.83,20.82,20.81,20.7,20.59,20.49,20.38,20.12,19.85,19.59,19.33,19.05,18.78,18.5,18.22,,
2017-10-13T00:00:00+00:00,13.74,13.67,13.6,13.26,12.92,12.58,12.23,12.27,12.31,12.35,12.39,12.36,12.34,12.32,12.29,12.37,12.44,12.51,12.59,12.66,12.73,12.8,12.87,13.0,13.13,13.26,13.38,13.68,13.98,14.28,14.57,14.83,15.1,15.36,15.62,15.96,16.31,16.65,16.99,17.25,17.5,17.75,18.01,18.17,18.34,18.5,18.66,18.76,18.86,18.96,19.06,19.06,19.06,19.06,19.06,18.95,18.83,18.72,18.6,18.34,18.09,17.83,17.57,17.29,17.02,16.74,16.47,16.27,16.08,15.89,15.7,15.54,15.37,15.21,15.05,14.88,14.7,14.52,14.35,14.21,14.07,13.94,13.8,13.64,13.47,13.31,13.14,13.01,12.88,12.75,12.62,12.48,12.33,12.19,12.05,12.03,12.01,12.0,11.98,11.96,11.94,11.92,11.9,11.9,11.9,11.9,11.9,11.9,11.91,11.91,11.92,11.92,11.93,11.94,11.95,11.99,12.03,12.08,12.12,12.2,12.29,12.38,12.46,12.6,12.73,12.86,12.99,13.22,13.45,13.67,13.9,14.28,14.67,15.05,15.43,15.82,16.21,16.6,16.98,17.3,17.63,17.95,18.27,18.57,18.88,19.18,19.49,19.63,19.77,19.91,20.04,19.94,19.83,19.73,19.62,19.39,19.15,18.92,18.68,18.42,18.16,17.9,17.64,,
2017-10-14T00:00:00+00:00,13.0,12.94,12.87,12.72,12.57,12.43,12.28,12.23,12.19,12.15,12.1,11.73,11.35,10.98,10.6,10.65,10.71,10.76,10.81,10.81,10.81,10.8,10.8,10.97,11.13,11.3,11.47,11.88,12.3,12.72,13.14,13.68,14.23,14.77,15.31,15.94,16.57,17.19,17.82,18.29,18.76,19.23,19.7,19.99,20.29,20.59,20.88,21.05,21.23,21.4,21.57,21.54,21.5,21.47,21.44,21.28,21.12,20.97,20.81,20.52,20.23,19.94,19.66,19.31,18.97,18.63,18.29,17.95,17.62,17.28,16.95,16.74,16.54,16.33,16.13,15.97,15.81,15.66,15.5,15.35,15.19,15.04,14.88,14.79,14.7,14.61,14.52,14.43,14.34,14.24,14.15,14.13,14.11,14.08,14.06,13.97,13.88,13.79,13.7,13.53,13.36,13.19,13.01,12.83,12.65,12.47,12.29,11.99,11.68,11.38,11.07,10.95,10.83,10.71,10.59,10.26,9.94,9.61,9.29,9.64,9.98,10.33,10.68,11.69,12.7,13.71,14.71,15.3,15.89,16.48,17.06,17.56,18.05,18.55,19.04,19.45,19.85,20.25,20.65,20.9,21.16,21.41,21.66,21.78,21.9,22.01,22.13,22.14,22.14,22.15,22.15,22.02,21.89,21.75,21.62,21.3,20.98,20.65,20.33,20.04,19.74,19.45,19.15,,
2017-10-15T00:00:00+00:00,12.37,12.1,11.84,11.7,11.56,11.42,11.28,10.93,10.59,10.25,9.9,9.79,9.67,9.55,9.43,9.38,9.33,9.28,9.23,9.37,9.51,9.64,9.78,10.11,10.43,10.76,11.09,11.64,12.19,12.74,13.29,13.93,14.56,15.2,15.83,16.54,17.26,17.97,18.68,19.2,19.71,20.23,20.74,21.01,21.27,21.54,21.8,21.95,22.09,22.23,22.38,22.34,22.3,22.27,22.23,22.08,21.93,21.79,21.64,21.3,20.97,20.63,20.29,20.01,19.72,19.43,19.14,19.0,18.87,18.73,18.6,18.5,18.4,18.29,18.19,18.13,18.06,18.0,17.93,17.91,17.89,17.87,17.86,17.83,17.8,17.77,17.74,17.79,17.84,17.89,17.94,17.99,18.03,18.08,18.12,18.04,17.95,17.87,17.79,17.57,17.35,17.12,16.9,16.7,16.49,16.28,16.07,15.7,15.34,14.97,14.6,14.53,14.46,14.39,14.31,14.54,14.77,14.99,15.22,15.52,15.82,16.13,16.43,16.78,17.13,17.49,17.84,18.31,18.78,19.25,19.73,20.1,20.47,20.85,21.22,21.52,21.83,22.13,22.43,22.65,22.86,23.08,23.29,23.36,23.44,23.51,23.58,23.55,23.51,23.48,23.44,23.26,23.08,22.9,22.72,22.37,22.01,21.66,21.3,21.02,20.74,20.45,20.17,,
2017-10-16T00:00:00+00:00,17.47,17.35,17.22,17.02,16.82,16.62,16.42,16.22,16.03,15.84,15.65,15.34,15.04,14.74,14.44,14.27,14.11,13.94,13.78,13.81,13.83,13.86,13.89,14.37,14.85,15.33,15.82,16.23,16.65,17.06,17.48,18.07,18.65,19.24,19.83,20.16,20.49,20.81,21.14,21.43,21.72,22.01,22.3,22.56,22.82,23.08,23.34,23.41,23.48,23.55,23.61,23.54,23.46,23.38,23.3,23.13,22.96,22.79,22.62,22.3,21.98,21.66,21.34,21.1,20.85,20.61,20.36,20.15,19.95,19.74,19.54,19.35,19.16,18.97,18.78,18.63,18.48,18.33,18.18,18.07,17.95,17.84,17.72,17.51,17.3,17.09,16.88,16.67,16.47,16.26,16.06,15.87,15.68,15.49,15.31,15.14,14.97,14.8,14.63,14.45,14.27,14.1,13.92,13.78,13.63,13.49,13.34,13.22,13.1,12.98,12.86,12.81,12.77,12.72,12.67,12.75,12.84,12.92,13.01,13.4,13.8,14.2,14.6,15.15,15.7,16.26,16.81,17.17,17.52,17.88,18.24,18.58,18.92,19.26,19.6,19.83,20.07,20.3,20.53,20.72,20.9,21.09,21.27,21.37,21.48,21.58,21.68,21.67,21.66,21.65,21.64,21.55,21.47,21.38,21.3,21.06,20.83,20.59,20.36,20.12,19.88,19.64,19.39,,
2017-10-17T00:00:00+00:00,14.65,14.53,14.41,14.26,14.11,13.97,13.82,13.68,13.54,13.4,13.26,13.17,13.08,12.99,12.9,12.89,12.88,12.87,12.86,12.97,13.08,13.19,13.31,13.67,14.03,14.39,14.75,15.25,15.74,16.23,16.72,17.08,17.44,17.8,18.16,18.51,18.86,19.2,19.55,19.82,20.09,20.36,20.63,20.87,21.11,21.35,21.59,21.76,21.93,22.09,22.26,22.35,22.44,22.52,22.61,22.48,22.36,22.23,22.11,21.75,21.39,21.03,20.67,20.37,20.07,19.77,19.47,19.21,18.95,18.68,18.42,18.22,18.02,17.82,17.62,17.4,17.19,16.97,16.76,16.53,16.31,16.08,15.86,15.62,15.38,15.13,14.89,14.77,14.64,14.51,14.39,14.1,13.82,13.54,13.26,12.97,12.69,12.4,12.12,11.78,11.43,11.09,10.74,10.74,10.73,10.73,10.73,11.02,11.31,11.59,11.88,11.95,12.01,12.07,12.13,12.23,12.32,12.41,12.51,12.84,13.17,13.5,13.83,14.12,14.42,14.71,15.01,15.46,15.92,16.37,16.83,17.21,17.59,17.98,18.36,18.55,18.74,18.94,19.13,19.15,19.17,19.18,19.2,19.34,19.47,19.6,19.73,19.7,19.66,19.62,19.58,19.53,19.47,19.42,19.36,19.15,18.94,18.72,18.51,18.25,17.98,17.72,17.46,,
2017-10-18T00:00:00+00:00,13.58,13.47,13.35,12.95,12.55,12.15,11.75,11.85,11.96,12.06,12.16,12.09,12.02,11.95,11.88,12.03,12.18,12.33,12.49,12.58,12.68,12.78,12.88,13.27,13.65,14.04,14.43,14.84,15.25,15.67,16.08,16.44,16.79,17.15,17.51,17.89,18.27,18.65,19.03,19.28,19.53,19.78,20.04,20.19,20.34,20.49,20.64,20.62,20.6,20.58,20.56,20.53,20.49,20.46,20.42,20.26,20.1,19.94,19.78,19.56,19.33,19.11,18.88,18.63,18.37,18.12,17.87,17.61,17.35,17.09,16.83,16.61,16.39,16.17,15.95,15.77,15.59,15.42,15.24,15.05,14.87,14.69,14.5,14.38,14.25,14.13,14.0,13.85,13.7,13.55,13.4,13.24,13.07,12.91,12.74,12.59,12.44,12.3,12.15,12.05,11.94,11.84,11.74,11.67,11.6,11.52,11.45,11.32,11.18,11.05,10.92,11.0,11.09,11.17,11.26,11.51,11.76,12.0,12.25,12.62,12.98,13.35,13.71,14.09,14.48,14.86,15.25,15.69,16.13,16.58,17.02,17.36,17.7,18.03,18.37,18.64,18.92,19.19,19.46,19.58,19.69,19.81,19.92,19.93,19.93,19.94,19.94,19.85,19.76,19.66,19.57,19.4,19.23,19.06,18.89,18.65,18.41,18.17,17.93,17.68,17.43,17.17,16.92,,
2017-10-19T00:00:00+00:00,12.31,12.18,12.05,12.07,12.09,12.11,12.13,12.03,11.93,11.83,11.73,11.76,11.79,11.82,11.85,11.85,11.85,11.85,11.84,11.96,12.08,12.21,12.33,12.9,13.48,14.06,14.63,15.27,15.9,16.53,17.17,17.38,17.6,17.81,18.02,18.27,18.52,18.77,19.02,19.18,19.34,19.51,19.67,19.66,19.65,19.64,19.62,19.75,19.87,19.99,20.11,20.11,20.11,20.11,20.11,20.0,19.9,19.8,19.7,19.5,19.3,19.09,18.89,18.59,18.28,17.98,17.67,17.48,17.29,17.1,16.91,16.84,16.77,16.7,16.63,16.52,16.42,16.32,16.21,16.1,15.99,15.89,15.78,15.73,15.68,15.63,15.59,15.53,15.47,15.42,15.36,15.06,14.76,14.46,14.16,14.04,13.92,13.8,13.68,13.71,13.74,13.77,13.8,13.63,13.47,13.3,13.13,12.91,12.69,12.47,12.25,12.03,11.82,11.61,11.39,11.23,11.07,10.9,10.74,10.86,10.97,11.08,11.2,11.44,11.68,11.91,12.15,12.32,12.48,12.64,12.8,13.04,13.28,13.53,13.77,13.96,14.16,14.36,14.56,14.68,14.8,14.92,15.04,15.08,15.13,15.18,15.22,15.22,15.22,15.21,15.21,15.12,15.03,14.94,14.85,14.67,14.49,14.32,14.14,13.85,13.57,13.28,13.0,,
2017-10-20T00:00:00+00:00,14.5,14.46,14.42,14.37,14.32,14.27,14.22,13.93,13.64,13.36,13.07,12.78,12.48,12.19,11.89,11.76,11.62,11.49,11.36,11.34,11.32,11.3,11.28,11.48,11.67,11.87,12.07,12.29,12.52,12.74,12.96,13.1,13.23,13.37,13.5,13.64,13.79,13.93,14.08,14.24,14.4,14.56,14.72,14.84,14.95,15.07,15.18,15.24,15.3,15.36,15.42,15.4,15.38,15.36,15.34,15.26,15.17,15.09,15.0,14.77,14.53,14.3,14.06,13.81,13.55,13.3,13.05,12.89,12.73,12.57,12.41,12.29,12.18,12.06,11.95,11.92,11.9,11.87,11.85,11.98,12.11,12.24,12.38,12.56,12.75,12.94,13.12,13.2,13.28,13.36,13.44,13.5,13.55,13.6,13.65,13.79,13.93,14.07,14.22,14.45,14.69,14.92,15.16,15.32,15.48,15.64,15.81,15.88,15.96,16.04,16.11,16.1,16.09,16.09,16.08,16.0,15.92,15.84,15.76,15.62,15.47,15.33,15.19,15.06,14.94,14.82,14.7,14.75,14.79,14.84,14.88,14.8,14.71,14.62,14.53,14.5,14.46,14.43,14.39,14.61,14.82,15.03,15.24,15.42,15.59,15.76,15.93,15.98,16.02,16.06,16.11,15.89,15.67,15.45,15.24,14.74,14.24,13.75,13.25,13.08,12.92,12.75,12.59,,
2017-10-21T00:00:00+00:00,12.65,12.89,13.13,13.27,13.41,13.55,13.69,13.86,14.04,14.21,14.39,14.4,14.41,14.42,14.43,14.42,14.41,14.4,14.39,14.36,14.33,14.3,14.27,14.37,14.47,14.56,14.66,14.73,14.79,14.86,14.93,15.08,15.22,15.37,15.52,15.72,15.92,16.12,16.32,16.16,16.0,15.84,15.69,15.6,15.51,15.43,15.34,15.41,15.48,15.55,15.62,15.26,14.9,14.54,14.18,13.87,13.55,13.24,12.92,12.77,12.63,12.48,12.33,12.13,11.93,11.73,11.53,11.43,11.33,11.24,11.14,11.04,10.95,10.85,10.75,10.66,10.57,10.48,10.39,10.37,10.34,10.32,10.29,10.25,10.21,10.17,10.13,10.07,10.01,9.95,9.89,9.78,9.67,9.56,9.45,9.44,9.42,9.41,9.39,9.4,9.4,9.4,9.41,9.32,9.24,9.16,9.07,9.15,9.23,9.3,9.38,9.4,9.42,9.44,9.46,9.49,9.52,9.55,9.58,9.67,9.76,9.85,9.94,10.18,10.42,10.66,10.9,10.98,11.06,11.14,11.22,11.54,11.87,12.19,12.52,12.72,12.92,13.13,13.33,13.34,13.36,13.37,13.39,13.32,13.24,13.17,13.1,13.01,12.92,12.84,12.75,12.77,12.79,12.82,12.84,12.58,12.32,12.07,11.81,11.49,11.17,10.85,10.53,,
2017-10-22T00:00:00+00:00,9.25,9.23,9.2,9.13,9.06,8.99,8.92,8.93,8.93,8.94,8.94,8.98,9.01,9.04,9.08,9.05,9.03,9.0,8.97,8.97,8.97,8.97,8.97,9.15,9.33,9.5,9.68,9.85,10.03,10.21,10.38,10.7,11.01,11.32,11.63,11.79,11.94,12.1,12.25,12.31,12.37,12.43,12.48,12.72,12.97,13.21,13.45,13.43,13.42,13.41,13.39,13.1,12.81,12.52,12.23,12.37,12.5,12.64,12.77,12.48,12.19,11.9,11.62,11.53,11.45,11.37,11.29,11.18,11.08,10.97,10.87,10.78,10.69,10.6,10.51,10.42,10.32,10.23,10.14,10.08,10.03,9.97,9.91,9.98,10.06,10.13,10.2,10.13,10.05,9.98,9.91,9.77,9.63,9.49,9.35,9.3,9.25,9.2,9.15,9.27,9.4,9.53,9.66,9.67,9.68,9.69,9.7,9.55,9.4,9.25,9.1,9.05,9.0,8.95,8.89,8.88,8.87,8.85,8.84,9.0,9.17,9.33,9.5,9.9,10.3,10.69,11.09,11.38,11.67,11.96,12.25,12.58,12.92,13.25,13.59,13.8,14.02,14.24,14.46,14.64,14.82,15.01,15.19,15.18,15.17,15.16,15.15,15.14,15.14,15.13,15.12,15.04,14.96,14.89,14.81,14.6,14.39,14.18,13.98,13.89,13.81,13.73,13.65,,
2017-10-23T00:00:00+00:00,9.35,9.24,9.14,9.05,8.97,8.88,8.8,8.79,8.78,8.77,8.76,8.8,8.85,8.89,8.93,8.9,8.88,8.85,8.82,8.82,8.82,8.81,8.81,8.96,9.11,9.26,9.41,9.58,9.75,9.92,10.09,10.26,10.42,10.58,10.74,10.85,10.97,11.08,11.19,11.29,11.39,11.48,11.58,11.92,12.25,12.58,12.92,12.89,12.87,12.84,12.81,12.85,12.88,12.91,12.95,12.92,12.89,12.86,12.84,12.81,12.79,12.76,12.73,12.72,12.7,12.68,12.66,12.65,12.64,12.63,12.62,12.63,12.65,12.66,12.67,12.69,12.7,12.72,12.74,12.74,12.75,12.75,12.76,12.77,12.77,12.78,12.79,12.79,12.79,12.79,12.79,12.79,12.78,12.78,12.78,12.79,12.81,12.83,12.85,12.93,13.01,13.09,13.18,13.26,13.35,13.44,13.53,13.53,13.53,13.53,13.54,13.57,13.6,13.64,13.67,13.74,13.81,13.89,13.96,14.12,14.28,14.44,14.6,14.79,14.98,15.17,15.36,15.51,15.65,15.8,15.95,16.06,16.17,16.27,16.38,16.42,16.46,16.5,16.55,16.53,16.51,16.49,16.48,16.51,16.55,16.59,16.63,16.67,16.71,16.75,16.79,16.69,16.59,16.5,16.4,16.18,15.95,15.73,15.51,15.28,15.05,14.83,14.6,,
2017-10-24T00:00:00+00:00,13.28,13.29,13.31,13.27,13.23,13.19,13.16,13.14,13.11,13.09,13.07,13.05,13.04,13.02,13.0,13.05,13.1,13.15,13.21,13.28,13.35,13.42,13.5,13.57,13.65,13.73,13.8,13.85,13.9,13.94,13.99,14.22,14.46,14.69,14.92,15.19,15.47,15.74,16.01,16.41,16.8,17.2,17.59,17.68,17.77,17.86,17.95,17.92,17.9,17.87,17.84,17.72,17.61,17.49,17.38,17.33,17.28,17.23,17.18,17.04,16.9,16.76,16.62,16.52,16.42,16.32,16.22,16.12,16.03,15.94,15.84,15.81,15.79,15.76,15.73,15.63,15.52,15.42,15.31,15.25,15.19,15.13,15.06,15.06,15.05,15.05,15.05,14.87,14.7,14.53,14.36,14.26,14.16,14.07,13.97,13.91,13.86,13.81,13.75,13.69,13.63,13.56,13.5,13.41,13.32,13.23,13.14,12.99,12.83,12.67,12.52,12.48,12.44,12.4,12.36,12.33,12.3,12.27,12.24,12.27,12.31,12.35,12.38,12.51,12.63,12.75,12.88,13.12,13.36,13.59,13.83,14.16,14.5,14.83,15.16,15.57,15.99,16.4,16.82,17.17,17.52,17.88,18.23,18.4,18.58,18.75,18.93,18.98,19.04,19.09,19.15,19.03,18.91,18.79,18.67,18.43,18.19,17.95,17.71,17.39,17.08,16.76,16.44,,
2017-10-25T00:00:00+00:00,13.47,13.42,13.36,13.39,13.42,13.46,13.49,13.49,13.49,13.49,13.48,13.52,13.55,13.59,13.63,13.55,13.48,13.41,13.33,13.32,13.31,13.3,13.29,13.37,13.45,13.53,13.61,13.74,13.88,14.01,14.14,14.44,14.73,15.03,15.32,15.64,15.95,16.27,16.58,16.84,17.09,17.34,17.6,17.73,17.87,18.01,18.14,18.24,18.34,18.44,18.53,18.53,18.52,18.52,18.51,18.41,18.32,18.22,18.12,17.94,17.75,17.56,17.37,17.18,16.99,16.79,16.6,16.43,16.26,16.09,15.92,15.71,15.5,15.29,15.08,14.87,14.65,14.44,14.23,14.07,13.9,13.74,13.57,13.43,13.29,13.14,13.0,12.78,12.55,12.33,12.11,12.0,11.89,11.79,11.68,11.73,11.77,11.81,11.86,11.91,11.95,12.0,12.05,12.04,12.04,12.04,12.04,12.05,12.07,12.08,12.1,12.16,12.22,12.29,12.35,12.35,12.36,12.36,12.37,12.4,12.44,12.47,12.5,12.6,12.69,12.79,12.89,13.1,13.32,13.53,13.75,14.04,14.34,14.63,14.92,15.22,15.52,15.81,16.11,16.36,16.61,16.86,17.11,17.2,17.3,17.39,17.49,17.51,17.53,17.56,17.58,17.49,17.41,17.32,17.23,17.08,16.92,16.76,16.61,16.56,16.51,16.46,16.41,,
2017-10-26T00:00:00+00:00,10.55,10.53,10.51,10.52,10.54,10.56,10.57,10.52,10.46,10.4,10.34,10.29,10.24,10.19,10.15,10.23,10.32,10.41,10.5,10.54,10.58,10.63,10.67,10.75,10.83,10.92,11.0,11.18,11.36,11.54,11.71,11.97,12.22,12.47,12.72,13.07,13.42,13.77,14.11,14.47,14.82,15.17,15.52,15.85,16.19,16.52,16.86,17.11,17.37,17.62,17.87,17.97,18.08,18.18,18.28,18.13,17.99,17.84,17.7,17.37,17.04,16.72,16.39,16.05,15.7,15.36,15.02,14.78,14.55,14.31,14.08,13.94,13.8,13.66,13.52,13.47,13.42,13.38,13.33,13.19,13.05,12.91,12.77,12.56,12.35,12.14,11.93,11.7,11.48,11.25,11.02,10.92,10.82,10.71,10.61,10.52,10.43,10.34,10.25,10.23,10.21,10.19,10.17,10.24,10.31,10.37,10.44,10.41,10.38,10.35,10.32,10.35,10.39,10.42,10.45,10.48,10.52,10.55,10.58,10.91,11.25,11.58,11.91,12.23,12.56,12.88,13.2,13.41,13.62,13.83,14.04,14.39,14.75,15.1,15.46,15.59,15.73,15.86,16.0,16.05,16.11,16.16,16.21,16.17,16.14,16.1,16.06,15.94,15.82,15.7,15.58,15.32,15.07,14.81,14.56,14.18,13.81,13.44,13.06,12.8,12.53,12.27,12.01,,
2017-10-27T00:00:00+00:00,11.51,11.27,11.03,11.06,11.1,11.14,11.17,11.24,11.3,11.37,11.43,11.49,11.55,11.61,11.67,11.77,11.86,11.96,12.05,12.09,12.12,12.16,12.2,12.36,12.53,12.69,12.86,13.11,13.36,13.61,13.86,13.9,13.93,13.97,14.0,14.02,14.03,14.05,14.07,13.89,13.71,13.53,13.35,13.74,14.14,14.54,14.94,15.01,15.08,15.15,15.22,15.14,15.06,14.98,14.9,14.68,14.47,14.25,14.04,13.69,13.35,13.01,12.67,12.41,12.15,11.89,11.62,11.42,11.21,11.01,10.8,10.9,11.0,11.1,11.2,11.02,10.85,10.67,10.5,10.22,9.94,9.65,9.37,9.12,8.86,8.6,8.34,8.16,7.97,7.78,7.59,7.47,7.35,7.23,7.11,6.94,6.77,6.6,6.43,6.33,6.23,6.14,6.04,5.96,5.88,5.8,5.72,5.64,5.55,5.47,5.39,5.38,5.36,5.34,5.33,5.27,5.21,5.16,5.1,5.38,5.65,5.93,6.2,6.66,7.11,7.56,8.01,8.61,9.2,9.8,10.4,10.83,11.25,11.68,12.11,12.4,12.69,12.98,13.27,13.35,13.44,13.52,13.6,13.72,13.84,13.96,14.08,14.01,13.95,13.88,13.82,13.66,13.5,13.34,13.18,12.91,12.65,12.38,12.12,11.85,11.57,11.3,11.03,,
2017-10-28T00:00:00+00:00,6.36,6.23,6.11,6.04,5.98,5.91,5.85,5.77,5.69,5.61,5.53,5.34,5.14,4.95,4.76,4.48,4.2,3.92,3.63,3.56,3.48,3.4,3.33,3.81,4.28,4.76,5.24,5.88,6.52,7.16,7.8,8.42,9.05,9.68,10.3,10.67,11.04,11.41,11.77,11.98,12.18,12.38,12.58,12.73,12.89,13.04,13.19,13.26,13.34,13.41,13.48,13.42,13.36,13.3,13.24,13.08,12.93,12.78,12.62,12.36,12.1,11.83,11.57,11.33,11.1,10.87,10.64,10.54,10.43,10.33,10.23,10.42,10.61,10.8,10.99,11.13,11.27,11.41,11.55,11.54,11.53,11.51,11.5,11.51,11.51,11.52,11.52,11.54,11.55,11.57,11.58,11.56,11.54,11.52,11.5,11.48,11.46,11.44,11.42,11.42,11.42,11.42,11.42,11.44,11.46,11.48,11.5,11.58,11.67,11.76,11.85,11.93,12.02,12.11,12.2,12.21,12.23,12.24,12.26,12.24,12.23,12.21,12.2,12.22,12.24,12.26,12.29,12.44,12.6,12.76,12.92,13.15,13.37,13.6,13.83,14.04,14.24,14.44,14.65,14.63,14.61,14.59,14.56,14.38,14.2,14.02,13.84,13.68,13.51,13.35,13.19,12.95,12.71,12.48,12.24,12.03,11.81,11.6,11.38,11.15,10.92,10.68,10.45,,
2017-10-29T00:00:00+00:00,11.99,12.02,12.05,12.1,12.15,12.2,12.25,12.18,12.11,12.04,11.97,12.0,12.02,12.05,12.07,12.07,12.07,12.07,12.07,12.05,12.04,12.03,12.02,12.04,12.05,12.07,12.09,12.17,12.24,12.31,12.39,12.46,12.54,12.62,12.7,12.95,13.2,13.46,13.71,13.73,13.76,13.79,13.81,13.83,13.85,13.87,13.89,13.43,12.97,12.51,12.05,12.01,11.97,11.93,11.89,11.83,11.77,11.71,11.65,11.43,11.21,10.98,10.76,10.55,10.34,10.14,9.93,9.91,9.88,9.86,9.84,9.61,9.38,9.15,8.92,8.67,8.42,8.17,7.92,7.79,7.66,7.53,7.4,7.29,7.19,7.09,6.98,6.88,6.78,6.68,6.58,6.5,6.43,6.35,6.28,6.21,6.15,6.09,6.03,6.03,6.02,6.02,6.01,6.02,6.02,6.03,6.04,6.0,5.96,5.93,5.89,5.92,5.96,5.99,6.02,6.03,6.03,6.04,6.05,6.35,6.65,6.95,7.25,7.65,8.05,8.45,8.85,9.15,9.44,9.73,10.02,10.33,10.63,10.93,11.24,11.34,11.44,11.54,11.65,11.69,11.73,11.78,11.82,11.85,11.89,11.92,11.95,11.91,11.88,11.85,11.82,11.62,11.43,11.23,11.04,10.71,10.39,10.07,9.75,9.52,9.3,9.08,8.86,,
2017-10-30T00:00:00+00:00,5.93,5.87,5.8,5.72,5.64,5.56,5.48,5.35,5.23,5.11,4.98,4.94,4.89,4.84,4.8,4.74,4.69,4.64,4.59,4.53,4.48,4.43,4.38,4.66,4.95,5.24,5.52,6.11,6.69,7.27,7.85,8.18,8.51,8.84,9.17,9.32,9.47,9.62,9.77,9.89,10.02,10.15,10.27,10.39,10.51,10.63,10.74,10.84,10.94,11.04,11.14,11.14,11.15,11.16,11.17,10.97,10.77,10.58,10.38,10.11,9.84,9.56,9.29,9.0,8.71,8.43,8.14,7.87,7.61,7.34,7.08,6.92,6.76,6.6,6.44,6.32,6.21,6.09,5.98,5.85,5.73,5.6,5.47,5.39,5.3,5.21,5.12,5.05,4.99,4.92,4.85,4.76,4.68,4.59,4.51,4.42,4.34,4.26,4.17,4.1,4.04,3.97,3.9,3.84,3.79,3.73,3.68,3.59,3.51,3.43,3.34,3.37,3.39,3.41,3.44,3.46,3.47,3.49,3.51,3.85,4.19,4.53,4.87,5.34,5.81,6.27,6.74,7.14,7.55,7.96,8.36,8.68,9.01,9.33,9.65,9.88,10.12,10.36,10.59,10.74,10.89,11.03,11.18,11.21,11.24,11.28,11.31,11.3,11.3,11.29,11.29,11.16,11.03,10.9,10.76,10.51,10.25,10.0,9.74,9.5,9.25,9.0,8.75,,
2017-10-31T00:00:00+00:00,3.97,3.96,3.95,3.9,3.86,3.81,3.77,3.71,3.66,3.61,3.56,3.51,3.46,3.41,3.36,3.39,3.42,3.45,3.48,3.45,3.43,3.4,3.37,3.69,4.01,4.34,4.66,4.98,5.29,5.61,5.93,6.26,6.59,6.92,7.26,7.73,8.21,8.69,9.17,9.52,9.86,10.21,10.56,10.71,10.85,11.0,11.14,11.22,11.29,11.37,11.45,11.43,11.42,11.4,11.39,11.25,11.12,10.99,10.86,10.51,10.16,9.81,9.46,9.22,8.97,8.72,8.48,8.36,8.24,8.12,8.0,7.9,7.81,7.71,7.62,7.45,7.28,7.11,6.95,6.82,6.69,6.56,6.43,6.29,6.15,6.01,5.87,5.73,5.59,5.45,5.31,5.2,5.09,4.98,4.87,4.8,4.73,4.66,4.58,4.56,4.53,4.5,4.47,4.37,4.28,4.18,4.09,3.95,3.81,3.67,3.53,3.52,3.51,3.49,3.48,3.46,3.43,3.41,3.39,3.67,3.94,4.22,4.5,4.96,5.42,5.88,6.33,6.92,7.51,8.1,8.69,9.09,9.49,9.89,10.29,10.67,11.05,11.43,11.8,12.13,12.45,12.77,13.1,13.33,13.57,13.8,14.04,13.97,13.9,13.83,13.76,13.5,13.25,12.99,12.74,12.47,12.19,11.92,11.65,11.4,11.15,10.9,10.65,,
2017-11-01T00:00:00+00:00,5.08,4.9,4.71,4.59,4.46,4.34,4.22,4.25,4.29,4.32,4.36,4.23,4.1,3.97,3.84,3.81,3.78,3.74,3.71,3.75,3.79,3.82,3.86,4.12,4.38,4.64,4.9,5.5,6.11,6.71,7.31,7.71,8.11,8.51,8.91,9.22,9.52,9.83,10.14,10.59,11.04,11.48,11.93,12.08,12.23,12.38,12.53,12.71,12.9,13.08,13.27,13.32,13.37,13.42,13.48,13.23,12.99,12.75,12.51,12.23,11.95,11.67,11.39,11.21,11.02,10.84,10.65,10.54,10.42,10.3,10.18,10.06,9.94,9.82,9.7,9.64,9.59,9.53,9.47,9.43,9.39,9.34,9.3,9.21,9.12,9.02,8.93,8.67,8.41,8.15,7.89,7.75,7.61,7.47,7.34,7.17,7.0,6.84,6.67,6.56,6.45,6.33,6.22,6.26,6.3,6.33,6.37,6.48,6.59,6.71,6.82,6.91,7.01,7.1,7.2,7.27,7.35,7.43,7.51,7.65,7.8,7.94,8.09,8.35,8.61,8.87,9.13,9.46,9.8,10.14,10.48,10.85,11.23,11.61,11.99,12.18,12.37,12.57,12.76,12.84,12.92,13.0,13.08,13.16,13.23,13.31,13.39,13.38,13.37,13.36,13.35,13.23,13.11,12.99,12.87,12.56,12.24,11.93,11.62,11.49,11.36,11.24,11.11,,
2017-11-04T00:00:00+00:00,9.46,9.3,9.15,9.15,9.15,9.15,9.15,9.08,9.01,8.94,8.87,8.9,8.93,8.96,9.0,9.02,9.04,9.06,9.08,9.17,9.27,9.36,9.46,9.52,9.58,9.64,9.7,9.89,10.08,10.27,10.46,10.73,11.0,11.28,11.55,11.76,11.96,12.17,12.38,12.53,12.68,12.84,12.99,13.39,13.8,14.2,14.6,14.5,14.4,14.3,14.19,14.35,14.5,14.65,14.8,14.67,14.53,14.4,14.26,14.09,13.91,13.73,13.56,13.31,13.07,12.82,12.58,12.43,12.29,12.14,11.99,11.85,11.71,11.57,11.43,11.35,11.27,11.2,11.12,10.98,10.83,10.69,10.55,10.46,10.37,10.29,10.2,10.04,9.88,9.73,9.57,9.42,9.27,9.12,8.97,8.87,8.77,8.67,8.56,8.48,8.4,8.32,8.23,7.99,7.75,7.51,7.27,7.12,6.97,6.82,6.67,6.6,6.54,6.48,6.42,6.27,6.11,5.96,5.81,5.84,5.88,5.91,5.95,6.24,6.54,6.84,7.13,7.22,7.32,7.41,7.5,7.8,8.11,8.41,8.72,8.98,9.25,9.51,9.78,9.93,10.09,10.24,10.39,10.49,10.58,10.67,10.76,10.6,10.44,10.28,10.11,9.44,8.77,8.1,7.43,7.19,6.95,6.71,6.46,6.3,6.13,5.97,5.8,,
2017-11-05T00:00:00+00:00,8.73,8.61,8.49,8.3,8.12,7.94,7.75,7.61,7.46,7.32,7.18,7.05,6.92,6.79,6.66,6.49,6.32,6.14,5.97,5.9,5.83,5.76,5.69,5.87,6.05,6.24,6.42,6.63,6.85,7.06,7.27,7.39,7.5,7.61,7.73,8.02,8.32,8.62,8.91,9.13,9.35,9.56,9.78,9.81,9.83,9.86,9.88,9.9,9.91,9.93,9.94,9.88,9.82,9.76,9.7,9.2,8.7,8.2,7.7,7.5,7.3,7.1,6.9,6.77,6.63,6.49,6.35,6.25,6.14,6.04,5.93,5.91,5.89,5.87,5.85,5.88,5.91,5.94,5.97,5.88,5.79,5.7,5.61,5.51,5.4,5.29,5.18,5.04,4.91,4.77,4.63,4.54,4.45,4.36,4.26,4.24,4.21,4.19,4.17,4.07,3.98,3.88,3.78,3.7,3.62,3.54,3.46,3.39,3.31,3.23,3.15,3.18,3.2,3.22,3.25,3.22,3.19,3.17,3.14,3.38,3.62,3.86,4.1,4.62,5.14,5.66,6.17,6.65,7.13,7.61,8.09,8.38,8.67,8.96,9.25,9.43,9.6,9.78,9.96,10.11,10.26,10.42,10.57,10.56,10.56,10.55,10.54,10.46,10.39,10.31,10.23,10.02,9.81,9.6,9.39,9.07,8.75,8.43,8.11,7.8,7.5,7.2,6.9,,
2017-11-06T00:00:00+00:00,4.48,4.36,4.24,4.1,3.95,3.81,3.67,3.59,3.51,3.42,3.34,3.32,3.3,3.29,3.27,3.39,3.52,3.65,3.78,3.92,4.07,4.21,4.35,4.51,4.67,4.82,4.98,5.44,5.89,6.35,6.8,7.13,7.46,7.79,8.12,8.32,8.51,8.7,8.9,9.08,9.26,9.45,9.63,9.74,9.85,9.97,10.08,10.08,10.08,10.08,10.08,10.0,9.93,9.85,9.78,9.55,9.32,9.1,8.87,8.55,8.23,7.91,7.59,7.31,7.03,6.75,6.48,6.27,6.06,5.86,5.65,5.48,5.3,5.13,4.96,4.83,4.69,4.56,4.43,4.33,4.23,4.12,4.02,3.93,3.84,3.75,3.66,3.6,3.54,3.48,3.42,3.37,3.31,3.25,3.2,3.13,3.07,3.0,2.93,2.86,2.79,2.73,2.66,2.58,2.5,2.42,2.34,2.25,2.16,2.08,1.99,2.01,2.03,2.05,2.07,2.05,2.03,2.01,2.0,2.3,2.61,2.92,3.23,3.6,3.98,4.36,4.74,5.08,5.42,5.76,6.1,6.39,6.69,6.98,7.27,7.49,7.71,7.93,8.15,8.26,8.36,8.47,8.58,8.62,8.66,8.71,8.75,8.71,8.66,8.62,8.57,8.36,8.16,7.95,7.75,7.44,7.14,6.83,6.53,6.19,5.84,5.49,5.15,,
2017-11-07T00:00:00+00:00,1.18,0.97,0.76,0.76,0.77,0.77,0.77,0.82,0.86,0.91,0.96,1.01,1.06,1.11,1.17,1.33,1.49,1.65,1.81,1.75,1.69,1.63,1.58,1.85,2.13,2.4,2.67,3.13,3.59,4.05,4.5,4.84,5.18,5.51,5.85,6.15,6.45,6.76,7.06,7.3,7.54,7.78,8.02,8.16,8.3,8.43,8.57,8.62,8.66,8.71,8.75,8.72,8.7,8.67,8.64,8.44,8.23,8.02,7.81,7.45,7.09,6.73,6.37,6.01,5.65,5.29,4.93,4.77,4.61,4.44,4.28,4.07,3.86,3.65,3.44,3.38,3.32,3.26,3.2,3.18,3.16,3.13,3.11,3.05,2.99,2.94,2.88,3.07,3.25,3.44,3.63,3.6,3.57,3.54,3.52,3.53,3.54,3.56,3.57,3.55,3.53,3.5,3.48,3.39,3.3,3.21,3.13,3.13,3.13,3.13,3.13,3.21,3.29,3.37,3.45,3.53,3.62,3.7,3.78,3.85,3.92,3.99,4.06,3.96,3.87,3.78,3.68,3.76,3.84,3.91,3.99,4.08,4.17,4.25,4.34,4.55,4.75,4.95,5.16,5.37,5.59,5.8,6.02,6.14,6.27,6.39,6.52,6.59,6.66,6.72,6.79,6.73,6.67,6.62,6.56,6.5,6.45,6.39,6.34,6.23,6.11,6.0,5.89,,
2017-11-08T00:00:00+00:00,1.34,1.34,1.35,1.43,1.51,1.6,1.68,1.62,1.55,1.49,1.42,1.35,1.27,1.2,1.12,1.32,1.52,1.72,1.92,2.03,2.13,2.23,2.33,2.45,2.57,2.69,2.81,2.95,3.09,3.24,3.38,3.68,3.97,4.27,4.56,4.71,4.86,5.02,5.17,5.33,5.49,5.65,5.81,6.19,6.57,6.95,7.33,7.42,7.5,7.58,7.66,7.74,7.81,7.88,7.95,7.83,7.71,7.59,7.47,7.21,6.96,6.7,6.44,6.16,5.89,5.61,5.33,5.16,4.99,4.83,4.66,4.53,4.39,4.26,4.13,4.0,3.88,3.76,3.63,3.45,3.26,3.08,2.89,2.82,2.75,2.68,2.61,2.43,2.25,2.07,1.89,1.89,1.89,1.88,1.88,1.9,1.92,1.94,1.96,1.67,1.38,1.09,0.8,1.05,1.29,1.54,1.78,2.01,2.24,2.47,2.69,2.86,3.03,3.2,3.37,3.49,3.61,3.73,3.84,3.98,4.11,4.25,4.38,4.51,4.64,4.77,4.9,5.2,5.5,5.79,6.09,6.27,6.45,6.63,6.82,7.01,7.2,7.39,7.58,7.76,7.93,8.1,8.28,8.27,8.27,8.26,8.26,8.25,8.24,8.24,8.23,8.13,8.03,7.94,7.84,7.64,7.43,7.23,7.03,6.63,6.24,5.84,5.45,,
2017-11-09T00:00:00+00:00,4.78,4.67,4.55,4.5,4.44,4.39,4.34,4.47,4.6,4.73,4.86,4.83,4.8,4.77,4.75,4.79,4.83,4.87,4.91,4.91,4.91,4.91,4.91,4.97,5.04,5.1,5.17,5.44,5.71,5.98,6.26,6.65,7.04,7.43,7.82,8.08,8.34,8.6,8.86,9.02,9.17,9.33,9.48,9.59,9.69,9.8,9.9,9.98,10.06,10.14,10.22,10.21,10.2,10.18,10.17,9.98,9.8,9.61,9.42,9.32,9.21,9.11,9.0,8.89,8.78,8.67,8.55,8.44,8.34,8.23,8.12,8.0,7.89,7.78,7.67,7.65,7.63,7.62,7.6,7.56,7.52,7.48,7.45,7.41,7.38,7.35,7.31,7.3,7.28,7.26,7.24,7.23,7.22,7.21,7.2,7.19,7.18,7.18,7.17,7.16,7.15,7.14,7.13,7.16,7.19,7.22,7.25,7.3,7.35,7.4,7.44,7.61,7.78,7.95,8.12,8.17,8.21,8.25,8.3,8.34,8.39,8.44,8.49,8.57,8.64,8.72,8.8,8.99,9.18,9.37,9.56,9.58,9.6,9.61,9.63,9.6,9.56,9.53,9.5,9.73,9.96,10.2,10.43,10.6,10.78,10.95,11.12,11.26,11.4,11.54,11.68,11.65,11.63,11.6,11.58,11.42,11.27,11.11,10.95,10.9,10.84,10.79,10.73,,
2017-11-10T00:00:00+00:00,7.49,7.47,7.45,7.51,7.56,7.62,7.68,7.7,7.72,7.75,7.77,7.8,7.83,7.86,7.89,8.01,8.13,8.25,8.36,8.45,8.53,8.62,8.7,8.88,9.05,9.22,9.39,9.39,9.39,9.39,9.39,9.44,9.48,9.52,9.57,9.72,9.87,10.03,10.18,10.3,10.43,10.55,10.68,10.8,10.91,11.03,11.15,11.31,11.48,11.64,11.81,11.86,11.9,11.95,12.0,11.95,11.89,11.84,11.78,11.54,11.29,11.04,10.79,10.54,10.29,10.04,9.79,9.6,9.41,9.22,9.03,8.83,8.63,8.42,8.22,8.05,7.87,7.7,7.53,7.5,7.47,7.44,7.41,7.29,7.17,7.06,6.94,6.77,6.6,6.43,6.27,6.15,6.03,5.9,5.78,5.83,5.88,5.93,5.98,6.0,6.01,6.03,6.05,6.02,5.99,5.96,5.93,5.96,5.99,6.02,6.05,6.21,6.37,6.54,6.7,6.97,7.24,7.51,7.78,7.88,7.97,8.07,8.17,8.23,8.29,8.35,8.41,8.67,8.93,9.19,9.45,9.67,9.89,10.11,10.33,10.47,10.61,10.76,10.9,10.97,11.05,11.12,11.2,11.33,11.47,11.61,11.74,11.88,12.02,12.16,12.3,12.38,12.47,12.55,12.64,12.59,12.54,12.49,12.44,12.51,12.58,12.64,12.71,,
2017-11-11T00:00:00+00:00,7.85,7.81,7.78,7.82,7.87,7.91,7.96,8.06,8.16,8.26,8.36,8.53,8.71,8.89,9.07,9.23,9.39,9.55,9.71,9.82,9.94,10.05,10.16,10.21,10.26,10.31,10.35,10.33,10.3,10.27,10.24,10.29,10.34,10.39,10.44,10.53,10.61,10.7,10.79,10.84,10.9,10.95,11.01,11.13,11.26,11.38,11.5,11.66,11.83,11.99,12.15,12.29,12.44,12.59,12.74,12.75,12.76,12.77,12.78,12.75,12.73,12.7,12.68,12.56,12.44,12.31,12.19,12.13,12.07,12.0,11.94,11.92,11.9,11.87,11.85,11.8,11.76,11.71,11.66,11.47,11.27,11.08,10.88,10.74,10.6,10.45,10.31,10.11,9.92,9.72,9.53,9.49,9.45,9.41,9.37,9.32,9.26,9.21,9.15,9.12,9.08,9.05,9.01,8.98,8.96,8.93,8.9,9.0,9.1,9.2,9.3,9.92,10.53,11.14,11.75,11.81,11.86,11.91,11.96,12.01,12.05,12.09,12.13,12.1,12.07,12.04,12.0,11.47,10.94,10.41,9.88,9.67,9.46,9.26,9.05,8.77,8.49,8.22,7.94,8.16,8.37,8.59,8.81,8.83,8.85,8.87,8.9,8.78,8.66,8.55,8.43,8.22,8.0,7.78,7.57,7.31,7.04,6.78,6.52,6.49,6.45,6.42,6.38,,
2017-11-12T00:00:00+00:00,11.9,11.93,11.96,11.88,11.8,11.72,11.64,11.52,11.41,11.29,11.18,11.15,11.11,11.08,11.04,11.04,11.03,11.03,11.02,11.03,11.04,11.05,11.05,11.08,11.1,11.12,11.14,11.21,11.28,11.35,11.42,11.03,10.64,10.25,9.86,9.6,9.33,9.07,8.81,8.8,8.79,8.78,8.77,8.65,8.53,8.41,8.29,8.2,8.11,8.01,7.92,7.93,7.94,7.94,7.95,7.45,6.95,6.46,5.96,6.0,6.04,6.08,6.12,6.0,5.88,5.76,5.64,5.59,5.55,5.5,5.46,5.48,5.49,5.51,5.53,5.55,5.58,5.6,5.63,5.55,5.47,5.39,5.31,5.24,5.16,5.08,5.0,4.98,4.97,4.95,4.94,5.0,5.07,5.13,5.2,5.24,5.27,5.31,5.35,5.44,5.54,5.63,5.73,5.67,5.62,5.57,5.51,5.48,5.45,5.42,5.39,5.4,5.41,5.41,5.42,5.32,5.23,5.13,5.04,5.1,5.16,5.22,5.28,5.51,5.75,5.98,6.21,6.39,6.57,6.75,6.93,7.18,7.42,7.66,7.9,8.15,8.4,8.65,8.9,9.02,9.13,9.25,9.36,9.36,9.35,9.34,9.33,9.25,9.16,9.07,8.99,8.82,8.65,8.49,8.32,8.18,8.04,7.9,7.76,7.59,7.42,7.25,7.08,,
2017-11-13T00:00:00+00:00,5.8,5.89,5.97,5.88,5.78,5.69,5.6,5.46,5.32,5.18,5.04,5.05,5.07,5.08,5.09,5.18,5.28,5.38,5.47,5.47,5.47,5.47,5.47,5.47,5.48,5.49,5.5,5.56,5.62,5.68,5.75,5.98,6.2,6.43,6.66,6.88,7.11,7.33,7.55,7.79,8.02,8.26,8.5,8.62,8.74,8.87,8.99,8.91,8.83,8.75,8.67,8.62,8.58,8.54,8.5,8.36,8.22,8.08,7.94,7.66,7.38,7.1,6.82,6.62,6.43,6.23,6.03,5.89,5.75,5.61,5.47,5.46,5.45,5.44,5.43,5.26,5.09,4.93,4.76,4.62,4.47,4.33,4.19,4.1,4.02,3.93,3.84,3.73,3.61,3.5,3.38,3.3,3.23,3.15,3.07,3.04,3.01,2.98,2.95,2.94,2.92,2.91,2.9,2.83,2.77,2.71,2.65,2.58,2.51,2.44,2.37,2.42,2.46,2.51,2.55,2.59,2.62,2.66,2.69,2.8,2.91,3.02,3.13,3.58,4.02,4.47,4.91,5.33,5.75,6.16,6.58,6.91,7.25,7.59,7.92,8.19,8.45,8.71,8.97,9.1,9.22,9.34,9.46,9.53,9.59,9.65,9.71,9.69,9.67,9.64,9.62,9.46,9.3,9.14,8.98,8.75,8.53,8.31,8.09,7.88,7.67,7.46,7.25,,
2017-11-14T00:00:00+00:00,3.58,3.66,3.74,3.6,3.46,3.32,3.18,3.04,2.89,2.75,2.6,2.53,2.46,2.39,2.32,2.41,2.49,2.58,2.66,2.58,2.49,2.41,2.32,2.5,2.68,2.85,3.03,3.43,3.83,4.23,4.64,5.03,5.42,5.81,6.2,6.51,6.82,7.13,7.44,7.72,8.0,8.28,8.56,8.79,9.03,9.26,9.5,9.67,9.85,10.02,10.2,10.19,10.17,10.16,10.14,9.98,9.81,9.64,9.47,9.31,9.16,9.0,8.84,8.67,8.5,8.33,8.16,8.02,7.88,7.74,7.6,7.51,7.41,7.31,7.21,7.06,6.9,6.74,6.59,6.32,6.05,5.78,5.52,5.33,5.14,4.96,4.77,4.83,4.89,4.94,5.0,5.09,5.17,5.26,5.34,5.35,5.36,5.37,5.38,5.45,5.51,5.57,5.63,5.62,5.61,5.6,5.59,5.5,5.42,5.33,5.24,5.18,5.13,5.07,5.01,5.07,5.12,5.18,5.24,5.38,5.52,5.66,5.8,6.01,6.22,6.44,6.65,6.83,7.01,7.19,7.37,7.6,7.83,8.06,8.29,8.43,8.57,8.71,8.85,9.06,9.27,9.48,9.7,9.83,9.96,10.09,10.22,10.17,10.12,10.07,10.02,9.88,9.74,9.6,9.46,9.28,9.09,8.9,8.72,8.52,8.33,8.14,7.95,,
2017-11-15T00:00:00+00:00,3.19,3.21,3.23,3.25,3.27,3.29,3.3,3.28,3.25,3.23,3.21,3.19,3.17,3.15,3.14,3.16,3.19,3.22,3.25,3.27,3.3,3.32,3.35,3.38,3.41,3.44,3.47,3.53,3.58,3.64,3.69,3.79,3.9,4.0,4.1,4.27,4.44,4.61,4.79,4.99,5.2,5.4,5.61,5.81,6.01,6.2,6.4,6.53,6.66,6.8,6.93,6.96,6.98,7.01,7.04,6.93,6.82,6.7,6.59,6.51,6.43,6.35,6.28,6.18,6.09,6.0,5.9,5.85,5.79,5.74,5.68,5.65,5.63,5.6,5.58,5.5,5.41,5.33,5.25,5.23,5.21,5.18,5.16,5.13,5.1,5.06,5.03,5.04,5.05,5.05,5.06,5.08,5.11,5.13,5.15,5.1,5.06,5.01,4.96,4.97,4.98,4.99,5.0,5.04,5.08,5.12,5.15,5.18,5.2,5.22,5.25,5.21,5.18,5.15,5.12,5.09,5.06,5.03,5.0,5.03,5.05,5.08,5.11,5.17,5.23,5.28,5.34,5.42,5.5,5.58,5.67,5.75,5.84,5.93,6.02,6.24,6.47,6.69,6.92,7.15,7.38,7.62,7.85,8.01,8.16,8.32,8.48,8.55,8.61,8.67,8.74,8.66,8.59,8.51,8.43,8.23,8.03,7.82,7.62,7.57,7.51,7.46,7.41,,
2017-11-16T00:00:00+00:00,5.52,5.45,5.38,5.28,5.18,5.08,4.98,4.85,4.73,4.61,4.49,4.45,4.41,4.37,4.33,4.21,4.1,3.98,3.86,3.41,2.95,2.5,2.04,2.17,2.3,2.43,2.55,2.68,2.8,2.92,3.05,3.32,3.58,3.85,4.12,4.55,4.97,5.39,5.82,6.24,6.65,7.07,7.49,7.88,8.27,8.66,9.05,9.25,9.46,9.66,9.86,9.81,9.76,9.71,9.65,9.58,9.5,9.43,9.35,9.15,8.94,8.74,8.53,8.41,8.29,8.17,8.05,8.02,7.99,7.96,7.93,7.92,7.92,7.92,7.92,7.83,7.75,7.66,7.58,7.53,7.48,7.44,7.39,7.43,7.46,7.49,7.52,7.56,7.6,7.64,7.68,7.66,7.64,7.62,7.6,7.5,7.41,7.31,7.21,7.2,7.19,7.18,7.17,7.29,7.41,7.52,7.64,7.6,7.57,7.53,7.49,7.41,7.32,7.24,7.16,7.25,7.35,7.44,7.54,7.6,7.66,7.73,7.79,7.82,7.86,7.89,7.92,8.0,8.08,8.15,8.23,8.37,8.51,8.65,8.78,8.96,9.13,9.3,9.47,9.6,9.72,9.85,9.97,9.98,10.0,10.01,10.03,9.97,9.91,9.85,9.79,9.56,9.33,9.1,8.87,8.54,8.2,7.86,7.52,7.24,6.96,6.68,6.39,,
2017-11-17T00:00:00+00:00,6.99,6.96,6.92,6.77,6.62,6.47,6.32,6.13,5.94,5.74,5.55,5.48,5.41,5.34,5.27,5.36,5.45,5.54,5.63,5.63,5.63,5.63,5.63,5.72,5.8,5.88,5.96,6.06,6.15,6.24,6.34,6.45,6.57,6.68,6.79,7.17,7.54,7.91,8.28,8.57,8.85,9.14,9.42,9.55,9.68,9.81,9.94,10.07,10.19,10.31,10.43,10.43,10.43,10.43,10.42,10.19,9.95,9.71,9.48,9.31,9.15,8.98,8.82,8.69,8.56,8.43,8.31,8.26,8.21,8.16,8.11,8.08,8.05,8.02,7.99,7.78,7.56,7.35,7.13,7.09,7.05,7.01,6.97,6.83,6.68,6.53,6.39,6.22,6.05,5.89,5.72,5.61,5.49,5.38,5.26,5.17,5.08,4.99,4.91,5.04,5.18,5.32,5.45,5.52,5.59,5.66,5.73,5.74,5.75,5.76,5.77,5.7,5.63,5.56,5.48,5.3,5.11,4.92,4.73,4.68,4.64,4.6,4.56,4.79,5.02,5.25,5.48,5.73,5.99,6.24,6.5,6.79,7.08,7.38,7.67,7.96,8.24,8.52,8.81,8.92,9.03,9.15,9.26,9.24,9.21,9.19,9.16,9.09,9.02,8.95,8.88,8.7,8.52,8.33,8.15,8.01,7.87,7.73,7.59,7.44,7.28,7.13,6.98,,
2017-11-18T00:00:00+00:00,4.09,4.0,3.91,3.84,3.77,3.7,3.63,3.48,3.33,3.18,3.04,2.6,2.16,1.72,1.28,1.35,1.42,1.5,1.57,1.63,1.69,1.75,1.81,2.19,2.56,2.94,3.31,3.49,3.67,3.85,4.03,4.21,4.39,4.57,4.76,4.93,5.11,5.29,5.46,5.76,6.06,6.36,6.66,7.02,7.38,7.74,8.1,8.21,8.33,8.45,8.57,8.53,8.5,8.47,8.44,8.29,8.14,7.99,7.84,7.67,7.5,7.33,7.16,7.13,7.09,7.06,7.02,6.88,6.73,6.58,6.44,6.37,6.31,6.25,6.18,6.1,6.02,5.94,5.86,5.78,5.7,5.62,5.54,5.57,5.59,5.61,5.64,5.65,5.67,5.69,5.71,5.83,5.96,6.09,6.22,6.43,6.64,6.85,7.07,7.3,7.54,7.78,8.01,8.06,8.11,8.15,8.2,8.24,8.28,8.32,8.36,8.33,8.3,8.27,8.24,8.21,8.17,8.13,8.09,7.99,7.88,7.78,7.68,7.7,7.72,7.74,7.75,7.86,7.97,8.08,8.18,8.22,8.25,8.29,8.32,8.38,8.43,8.48,8.54,8.58,8.63,8.68,8.73,8.72,8.72,8.71,8.71,8.6,8.5,8.4,8.29,8.07,7.85,7.63,7.41,7.2,6.99,6.79,6.58,6.35,6.13,5.9,5.67,,
2017-11-19T00:00:00+00:00,6.62,6.61,6.59,6.62,6.64,6.66,6.68,6.85,7.02,7.18,7.35,7.34,7.34,7.34,7.34,7.38,7.42,7.46,7.5,7.56,7.63,7.69,7.76,7.73,7.7,7.67,7.65,7.67,7.7,7.72,7.75,7.81,7.87,7.93,7.98,8.0,8.02,8.04,8.06,8.22,8.38,8.54,8.7,8.82,8.94,9.06,9.18,9.2,9.22,9.23,9.25,9.19,9.13,9.07,9.01,8.78,8.55,8.31,8.08,7.86,7.63,7.41,7.18,7.13,7.07,7.01,6.95,6.91,6.88,6.84,6.81,6.65,6.49,6.34,6.18,5.98,5.78,5.58,5.39,5.21,5.03,4.85,4.68,4.54,4.4,4.26,4.12,4.03,3.93,3.83,3.74,3.69,3.63,3.58,3.52,3.47,3.42,3.36,3.31,3.28,3.25,3.22,3.19,3.13,3.06,3.0,2.94,2.83,2.72,2.61,2.5,2.17,1.84,1.51,1.18,1.39,1.61,1.83,2.05,2.26,2.48,2.69,2.9,3.16,3.43,3.69,3.95,4.22,4.49,4.76,5.03,5.39,5.74,6.09,6.44,6.6,6.75,6.91,7.06,7.25,7.43,7.62,7.8,7.94,8.07,8.2,8.34,8.47,8.6,8.72,8.85,8.83,8.81,8.78,8.76,8.71,8.65,8.6,8.54,8.48,8.42,8.36,8.3,,
2017-11-20T00:00:00+00:00,3.9,3.82,3.73,3.65,3.57,3.48,3.4,3.41,3.41,3.41,3.42,3.36,3.3,3.25,3.19,3.09,2.98,2.88,2.77,2.82,2.87,2.92,2.98,3.26,3.54,3.82,4.11,4.37,4.63,4.89,5.15,5.43,5.72,6.01,6.3,6.92,7.55,8.17,8.79,9.11,9.42,9.73,10.05,10.1,10.15,10.21,10.26,10.22,10.18,10.14,10.1,9.96,9.82,9.68,9.54,9.3,9.06,8.82,8.59,8.37,8.15,7.93,7.72,7.64,7.55,7.47,7.39,7.37,7.35,7.32,7.3,7.28,7.27,7.26,7.24,7.22,7.19,7.17,7.14,7.11,7.08,7.05,7.02,7.07,7.13,7.19,7.25,7.26,7.27,7.27,7.28,7.33,7.37,7.42,7.47,7.5,7.52,7.55,7.58,7.6,7.62,7.64,7.65,7.56,7.48,7.39,7.3,7.16,7.03,6.89,6.75,6.67,6.59,6.51,6.43,6.31,6.18,6.06,5.93,5.83,5.72,5.61,5.5,5.48,5.47,5.45,5.43,5.53,5.64,5.74,5.85,6.02,6.19,6.37,6.54,6.72,6.9,7.07,7.25,7.4,7.55,7.7,7.85,7.92,7.98,8.05,8.12,8.2,8.28,8.36,8.45,8.49,8.53,8.58,8.62,8.59,8.55,8.52,8.48,8.45,8.42,8.39,8.35,,
2017-11-21T00:00:00+00:00,7.71,7.69,7.67,7.61,7.56,7.51,7.46,7.41,7.36,7.32,7.27,7.07,6.87,6.67,6.47,6.42,6.37,6.32,6.28,6.31,6.34,6.37,6.4,6.41,6.42,6.42,6.43,6.46,6.48,6.5,6.52,6.59,6.67,6.74,6.81,7.04,7.27,7.5,7.73,7.85,7.96,8.08,8.19,8.41,8.62,8.84,9.05,9.14,9.22,9.31,9.39,9.36,9.32,9.29,9.25,9.12,8.98,8.84,8.7,8.62,8.53,8.44,8.36,8.34,8.32,8.31,8.29,8.29,8.29,8.29,8.28,8.35,8.41,8.48,8.54,8.56,8.58,8.6,8.62,8.64,8.67,8.69,8.71,8.76,8.81,8.86,8.91,8.96,9.02,9.07,9.12,9.07,9.03,8.99,8.94,8.88,8.81,8.74,8.68,8.6,8.53,8.45,8.38,8.36,8.33,8.31,8.29,8.25,8.2,8.16,8.12,8.09,8.06,8.04,8.01,7.88,7.76,7.63,7.5,7.29,7.08,6.88,6.67,6.54,6.41,6.29,6.16,6.36,6.55,6.74,6.94,7.3,7.67,8.04,8.41,8.71,9.01,9.31,9.61,9.91,10.21,10.5,10.8,11.06,11.32,11.58,11.84,11.86,11.88,11.91,11.93,11.82,11.72,11.61,11.5,11.35,11.19,11.04,10.89,10.8,10.71,10.63,10.54,,
2017-11-22T00:00:00+00:00,8.41,8.31,8.2,8.26,8.33,8.39,8.45,8.32,8.18,8.05,7.92,7.77,7.63,7.48,7.33,7.28,7.22,7.17,7.11,6.96,6.8,6.65,6.49,6.32,6.14,5.97,5.8,5.87,5.95,6.03,6.1,6.48,6.85,7.22,7.6,8.0,8.41,8.81,9.21,9.4,9.59,9.78,9.97,10.41,10.84,11.27,11.7,11.91,12.12,12.33,12.54,12.55,12.56,12.56,12.57,12.33,12.1,11.86,11.62,11.42,11.22,11.02,10.82,10.71,10.61,10.5,10.39,10.41,10.43,10.45,10.47,10.55,10.62,10.7,10.77,10.75,10.73,10.71,10.7,10.64,10.59,10.53,10.48,10.48,10.48,10.48,10.48,10.53,10.59,10.64,10.7,10.66,10.62,10.58,10.54,10.52,10.51,10.49,10.48,10.55,10.62,10.69,10.76,10.78,10.8,10.82,10.83,10.95,11.07,11.18,11.3,11.41,11.53,11.64,11.76,11.8,11.83,11.87,11.91,11.96,12.01,12.06,12.11,12.28,12.45,12.62,12.79,12.89,13.0,13.1,13.2,13.25,13.29,13.34,13.38,13.43,13.48,13.52,13.57,13.87,14.17,14.47,14.77,14.81,14.85,14.89,14.93,14.46,13.98,13.5,13.03,12.79,12.55,12.32,12.08,11.83,11.58,11.34,11.09,10.84,10.6,10.35,10.11,,
2017-11-23T00:00:00+00:00,12.09,12.0,11.91,11.89,11.88,11.86,11.84,12.07,12.31,12.54,12.77,12.75,12.74,12.72,12.7,12.79,12.87,12.96,13.04,13.04,13.03,13.03,13.03,13.04,13.04,13.05,13.06,13.16,13.26,13.35,13.45,13.59,13.74,13.88,14.03,14.04,14.06,14.07,14.09,14.12,14.15,14.18,14.21,14.39,14.57,14.75,14.94,14.85,14.76,14.67,14.58,14.51,14.44,14.37,14.3,14.11,13.92,13.73,13.54,13.21,12.88,12.56,12.23,12.08,11.93,11.78,11.63,11.45,11.27,11.08,10.9,10.71,10.53,10.34,10.15,10.05,9.96,9.86,9.76,9.81,9.87,9.92,9.97,10.12,10.28,10.43,10.59,10.98,11.37,11.76,12.16,12.28,12.41,12.54,12.66,12.59,12.51,12.43,12.36,12.26,12.16,12.06,11.96,11.84,11.72,11.59,11.47,11.47,11.48,11.48,11.49,11.52,11.56,11.59,11.62,11.62,11.62,11.62,11.62,11.69,11.76,11.82,11.89,11.81,11.74,11.66,11.59,11.5,11.42,11.34,11.26,11.31,11.36,11.41,11.47,11.56,11.65,11.74,11.83,11.9,11.97,12.04,12.11,12.07,12.03,11.99,11.95,11.83,11.71,11.59,11.47,11.28,11.1,10.92,10.73,10.61,10.48,10.36,10.23,10.09,9.95,9.8,9.66,,
2017-11-24T00:00:00+00:00,13.19,13.16,13.13,13.01,12.9,12.79,12.67,12.56,12.44,12.32,12.2,12.13,12.05,11.98,11.9,11.91,11.92,11.93,11.94,11.87,11.8,11.73,11.66,11.63,11.6,11.57,11.53,11.47,11.4,11.33,11.26,11.06,10.85,10.64,10.43,10.42,10.42,10.41,10.41,10.42,10.44,10.45,10.47,10.52,10.58,10.63,10.69,10.8,10.91,11.02,11.12,11.12,11.11,11.11,11.1,11.08,11.06,11.04,11.02,10.89,10.76,10.63,10.51,10.36,10.21,10.07,9.92,9.88,9.83,9.79,9.75,9.62,9.49,9.37,9.24,9.09,8.94,8.8,8.65,8.6,8.54,8.49,8.44,8.39,8.34,8.28,8.23,8.13,8.02,7.92,7.81,7.72,7.63,7.54,7.45,7.16,6.88,6.59,6.3,6.26,6.22,6.18,6.14,6.03,5.92,5.81,5.7,5.54,5.37,5.21,5.04,4.93,4.82,4.71,4.6,4.55,4.5,4.45,4.39,4.48,4.56,4.65,4.73,4.82,4.91,5.0,5.09,5.3,5.52,5.73,5.95,5.99,6.04,6.08,6.13,5.79,5.45,5.12,4.78,4.89,4.99,5.1,5.21,5.35,5.48,5.62,5.75,5.8,5.85,5.89,5.94,5.84,5.74,5.64,5.54,5.36,5.18,5.0,4.82,4.65,4.48,4.3,4.13,,
2017-11-25T00:00:00+00:00,7.5,7.48,7.46,7.37,7.29,7.2,7.11,7.0,6.89,6.77,6.66,6.5,6.35,6.19,6.03,5.84,5.65,5.46,5.27,5.17,5.06,4.95,4.84,4.93,5.02,5.11,5.2,5.33,5.46,5.58,5.71,5.9,6.08,6.26,6.45,6.46,6.47,6.47,6.48,6.07,5.66,5.25,4.84,4.86,4.87,4.88,4.89,5.14,5.4,5.66,5.92,5.9,5.89,5.87,5.86,5.67,5.48,5.29,5.1,4.79,4.49,4.18,3.88,3.69,3.51,3.33,3.15,3.1,3.05,2.99,2.94,2.89,2.83,2.78,2.73,2.62,2.51,2.4,2.29,2.26,2.24,2.21,2.18,2.14,2.11,2.07,2.03,2.04,2.04,2.05,2.06,2.0,1.95,1.89,1.84,1.83,1.81,1.8,1.79,1.81,1.83,1.85,1.87,1.89,1.92,1.94,1.97,2.01,2.05,2.1,2.14,2.27,2.4,2.52,2.65,2.6,2.56,2.51,2.46,2.53,2.6,2.66,2.73,2.86,2.99,3.12,3.25,3.63,4.02,4.4,4.78,5.08,5.38,5.68,5.98,6.18,6.38,6.58,6.78,6.88,6.98,7.07,7.17,7.2,7.23,7.26,7.3,7.14,6.99,6.83,6.68,6.55,6.42,6.29,6.16,6.03,5.89,5.76,5.63,5.48,5.33,5.18,5.03,,
2017-11-26T00:00:00+00:00,2.09,2.07,2.04,1.98,1.93,1.87,1.81,1.75,1.7,1.64,1.59,1.88,2.18,2.47,2.76,2.72,2.68,2.63,2.59,2.43,2.26,2.1,1.93,2.08,2.23,2.38,2.52,2.7,2.87,3.05,3.22,3.47,3.72,3.96,4.21,4.51,4.81,5.11,5.42,5.66,5.9,6.15,6.39,6.54,6.68,6.82,6.96,6.96,6.97,6.97,6.97,6.93,6.89,6.85,6.81,6.64,6.46,6.29,6.11,5.93,5.75,5.57,5.39,5.12,4.84,4.57,4.29,4.15,4.0,3.85,3.71,3.61,3.52,3.43,3.34,3.34,3.35,3.36,3.36,3.3,3.24,3.17,3.11,3.03,2.96,2.88,2.81,2.77,2.73,2.69,2.65,2.58,2.51,2.43,2.36,2.41,2.47,2.52,2.58,2.46,2.34,2.23,2.11,2.11,2.11,2.11,2.11,2.24,2.36,2.49,2.62,2.77,2.91,3.06,3.21,3.21,3.21,3.22,3.22,3.2,3.17,3.15,3.12,3.23,3.34,3.45,3.56,3.74,3.93,4.12,4.3,4.62,4.93,5.25,5.57,5.92,6.27,6.62,6.97,7.05,7.13,7.21,7.3,7.36,7.43,7.5,7.57,7.77,7.97,8.18,8.38,8.36,8.35,8.33,8.32,8.31,8.31,8.3,8.29,8.26,8.22,8.18,8.14,,
2017-11-27T00:00:00+00:00,3.9,3.83,3.76,3.83,3.91,3.99,4.06,4.02,3.99,3.95,3.91,3.93,3.95,3.97,4.0,4.03,4.06,4.1,4.13,4.12,4.1,4.09,4.08,4.07,4.07,4.06,4.06,4.19,4.32,4.45,4.58,4.71,4.84,4.97,5.1,5.28,5.47,5.66,5.85,6.06,6.26,6.47,6.67,6.79,6.9,7.01,7.12,7.33,7.54,7.76,7.97,7.98,7.99,8.0,8.01,8.02,8.02,8.03,8.03,8.0,7.97,7.93,7.9,7.88,7.86,7.84,7.82,7.82,7.82,7.82,7.82,7.83,7.83,7.83,7.84,7.82,7.81,7.8,7.79,7.73,7.66,7.6,7.54,7.49,7.45,7.41,7.36,7.31,7.26,7.2,7.15,7.12,7.09,7.06,7.03,7.04,7.05,7.07,7.08,7.13,7.18,7.23,7.28,7.24,7.2,7.16,7.12,7.07,7.02,6.97,6.92,6.82,6.71,6.61,6.51,6.49,6.46,6.44,6.41,6.28,6.15,6.02,5.9,5.9,5.9,5.91,5.91,6.08,6.26,6.43,6.61,6.64,6.68,6.72,6.76,6.93,7.1,7.27,7.44,7.37,7.29,7.22,7.15,7.25,7.35,7.46,7.56,7.52,7.49,7.45,7.41,7.13,6.86,6.58,6.3,6.04,5.78,5.52,5.26,5.04,4.81,4.59,4.37,,
2017-11-28T00:00:00+00:00,8.05,8.11,8.18,7.95,7.71,7.48,7.24,7.18,7.11,7.05,6.98,6.91,6.85,6.78,6.71,6.65,6.59,6.52,6.46,6.39,6.31,6.23,6.16,6.05,5.94,5.83,5.73,5.79,5.85,5.92,5.98,6.2,6.42,6.64,6.86,7.06,7.26,7.47,7.67,7.83,7.98,8.14,8.3,8.41,8.53,8.64,8.75,8.6,8.45,8.3,8.15,7.83,7.5,7.17,6.84,6.83,6.81,6.8,6.78,6.67,6.56,6.45,6.34,6.04,5.74,5.44,5.15,4.92,4.68,4.45,4.22,4.02,3.82,3.61,3.41,3.42,3.43,3.44,3.45,3.21,2.98,2.75,2.52,2.37,2.23,2.08,1.94,1.76,1.59,1.41,1.24,1.18,1.12,1.06,1.0,0.95,0.89,0.84,0.79,0.8,0.82,0.83,0.85,0.86,0.87,0.88,0.89,0.91,0.94,0.97,0.99,1.01,1.04,1.06,1.08,1.12,1.16,1.2,1.24,1.31,1.37,1.43,1.5,1.69,1.88,2.07,2.26,2.46,2.66,2.85,3.05,3.19,3.33,3.48,3.62,3.86,4.1,4.34,4.58,4.79,4.99,5.2,5.4,5.5,5.6,5.7,5.8,5.75,5.7,5.66,5.61,5.41,5.21,5.0,4.8,4.5,4.2,3.9,3.6,3.36,3.13,2.9,2.66,,
2017-11-29T00:00:00+00:00,1.86,1.64,1.42,1.28,1.14,1.01,0.87,0.8,0.73,0.65,0.58,0.52,0.47,0.41,0.35,0.31,0.27,0.23,0.18,0.16,0.13,0.1,0.08,0.09,0.11,0.13,0.14,0.28,0.42,0.56,0.69,0.96,1.23,1.51,1.78,2.22,2.67,3.11,3.56,3.75,3.94,4.14,4.33,4.38,4.43,4.48,4.52,4.68,4.83,4.98,5.13,5.13,5.14,5.14,5.14,4.98,4.82,4.65,4.49,4.37,4.24,4.11,3.99,3.9,3.82,3.74,3.66,3.29,2.93,2.56,2.2,2.18,2.16,2.14,2.12,2.09,2.06,2.03,2.0,1.99,1.97,1.96,1.94,1.98,2.02,2.06,2.11,2.03,1.95,1.87,1.79,1.79,1.78,1.78,1.78,1.85,1.91,1.98,2.05,2.06,2.07,2.07,2.08,2.09,2.1,2.11,2.12,2.09,2.07,2.04,2.01,1.99,1.98,1.97,1.96,2.06,2.16,2.26,2.36,2.26,2.16,2.06,1.96,2.13,2.3,2.47,2.64,2.77,2.91,3.04,3.17,3.31,3.44,3.58,3.71,3.85,3.99,4.13,4.28,4.36,4.44,4.52,4.61,4.59,4.57,4.55,4.53,4.44,4.35,4.26,4.16,3.36,2.55,1.74,0.93,0.96,0.99,1.03,1.06,1.04,1.03,1.01,0.99,,
2017-11-30T00:00:00+00:00,2.87,2.9,2.93,2.8,2.67,2.53,2.4,2.24,2.08,1.92,1.76,1.71,1.65,1.6,1.54,1.63,1.72,1.82,1.91,1.95,1.99,2.03,2.07,2.14,2.21,2.28,2.35,2.44,2.53,2.62,2.71,2.69,2.67,2.65,2.63,2.72,2.82,2.91,3.01,3.1,3.19,3.29,3.38,3.55,3.71,3.88,4.05,4.01,3.98,3.95,3.91,3.27,2.62,1.97,1.32,1.45,1.58,1.71,1.84,1.7,1.55,1.4,1.26,1.26,1.25,1.25,1.25,1.18,1.12,1.05,0.99,0.91,0.84,0.76,0.69,0.6,0.51,0.42,0.32,0.31,0.29,0.27,0.25,0.28,0.31,0.35,0.38,0.43,0.48,0.53,0.58,0.62,0.65,0.68,0.72,0.6,0.48,0.36,0.24,0.25,0.26,0.27,0.28,0.33,0.39,0.44,0.5,0.5,0.51,0.51,0.52,0.64,0.76,0.88,1.0,1.05,1.09,1.14,1.19,1.16,1.14,1.11,1.08,1.12,1.15,1.18,1.22,1.34,1.47,1.6,1.72,1.91,2.09,2.27,2.45,2.55,2.66,2.76,2.86,2.9,2.93,2.96,3.0,2.86,2.73,2.59,2.46,2.37,2.28,2.19,2.1,1.96,1.83,1.69,1.55,1.44,1.32,1.21,1.1,1.01,0.92,0.83,0.74,,
2017-12-01T00:00:00+00:00,0.43,0.42,0.42,0.44,0.46,0.49,0.51,0.48,0.45,0.41,0.38,0.5,0.62,0.74,0.87,1.03,1.2,1.37,1.54,1.47,1.41,1.34,1.28,1.16,1.03,0.91,0.79,0.85,0.91,0.97,1.02,1.19,1.35,1.52,1.68,1.75,1.83,1.9,1.97,2.11,2.25,2.4,2.54,2.49,2.44,2.38,2.33,2.44,2.55,2.67,2.78,2.73,2.69,2.65,2.6,2.52,2.43,2.34,2.26,2.18,2.1,2.02,1.94,1.83,1.71,1.59,1.47,1.39,1.3,1.21,1.12,1.05,0.98,0.91,0.84,0.74,0.63,0.52,0.42,0.43,0.45,0.47,0.49,0.45,0.4,0.36,0.32,0.29,0.27,0.24,0.22,0.18,0.13,0.09,0.05,0.04,0.03,0.01,0.0,0.0,-0.0,-0.0,-0.0,-0.08,-0.15,-0.23,-0.3,-0.38,-0.45,-0.52,-0.59,-0.63,-0.66,-0.69,-0.73,-0.74,-0.75,-0.76,-0.77,-0.81,-0.86,-0.91,-0.95,-0.91,-0.86,-0.82,-0.77,-0.68,-0.59,-0.5,-0.41,-0.29,-0.16,-0.04,0.08,0.25,0.42,0.58,0.75,0.94,1.12,1.31,1.49,1.58,1.67,1.76,1.85,1.85,1.86,1.86,1.87,1.66,1.45,1.24,1.03,0.82,0.61,0.41,0.2,0.05,-0.1,-0.24,-0.39,,
2017-12-02T00:00:00+00:00,0.35,0.25,0.15,0.1,0.06,0.01,-0.03,-0.03,-0.04,-0.04,-0.04,-0.18,-0.32,-0.46,-0.6,-0.66,-0.73,-0.79,-0.85,-0.91,-0.96,-1.01,-1.06,-1.04,-1.02,-1.0,-0.97,-0.91,-0.84,-0.78,-0.72,-0.61,-0.5,-0.4,-0.29,-0.16,-0.02,0.11,0.24,0.35,0.46,0.57,0.69,0.83,0.97,1.12,1.26,1.37,1.48,1.59,1.7,1.66,1.61,1.57,1.52,1.33,1.14,0.95,0.76,0.6,0.45,0.29,0.14,0.02,-0.1,-0.22,-0.34,-0.42,-0.5,-0.58,-0.66,-0.73,-0.8,-0.87,-0.94,-1.01,-1.08,-1.15,-1.22,-1.24,-1.26,-1.28,-1.3,-1.35,-1.4,-1.45,-1.5,-1.5,-1.49,-1.49,-1.48,-1.48,-1.47,-1.46,-1.46,-1.46,-1.46,-1.46,-1.47,-1.46,-1.46,-1.45,-1.45,-1.45,-1.45,-1.45,-1.44,-1.4,-1.36,-1.32,-1.28,-1.11,-0.93,-0.76,-0.59,-0.38,-0.18,0.03,0.23,0.47,0.7,0.94,1.17,1.3,1.42,1.54,1.67,1.69,1.7,1.72,1.74,1.8,1.85,1.91,1.97,2.08,2.19,2.29,2.4,2.41,2.42,2.43,2.44,2.52,2.6,2.68,2.75,2.78,2.81,2.84,2.87,2.86,2.86,2.85,2.85,2.81,2.78,2.74,2.71,2.68,2.65,2.62,2.59,,
2017-12-03T00:00:00+00:00,-2.84,-2.78,-2.72,-2.7,-2.69,-2.67,-2.66,-2.66,-2.65,-2.65,-2.65,-2.56,-2.46,-2.37,-2.28,-2.09,-1.91,-1.73,-1.55,-1.38,-1.22,-1.05,-0.89,-0.85,-0.81,-0.77,-0.73,-0.57,-0.4,-0.24,-0.07,0.07,0.21,0.35,0.49,0.73,0.96,1.19,1.43,1.64,1.85,2.06,2.27,2.33,2.39,2.46,2.52,2.66,2.8,2.94,3.08,3.11,3.14,3.16,3.19,3.22,3.24,3.27,3.29,3.31,3.32,3.33,3.34,3.33,3.32,3.32,3.31,3.38,3.46,3.53,3.61,3.56,3.52,3.47,3.43,3.35,3.27,3.19,3.11,3.09,3.06,3.04,3.01,2.97,2.92,2.88,2.83,2.79,2.75,2.7,2.66,2.69,2.72,2.75,2.79,2.84,2.89,2.94,2.99,3.03,3.07,3.11,3.16,3.11,3.07,3.02,2.97,2.98,2.98,2.98,2.98,3.03,3.09,3.15,3.21,3.21,3.22,3.23,3.24,3.25,3.26,3.27,3.29,3.38,3.47,3.56,3.65,3.86,4.07,4.28,4.49,4.77,5.04,5.32,5.59,5.74,5.89,6.03,6.18,6.43,6.67,6.92,7.16,7.3,7.43,7.57,7.7,7.65,7.61,7.56,7.52,7.28,7.05,6.81,6.57,6.41,6.24,6.07,5.9,5.93,5.96,6.0,6.03,,
2017-12-04T00:00:00+00:00,3.11,3.03,2.96,2.94,2.92,2.9,2.88,2.72,2.56,2.4,2.24,2.18,2.11,2.04,1.97,1.98,1.99,2.0,2.01,2.01,2.01,2.02,2.02,1.97,1.92,1.87,1.83,1.9,1.96,2.03,2.1,2.21,2.31,2.41,2.52,2.74,2.96,3.18,3.4,3.62,3.85,4.07,4.29,4.47,4.66,4.84,5.02,5.21,5.4,5.59,5.77,5.82,5.87,5.92,5.97,5.94,5.91,5.87,5.84,5.76,5.68,5.6,5.52,5.22,4.93,4.63,4.34,4.47,4.6,4.73,4.87,4.84,4.82,4.79,4.77,4.69,4.62,4.55,4.47,4.38,4.3,4.21,4.12,4.08,4.04,3.99,3.95,4.18,4.4,4.63,4.85,4.57,4.29,4.01,3.73,3.81,3.89,3.97,4.04,4.07,4.1,4.12,4.15,4.1,4.05,4.01,3.96,4.0,4.03,4.07,4.11,4.2,4.3,4.39,4.48,4.55,4.61,4.68,4.74,4.72,4.7,4.68,4.66,4.71,4.76,4.81,4.86,4.93,5.0,5.07,5.14,5.31,5.47,5.64,5.81,5.86,5.92,5.98,6.04,6.21,6.38,6.55,6.73,6.77,6.81,6.84,6.88,6.85,6.82,6.79,6.76,6.64,6.52,6.4,6.29,6.19,6.1,6.0,5.91,5.82,5.73,5.64,5.56,,
2017-12-05T00:00:00+00:00,4.06,3.96,3.86,3.73,3.59,3.45,3.31,3.17,3.04,2.9,2.76,2.64,2.52,2.4,2.28,2.29,2.3,2.31,2.31,2.5,2.69,2.88,3.07,3.04,3.01,2.99,2.96,3.18,3.4,3.62,3.84,3.98,4.11,4.24,4.38,4.3,4.23,4.15,4.07,4.28,4.49,4.7,4.91,5.29,5.66,6.04,6.42,6.48,6.55,6.61,6.68,6.62,6.56,6.5,6.44,6.25,6.06,5.87,5.68,5.55,5.41,5.28,5.14,4.97,4.79,4.61,4.43,4.4,4.36,4.32,4.28,4.25,4.23,4.21,4.18,4.18,4.19,4.19,4.19,4.16,4.13,4.09,4.06,4.07,4.07,4.07,4.07,4.07,4.06,4.06,4.05,4.04,4.03,4.02,4.01,4.02,4.03,4.04,4.05,4.05,4.05,4.05,4.05,3.99,3.93,3.86,3.8,3.76,3.72,3.68,3.64,3.68,3.71,3.74,3.78,3.76,3.74,3.73,3.71,3.7,3.7,3.69,3.69,3.75,3.82,3.88,3.95,4.02,4.1,4.18,4.25,4.36,4.46,4.57,4.67,4.8,4.93,5.06,5.18,5.31,5.44,5.57,5.7,5.69,5.69,5.68,5.67,5.58,5.48,5.39,5.29,5.21,5.12,5.03,4.94,4.81,4.69,4.56,4.43,4.23,4.02,3.81,3.61,,
2017-12-06T00:00:00+00:00,5.16,4.42,3.68,3.55,3.43,3.3,3.18,3.18,3.19,3.2,3.21,3.26,3.31,3.36,3.42,3.48,3.54,3.61,3.67,3.66,3.65,3.63,3.62,3.61,3.6,3.59,3.58,3.51,3.43,3.35,3.27,3.29,3.31,3.32,3.34,3.39,3.45,3.5,3.56,3.62,3.69,3.75,3.81,3.88,3.95,4.02,4.09,4.13,4.17,4.21,4.25,4.26,4.26,4.26,4.27,4.11,3.94,3.78,3.61,3.45,3.28,3.12,2.96,2.78,2.6,2.43,2.25,2.17,2.09,2.0,1.92,1.93,1.95,1.96,1.98,2.03,2.07,2.12,2.17,2.16,2.14,2.13,2.12,2.1,2.08,2.05,2.03,1.91,1.79,1.67,1.55,1.49,1.42,1.35,1.29,1.18,1.07,0.96,0.85,0.77,0.69,0.6,0.52,0.42,0.32,0.22,0.12,0.06,-0.01,-0.07,-0.13,-0.16,-0.19,-0.23,-0.26,-0.27,-0.27,-0.28,-0.28,-0.17,-0.07,0.04,0.15,0.43,0.72,1.0,1.29,1.61,1.94,2.26,2.59,2.82,3.06,3.29,3.53,3.77,4.01,4.24,4.48,4.73,4.98,5.23,5.48,5.65,5.82,6.0,6.17,6.26,6.35,6.44,6.52,6.65,6.77,6.9,7.02,7.18,7.34,7.5,7.66,7.66,7.67,7.67,7.67,,
2017-12-07T00:00:00+00:00
2017-12-08T00:00:00+00:00,4.56,4.44,4.32,4.16,4.0,3.84,3.69,3.66,3.64,3.62,3.6,3.56,3.51,3.47,3.43,3.43,3.44,3.45,3.46,3.43,3.4,3.36,3.33,3.31,3.28,3.26,3.24,3.44,3.64,3.85,4.05,4.17,4.29,4.4,4.52,4.26,3.99,3.73,3.47,3.82,4.17,4.52,4.87,4.8,4.74,4.67,4.6,4.44,4.28,4.13,3.97,3.61,3.26,2.91,2.56,2.58,2.6,2.62,2.63,2.25,1.87,1.49,1.11,1.23,1.34,1.46,1.57,1.59,1.6,1.61,1.63,1.58,1.53,1.48,1.43,1.29,1.15,1.01,0.86,0.88,0.9,0.92,0.93,0.92,0.91,0.9,0.89,0.79,0.69,0.59,0.49,0.45,0.4,0.36,0.31,0.3,0.29,0.28,0.27,0.34,0.41,0.48,0.55,0.51,0.46,0.41,0.37,0.39,0.4,0.42,0.43,0.52,0.6,0.69,0.77,0.7,0.63,0.55,0.48,0.48,0.48,0.48,0.48,0.61,0.73,0.86,0.98,1.28,1.58,1.88,2.17,2.42,2.67,2.92,3.16,3.38,3.6,3.82,4.04,4.15,4.26,4.37,4.48,4.47,4.47,4.46,4.45,4.24,4.02,3.8,3.58,3.38,3.18,2.98,2.78,2.55,2.31,2.07,1.84,1.76,1.68,1.6,1.51,,
2017-12-09T00:00:00+00:00,0.18,0.18,0.18,0.21,0.25,0.28,0.32,0.37,0.42,0.47,0.52,0.45,0.38,0.32,0.25,0.27,0.29,0.31,0.32,0.31,0.29,0.28,0.26,0.25,0.25,0.24,0.24,0.38,0.53,0.68,0.82,1.1,1.37,1.65,1.93,2.16,2.39,2.63,2.86,3.04,3.21,3.38,3.55,3.65,3.75,3.86,3.96,3.97,3.99,4.01,4.03,3.84,3.65,3.46,3.26,3.0,2.74,2.48,2.22,2.04,1.86,1.68,1.5,1.4,1.31,1.21,1.11,1.12,1.14,1.15,1.16,1.23,1.31,1.39,1.46,1.56,1.66,1.75,1.85,1.89,1.93,1.97,2.01,1.98,1.96,1.94,1.92,1.81,1.71,1.61,1.51,1.55,1.59,1.64,1.68,1.75,1.82,1.89,1.96,1.9,1.83,1.77,1.71,1.56,1.42,1.27,1.12,1.01,0.89,0.78,0.66,0.63,0.6,0.57,0.54,0.58,0.62,0.67,0.71,0.77,0.83,0.89,0.94,1.51,2.08,2.65,3.22,3.64,4.05,4.47,4.88,5.56,6.23,6.91,7.58,8.08,8.58,9.07,9.57,9.55,9.54,9.52,9.5,9.44,9.38,9.32,9.26,9.21,9.16,9.1,9.05,8.95,8.84,8.74,8.63,8.04,7.45,6.85,6.26,6.0,5.73,5.46,5.2,,
2017-12-10T00:00:00+00:00,2.77,2.84,2.92,2.8,2.69,2.57,2.46,2.14,1.81,1.49,1.17,1.13,1.09,1.04,1.0,0.94,0.87,0.81,0.75,0.8,0.86,0.91,0.96,1.5,2.03,2.57,3.1,3.69,4.28,4.87,5.46,6.22,6.97,7.73,8.48,8.77,9.07,9.36,9.66,9.69,9.72,9.75,9.78,9.78,9.78,9.78,9.77,9.74,9.71,9.68,9.65,9.55,9.44,9.34,9.24,9.04,8.83,8.63,8.42,7.97,7.51,7.06,6.6,6.46,6.32,6.17,6.03,5.9,5.76,5.63,5.49,5.43,5.37,5.31,5.26,5.25,5.25,5.24,5.24,5.19,5.14,5.1,5.05,4.95,4.85,4.75,4.65,4.77,4.89,5.01,5.13,5.12,5.1,5.09,5.08,5.08,5.09,5.09,5.1,5.19,5.28,5.37,5.46,5.47,5.48,5.5,5.51,5.63,5.75,5.87,5.99,6.07,6.15,6.24,6.32,6.37,6.42,6.46,6.51,6.56,6.61,6.66,6.71,7.05,7.38,7.72,8.05,8.21,8.37,8.52,8.68,8.93,9.18,9.44,9.69,9.63,9.57,9.5,9.44,9.37,9.3,9.23,9.16,9.24,9.32,9.4,9.47,9.42,9.37,9.31,9.26,9.19,9.11,9.04,8.96,8.84,8.72,8.59,8.47,8.28,8.1,7.92,7.73,,
2017-12-11T00:00:00+00:00,6.93,6.96,6.99,7.01,7.04,7.06,7.08,7.04,6.99,6.94,6.89,6.89,6.88,6.87,6.86,6.89,6.92,6.95,6.97,7.48,7.98,8.49,9.0,9.26,9.52,9.78,10.04,9.95,9.86,9.77,9.68,9.67,9.67,9.67,9.66,9.45,9.24,9.04,8.83,8.78,8.74,8.69,8.65,8.48,8.32,8.15,7.99,7.81,7.64,7.46,7.29,7.22,7.15,7.09,7.02,6.81,6.59,6.38,6.16,5.86,5.56,5.26,4.96,4.25,3.54,2.83,2.13,2.17,2.22,2.26,2.31,2.49,2.68,2.87,3.06,2.96,2.87,2.78,2.69,2.81,2.92,3.04,3.16,3.1,3.04,2.97,2.91,2.93,2.94,2.95,2.97,2.74,2.51,2.28,2.05,2.07,2.1,2.12,2.14,2.33,2.52,2.71,2.9,2.85,2.79,2.74,2.69,2.56,2.43,2.3,2.16,2.04,1.92,1.79,1.67,1.57,1.47,1.37,1.27,1.23,1.2,1.16,1.12,1.26,1.39,1.53,1.66,1.9,2.13,2.37,2.6,2.91,3.22,3.52,3.83,4.12,4.4,4.69,4.98,5.13,5.28,5.44,5.59,5.63,5.67,5.71,5.76,5.72,5.69,5.66,5.63,5.39,5.15,4.91,4.67,4.42,4.16,3.91,3.66,3.44,3.23,3.01,2.8,,
2017-12-12T00:00:00+00:00,2.46,2.36,2.26,2.11,1.96,1.81,1.66,1.6,1.55,1.49,1.43,1.33,1.23,1.13,1.03,0.94,0.86,0.77,0.69,0.68,0.67,0.66,0.66,0.67,0.69,0.71,0.72,0.91,1.09,1.28,1.46,1.74,2.01,2.28,2.55,2.81,3.06,3.32,3.58,3.84,4.11,4.38,4.64,4.8,4.96,5.11,5.27,5.34,5.42,5.49,5.57,5.53,5.5,5.47,5.43,5.21,4.98,4.76,4.54,4.29,4.04,3.79,3.54,3.34,3.14,2.95,2.75,2.63,2.52,2.4,2.28,2.27,2.26,2.24,2.23,2.26,2.29,2.32,2.35,2.43,2.51,2.59,2.67,2.64,2.62,2.59,2.56,2.6,2.64,2.68,2.71,2.65,2.59,2.53,2.47,2.47,2.46,2.46,2.46,2.46,2.47,2.47,2.48,2.57,2.67,2.76,2.86,3.01,3.17,3.32,3.48,3.61,3.74,3.87,3.99,4.09,4.18,4.28,4.37,4.45,4.53,4.61,4.69,4.69,4.69,4.7,4.7,4.72,4.75,4.78,4.81,4.91,5.02,5.12,5.23,5.49,5.75,6.0,6.26,6.57,6.87,7.17,7.48,7.62,7.76,7.9,8.04,8.09,8.13,8.18,8.23,8.29,8.35,8.42,8.48,8.41,8.35,8.28,8.22,8.23,8.25,8.26,8.27,,
2017-12-13T00:00:00+00:00,2.6,2.62,2.65,2.76,2.88,3.0,3.11,3.24,3.37,3.5,3.62,3.74,3.87,3.99,4.11,4.18,4.26,4.33,4.4,4.48,4.56,4.64,4.72,4.77,4.82,4.86,4.91,4.95,4.98,5.02,5.05,5.1,5.15,5.19,5.24,5.24,5.24,5.24,5.25,5.49,5.74,5.99,6.23,6.6,6.96,7.32,7.68,7.87,8.06,8.24,8.43,8.42,8.41,8.39,8.38,8.34,8.29,8.24,8.19,8.09,7.99,7.89,7.78,7.75,7.71,7.67,7.63,7.67,7.71,7.74,7.78,8.03,8.29,8.54,8.79,8.49,8.2,7.9,7.6,7.44,7.28,7.13,6.97,6.96,6.96,6.95,6.94,6.97,7.0,7.02,7.05,6.88,6.72,6.56,6.39,6.39,6.39,6.38,6.38,6.1,5.81,5.53,5.25,5.06,4.88,4.69,4.5,4.5,4.51,4.51,4.51,4.55,4.59,4.63,4.67,4.72,4.78,4.83,4.88,4.93,4.99,5.05,5.1,5.22,5.34,5.46,5.58,5.88,6.19,6.5,6.8,6.67,6.54,6.41,6.27,6.31,6.34,6.37,6.4,6.41,6.43,6.44,6.45,6.44,6.44,6.44,6.43,6.47,6.52,6.56,6.61,6.54,6.48,6.42,6.35,6.12,5.89,5.66,5.42,5.3,5.18,5.06,4.93,,
2017-12-14T00:00:00+00:00,6.65,6.36,6.08,5.92,5.76,5.6,5.44,5.3,5.16,5.03,4.89,4.81,4.72,4.64,4.55,4.61,4.67,4.72,4.78,4.74,4.69,4.65,4.61,4.54,4.48,4.42,4.36,4.46,4.56,4.66,4.76,4.97,5.19,5.4,5.61,5.65,5.68,5.71,5.75,5.89,6.03,6.18,6.32,6.46,6.6,6.74,6.88,6.94,7.01,7.07,7.14,6.19,5.24,4.29,3.34,3.54,3.74,3.94,4.15,4.26,4.37,4.49,4.6,4.63,4.65,4.67,4.69,4.66,4.62,4.58,4.54,4.48,4.42,4.37,4.31,4.19,4.08,3.96,3.85,3.72,3.59,3.46,3.33,3.19,3.04,2.89,2.75,2.75,2.75,2.75,2.75,2.98,3.21,3.45,3.68,3.7,3.72,3.75,3.77,3.82,3.87,3.91,3.96,3.87,3.78,3.69,3.6,3.51,3.42,3.33,3.24,3.1,2.95,2.81,2.67,2.71,2.74,2.77,2.81,2.84,2.87,2.9,2.94,2.9,2.86,2.82,2.78,2.49,2.21,1.93,1.65,1.5,1.35,1.2,1.06,1.1,1.15,1.2,1.25,1.43,1.62,1.8,1.99,2.18,2.38,2.58,2.78,2.93,3.08,3.22,3.37,3.56,3.74,3.93,4.11,4.12,4.14,4.15,4.16,4.09,4.02,3.95,3.88,,
2017-12-15T00:00:00+00:00,3.74,3.88,4.02,4.01,3.99,3.98,3.97,4.07,4.17,4.27,4.36,4.29,4.21,4.13,4.06,4.08,4.1,4.12,4.14,4.01,3.88,3.75,3.63,3.65,3.67,3.7,3.72,3.86,4.01,4.15,4.3,4.39,4.48,4.57,4.67,4.77,4.86,4.96,5.06,5.23,5.4,5.57,5.74,5.79,5.83,5.88,5.92,5.96,5.99,6.03,6.07,5.82,5.57,5.33,5.08,4.87,4.66,4.45,4.24,4.13,4.02,3.92,3.81,3.85,3.9,3.94,3.98,3.97,3.96,3.95,3.93,3.99,4.05,4.11,4.17,4.07,3.98,3.88,3.78,3.92,4.06,4.19,4.33,4.24,4.15,4.05,3.96,4.0,4.05,4.09,4.13,4.16,4.19,4.22,4.25,4.27,4.3,4.33,4.36,4.34,4.33,4.31,4.3,4.26,4.23,4.2,4.16,4.18,4.19,4.21,4.22,4.28,4.33,4.39,4.44,4.41,4.39,4.36,4.33,4.32,4.31,4.29,4.28,4.33,4.37,4.41,4.46,4.47,4.49,4.5,4.51,4.55,4.58,4.62,4.65,4.75,4.86,4.96,5.06,5.14,5.23,5.31,5.4,5.46,5.52,5.58,5.65,5.6,5.55,5.51,5.46,5.24,5.01,4.79,4.56,4.36,4.16,3.96,3.76,3.59,3.43,3.26,3.1,,
2017-12-16T00:00:00+00:00,4.58,4.66,4.73,4.58,4.43,4.28,4.13,4.16,4.19,4.21,4.24,4.23,4.23,4.22,4.21,4.17,4.13,4.1,4.06,4.03,4.0,3.97,3.94,3.94,3.94,3.94,3.94,4.0,4.06,4.12,4.18,4.21,4.24,4.26,4.29,4.42,4.55,4.68,4.81,4.96,5.1,5.25,5.4,5.5,5.6,5.7,5.79,5.78,5.76,5.74,5.72,5.65,5.58,5.51,5.43,5.31,5.19,5.07,4.94,4.84,4.73,4.62,4.51,4.42,4.32,4.22,4.13,3.88,3.64,3.39,3.15,2.94,2.73,2.52,2.31,2.19,2.06,1.94,1.82,1.81,1.79,1.78,1.77,1.84,1.91,1.98,2.05,2.07,2.1,2.13,2.16,2.36,2.55,2.74,2.94,2.99,3.04,3.09,3.14,3.12,3.11,3.09,3.08,3.05,3.02,3.0,2.97,2.92,2.86,2.8,2.75,2.71,2.67,2.63,2.6,2.42,2.24,2.06,1.88,1.73,1.59,1.44,1.29,1.28,1.28,1.27,1.27,1.33,1.39,1.45,1.5,1.66,1.82,1.97,2.13,2.35,2.57,2.8,3.02,3.3,3.58,3.86,4.15,4.26,4.37,4.48,4.59,4.56,4.53,4.5,4.47,4.33,4.18,4.04,3.89,3.71,3.53,3.35,3.16,3.01,2.86,2.71,2.56,,
2017-12-17T00:00:00+00:00,2.88,2.81,2.74,2.67,2.59,2.52,2.45,2.37,2.29,2.2,2.12,2.0,1.88,1.76,1.64,1.53,1.41,1.29,1.18,1.01,0.84,0.68,0.51,0.52,0.52,0.53,0.54,0.68,0.83,0.97,1.12,1.19,1.27,1.34,1.42,1.58,1.74,1.89,2.05,2.2,2.34,2.48,2.62,2.83,3.04,3.25,3.46,3.63,3.81,3.98,4.16,4.16,4.16,4.16,4.17,4.14,4.12,4.1,4.07,4.02,3.96,3.9,3.85,3.8,3.76,3.72,3.68,3.66,3.64,3.61,3.59,3.58,3.58,3.57,3.56,3.54,3.51,3.49,3.47,3.55,3.63,3.72,3.8,3.88,3.96,4.04,4.12,4.2,4.27,4.35,4.43,4.62,4.82,5.02,5.22,5.29,5.37,5.44,5.52,5.55,5.59,5.63,5.66,5.89,6.12,6.35,6.58,6.73,6.88,7.03,7.18,7.17,7.16,7.15,7.14,7.27,7.4,7.53,7.66,7.46,7.27,7.07,6.87,6.71,6.55,6.38,6.22,6.27,6.32,6.37,6.43,6.52,6.61,6.7,6.79,6.89,6.99,7.09,7.18,7.26,7.34,7.41,7.49,7.53,7.57,7.61,7.66,7.58,7.51,7.44,7.36,7.24,7.12,7.0,6.87,6.68,6.49,6.29,6.1,5.92,5.75,5.58,5.41,,
2017-12-18T00:00:00+00:00,6.69,6.99,7.28,7.38,7.49,7.59,7.69,7.79,7.89,7.99,8.08,8.2,8.31,8.42,8.53,8.54,8.54,8.55,8.55,8.42,8.3,8.17,8.05,7.85,7.65,7.46,7.26,7.1,6.94,6.78,6.62,6.72,6.83,6.93,7.04,7.01,6.98,6.94,6.91,7.01,7.11,7.21,7.31,7.33,7.35,7.37,7.39,7.41,7.43,7.44,7.46,7.4,7.34,7.28,7.22,7.16,7.09,7.03,6.97,6.8,6.63,6.46,6.29,6.12,5.96,5.8,5.63,5.49,5.34,5.19,5.04,4.92,4.79,4.66,4.54,4.46,4.38,4.3,4.22,4.12,4.01,3.91,3.8,3.68,3.56,3.44,3.32,3.24,3.16,3.08,3.0,2.9,2.79,2.68,2.57,2.46,2.35,2.24,2.13,1.97,1.81,1.65,1.49,1.35,1.21,1.07,0.93,0.95,0.96,0.98,0.99,1.06,1.13,1.21,1.28,1.33,1.37,1.42,1.47,1.55,1.62,1.7,1.78,1.88,1.98,2.08,2.19,2.34,2.5,2.66,2.81,3.03,3.24,3.45,3.66,3.87,4.07,4.27,4.48,4.65,4.83,5.01,5.19,5.26,5.33,5.4,5.47,5.41,5.36,5.3,5.25,5.21,5.17,5.13,5.1,5.0,4.9,4.79,4.69,4.6,4.51,4.42,4.33,,
2017-12-19T00:00:00+00:00,2.12,2.08,2.04,2.01,1.97,1.94,1.9,1.88,1.86,1.85,1.83,1.82,1.81,1.8,1.79,1.71,1.63,1.55,1.46,1.15,0.83,0.52,0.2,0.27,0.34,0.41,0.48,0.62,0.75,0.89,1.03,1.22,1.4,1.59,1.78,1.95,2.13,2.3,2.48,2.66,2.85,3.03,3.22,3.39,3.57,3.74,3.91,3.99,4.07,4.15,4.23,4.25,4.26,4.28,4.29,4.13,3.98,3.82,3.66,3.6,3.54,3.48,3.42,3.33,3.24,3.14,3.05,3.0,2.96,2.91,2.87,2.89,2.92,2.95,2.98,2.99,3.01,3.02,3.03,2.97,2.9,2.83,2.76,2.73,2.7,2.67,2.64,2.63,2.62,2.61,2.6,2.61,2.63,2.64,2.65,2.7,2.75,2.8,2.86,2.85,2.85,2.84,2.83,2.85,2.86,2.88,2.89,2.97,3.05,3.12,3.2,3.28,3.36,3.43,3.51,3.62,3.73,3.84,3.95,4.07,4.2,4.32,4.44,4.56,4.68,4.8,4.92,5.07,5.22,5.37,5.52,5.69,5.86,6.02,6.19,6.33,6.47,6.61,6.75,6.79,6.84,6.88,6.92,6.9,6.88,6.86,6.84,6.84,6.84,6.84,6.84,6.85,6.85,6.85,6.86,6.88,6.89,6.91,6.93,6.92,6.9,6.89,6.87,,
2017-12-20T00:00:00+00:00,2.98,2.91,2.85,2.76,2.67,2.58,2.49,2.41,2.34,2.27,2.2,2.2,2.2,2.21,2.21,2.33,2.44,2.56,2.68,2.79,2.9,3.02,3.13,3.34,3.55,3.77,3.98,4.12,4.26,4.4,4.54,4.69,4.84,4.99,5.14,5.28,5.42,5.56,5.7,5.97,6.24,6.51,6.78,7.02,7.25,7.49,7.72,7.65,7.58,7.52,7.45,7.41,7.37,7.33,7.29,7.29,7.28,7.28,7.28,7.23,7.18,7.13,7.08,7.04,7.0,6.95,6.91,6.89,6.88,6.86,6.84,6.85,6.85,6.86,6.86,6.89,6.93,6.96,6.99,7.02,7.05,7.08,7.11,7.13,7.15,7.17,7.19,7.18,7.17,7.16,7.14,7.13,7.12,7.11,7.1,7.11,7.12,7.13,7.15,7.09,7.03,6.97,6.91,6.87,6.84,6.8,6.76,6.79,6.81,6.83,6.86,6.93,7.0,7.07,7.14,7.15,7.17,7.18,7.19,7.26,7.32,7.39,7.45,7.51,7.56,7.61,7.67,7.67,7.67,7.67,7.67,7.71,7.75,7.79,7.82,7.82,7.81,7.8,7.79,7.81,7.82,7.84,7.86,7.88,7.9,7.92,7.94,8.04,8.14,8.23,8.33,8.4,8.46,8.53,8.6,8.66,8.71,8.76,8.82,8.87,8.92,8.97,9.02,,
2017-12-21T00:00:00+00:00,7.99,8.03,8.07,8.09,8.1,8.12,8.13,8.11,8.08,8.05,8.02,7.96,7.89,7.83,7.76,7.82,7.87,7.93,7.98,8.0,8.02,8.03,8.05,7.97,7.89,7.81,7.73,7.7,7.67,7.64,7.61,7.63,7.66,7.69,7.72,7.75,7.78,7.82,7.85,7.88,7.91,7.95,7.98,8.03,8.08,8.13,8.18,8.24,8.31,8.37,8.44,8.46,8.48,8.51,8.53,8.57,8.61,8.65,8.69,8.67,8.66,8.64,8.62,8.6,8.59,8.58,8.56,8.6,8.63,8.67,8.7,8.74,8.78,8.82,8.86,8.88,8.9,8.92,8.94,8.94,8.94,8.94,8.94,8.95,8.96,8.98,8.99,8.97,8.94,8.91,8.88,8.86,8.83,8.81,8.78,8.75,8.72,8.69,8.66,8.64,8.61,8.59,8.57,8.53,8.5,8.46,8.43,8.4,8.36,8.33,8.3,8.4,8.51,8.62,8.72,8.7,8.68,8.66,8.64,8.6,8.56,8.52,8.48,8.48,8.48,8.49,8.49,8.51,8.54,8.56,8.59,8.63,8.67,8.71,8.75,8.75,8.74,8.74,8.74,8.73,8.72,8.7,8.69,8.67,8.64,8.62,8.6,8.59,8.58,8.58,8.57,8.56,8.55,8.54,8.52,8.46,8.4,8.34,8.28,8.15,8.02,7.89,7.77,,
2017-12-22T00:00:00+00:00,9.34,9.27,9.19,8.93,8.67,8.4,8.14,7.93,7.72,7.51,7.31,7.24,7.17,7.1,7.04,7.03,7.03,7.02,7.02,7.02,7.03,7.03,7.04,7.11,7.19,7.26,7.34,7.41,7.48,7.55,7.62,7.63,7.65,7.66,7.68,7.84,8.0,8.17,8.33,8.56,8.78,9.01,9.23,9.25,9.27,9.29,9.31,9.32,9.32,9.32,9.32,9.31,9.3,9.3,9.29,9.28,9.26,9.24,9.23,9.16,9.08,9.01,8.94,8.96,8.98,9.0,9.02,8.99,8.96,8.93,8.9,8.82,8.75,8.68,8.6,8.6,8.6,8.6,8.61,8.63,8.66,8.69,8.72,8.61,8.51,8.41,8.3,8.31,8.33,8.34,8.35,8.26,8.17,8.08,7.99,8.01,8.03,8.04,8.06,8.09,8.13,8.17,8.2,8.22,8.24,8.26,8.28,8.16,8.03,7.91,7.78,7.83,7.88,7.93,7.97,8.08,8.2,8.31,8.42,8.4,8.39,8.38,8.36,8.38,8.39,8.41,8.42,8.37,8.31,8.26,8.21,8.27,8.33,8.39,8.45,8.62,8.78,8.95,9.12,9.12,9.11,9.11,9.11,9.1,9.09,9.08,9.07,9.09,9.11,9.13,9.15,9.17,9.2,9.22,9.24,9.25,9.26,9.27,9.28,9.22,9.16,9.1,9.05,,
2017-12-23T00:00:00+00:00,9.06,8.97,8.89,8.71,8.52,8.34,8.15,8.18,8.21,8.24,8.27,8.28,8.29,8.29,8.3,8.35,8.4,8.45,8.5,8.61,8.73,8.84,8.96,8.94,8.93,8.92,8.9,8.91,8.92,8.93,8.93,9.0,9.07,9.13,9.2,9.27,9.35,9.42,9.5,9.55,9.6,9.65,9.71,9.81,9.91,10.01,10.11,10.09,10.08,10.07,10.06,10.05,10.05,10.04,10.04,10.03,10.02,10.02,10.01,9.97,9.93,9.89,9.85,9.79,9.73,9.66,9.6,9.54,9.47,9.4,9.33,9.3,9.28,9.25,9.22,9.21,9.21,9.2,9.2,9.19,9.18,9.18,9.17,9.15,9.13,9.12,9.1,9.08,9.06,9.04,9.02,9.01,8.99,8.98,8.97,8.97,8.97,8.98,8.98,8.98,8.97,8.96,8.95,8.95,8.96,8.96,8.96,8.94,8.92,8.9,8.89,8.89,8.9,8.91,8.91,8.91,8.9,8.89,8.88,8.87,8.85,8.84,8.83,8.85,8.88,8.9,8.93,8.96,9.0,9.03,9.07,9.09,9.1,9.12,9.13,9.12,9.11,9.1,9.1,9.04,8.98,8.92,8.86,8.86,8.86,8.86,8.86,8.82,8.78,8.75,8.71,8.65,8.6,8.54,8.49,8.43,8.38,8.33,8.28,8.19,8.1,8.01,7.92,,
2017-12-24T00:00:00+00:00,7.8,7.77,7.75,7.77,7.8,7.82,7.84,7.85,7.86,7.87,7.88,7.92,7.96,8.0,8.04,8.1,8.17,8.24,8.3,8.31,8.32,8.34,8.35,8.34,8.33,8.32,8.31,8.34,8.37,8.41,8.44,8.48,8.51,8.54,8.57,8.6,8.63,8.66,8.68,8.73,8.77,8.82,8.86,8.89,8.91,8.94,8.96,8.96,8.96,8.96,8.96,8.96,8.97,8.97,8.97,8.88,8.79,8.7,8.61,8.55,8.49,8.43,8.37,8.35,8.32,8.29,8.26,8.24,8.21,8.19,8.16,8.14,8.12,8.1,8.08,8.06,8.03,8.0,7.97,7.94,7.9,7.87,7.84,7.81,7.79,7.77,7.74,7.71,7.68,7.65,7.62,7.57,7.52,7.46,7.41,7.36,7.31,7.26,7.21,7.16,7.11,7.05,7.0,6.95,6.9,6.84,6.79,6.74,6.69,6.64,6.59,6.57,6.55,6.53,6.51,6.44,6.36,6.28,6.2,6.17,6.14,6.1,6.07,6.05,6.03,6.02,6.0,5.97,5.95,5.92,5.9,5.81,5.72,5.64,5.55,5.41,5.26,5.12,4.98,4.98,4.98,4.98,4.98,5.04,5.09,5.15,5.2,5.16,5.11,5.07,5.02,4.97,4.92,4.87,4.82,4.8,4.78,4.75,4.73,4.72,4.72,4.71,4.7,,
2017-12-25T00:00:00+00:00,7.11,7.05,6.99,6.92,6.84,6.77,6.7,6.63,6.57,6.51,6.45,6.34,6.24,6.14,6.04,6.0,5.95,5.91,5.87,5.86,5.84,5.83,5.82,5.75,5.68,5.61,5.54,5.47,5.41,5.35,5.28,5.26,5.23,5.21,5.18,5.16,5.13,5.11,5.08,4.98,4.87,4.77,4.66,4.71,4.76,4.81,4.87,4.88,4.89,4.91,4.92,4.86,4.8,4.74,4.68,4.61,4.54,4.47,4.4,4.35,4.31,4.27,4.22,4.18,4.13,4.09,4.05,4.05,4.06,4.07,4.08,4.02,3.96,3.9,3.84,3.95,4.07,4.18,4.3,4.59,4.87,5.16,5.45,5.46,5.46,5.47,5.47,5.46,5.45,5.44,5.43,5.48,5.53,5.57,5.62,5.58,5.54,5.5,5.46,5.46,5.46,5.46,5.46,5.47,5.47,5.47,5.47,5.3,5.13,4.96,4.79,4.77,4.75,4.74,4.72,4.57,4.42,4.26,4.11,3.98,3.85,3.72,3.6,3.59,3.58,3.57,3.56,3.7,3.84,3.99,4.13,4.29,4.46,4.62,4.78,4.9,5.02,5.13,5.25,5.47,5.7,5.93,6.15,6.24,6.33,6.42,6.51,6.53,6.55,6.57,6.59,6.48,6.36,6.25,6.13,6.08,6.02,5.96,5.91,5.82,5.74,5.65,5.57,,
2017-12-26T00:00:00+00:00,4.63,4.81,4.99,5.06,5.12,5.19,5.25,5.49,5.72,5.96,6.19,6.12,6.04,5.97,5.9,5.76,5.63,5.5,5.37,5.29,5.22,5.14,5.07,5.06,5.06,5.06,5.06,5.14,5.21,5.29,5.37,5.36,5.36,5.35,5.34,5.49,5.64,5.78,5.93,5.91,5.89,5.87,5.85,6.01,6.16,6.32,6.47,6.62,6.76,6.91,7.06,7.1,7.15,7.2,7.25,7.26,7.28,7.29,7.31,7.24,7.18,7.11,7.05,7.0,6.94,6.89,6.84,6.86,6.89,6.91,6.93,6.91,6.89,6.88,6.86,6.83,6.8,6.76,6.73,6.74,6.75,6.76,6.77,6.56,6.35,6.14,5.94,5.82,5.71,5.6,5.49,5.41,5.32,5.24,5.15,5.27,5.39,5.51,5.64,5.78,5.92,6.07,6.21,6.25,6.28,6.31,6.35,6.24,6.14,6.04,5.94,5.89,5.85,5.81,5.77,5.74,5.72,5.7,5.67,5.66,5.65,5.63,5.62,5.56,5.5,5.44,5.39,5.4,5.41,5.42,5.44,5.28,5.12,4.97,4.81,4.65,4.49,4.32,4.16,4.06,3.96,3.86,3.75,3.67,3.58,3.49,3.4,3.49,3.58,3.67,3.76,3.62,3.49,3.35,3.21,3.17,3.13,3.08,3.04,3.3,3.56,3.83,4.09,,
2017-12-27T00:00:00+00:00,6.08,6.12,6.17,6.21,6.25,6.29,6.33,6.27,6.21,6.15,6.09,6.03,5.98,5.92,5.87,5.86,5.85,5.85,5.84,5.76,5.68,5.59,5.51,5.51,5.5,5.5,5.5,5.59,5.68,5.77,5.86,5.82,5.78,5.74,5.69,5.5,5.3,5.1,4.9,4.68,4.46,4.23,4.01,3.94,3.86,3.79,3.72,3.76,3.81,3.86,3.91,3.8,3.68,3.57,3.46,3.36,3.26,3.17,3.07,3.02,2.97,2.92,2.87,2.74,2.62,2.49,2.37,2.31,2.26,2.2,2.15,2.25,2.36,2.46,2.57,2.62,2.67,2.72,2.78,2.75,2.71,2.68,2.65,2.6,2.55,2.5,2.44,2.34,2.23,2.12,2.01,1.94,1.87,1.8,1.74,1.67,1.6,1.53,1.46,1.41,1.35,1.3,1.25,1.29,1.33,1.36,1.4,1.41,1.42,1.43,1.43,1.48,1.52,1.56,1.6,1.56,1.51,1.46,1.41,1.4,1.39,1.38,1.36,1.51,1.65,1.79,1.93,2.18,2.43,2.68,2.93,3.14,3.35,3.56,3.78,3.84,3.9,3.96,4.03,4.14,4.25,4.36,4.48,4.6,4.72,4.84,4.97,4.93,4.89,4.85,4.81,4.63,4.46,4.29,4.12,3.86,3.61,3.36,3.11,2.9,2.7,2.49,2.28,,
2017-12-28T00:00:00+00:00,1.89,1.81,1.74,1.7,1.66,1.63,1.59,1.49,1.39,1.29,1.19,1.16,1.13,1.11,1.08,1.11,1.14,1.17,1.2,1.2,1.2,1.2,1.2,1.18,1.16,1.13,1.11,1.2,1.28,1.37,1.45,1.78,2.11,2.43,2.76,3.05,3.34,3.62,3.91,4.03,4.16,4.28,4.4,4.46,4.53,4.6,4.66,4.66,4.65,4.65,4.64,4.59,4.55,4.5,4.46,4.33,4.21,4.09,3.97,3.77,3.56,3.36,3.16,2.98,2.8,2.62,2.44,2.32,2.2,2.09,1.97,1.89,1.8,1.71,1.62,1.53,1.43,1.34,1.24,1.16,1.07,0.99,0.9,0.83,0.76,0.69,0.61,0.58,0.55,0.51,0.48,0.28,0.09,-0.1,-0.3,-0.27,-0.24,-0.22,-0.19,-0.09,0.02,0.12,0.23,0.45,0.67,0.89,1.11,1.22,1.34,1.45,1.57,1.6,1.63,1.67,1.7,1.75,1.8,1.85,1.9,1.82,1.74,1.66,1.58,1.68,1.79,1.9,2.01,2.08,2.16,2.24,2.32,2.45,2.59,2.72,2.86,2.93,3.0,3.08,3.15,3.33,3.51,3.69,3.87,4.1,4.32,4.55,4.77,5.12,5.47,5.82,6.17,6.41,6.64,6.88,7.12,7.27,7.43,7.58,7.74,7.94,8.15,8.36,8.57,,
2017-12-29T00:00:00+00:00,-0.19,-0.32,-0.46,-0.38,-0.31,-0.23,-0.15,0.06,0.26,0.47,0.68,0.74,0.81,0.87,0.94,1.05,1.17,1.28,1.39,1.6,1.8,2.01,2.22,2.25,2.28,2.32,2.35,2.44,2.52,2.61,2.7,2.78,2.86,2.93,3.01,3.11,3.21,3.31,3.4,3.52,3.64,3.76,3.88,4.13,4.37,4.62,4.86,5.32,5.78,6.23,6.69,6.77,6.85,6.93,7.01,6.92,6.84,6.75,6.66,6.53,6.39,6.25,6.11,6.21,6.32,6.42,6.52,6.6,6.68,6.76,6.84,6.81,6.77,6.74,6.71,6.58,6.45,6.32,6.19,5.95,5.72,5.48,5.25,5.1,4.95,4.79,4.64,4.69,4.74,4.79,4.84,4.93,5.02,5.1,5.19,5.48,5.76,6.05,6.33,6.73,7.14,7.54,7.95,8.19,8.42,8.66,8.9,9.0,9.09,9.19,9.28,9.39,9.51,9.62,9.73,9.95,10.16,10.38,10.59,10.9,11.21,11.52,11.82,11.96,12.1,12.24,12.38,12.39,12.4,12.41,12.42,12.4,12.38,12.35,12.33,12.36,12.39,12.42,12.45,12.42,12.39,12.36,12.32,12.36,12.4,12.44,12.48,12.46,12.44,12.41,12.39,12.38,12.38,12.38,12.37,12.37,12.36,12.36,12.35,12.29,12.22,12.15,12.09,,
2017-12-30T00:00:00+00:00,8.26,8.44,8.62,8.73,8.83,8.94,9.05,9.12,9.19,9.25,9.32,9.54,9.75,9.96,10.18,10.37,10.56,10.76,10.95,11.31,11.68,12.04,12.41,12.62,12.83,13.04,13.25,13.36,13.47,13.58,13.68,13.69,13.7,13.7,13.71,13.59,13.47,13.35,13.23,13.04,12.84,12.64,12.44,12.51,12.57,12.63,12.7,12.71,12.73,12.74,12.76,12.71,12.66,12.61,12.56,12.5,12.44,12.38,12.32,12.33,12.34,12.35,12.37,12.3,12.23,12.16,12.09,12.16,12.22,12.28,12.35,12.3,12.25,12.2,12.16,12.02,11.89,11.75,11.62,11.54,11.46,11.39,11.31,11.2,11.09,10.97,10.86,11.1,11.34,11.58,11.82,11.76,11.7,11.64,11.57,11.46,11.35,11.25,11.14,11.31,11.48,11.65,11.82,11.92,12.02,12.13,12.23,12.12,12.01,11.89,11.78,11.89,12.0,12.11,12.22,12.12,12.02,11.93,11.83,11.81,11.79,11.77,11.75,11.77,11.78,11.8,11.82,11.74,11.67,11.59,11.51,11.47,11.43,11.39,11.34,11.45,11.56,11.66,11.77,11.82,11.87,11.92,11.97,12.02,12.07,12.12,12.17,12.02,11.86,11.7,11.54,11.46,11.38,11.3,11.22,11.24,11.26,11.29,11.31,11.03,10.75,10.47,10.19,,
2017-12-31T00:00:00+00:00,12.45,12.36,12.28,12.28,12.28,12.29,12.29,12.33,12.37,12.42,12.46,12.44,12.42,12.4,12.38,12.47,12.55,12.64,12.73,12.67,12.6,12.54,12.48,12.36,12.24,12.11,11.99,11.93,11.86,11.8,11.73,11.77,11.81,11.85,11.89,11.94,11.98,12.03,12.08,12.11,12.14,12.17,12.2,12.39,12.58,12.77,12.96,13.01,13.07,13.12,13.17,12.79,12.42,12.04,11.67,11.54,11.42,11.3,11.17,11.11,11.04,10.98,10.92,10.79,10.66,10.53,10.4,10.21,10.01,9.82,9.62,9.36,9.09,8.82,8.55,8.56,8.56,8.56,8.56,8.57,8.58,8.59,8.61,8.49,8.37,8.24,8.12,7.98,7.83,7.69,7.54,7.41,7.28,7.15,7.02,6.92,6.82,6.72,6.62,6.54,6.47,6.39,6.31,6.18,6.05,5.91,5.78,5.8,5.82,5.84,5.86,5.89,5.91,5.94,5.97,5.98,5.99,6.0,6.01,5.99,5.96,5.93,5.9,6.13,6.37,6.6,6.84,7.12,7.41,7.69,7.98,8.07,8.17,8.26,8.35,8.46,8.58,8.69,8.8,8.82,8.84,8.85,8.87,8.66,8.44,8.23,8.02,8.0,7.98,7.97,7.95,7.95,7.95,7.95,7.95,8.0,8.05,8.1,8.15,8.02,7.88,7.74,7.6,,
2018-01-01T00:00:00+00:00,7.91,7.85,7.79,7.67,7.55,7.44,7.32,7.22,7.12,7.02,6.93,6.86,6.79,6.72,6.65,6.53,6.41,6.29,6.18,6.18,6.18,6.19,6.19,6.14,6.08,6.03,5.98,6.15,6.32,6.49,6.66,6.88,7.09,7.3,7.52,7.61,7.71,7.81,7.9,7.97,8.03,8.1,8.16,8.19,8.22,8.26,8.29,8.44,8.59,8.74,8.89,8.69,8.49,8.29,8.09,8.03,7.97,7.91,7.85,7.87,7.89,7.9,7.92,7.89,7.86,7.83,7.79,7.64,7.48,7.33,7.17,7.19,7.2,7.21,7.23,7.36,7.48,7.61,7.74,7.71,7.68,7.65,7.62,7.61,7.6,7.6,7.59,7.49,7.38,7.28,7.18,7.17,7.16,7.14,7.13,7.07,7.02,6.96,6.9,6.9,6.89,6.88,6.88,6.8,6.72,6.64,6.56,6.42,6.29,6.16,6.02,5.71,5.39,5.07,4.75,4.7,4.64,4.59,4.53,4.53,4.53,4.53,4.52,4.52,4.51,4.5,4.49,4.61,4.73,4.85,4.97,5.21,5.45,5.69,5.93,6.06,6.2,6.33,6.47,6.58,6.69,6.8,6.91,6.94,6.97,7.01,7.04,7.1,7.16,7.22,7.28,7.27,7.26,7.25,7.24,7.32,7.4,7.48,7.56,7.61,7.65,7.7,7.75,,
2018-01-02T00:00:00+00:00,7.33,7.32,7.3,7.29,7.28,7.27,7.26,7.17,7.09,7.01,6.92,6.54,6.16,5.77,5.39,5.38,5.36,5.35,5.33,5.36,5.39,5.41,5.44,5.44,5.44,5.44,5.44,5.44,5.44,5.43,5.43,5.57,5.7,5.84,5.97,6.08,6.19,6.29,6.4,6.55,6.69,6.83,6.98,7.04,7.09,7.15,7.21,7.25,7.29,7.33,7.38,7.39,7.41,7.43,7.45,7.46,7.47,7.48,7.48,7.64,7.79,7.94,8.1,8.22,8.35,8.48,8.6,8.72,8.84,8.96,9.08,9.25,9.41,9.58,9.74,9.97,10.2,10.43,10.67,10.87,11.07,11.27,11.47,11.48,11.49,11.5,11.51,11.43,11.34,11.26,11.18,11.18,11.18,11.18,11.18,11.33,11.48,11.63,11.78,12.04,12.29,12.54,12.79,12.93,13.07,13.21,13.35,13.07,12.78,12.5,12.22,12.04,11.87,11.69,11.51,11.39,11.28,11.16,11.05,10.44,9.82,9.21,8.6,8.74,8.89,9.04,9.19,9.41,9.63,9.84,10.06,9.9,9.74,9.58,9.42,9.35,9.29,9.22,9.15,9.42,9.69,9.95,10.22,10.42,10.62,10.83,11.03,10.95,10.87,10.78,10.7,10.56,10.42,10.28,10.13,9.84,9.54,9.25,8.95,8.99,9.02,9.06,9.1,,
2018-01-03T00:00:00+00:00,12.79,12.73,12.68,12.81,12.94,13.08,13.21,13.25,13.28,13.31,13.35,12.86,12.38,11.9,11.41,11.52,11.63,11.74,11.85,11.2,10.56,9.92,9.28,9.25,9.23,9.21,9.18,9.27,9.35,9.44,9.53,9.38,9.24,9.09,8.95,9.01,9.06,9.12,9.17,9.39,9.6,9.81,10.03,10.23,10.43,10.63,10.82,10.72,10.61,10.51,10.4,10.28,10.16,10.04,9.91,9.96,10.01,10.06,10.1,9.94,9.79,9.63,9.47,9.28,9.1,8.92,8.73,8.77,8.82,8.86,8.91,8.98,9.04,9.11,9.18,9.08,8.97,8.87,8.77,8.65,8.54,8.42,8.3,8.33,8.35,8.37,8.39,8.43,8.46,8.49,8.53,8.52,8.52,8.51,8.51,8.55,8.6,8.65,8.7,8.82,8.95,9.07,9.2,9.57,9.95,10.32,10.7,11.13,11.57,12.01,12.45,12.5,12.55,12.6,12.65,12.6,12.55,12.49,12.44,12.32,12.19,12.07,11.95,11.98,12.02,12.05,12.09,12.15,12.22,12.28,12.34,12.4,12.45,12.5,12.55,12.54,12.52,12.5,12.48,12.58,12.67,12.76,12.85,12.92,12.98,13.04,13.1,13.08,13.05,13.02,12.99,12.83,12.67,12.52,12.36,12.16,11.96,11.77,11.57,11.3,11.04,10.77,10.5,,
2018-01-04T00:00:00+00:00,8.51,8.65,8.78,8.89,8.99,9.1,9.21,9.31,9.41,9.51,9.62,9.6,9.59,9.58,9.57,9.72,9.87,10.01,10.16,10.64,11.11,11.59,12.07,12.32,12.58,12.84,13.09,12.88,12.66,12.45,12.23,12.28,12.33,12.38,12.43,12.45,12.47,12.49,12.51,12.39,12.27,12.14,12.02,12.19,12.35,12.52,12.68,12.74,12.79,12.84,12.9,12.81,12.72,12.63,12.54,12.65,12.75,12.85,12.96,12.87,12.78,12.68,12.59,12.23,11.87,11.5,11.14,11.07,11.01,10.94,10.87,10.82,10.77,10.72,10.67,10.66,10.65,10.65,10.64,10.75,10.86,10.97,11.08,10.99,10.9,10.81,10.73,10.68,10.64,10.59,10.55,10.57,10.6,10.63,10.65,10.62,10.59,10.55,10.52,10.59,10.65,10.72,10.79,10.71,10.64,10.56,10.48,10.34,10.2,10.06,9.92,9.81,9.7,9.59,9.48,9.44,9.41,9.37,9.34,9.27,9.2,9.13,9.06,9.03,9.01,8.98,8.95,9.03,9.11,9.18,9.26,9.37,9.47,9.57,9.68,9.77,9.87,9.96,10.06,10.13,10.21,10.29,10.37,10.38,10.4,10.42,10.43,10.41,10.38,10.35,10.33,10.23,10.14,10.05,9.95,9.82,9.68,9.54,9.4,9.23,9.06,8.9,8.73,,
2018-01-05T00:00:00+00:00,9.94,9.91,9.88,9.82,9.75,9.68,9.61,9.61,9.62,9.62,9.63,9.58,9.53,9.48,9.44,9.4,9.37,9.34,9.3,9.29,9.28,9.27,9.25,9.24,9.22,9.2,9.18,9.12,9.05,8.99,8.92,8.97,9.01,9.06,9.1,9.1,9.09,9.08,9.07,9.18,9.28,9.39,9.49,9.47,9.45,9.43,9.41,9.46,9.51,9.57,9.62,9.4,9.19,8.98,8.76,8.66,8.55,8.44,8.33,8.17,8.0,7.83,7.67,7.53,7.38,7.24,7.1,6.93,6.77,6.6,6.43,6.4,6.36,6.33,6.29,6.28,6.27,6.25,6.24,6.24,6.24,6.23,6.23,6.2,6.16,6.13,6.1,6.09,6.09,6.08,6.08,6.06,6.05,6.03,6.02,5.87,5.73,5.58,5.44,5.38,5.33,5.27,5.21,5.08,4.94,4.81,4.68,4.69,4.7,4.71,4.72,4.7,4.69,4.68,4.67,4.7,4.74,4.78,4.82,4.75,4.69,4.62,4.56,4.59,4.63,4.66,4.7,4.89,5.09,5.29,5.48,5.69,5.9,6.11,6.31,6.46,6.6,6.75,6.89,6.96,7.02,7.09,7.16,7.14,7.13,7.11,7.1,7.06,7.03,6.99,6.95,6.88,6.82,6.75,6.68,6.64,6.61,6.57,6.53,6.47,6.41,6.35,6.28,,
2018-01-06T00:00:00+00:00,6.04,6.08,6.13,6.13,6.14,6.14,6.14,6.11,6.07,6.04,6.0,5.98,5.95,5.92,5.9,5.91,5.93,5.94,5.96,5.93,5.91,5.88,5.86,5.9,5.94,5.98,6.03,6.06,6.09,6.12,6.15,6.18,6.2,6.23,6.26,6.37,6.47,6.58,6.68,6.74,6.79,6.84,6.89,6.94,6.99,7.03,7.08,7.14,7.2,7.26,7.32,7.29,7.26,7.23,7.19,7.14,7.09,7.04,6.99,6.95,6.92,6.89,6.86,6.81,6.76,6.71,6.66,6.6,6.54,6.49,6.43,6.39,6.34,6.3,6.25,6.23,6.2,6.17,6.14,6.14,6.15,6.15,6.15,6.11,6.07,6.02,5.98,5.96,5.94,5.93,5.91,5.88,5.85,5.83,5.8,5.77,5.73,5.7,5.66,5.58,5.49,5.41,5.32,5.26,5.19,5.12,5.06,5.01,4.97,4.92,4.88,4.84,4.81,4.77,4.74,4.74,4.73,4.73,4.73,4.72,4.71,4.69,4.68,4.68,4.69,4.69,4.69,4.71,4.73,4.75,4.77,4.84,4.91,4.99,5.06,5.13,5.19,5.26,5.33,5.29,5.26,5.22,5.19,5.21,5.24,5.26,5.29,5.26,5.23,5.19,5.16,5.14,5.11,5.09,5.06,5.01,4.96,4.91,4.87,4.82,4.77,4.73,4.68,,
2018-01-07T00:00:00+00:00,6.33,6.33,6.33,6.31,6.29,6.27,6.25,6.27,6.28,6.3,6.31,6.18,6.04,5.91,5.77,5.7,5.63,5.55,5.48,5.53,5.59,5.64,5.7,5.76,5.83,5.9,5.96,5.98,6.0,6.02,6.04,6.04,6.05,6.05,6.06,6.1,6.13,6.17,6.21,6.21,6.22,6.22,6.23,6.27,6.31,6.34,6.38,6.33,6.28,6.23,6.18,6.18,6.18,6.18,6.18,6.2,6.21,6.22,6.23,6.21,6.18,6.15,6.12,6.14,6.17,6.19,6.21,6.17,6.14,6.1,6.06,6.01,5.95,5.9,5.84,5.71,5.59,5.46,5.33,5.23,5.14,5.04,4.95,4.92,4.9,4.88,4.86,4.83,4.81,4.78,4.75,4.7,4.66,4.61,4.56,4.51,4.45,4.4,4.34,4.42,4.49,4.56,4.64,4.65,4.66,4.68,4.69,4.68,4.67,4.66,4.64,4.66,4.68,4.7,4.72,4.72,4.72,4.72,4.72,4.72,4.72,4.72,4.72,4.73,4.74,4.75,4.76,4.8,4.84,4.88,4.92,4.98,5.03,5.09,5.14,5.32,5.5,5.68,5.85,6.03,6.21,6.39,6.57,6.73,6.9,7.07,7.23,7.24,7.24,7.24,7.25,7.17,7.08,7.0,6.92,6.79,6.65,6.51,6.38,6.29,6.2,6.12,6.03,,
2018-01-08T00:00:00+00:00,5.12,5.01,4.9,4.85,4.8,4.74,4.69,4.56,4.43,4.29,4.16,4.14,4.13,4.11,4.09,4.21,4.32,4.43,4.55,4.63,4.71,4.78,4.86,4.91,4.97,5.02,5.07,5.13,5.2,5.26,5.32,5.44,5.56,5.68,5.8,5.91,6.02,6.14,6.25,6.34,6.44,6.53,6.62,6.73,6.83,6.93,7.04,7.11,7.19,7.26,7.34,7.31,7.29,7.26,7.24,7.11,6.98,6.85,6.72,6.6,6.49,6.37,6.25,6.25,6.26,6.26,6.26,6.11,5.95,5.79,5.63,5.49,5.34,5.19,5.05,4.91,4.78,4.65,4.51,4.44,4.36,4.29,4.21,4.11,4.02,3.92,3.83,3.76,3.7,3.64,3.58,3.46,3.34,3.22,3.11,3.02,2.94,2.85,2.76,2.69,2.62,2.54,2.47,2.47,2.47,2.47,2.47,2.48,2.48,2.49,2.49,2.52,2.54,2.56,2.58,2.66,2.75,2.83,2.91,2.95,2.98,3.02,3.06,3.18,3.31,3.44,3.56,3.59,3.61,3.64,3.66,3.81,3.96,4.11,4.26,4.38,4.5,4.62,4.74,4.85,4.96,5.07,5.17,5.27,5.38,5.48,5.58,5.61,5.64,5.67,5.71,5.74,5.78,5.82,5.86,5.99,6.12,6.26,6.39,6.53,6.68,6.82,6.97,,
2018-01-09T00:00:00+00:00,4.56,4.51,4.45,4.39,4.33,4.27,4.21,4.16,4.1,4.05,3.99,4.01,4.03,4.05,4.07,4.03,4.0,3.96,3.92,3.91,3.9,3.9,3.89,3.97,4.06,4.15,4.23,4.44,4.65,4.86,5.08,5.21,5.35,5.49,5.63,5.77,5.91,6.05,6.19,6.11,6.04,5.97,5.9,5.97,6.05,6.13,6.2,6.33,6.46,6.59,6.72,6.82,6.92,7.02,7.12,7.1,7.07,7.04,7.02,7.08,7.15,7.22,7.29,7.29,7.28,7.28,7.27,7.27,7.26,7.26,7.26,7.32,7.39,7.46,7.52,7.57,7.62,7.68,7.73,7.72,7.72,7.72,7.71,7.61,7.51,7.41,7.31,7.24,7.17,7.09,7.02,6.98,6.94,6.91,6.87,6.82,6.78,6.73,6.69,6.7,6.72,6.73,6.75,6.73,6.71,6.68,6.66,6.64,6.62,6.6,6.58,6.61,6.64,6.67,6.7,6.74,6.78,6.82,6.86,6.85,6.84,6.83,6.82,6.86,6.91,6.95,6.99,7.03,7.07,7.12,7.16,7.15,7.14,7.13,7.13,7.23,7.34,7.44,7.55,7.51,7.47,7.43,7.39,7.39,7.39,7.38,7.38,7.47,7.57,7.66,7.75,7.75,7.76,7.76,7.76,7.77,7.79,7.8,7.81,7.78,7.75,7.72,7.69,,
2018-01-10T00:00:00+00:00
2018-01-11T00:00:00+00:00
2018-01-12T00:00:00+00:00
2018-01-13T00:00:00+00:00
2018-01-14T00:00:00+00:00
2018-01-15T00:00:00+00:00
2018-01-16T00:00:00+00:00
2018-01-24T00:00:00+00:00,11.21,11.17,11.13,11.03,10.94,10.85,10.76,10.77,10.79,10.81,10.83,10.78,10.72,10.67,10.62,10.61,10.6,10.59,10.59,10.71,10.83,10.96,11.08,11.15,11.23,11.3,11.37,11.45,11.53,11.62,11.7,11.8,11.9,12.0,12.1,12.18,12.26,12.34,12.42,12.45,12.49,12.52,12.56,12.52,12.48,12.44,12.4,12.36,12.33,12.29,12.25,12.27,12.28,12.29,12.31,12.28,12.25,12.22,12.19,12.18,12.16,12.14,12.12,12.08,12.05,12.01,11.97,11.85,11.74,11.62,11.5,11.37,11.24,11.11,10.98,10.98,10.97,10.97,10.96,10.96,10.96,10.96,10.96,11.0,11.04,11.09,11.13,11.17,11.22,11.27,11.31,11.26,11.21,11.17,11.12,11.12,11.12,11.13,11.13,11.01,10.9,10.78,10.66,10.28,9.9,9.51,9.13,9.0,8.88,8.76,8.63,8.61,8.59,8.57,8.55,8.47,8.39,8.31,8.23,8.19,8.15,8.11,8.07,8.06,8.05,8.04,8.03,8.02,8.02,8.02,8.02,8.07,8.12,8.17,8.22,8.27,8.33,8.39,8.44,8.42,8.4,8.39,8.37,8.41,8.46,8.51,8.55,8.61,8.66,8.71,8.77,8.73,8.69,8.65,8.61,8.57,8.53,8.49,8.45,8.36,8.26,8.17,8.07,,
2018-01-26T00:00:00+00:00,6.07,6.0,5.93,5.81,5.7,5.59,5.48,5.41,5.34,5.27,5.2,5.13,5.05,4.98,4.91,4.94,4.98,5.02,5.05,5.19,5.33,5.46,5.6,5.64,5.69,5.73,5.78,5.78,5.78,5.79,5.79,5.91,6.03,6.15,6.27,6.46,6.64,6.83,7.01,7.17,7.32,7.47,7.62,7.7,7.78,7.85,7.93,7.95,7.97,8.0,8.02,8.04,8.06,8.09,8.11,8.13,8.15,8.17,8.19,8.11,8.04,7.97,7.89,7.77,7.65,7.53,7.41,7.17,6.94,6.7,6.47,6.29,6.1,5.92,5.74,5.58,5.42,5.26,5.11,5.12,5.14,5.16,5.17,5.12,5.07,5.02,4.97,4.9,4.83,4.76,4.69,4.71,4.72,4.74,4.75,4.68,4.61,4.54,4.47,4.53,4.58,4.64,4.69,4.72,4.75,4.78,4.81,4.73,4.65,4.57,4.49,4.4,4.31,4.22,4.13,4.18,4.23,4.27,4.32,4.25,4.19,4.13,4.07,4.12,4.18,4.23,4.29,4.38,4.48,4.58,4.68,4.85,5.02,5.2,5.37,5.57,5.77,5.97,6.17,6.32,6.46,6.61,6.75,6.87,6.98,7.1,7.22,7.23,7.25,7.27,7.29,7.25,7.21,7.17,7.14,7.07,7.0,6.93,6.86,6.84,6.82,6.8,6.78,,
2018-01-27T00:00:00+00:00,3.04,2.95,2.86,2.86,2.86,2.86,2.86,2.95,3.03,3.12,3.2,3.26,3.32,3.38,3.44,3.42,3.41,3.4,3.38,3.38,3.38,3.39,3.39,3.37,3.36,3.35,3.33,3.34,3.35,3.36,3.37,3.46,3.55,3.63,3.72,4.05,4.38,4.71,5.04,5.25,5.46,5.67,5.88,6.07,6.25,6.43,6.61,6.7,6.78,6.87,6.95,6.86,6.77,6.68,6.59,6.37,6.15,5.94,5.72,5.59,5.46,5.33,5.2,5.08,4.96,4.84,4.71,4.6,4.48,4.37,4.25,4.2,4.14,4.09,4.03,4.03,4.02,4.02,4.02,3.98,3.94,3.9,3.86,3.84,3.83,3.81,3.8,3.66,3.52,3.39,3.25,3.22,3.19,3.16,3.13,3.22,3.32,3.41,3.5,3.6,3.71,3.82,3.92,3.98,4.03,4.09,4.14,4.16,4.17,4.18,4.2,4.27,4.33,4.4,4.47,4.53,4.6,4.67,4.74,4.79,4.83,4.87,4.92,4.99,5.07,5.14,5.22,5.25,5.28,5.31,5.34,5.46,5.57,5.69,5.8,5.9,6.0,6.1,6.2,6.33,6.45,6.58,6.7,6.85,6.99,7.14,7.29,7.27,7.25,7.23,7.21,7.11,7.0,6.9,6.8,6.79,6.79,6.79,6.79,6.77,6.76,6.74,6.73,,
2018-01-28T00:00:00+00:00,3.99,4.07,4.14,4.25,4.35,4.45,4.56,4.58,4.6,4.62,4.65,4.63,4.61,4.59,4.56,4.58,4.59,4.6,4.62,4.67,4.72,4.77,4.82,4.9,4.98,5.06,5.14,5.21,5.29,5.37,5.45,5.6,5.76,5.92,6.08,6.22,6.37,6.52,6.67,6.78,6.89,7.01,7.12,7.21,7.31,7.4,7.49,7.54,7.6,7.65,7.7,7.78,7.86,7.94,8.02,7.99,7.95,7.92,7.89,7.84,7.79,7.74,7.69,7.61,7.53,7.45,7.37,7.37,7.37,7.38,7.38,7.35,7.33,7.3,7.28,7.27,7.27,7.26,7.26,7.34,7.42,7.49,7.57,7.67,7.77,7.87,7.97,7.94,7.91,7.88,7.84,7.87,7.91,7.94,7.97,7.97,7.98,7.99,7.99,7.89,7.78,7.68,7.57,7.59,7.61,7.63,7.65,7.62,7.59,7.56,7.52,7.47,7.42,7.36,7.31,7.37,7.43,7.49,7.55,7.6,7.65,7.7,7.75,7.83,7.91,7.99,8.08,8.15,8.23,8.31,8.39,8.52,8.65,8.78,8.91,9.16,9.41,9.65,9.9,9.72,9.53,9.35,9.17,9.09,9.01,8.93,8.85,8.9,8.94,8.99,9.03,9.16,9.29,9.42,9.56,9.53,9.51,9.49,9.47,9.46,9.46,9.45,9.45,,
2018-01-29T00:00:00+00:00
2018-01-30T00:00:00+00:00
2018-01-31T00:00:00+00:00,8.62,8.56,8.51,8.44,8.37,8.3,8.23,8.27,8.31,8.36,8.4,8.42,8.45,8.48,8.5,8.49,8.48,8.47,8.46,8.43,8.41,8.38,8.35,8.35,8.34,8.33,8.32,8.29,8.26,8.23,8.21,8.24,8.27,8.3,8.33,8.33,8.33,8.33,8.34,8.36,8.39,8.41,8.44,8.39,8.35,8.3,8.26,8.36,8.47,8.57,8.67,8.7,8.72,8.75,8.77,8.95,9.13,9.3,9.48,9.08,8.68,8.28,7.88,7.54,7.19,6.85,6.5,6.15,5.8,5.45,5.1,5.01,4.92,4.83,4.74,4.79,4.83,4.88,4.92,4.86,4.8,4.74,4.69,4.51,4.34,4.17,4.0,3.88,3.76,3.64,3.52,3.54,3.57,3.6,3.62,3.51,3.41,3.3,3.19,3.29,3.4,3.5,3.61,3.42,3.24,3.06,2.87,2.81,2.75,2.69,2.62,2.62,2.61,2.6,2.59,2.65,2.71,2.76,2.82,2.85,2.88,2.91,2.94,3.0,3.07,3.14,3.21,3.31,3.42,3.53,3.63,3.77,3.9,4.03,4.16,4.47,4.78,5.08,5.39,5.58,5.76,5.95,6.13,6.35,6.58,6.8,7.02,7.0,6.98,6.96,6.95,6.28,5.62,4.95,4.29,4.15,4.01,3.86,3.72,3.64,3.55,3.46,3.37,,
2018-02-01T00:00:00+00:00,3.01,2.98,2.96,2.89,2.83,2.77,2.7,2.62,2.54,2.46,2.37,2.33,2.28,2.24,2.19,2.21,2.23,2.25,2.28,2.41,2.54,2.67,2.8,2.79,2.78,2.77,2.76,2.82,2.88,2.95,3.01,3.2,3.39,3.58,3.77,3.99,4.22,4.45,4.67,5.05,5.42,5.79,6.17,6.32,6.47,6.62,6.77,6.71,6.64,6.58,6.52,6.54,6.55,6.56,6.57,6.55,6.53,6.51,6.49,6.18,5.87,5.56,5.25,5.07,4.89,4.7,4.52,4.3,4.09,3.87,3.65,3.6,3.54,3.49,3.43,3.31,3.19,3.06,2.94,2.82,2.69,2.57,2.45,2.39,2.33,2.27,2.2,2.11,2.01,1.91,1.82,1.7,1.59,1.47,1.35,1.28,1.2,1.12,1.05,1.12,1.2,1.28,1.35,1.38,1.41,1.44,1.47,1.44,1.42,1.4,1.37,1.42,1.47,1.52,1.57,1.59,1.62,1.64,1.66,1.79,1.92,2.04,2.17,2.49,2.82,3.14,3.46,3.64,3.83,4.01,4.2,4.45,4.7,4.95,5.21,5.3,5.4,5.5,5.6,5.49,5.38,5.28,5.17,5.11,5.05,4.99,4.92,4.92,4.91,4.9,4.89,4.83,4.77,4.71,4.65,4.51,4.37,4.23,4.1,4.05,4.01,3.97,3.93,,
2018-02-02T00:00:00+00:00,1.88,1.76,1.64,1.58,1.53,1.48,1.42,1.33,1.23,1.13,1.04,0.96,0.88,0.8,0.72,0.7,0.68,0.66,0.64,0.74,0.83,0.93,1.02,1.38,1.74,2.09,2.45,2.64,2.84,3.04,3.23,3.49,3.75,4.01,4.27,4.35,4.44,4.53,4.62,4.85,5.09,5.32,5.56,5.66,5.76,5.86,5.96,5.96,5.97,5.98,5.98,5.99,6.0,6.02,6.03,5.98,5.94,5.89,5.85,5.7,5.56,5.42,5.27,5.14,5.0,4.86,4.73,4.47,4.22,3.96,3.71,3.65,3.59,3.54,3.48,3.4,3.32,3.23,3.15,3.01,2.87,2.73,2.58,2.57,2.56,2.55,2.54,2.38,2.22,2.06,1.9,1.77,1.65,1.53,1.4,1.57,1.74,1.92,2.09,2.14,2.18,2.23,2.28,2.26,2.24,2.22,2.2,2.06,1.92,1.77,1.63,1.49,1.35,1.21,1.07,1.18,1.28,1.39,1.49,1.5,1.51,1.52,1.53,1.75,1.96,2.17,2.39,2.53,2.67,2.81,2.95,3.07,3.2,3.32,3.44,3.58,3.72,3.86,4.0,4.08,4.16,4.23,4.31,4.33,4.35,4.37,4.39,4.26,4.13,4.0,3.86,3.84,3.82,3.79,3.77,3.7,3.63,3.56,3.48,3.42,3.35,3.28,3.21,,
2018-02-03T00:00:00+00:00,2.43,2.43,2.44,2.35,2.25,2.15,2.06,1.85,1.64,1.44,1.23,1.14,1.06,0.97,0.89,0.83,0.77,0.71,0.66,0.75,0.85,0.94,1.04,1.16,1.27,1.39,1.51,1.73,1.95,2.17,2.39,2.67,2.96,3.24,3.53,3.68,3.83,3.97,4.12,4.22,4.32,4.42,4.52,4.63,4.74,4.85,4.96,4.89,4.83,4.76,4.7,4.65,4.6,4.55,4.5,4.41,4.32,4.23,4.14,4.07,3.99,3.91,3.83,3.8,3.77,3.74,3.71,3.66,3.61,3.56,3.51,3.46,3.41,3.36,3.31,3.27,3.24,3.2,3.17,2.98,2.78,2.59,2.4,2.4,2.4,2.4,2.41,2.47,2.53,2.59,2.65,2.62,2.58,2.54,2.51,2.47,2.44,2.41,2.37,2.33,2.28,2.24,2.19,2.21,2.22,2.24,2.25,2.17,2.08,1.99,1.91,1.84,1.77,1.7,1.63,1.6,1.56,1.52,1.48,1.42,1.36,1.3,1.23,1.26,1.29,1.32,1.34,1.34,1.35,1.35,1.35,1.42,1.49,1.56,1.63,1.64,1.65,1.65,1.66,1.7,1.74,1.79,1.83,1.88,1.94,2.0,2.06,2.18,2.31,2.44,2.57,2.52,2.47,2.43,2.38,2.17,1.96,1.76,1.55,1.58,1.6,1.63,1.66,,
2018-02-04T00:00:00+00:00,3.76,3.77,3.78,3.75,3.72,3.7,3.67,3.24,2.82,2.4,1.97,1.77,1.56,1.35,1.15,1.09,1.04,0.99,0.93,1.16,1.38,1.61,1.84,1.8,1.76,1.72,1.68,1.71,1.75,1.79,1.83,1.81,1.8,1.79,1.77,1.79,1.8,1.82,1.83,1.78,1.72,1.67,1.62,1.78,1.94,2.1,2.25,2.5,2.75,3.0,3.25,3.29,3.34,3.38,3.43,3.31,3.18,3.06,2.94,2.66,2.39,2.11,1.84,1.71,1.59,1.46,1.33,1.24,1.15,1.05,0.96,0.91,0.86,0.81,0.76,0.59,0.42,0.25,0.08,0.01,-0.05,-0.12,-0.19,-0.15,-0.11,-0.06,-0.02,-0.16,-0.3,-0.44,-0.59,-0.72,-0.85,-0.99,-1.12,-1.2,-1.29,-1.37,-1.46,-1.52,-1.59,-1.65,-1.72,-1.75,-1.78,-1.82,-1.85,-1.86,-1.87,-1.88,-1.89,-1.91,-1.93,-1.94,-1.96,-1.92,-1.89,-1.85,-1.82,-1.8,-1.79,-1.77,-1.75,-1.69,-1.62,-1.55,-1.49,-1.36,-1.24,-1.11,-0.99,-0.84,-0.68,-0.53,-0.37,-0.24,-0.11,0.02,0.15,0.14,0.13,0.12,0.11,0.17,0.23,0.29,0.35,0.37,0.39,0.4,0.42,0.48,0.55,0.61,0.68,0.42,0.16,-0.1,-0.36,-0.44,-0.53,-0.61,-0.7,,
2018-02-05T00:00:00+00:00,-0.92,-1.0,-1.08,-1.13,-1.18,-1.23,-1.28,-1.35,-1.42,-1.5,-1.57,-1.62,-1.68,-1.73,-1.79,-1.83,-1.87,-1.91,-1.95,-1.94,-1.92,-1.9,-1.89,-1.86,-1.84,-1.81,-1.78,-1.67,-1.55,-1.44,-1.33,-1.11,-0.89,-0.67,-0.45,-0.4,-0.34,-0.29,-0.24,-0.15,-0.06,0.03,0.12,0.16,0.19,0.22,0.26,0.52,0.78,1.04,1.3,1.42,1.53,1.64,1.75,1.82,1.89,1.96,2.02,1.83,1.64,1.45,1.26,1.39,1.51,1.64,1.77,1.82,1.88,1.94,2.0,1.95,1.91,1.86,1.81,1.69,1.57,1.46,1.34,1.24,1.13,1.03,0.93,0.88,0.82,0.77,0.72,0.53,0.34,0.15,-0.04,-0.1,-0.16,-0.22,-0.29,-0.33,-0.38,-0.42,-0.47,-0.52,-0.57,-0.62,-0.67,-0.67,-0.67,-0.68,-0.68,-0.72,-0.77,-0.82,-0.87,-0.91,-0.95,-0.99,-1.03,-1.04,-1.04,-1.05,-1.06,-1.07,-1.09,-1.1,-1.11,-1.03,-0.95,-0.86,-0.78,-0.67,-0.56,-0.45,-0.34,-0.27,-0.2,-0.13,-0.06,-0.03,0.0,0.03,0.07,0.12,0.16,0.21,0.26,0.29,0.33,0.36,0.39,0.42,0.46,0.49,0.52,0.51,0.49,0.47,0.46,0.41,0.37,0.33,0.28,0.28,0.29,0.29,0.29,,
2018-02-06T00:00:00+00:00,0.33,0.29,0.26,0.22,0.19,0.16,0.12,0.09,0.06,0.03,-0.0,-0.09,-0.17,-0.25,-0.33,-0.4,-0.46,-0.52,-0.58,-0.54,-0.51,-0.48,-0.44,-0.45,-0.46,-0.48,-0.49,-0.46,-0.44,-0.41,-0.38,-0.33,-0.28,-0.22,-0.17,-0.16,-0.14,-0.13,-0.12,-0.07,-0.01,0.04,0.09,0.11,0.14,0.16,0.18,0.16,0.14,0.11,0.09,0.08,0.08,0.08,0.08,0.02,-0.03,-0.08,-0.14,-0.17,-0.21,-0.24,-0.28,-0.28,-0.29,-0.29,-0.29,-0.33,-0.36,-0.39,-0.43,-0.43,-0.44,-0.45,-0.45,-0.48,-0.5,-0.53,-0.56,-0.59,-0.62,-0.64,-0.67,-0.7,-0.72,-0.75,-0.77,-0.7,-0.62,-0.54,-0.46,-0.51,-0.56,-0.6,-0.65,-0.65,-0.66,-0.66,-0.66,-0.7,-0.74,-0.77,-0.81,-0.84,-0.88,-0.92,-0.95,-1.03,-1.1,-1.18,-1.26,-1.3,-1.34,-1.38,-1.42,-1.45,-1.47,-1.5,-1.53,-1.55,-1.57,-1.6,-1.62,-1.42,-1.21,-1.01,-0.81,-0.59,-0.37,-0.15,0.07,0.3,0.53,0.76,0.99,1.16,1.33,1.5,1.67,1.77,1.88,1.99,2.09,2.11,2.14,2.16,2.18,2.01,1.84,1.67,1.5,1.53,1.57,1.6,1.63,1.46,1.28,1.1,0.92,0.88,0.84,0.8,0.76,,
2018-02-07T00:00:00+00:00,-1.19,-1.26,-1.32,-1.3,-1.28,-1.27,-1.25,-1.26,-1.28,-1.3,-1.32,-1.35,-1.38,-1.4,-1.43,-1.53,-1.64,-1.74,-1.84,-1.86,-1.88,-1.9,-1.91,-1.91,-1.9,-1.9,-1.89,-1.85,-1.8,-1.76,-1.72,-1.67,-1.62,-1.58,-1.53,-1.46,-1.4,-1.34,-1.27,-1.14,-1.01,-0.88,-0.75,-0.66,-0.57,-0.48,-0.38,-0.28,-0.18,-0.07,0.03,0.3,0.58,0.85,1.13,1.02,0.91,0.8,0.69,0.54,0.4,0.25,0.11,-0.13,-0.36,-0.59,-0.83,-0.99,-1.16,-1.32,-1.49,-1.6,-1.72,-1.84,-1.95,-2.01,-2.07,-2.12,-2.18,-2.24,-2.29,-2.35,-2.41,-2.45,-2.48,-2.52,-2.56,-2.58,-2.61,-2.64,-2.67,-2.61,-2.56,-2.51,-2.45,-2.5,-2.54,-2.58,-2.63,-2.29,-1.94,-1.6,-1.26,-1.32,-1.38,-1.44,-1.49,-1.31,-1.13,-0.95,-0.77,-0.56,-0.35,-0.14,0.07,0.12,0.17,0.22,0.27,0.28,0.29,0.29,0.3,0.31,0.32,0.33,0.34,0.45,0.55,0.65,0.75,0.88,1.01,1.13,1.26,1.37,1.47,1.58,1.68,1.8,1.92,2.03,2.15,2.27,2.39,2.51,2.63,2.63,2.64,2.64,2.65,2.6,2.56,2.52,2.48,2.21,1.94,1.67,1.4,1.02,0.64,0.26,-0.12,,
2018-02-08T00:00:00+00:00,-4.18,-4.41,-4.65,-4.79,-4.94,-5.09,-5.23,-5.31,-5.38,-5.45,-5.52,-5.56,-5.6,-5.64,-5.68,-5.64,-5.6,-5.56,-5.52,-5.46,-5.39,-5.32,-5.25,-5.17,-5.08,-5.0,-4.92,-4.61,-4.29,-3.98,-3.66,-3.18,-2.69,-2.21,-1.72,-1.26,-0.8,-0.34,0.12,0.49,0.85,1.22,1.59,1.78,1.98,2.18,2.37,2.45,2.52,2.6,2.67,2.65,2.62,2.59,2.57,2.45,2.32,2.2,2.08,1.86,1.64,1.43,1.21,0.89,0.57,0.26,-0.06,-0.39,-0.72,-1.05,-1.38,-1.6,-1.82,-2.05,-2.27,-2.39,-2.51,-2.62,-2.74,-2.86,-2.98,-3.1,-3.22,-3.25,-3.28,-3.31,-3.34,-3.43,-3.52,-3.61,-3.7,-3.71,-3.73,-3.75,-3.76,-3.84,-3.93,-4.01,-4.09,-4.11,-4.12,-4.14,-4.15,-4.23,-4.31,-4.38,-4.46,-4.41,-4.35,-4.3,-4.25,-4.18,-4.11,-4.05,-3.98,-3.93,-3.87,-3.82,-3.77,-3.59,-3.41,-3.23,-3.05,-2.72,-2.39,-2.05,-1.72,-1.6,-1.48,-1.36,-1.24,-0.99,-0.73,-0.48,-0.22,-0.0,0.22,0.44,0.66,0.72,0.79,0.85,0.91,0.91,0.92,0.92,0.93,0.99,1.06,1.13,1.19,1.22,1.24,1.27,1.3,1.73,2.17,2.61,3.05,3.01,2.97,2.93,2.89,,
2018-02-09T00:00:00+00:00,-5.47,-5.62,-5.77,-5.78,-5.78,-5.78,-5.78,-5.8,-5.82,-5.83,-5.85,-5.94,-6.04,-6.13,-6.23,-6.26,-6.28,-6.31,-6.34,-6.27,-6.21,-6.14,-6.07,-5.7,-5.32,-4.94,-4.56,-4.15,-3.73,-3.32,-2.91,-2.73,-2.56,-2.38,-2.21,-2.03,-1.85,-1.68,-1.5,-1.26,-1.02,-0.79,-0.55,-0.4,-0.25,-0.1,0.06,0.29,0.52,0.76,0.99,1.18,1.37,1.56,1.75,1.78,1.81,1.83,1.86,1.9,1.94,1.98,2.02,1.94,1.86,1.78,1.7,1.71,1.73,1.74,1.75,1.44,1.13,0.81,0.5,0.41,0.33,0.24,0.15,0.12,0.08,0.05,0.02,0.02,0.02,0.03,0.03,-0.2,-0.44,-0.67,-0.91,-1.14,-1.37,-1.6,-1.83,-1.96,-2.08,-2.2,-2.32,-2.43,-2.55,-2.66,-2.77,-2.89,-3.01,-3.12,-3.24,-3.35,-3.45,-3.56,-3.66,-3.77,-3.87,-3.98,-4.08,-4.1,-4.12,-4.13,-4.15,-4.05,-3.96,-3.86,-3.77,-3.4,-3.04,-2.67,-2.31,-1.76,-1.21,-0.67,-0.12,0.4,0.93,1.45,1.98,2.32,2.66,3.0,3.34,3.53,3.73,3.92,4.12,4.19,4.26,4.34,4.41,4.29,4.17,4.06,3.94,3.68,3.41,3.15,2.89,2.59,2.29,2.0,1.7,1.6,1.51,1.41,1.31,,
2018-02-10T00:00:00+00:00,-0.23,-0.37,-0.51,-0.71,-0.9,-1.1,-1.3,-1.27,-1.23,-1.2,-1.17,-1.31,-1.44,-1.58,-1.71,-1.84,-1.96,-2.08,-2.2,-2.26,-2.32,-2.38,-2.44,-2.5,-2.57,-2.63,-2.7,-2.49,-2.28,-2.07,-1.86,-1.38,-0.89,-0.41,0.08,0.6,1.12,1.64,2.16,2.45,2.74,3.03,3.32,3.48,3.64,3.79,3.95,3.95,3.94,3.93,3.92,3.8,3.68,3.56,3.44,3.24,3.04,2.84,2.64,2.47,2.3,2.12,1.95,1.89,1.82,1.76,1.69,1.76,1.82,1.88,1.94,2.0,2.07,2.13,2.19,2.3,2.42,2.54,2.65,2.67,2.69,2.71,2.73,2.79,2.84,2.9,2.95,3.01,3.06,3.12,3.17,3.15,3.13,3.1,3.08,3.08,3.08,3.07,3.07,3.17,3.28,3.38,3.49,3.59,3.69,3.79,3.9,3.85,3.8,3.75,3.7,3.71,3.73,3.75,3.76,3.86,3.96,4.06,4.15,4.45,4.74,5.04,5.33,5.43,5.53,5.62,5.72,5.78,5.85,5.91,5.98,6.0,6.03,6.06,6.08,6.13,6.18,6.23,6.28,5.93,5.57,5.22,4.86,5.12,5.38,5.64,5.9,5.89,5.88,5.87,5.86,5.69,5.52,5.35,5.18,4.74,4.3,3.85,3.41,3.29,3.17,3.04,2.92,,
2018-02-11T00:00:00+00:00,3.2,3.21,3.23,3.35,3.47,3.59,3.71,3.7,3.69,3.68,3.67,3.69,3.72,3.74,3.77,3.88,3.99,4.09,4.2,4.21,4.22,4.23,4.24,4.28,4.31,4.35,4.38,4.79,5.19,5.6,6.0,5.99,5.98,5.97,5.96,6.03,6.09,6.16,6.22,6.31,6.41,6.5,6.6,6.7,6.8,6.9,7.0,6.98,6.97,6.95,6.93,6.49,6.04,5.59,5.14,4.67,4.2,3.73,3.26,3.39,3.52,3.66,3.79,3.7,3.62,3.53,3.45,3.22,3.0,2.78,2.56,2.43,2.3,2.16,2.03,1.73,1.43,1.13,0.83,0.6,0.37,0.14,-0.1,-0.23,-0.37,-0.5,-0.64,-0.6,-0.57,-0.53,-0.5,-0.58,-0.67,-0.75,-0.84,-0.88,-0.93,-0.98,-1.03,-1.15,-1.26,-1.38,-1.49,-1.41,-1.33,-1.24,-1.16,-1.22,-1.27,-1.33,-1.38,-1.45,-1.51,-1.58,-1.64,-1.6,-1.55,-1.51,-1.46,-1.37,-1.27,-1.18,-1.08,-0.77,-0.45,-0.14,0.18,0.58,0.99,1.39,1.79,2.1,2.4,2.7,3.01,3.24,3.47,3.7,3.93,4.15,4.36,4.58,4.8,4.91,5.03,5.14,5.25,5.25,5.25,5.24,5.24,5.12,5.01,4.9,4.78,4.47,4.16,3.85,3.54,3.24,2.95,2.65,2.35,,
2018-02-12T00:00:00+00:00,0.28,0.23,0.19,0.1,0.01,-0.09,-0.18,-0.24,-0.3,-0.37,-0.43,-0.57,-0.7,-0.83,-0.97,-1.12,-1.27,-1.42,-1.57,-1.67,-1.77,-1.87,-1.97,-1.97,-1.97,-1.98,-1.98,-1.62,-1.26,-0.89,-0.53,-0.06,0.42,0.89,1.37,1.7,2.03,2.36,2.69,2.97,3.25,3.53,3.8,4.1,4.39,4.68,4.98,5.04,5.11,5.18,5.25,5.19,5.12,5.06,4.99,4.83,4.67,4.51,4.35,4.06,3.77,3.48,3.19,2.89,2.6,2.31,2.01,1.84,1.67,1.5,1.33,1.2,1.08,0.96,0.83,0.9,0.98,1.05,1.12,1.07,1.02,0.98,0.93,0.73,0.53,0.33,0.13,0.02,-0.09,-0.2,-0.31,-0.4,-0.49,-0.58,-0.68,-0.75,-0.83,-0.9,-0.98,-0.95,-0.92,-0.89,-0.86,-0.88,-0.89,-0.91,-0.93,-0.93,-0.93,-0.93,-0.93,-1.0,-1.08,-1.16,-1.23,-1.14,-1.06,-0.97,-0.88,-0.83,-0.78,-0.72,-0.67,-0.47,-0.27,-0.07,0.13,0.34,0.55,0.76,0.97,1.13,1.28,1.43,1.58,1.63,1.67,1.71,1.75,1.81,1.88,1.94,2.01,1.7,1.39,1.09,0.78,0.77,0.75,0.74,0.73,0.7,0.67,0.64,0.61,0.59,0.56,0.53,0.51,0.48,0.45,0.43,0.4,,
2018-02-13T00:00:00+00:00,-0.89,-1.07,-1.26,-1.41,-1.56,-1.71,-1.86,-1.91,-1.96,-2.01,-2.06,-2.16,-2.26,-2.36,-2.46,-2.5,-2.54,-2.58,-2.62,-2.56,-2.49,-2.43,-2.36,-2.25,-2.15,-2.04,-1.94,-1.7,-1.47,-1.23,-1.0,-0.75,-0.5,-0.24,0.01,0.32,0.64,0.96,1.27,1.39,1.5,1.61,1.72,1.82,1.92,2.03,2.13,2.13,2.13,2.13,2.13,2.09,2.06,2.02,1.99,1.66,1.34,1.02,0.7,0.66,0.62,0.58,0.55,0.5,0.45,0.4,0.35,0.33,0.3,0.28,0.26,0.24,0.22,0.2,0.18,0.2,0.21,0.22,0.23,0.24,0.25,0.26,0.27,0.23,0.19,0.15,0.11,0.11,0.1,0.1,0.1,0.01,-0.07,-0.16,-0.25,-0.4,-0.56,-0.72,-0.88,-1.01,-1.14,-1.27,-1.39,-1.5,-1.61,-1.72,-1.83,-2.0,-2.17,-2.33,-2.5,-2.49,-2.48,-2.47,-2.46,-2.38,-2.3,-2.23,-2.15,-2.07,-1.98,-1.9,-1.82,-1.66,-1.5,-1.34,-1.18,-0.99,-0.79,-0.6,-0.41,-0.21,-0.01,0.18,0.38,0.58,0.79,1.0,1.2,1.39,1.57,1.76,1.95,2.15,2.35,2.55,2.76,2.92,3.09,3.26,3.43,3.5,3.58,3.65,3.73,3.67,3.61,3.56,3.5,3.46,3.41,3.37,3.33,,
2018-02-14T00:00:00+00:00,0.92,0.94,0.97,0.84,0.71,0.58,0.45,0.45,0.44,0.43,0.43,0.46,0.5,0.54,0.58,0.57,0.57,0.56,0.55,0.53,0.51,0.48,0.46,0.38,0.3,0.21,0.13,0.17,0.22,0.26,0.3,0.41,0.53,0.64,0.76,0.93,1.09,1.26,1.43,1.62,1.82,2.01,2.21,2.46,2.7,2.95,3.2,3.35,3.49,3.64,3.79,3.88,3.97,4.06,4.15,4.2,4.24,4.28,4.32,4.14,3.96,3.79,3.61,3.42,3.24,3.05,2.87,2.85,2.83,2.82,2.8,2.87,2.95,3.02,3.09,3.15,3.21,3.27,3.32,3.36,3.39,3.42,3.46,3.44,3.43,3.41,3.39,3.49,3.59,3.69,3.79,3.88,3.96,4.05,4.14,4.19,4.23,4.28,4.33,4.37,4.41,4.45,4.49,4.51,4.52,4.53,4.55,4.57,4.6,4.62,4.64,4.71,4.77,4.83,4.89,5.04,5.19,5.34,5.49,5.6,5.72,5.84,5.96,6.01,6.06,6.11,6.16,6.2,6.24,6.27,6.31,6.41,6.5,6.6,6.7,6.84,6.98,7.13,7.27,7.42,7.57,7.72,7.87,7.89,7.92,7.94,7.96,8.13,8.29,8.46,8.63,8.62,8.61,8.61,8.6,8.5,8.39,8.29,8.18,7.98,7.77,7.56,7.35,,
2018-02-15T00:00:00+00:00,4.43,4.49,4.56,4.56,4.56,4.56,4.56,4.63,4.7,4.77,4.84,4.87,4.91,4.95,4.99,5.06,5.12,5.18,5.25,5.42,5.6,5.77,5.94,6.08,6.21,6.35,6.48,6.65,6.81,6.98,7.14,7.16,7.18,7.2,7.22,7.23,7.24,7.25,7.26,7.36,7.47,7.58,7.68,7.68,7.68,7.67,7.67,7.87,8.07,8.27,8.47,8.62,8.77,8.92,9.07,9.03,8.99,8.95,8.92,8.61,8.3,7.99,7.69,7.6,7.51,7.42,7.33,7.19,7.06,6.92,6.79,6.66,6.53,6.4,6.28,6.27,6.26,6.25,6.25,6.24,6.23,6.22,6.21,6.02,5.82,5.63,5.43,5.38,5.32,5.26,5.21,5.17,5.12,5.08,5.04,4.97,4.9,4.83,4.77,4.67,4.57,4.47,4.38,4.18,3.98,3.79,3.59,3.46,3.33,3.2,3.07,2.88,2.69,2.5,2.31,2.24,2.17,2.09,2.02,2.12,2.21,2.31,2.4,2.74,3.08,3.41,3.75,4.11,4.48,4.84,5.2,5.53,5.85,6.18,6.5,6.73,6.96,7.19,7.41,7.51,7.6,7.69,7.78,7.9,8.01,8.12,8.23,8.22,8.21,8.2,8.19,8.08,7.97,7.86,7.75,7.58,7.41,7.24,7.07,6.9,6.73,6.55,6.38,,
2018-02-16T00:00:00+00:00,5.19,5.2,5.21,5.02,4.83,4.64,4.45,4.2,3.94,3.69,3.43,3.2,2.98,2.75,2.52,2.43,2.33,2.24,2.14,2.12,2.11,2.09,2.07,2.12,2.17,2.22,2.26,2.51,2.76,3.0,3.25,3.61,3.96,4.32,4.68,5.0,5.32,5.64,5.96,6.29,6.62,6.95,7.28,7.39,7.51,7.62,7.74,7.8,7.86,7.93,7.99,8.07,8.14,8.22,8.29,8.12,7.95,7.78,7.61,7.42,7.22,7.03,6.83,6.69,6.55,6.4,6.26,6.02,5.79,5.56,5.33,5.27,5.21,5.15,5.08,4.99,4.89,4.79,4.69,4.64,4.59,4.54,4.49,4.43,4.38,4.32,4.26,4.16,4.06,3.96,3.86,3.79,3.72,3.65,3.58,3.53,3.47,3.41,3.35,3.32,3.3,3.27,3.25,3.25,3.26,3.26,3.26,3.28,3.3,3.32,3.34,3.42,3.49,3.56,3.64,3.45,3.27,3.09,2.9,2.82,2.73,2.65,2.57,2.59,2.61,2.63,2.65,2.79,2.93,3.07,3.2,3.43,3.66,3.89,4.11,4.46,4.8,5.14,5.49,5.81,6.13,6.44,6.76,7.0,7.24,7.48,7.72,7.81,7.9,7.99,8.07,8.0,7.93,7.86,7.79,7.58,7.37,7.17,6.96,6.68,6.41,6.14,5.86,,
2018-02-17T00:00:00+00:00,4.38,4.23,4.08,4.03,3.99,3.95,3.9,3.77,3.64,3.5,3.37,3.25,3.12,3.0,2.88,2.82,2.75,2.69,2.63,2.57,2.51,2.45,2.39,2.44,2.48,2.53,2.58,2.68,2.79,2.89,2.99,3.18,3.37,3.55,3.74,3.94,4.15,4.36,4.57,4.8,5.03,5.27,5.5,5.74,5.98,6.22,6.46,6.7,6.94,7.18,7.42,7.53,7.63,7.73,7.84,7.81,7.77,7.74,7.71,7.45,7.19,6.94,6.68,6.41,6.13,5.86,5.58,5.33,5.08,4.83,4.58,4.43,4.28,4.13,3.97,3.84,3.71,3.58,3.44,3.27,3.1,2.93,2.76,2.66,2.56,2.46,2.35,2.3,2.24,2.18,2.12,2.05,1.98,1.92,1.85,1.81,1.76,1.72,1.68,1.61,1.54,1.47,1.4,1.33,1.26,1.19,1.12,1.05,0.97,0.9,0.82,0.69,0.56,0.43,0.31,0.47,0.63,0.79,0.95,1.11,1.28,1.44,1.61,2.01,2.42,2.82,3.22,3.5,3.77,4.04,4.31,4.55,4.79,5.03,5.27,5.48,5.68,5.89,6.09,6.29,6.48,6.68,6.87,7.02,7.17,7.33,7.48,7.53,7.58,7.64,7.69,7.64,7.59,7.54,7.48,7.27,7.05,6.84,6.62,6.27,5.93,5.58,5.23,,
2018-02-18T00:00:00+00:00,0.98,1.05,1.11,1.11,1.1,1.09,1.09,0.69,0.29,-0.1,-0.5,-0.83,-1.17,-1.5,-1.83,-2.03,-2.24,-2.44,-2.64,-2.56,-2.49,-2.41,-2.34,-2.25,-2.16,-2.07,-1.98,-1.68,-1.37,-1.07,-0.76,-0.44,-0.12,0.21,0.53,0.83,1.13,1.42,1.72,2.29,2.85,3.41,3.97,4.46,4.94,5.43,5.92,6.21,6.5,6.79,7.09,7.22,7.35,7.48,7.61,7.61,7.62,7.62,7.62,7.44,7.27,7.09,6.91,6.6,6.28,5.96,5.64,5.38,5.11,4.85,4.58,4.61,4.64,4.67,4.7,4.69,4.68,4.67,4.66,4.44,4.22,4.01,3.79,3.7,3.61,3.52,3.43,3.41,3.38,3.36,3.33,3.37,3.42,3.46,3.5,3.52,3.54,3.56,3.57,3.56,3.54,3.52,3.5,3.41,3.32,3.22,3.13,3.19,3.24,3.3,3.36,3.3,3.24,3.18,3.13,3.16,3.2,3.24,3.28,3.28,3.28,3.28,3.28,3.42,3.57,3.71,3.86,3.97,4.08,4.19,4.29,4.4,4.5,4.61,4.71,4.77,4.82,4.88,4.93,5.09,5.25,5.41,5.57,5.71,5.85,5.99,6.12,6.24,6.35,6.47,6.59,6.54,6.49,6.44,6.4,6.37,6.33,6.3,6.27,6.23,6.19,6.14,6.1,,
2018-02-19T00:00:00+00:00,0.58,0.5,0.42,0.36,0.3,0.25,0.19,0.11,0.04,-0.03,-0.11,-0.09,-0.07,-0.04,-0.02,0.15,0.33,0.5,0.67,0.7,0.73,0.76,0.8,0.79,0.79,0.78,0.78,1.06,1.34,1.62,1.91,2.16,2.4,2.65,2.9,2.99,3.07,3.15,3.24,3.21,3.18,3.15,3.12,3.2,3.27,3.35,3.42,3.43,3.43,3.44,3.44,3.38,3.31,3.24,3.18,3.13,3.09,3.05,3.01,3.02,3.03,3.04,3.05,3.12,3.19,3.26,3.33,3.32,3.32,3.31,3.31,3.37,3.44,3.5,3.57,3.61,3.65,3.69,3.73,3.75,3.76,3.78,3.79,3.79,3.79,3.8,3.8,3.82,3.84,3.86,3.88,3.84,3.8,3.76,3.72,3.73,3.74,3.75,3.76,3.74,3.73,3.72,3.7,3.65,3.6,3.55,3.49,3.48,3.47,3.47,3.46,3.41,3.36,3.31,3.26,3.28,3.3,3.32,3.34,3.37,3.4,3.42,3.45,3.55,3.65,3.75,3.85,4.01,4.17,4.33,4.49,4.51,4.53,4.55,4.57,4.71,4.85,4.98,5.12,5.26,5.41,5.55,5.69,5.7,5.71,5.71,5.72,5.63,5.53,5.44,5.35,5.35,5.36,5.36,5.36,5.34,5.31,5.29,5.26,5.19,5.13,5.06,5.0,,
2018-02-20T00:00:00+00:00,4.59,4.52,4.45,4.31,4.18,4.05,3.91,3.86,3.81,3.77,3.72,3.65,3.59,3.52,3.45,3.44,3.42,3.4,3.38,3.38,3.39,3.39,3.39,3.38,3.38,3.37,3.37,3.42,3.47,3.52,3.57,3.78,3.99,4.2,4.41,4.63,4.85,5.07,5.28,5.41,5.53,5.65,5.78,5.81,5.84,5.86,5.89,5.79,5.68,5.58,5.47,5.47,5.47,5.48,5.48,5.47,5.45,5.44,5.43,5.35,5.26,5.18,5.1,5.01,4.93,4.84,4.75,4.65,4.54,4.44,4.33,4.17,4.01,3.85,3.7,3.55,3.41,3.27,3.13,3.02,2.91,2.79,2.68,2.63,2.59,2.54,2.5,2.38,2.27,2.16,2.05,1.91,1.78,1.65,1.52,1.36,1.21,1.06,0.9,0.77,0.64,0.51,0.38,0.27,0.15,0.04,-0.08,-0.15,-0.23,-0.3,-0.37,-0.44,-0.5,-0.57,-0.63,-0.65,-0.67,-0.69,-0.7,-0.56,-0.41,-0.27,-0.12,0.14,0.41,0.68,0.94,1.18,1.41,1.64,1.87,2.15,2.43,2.71,2.99,3.26,3.53,3.79,4.06,4.28,4.49,4.7,4.92,5.05,5.19,5.32,5.45,5.49,5.52,5.55,5.59,5.47,5.35,5.23,5.11,4.87,4.63,4.39,4.15,3.88,3.62,3.35,3.09,,
2018-02-21T00:00:00+00:00,2.67,2.5,2.33,2.17,2.0,1.84,1.67,1.56,1.46,1.35,1.25,1.11,0.98,0.85,0.71,0.59,0.47,0.35,0.22,0.12,0.01,-0.1,-0.21,-0.14,-0.06,0.01,0.09,0.28,0.47,0.66,0.86,1.09,1.32,1.55,1.78,2.06,2.34,2.62,2.9,3.17,3.44,3.71,3.97,4.18,4.38,4.59,4.79,4.92,5.04,5.16,5.29,5.33,5.37,5.41,5.45,5.36,5.27,5.19,5.1,4.85,4.6,4.36,4.11,3.83,3.56,3.29,3.01,2.84,2.67,2.5,2.33,2.21,2.08,1.96,1.83,1.7,1.58,1.45,1.32,1.2,1.08,0.97,0.85,0.73,0.62,0.5,0.38,0.27,0.16,0.05,-0.06,-0.17,-0.27,-0.38,-0.49,-0.6,-0.71,-0.82,-0.93,-1.02,-1.12,-1.21,-1.31,-1.38,-1.46,-1.54,-1.62,-1.69,-1.76,-1.84,-1.91,-1.98,-2.05,-2.12,-2.19,-2.22,-2.25,-2.28,-2.31,-2.15,-1.99,-1.83,-1.66,-1.37,-1.09,-0.8,-0.51,-0.2,0.11,0.42,0.73,1.04,1.36,1.67,1.98,2.3,2.62,2.94,3.25,3.49,3.73,3.97,4.21,4.32,4.42,4.53,4.63,4.65,4.67,4.68,4.7,4.6,4.5,4.39,4.29,4.06,3.83,3.6,3.37,3.14,2.92,2.69,2.47,,
2018-02-22T00:00:00+00:00,-0.08,-0.19,-0.3,-0.4,-0.51,-0.61,-0.71,-0.84,-0.97,-1.09,-1.22,-1.31,-1.4,-1.49,-1.58,-1.65,-1.72,-1.79,-1.86,-1.88,-1.91,-1.93,-1.95,-1.79,-1.64,-1.48,-1.32,-1.05,-0.78,-0.52,-0.25,0.06,0.38,0.7,1.01,1.35,1.69,2.03,2.36,2.7,3.04,3.37,3.71,3.89,4.08,4.27,4.45,4.56,4.66,4.76,4.86,4.86,4.85,4.85,4.84,4.74,4.63,4.53,4.42,4.22,4.02,3.82,3.63,3.39,3.14,2.9,2.66,2.48,2.29,2.1,1.92,1.76,1.6,1.45,1.29,1.16,1.03,0.9,0.76,0.62,0.48,0.34,0.2,0.08,-0.04,-0.15,-0.27,-0.36,-0.45,-0.55,-0.64,-0.71,-0.78,-0.85,-0.93,-1.0,-1.07,-1.14,-1.21,-1.29,-1.37,-1.44,-1.52,-1.61,-1.69,-1.78,-1.87,-1.94,-2.01,-2.09,-2.16,-2.23,-2.3,-2.37,-2.44,-2.48,-2.52,-2.56,-2.6,-2.47,-2.35,-2.23,-2.1,-1.87,-1.64,-1.4,-1.17,-0.89,-0.61,-0.32,-0.04,0.26,0.56,0.85,1.15,1.44,1.73,2.01,2.3,2.52,2.74,2.97,3.19,3.32,3.44,3.57,3.7,3.73,3.76,3.79,3.82,3.73,3.64,3.55,3.47,3.28,3.08,2.89,2.7,2.53,2.35,2.17,1.99,,
2018-02-23T00:00:00+00:00,-0.4,-0.52,-0.64,-0.76,-0.88,-1.01,-1.13,-1.26,-1.4,-1.53,-1.67,-1.76,-1.85,-1.94,-2.03,-2.12,-2.22,-2.31,-2.4,-2.45,-2.49,-2.54,-2.58,-2.44,-2.3,-2.16,-2.02,-1.75,-1.49,-1.22,-0.96,-0.67,-0.37,-0.08,0.22,0.52,0.82,1.12,1.42,1.71,2.0,2.3,2.59,2.81,3.04,3.26,3.48,3.58,3.68,3.78,3.89,3.93,3.97,4.01,4.05,3.99,3.93,3.87,3.81,3.64,3.48,3.31,3.15,2.96,2.77,2.58,2.38,2.17,1.95,1.74,1.52,1.37,1.22,1.07,0.91,0.78,0.65,0.53,0.4,0.31,0.22,0.13,0.05,-0.05,-0.15,-0.25,-0.35,-0.42,-0.5,-0.58,-0.65,-0.72,-0.79,-0.86,-0.93,-1.0,-1.07,-1.14,-1.21,-1.27,-1.34,-1.4,-1.46,-1.51,-1.57,-1.62,-1.67,-1.72,-1.78,-1.83,-1.88,-1.92,-1.97,-2.02,-2.07,-2.08,-2.1,-2.11,-2.13,-1.97,-1.82,-1.67,-1.52,-1.27,-1.01,-0.76,-0.51,-0.23,0.06,0.34,0.62,0.98,1.33,1.69,2.05,2.36,2.66,2.97,3.28,3.5,3.71,3.93,4.14,4.29,4.44,4.59,4.74,4.82,4.91,4.99,5.07,5.07,5.06,5.05,5.04,4.86,4.68,4.5,4.33,4.01,3.69,3.37,3.06,,
2018-02-24T00:00:00+00:00,-0.83,-0.93,-1.03,-1.15,-1.27,-1.38,-1.5,-1.56,-1.62,-1.67,-1.73,-1.81,-1.88,-1.96,-2.04,-2.1,-2.16,-2.22,-2.28,-2.27,-2.26,-2.25,-2.24,-2.04,-1.84,-1.65,-1.45,-1.22,-0.99,-0.76,-0.53,-0.24,0.04,0.33,0.62,0.97,1.33,1.68,2.04,2.35,2.66,2.98,3.29,3.47,3.65,3.84,4.02,4.21,4.4,4.59,4.79,4.91,5.03,5.15,5.27,5.26,5.25,5.24,5.22,5.03,4.85,4.66,4.47,4.21,3.95,3.69,3.44,3.23,3.03,2.83,2.63,2.46,2.28,2.11,1.93,1.73,1.52,1.31,1.11,0.95,0.79,0.63,0.47,0.38,0.29,0.2,0.1,0.01,-0.07,-0.16,-0.25,-0.26,-0.26,-0.26,-0.27,-0.31,-0.36,-0.4,-0.44,-0.59,-0.74,-0.88,-1.03,-1.15,-1.27,-1.4,-1.52,-1.62,-1.72,-1.81,-1.91,-2.02,-2.13,-2.23,-2.34,-2.41,-2.47,-2.54,-2.61,-2.51,-2.41,-2.31,-2.22,-2.03,-1.85,-1.66,-1.48,-1.24,-1.0,-0.77,-0.53,-0.26,0.0,0.27,0.53,0.79,1.05,1.3,1.56,1.76,1.97,2.17,2.37,2.5,2.63,2.77,2.9,2.9,2.9,2.9,2.91,2.8,2.69,2.58,2.47,2.21,1.94,1.68,1.42,1.19,0.97,0.75,0.52,,
2018-02-25T00:00:00+00:00,-0.55,-0.75,-0.94,-1.07,-1.2,-1.33,-1.46,-1.56,-1.66,-1.76,-1.86,-1.95,-2.03,-2.12,-2.2,-2.27,-2.33,-2.39,-2.46,-2.49,-2.52,-2.55,-2.57,-2.47,-2.37,-2.27,-2.17,-1.97,-1.77,-1.56,-1.36,-1.14,-0.91,-0.69,-0.46,-0.21,0.03,0.28,0.53,0.78,1.04,1.29,1.54,1.73,1.92,2.11,2.3,2.4,2.49,2.59,2.68,2.67,2.66,2.65,2.63,2.51,2.39,2.27,2.15,1.94,1.73,1.52,1.31,1.12,0.93,0.75,0.56,0.44,0.31,0.19,0.06,-0.01,-0.09,-0.17,-0.24,-0.36,-0.48,-0.59,-0.71,-0.89,-1.08,-1.27,-1.46,-1.56,-1.67,-1.77,-1.87,-1.97,-2.07,-2.16,-2.26,-2.37,-2.48,-2.59,-2.7,-2.83,-2.96,-3.08,-3.21,-3.35,-3.49,-3.62,-3.76,-3.89,-4.02,-4.16,-4.29,-4.39,-4.48,-4.58,-4.68,-4.8,-4.92,-5.03,-5.15,-5.19,-5.23,-5.27,-5.3,-5.19,-5.07,-4.96,-4.84,-4.65,-4.46,-4.27,-4.08,-3.81,-3.53,-3.26,-2.99,-2.73,-2.48,-2.22,-1.96,-1.77,-1.58,-1.38,-1.19,-1.08,-0.96,-0.85,-0.73,-0.67,-0.6,-0.54,-0.48,-0.51,-0.54,-0.57,-0.6,-0.65,-0.71,-0.76,-0.82,-0.92,-1.02,-1.13,-1.23,-1.36,-1.49,-1.61,-1.74,,
2018-02-26T00:00:00+00:00,-3.23,-3.35,-3.46,-3.55,-3.65,-3.74,-3.83,-3.93,-4.03,-4.12,-4.22,-4.29,-4.35,-4.42,-4.48,-4.59,-4.69,-4.79,-4.89,-4.95,-5.01,-5.07,-5.13,-5.04,-4.95,-4.86,-4.77,-4.57,-4.37,-4.17,-3.97,-3.73,-3.49,-3.24,-3.0,-2.76,-2.52,-2.28,-2.04,-1.85,-1.67,-1.48,-1.3,-1.12,-0.94,-0.75,-0.57,-0.44,-0.3,-0.17,-0.03,0.01,0.05,0.09,0.13,0.01,-0.12,-0.25,-0.38,-0.55,-0.72,-0.9,-1.07,-1.26,-1.45,-1.64,-1.82,-1.88,-1.94,-2.0,-2.06,-2.25,-2.44,-2.62,-2.81,-2.96,-3.11,-3.26,-3.41,-3.55,-3.69,-3.83,-3.97,-4.09,-4.21,-4.33,-4.44,-4.55,-4.65,-4.75,-4.86,-4.96,-5.05,-5.15,-5.25,-5.33,-5.42,-5.5,-5.58,-5.65,-5.71,-5.78,-5.84,-5.88,-5.92,-5.96,-6.0,-6.04,-6.07,-6.11,-6.14,-6.26,-6.37,-6.48,-6.59,-6.56,-6.52,-6.48,-6.45,-6.26,-6.07,-5.89,-5.7,-5.55,-5.4,-5.25,-5.11,-5.02,-4.94,-4.85,-4.76,-4.66,-4.56,-4.45,-4.35,-4.18,-4.02,-3.86,-3.7,-3.61,-3.52,-3.44,-3.35,-3.27,-3.18,-3.1,-3.02,-2.96,-2.91,-2.85,-2.8,-2.76,-2.73,-2.7,-2.67,-2.72,-2.77,-2.82,-2.86,-2.99,-3.12,-3.25,-3.38,,
2018-02-27T00:00:00+00:00,-5.13,-5.2,-5.28,-5.38,-5.47,-5.57,-5.67,-5.75,-5.83,-5.91,-5.99,-6.1,-6.22,-6.33,-6.45,-6.55,-6.66,-6.76,-6.87,-6.9,-6.93,-6.96,-6.99,-6.77,-6.56,-6.34,-6.12,-5.88,-5.64,-5.4,-5.16,-4.87,-4.59,-4.3,-4.02,-3.81,-3.6,-3.4,-3.19,-3.0,-2.81,-2.62,-2.43,-2.29,-2.15,-2.01,-1.86,-1.75,-1.63,-1.51,-1.39,-1.43,-1.47,-1.51,-1.55,-1.59,-1.62,-1.66,-1.69,-1.81,-1.94,-2.06,-2.19,-2.24,-2.29,-2.34,-2.39,-2.55,-2.72,-2.88,-3.05,-3.16,-3.28,-3.39,-3.5,-3.55,-3.59,-3.64,-3.68,-3.69,-3.7,-3.71,-3.72,-3.84,-3.96,-4.07,-4.19,-4.32,-4.45,-4.58,-4.71,-4.87,-5.04,-5.21,-5.37,-5.56,-5.74,-5.93,-6.11,-6.27,-6.44,-6.6,-6.77,-6.9,-7.03,-7.17,-7.3,-7.43,-7.57,-7.7,-7.83,-7.96,-8.08,-8.2,-8.32,-8.38,-8.44,-8.49,-8.55,-8.34,-8.12,-7.9,-7.69,-7.41,-7.12,-6.84,-6.56,-6.2,-5.85,-5.49,-5.14,-4.81,-4.49,-4.16,-3.84,-3.57,-3.31,-3.04,-2.78,-2.57,-2.36,-2.15,-1.94,-1.82,-1.69,-1.57,-1.44,-1.41,-1.38,-1.34,-1.31,-1.36,-1.41,-1.46,-1.51,-1.6,-1.7,-1.8,-1.89,-1.95,-2.02,-2.08,-2.14,,
2018-02-28T00:00:00+00:00,-6.89,-7.07,-7.25,-7.4,-7.56,-7.71,-7.86,-8.02,-8.18,-8.33,-8.49,-8.63,-8.77,-8.91,-9.05,-9.14,-9.23,-9.32,-9.41,-9.44,-9.47,-9.5,-9.53,-9.36,-9.18,-9.01,-8.84,-8.49,-8.13,-7.78,-7.43,-7.0,-6.57,-6.13,-5.7,-5.36,-5.01,-4.67,-4.32,-4.02,-3.71,-3.41,-3.11,-2.84,-2.57,-2.31,-2.04,-1.9,-1.76,-1.61,-1.47,-1.41,-1.34,-1.28,-1.22,-1.27,-1.32,-1.38,-1.43,-1.51,-1.58,-1.65,-1.73,-1.78,-1.82,-1.87,-1.92,-1.99,-2.06,-2.13,-2.2,-2.24,-2.28,-2.33,-2.37,-2.46,-2.54,-2.63,-2.71,-2.79,-2.86,-2.93,-3.01,-3.04,-3.08,-3.11,-3.15,-3.2,-3.26,-3.31,-3.36,-3.41,-3.46,-3.51,-3.56,-3.88,-4.2,-4.52,-4.84,-4.87,-4.91,-4.94,-4.97,-5.0,-5.04,-5.07,-5.11,-5.11,-5.1,-5.1,-5.1,-5.07,-5.05,-5.02,-5.0,-4.95,-4.91,-4.86,-4.81,-4.71,-4.61,-4.51,-4.41,-4.24,-4.08,-3.91,-3.74,-3.46,-3.17,-2.89,-2.6,-2.17,-1.73,-1.3,-0.86,-0.54,-0.21,0.11,0.43,0.77,1.11,1.45,1.79,2.06,2.33,2.59,2.86,2.98,3.1,3.22,3.33,3.37,3.4,3.44,3.47,3.37,3.27,3.17,3.07,2.92,2.77,2.61,2.46,,
2018-03-01T00:00:00+00:00,-3.66,-3.8,-3.95,-4.02,-4.09,-4.16,-4.24,-4.28,-4.32,-4.37,-4.41,-4.42,-4.44,-4.45,-4.46,-4.59,-4.71,-4.83,-4.95,-4.89,-4.84,-4.79,-4.74,-4.65,-4.55,-4.46,-4.36,-4.2,-4.04,-3.88,-3.72,-3.52,-3.32,-3.11,-2.91,-2.63,-2.34,-2.06,-1.78,-1.35,-0.92,-0.49,-0.06,0.15,0.37,0.59,0.8,1.08,1.36,1.63,1.91,2.08,2.25,2.43,2.6,2.61,2.62,2.64,2.65,2.57,2.48,2.4,2.32,2.24,2.16,2.09,2.01,1.95,1.89,1.83,1.78,1.69,1.6,1.51,1.42,1.35,1.27,1.2,1.13,1.1,1.06,1.03,1.0,0.92,0.84,0.75,0.67,0.63,0.59,0.55,0.5,0.51,0.52,0.52,0.53,0.56,0.6,0.63,0.66,0.72,0.77,0.83,0.88,0.94,0.99,1.04,1.09,1.14,1.19,1.25,1.3,1.29,1.28,1.27,1.26,1.32,1.38,1.43,1.49,1.53,1.57,1.61,1.64,1.73,1.82,1.91,2.0,2.31,2.61,2.92,3.22,4.12,5.02,5.92,6.82,6.96,7.11,7.25,7.4,7.34,7.28,7.23,7.17,7.4,7.62,7.85,8.08,8.15,8.23,8.3,8.38,8.19,8.01,7.83,7.64,7.4,7.16,6.92,6.68,6.33,5.98,5.63,5.29,,
2018-03-02T00:00:00+00:00,1.11,1.12,1.13,1.2,1.28,1.35,1.43,1.39,1.36,1.33,1.3,1.31,1.32,1.33,1.34,1.14,0.93,0.73,0.53,0.51,0.5,0.48,0.47,0.63,0.79,0.95,1.11,1.29,1.47,1.66,1.84,2.34,2.85,3.35,3.85,4.55,5.24,5.94,6.63,6.82,7.01,7.19,7.38,7.53,7.68,7.82,7.97,8.13,8.28,8.44,8.6,8.53,8.46,8.39,8.32,8.29,8.25,8.21,8.17,8.02,7.87,7.72,7.57,7.0,6.44,5.88,5.32,4.97,4.63,4.28,3.93,3.72,3.5,3.29,3.07,2.96,2.85,2.74,2.64,2.59,2.55,2.5,2.46,2.37,2.29,2.2,2.12,2.12,2.12,2.11,2.11,2.16,2.2,2.25,2.29,2.34,2.39,2.44,2.49,2.52,2.56,2.59,2.63,2.61,2.59,2.58,2.56,2.45,2.35,2.24,2.13,2.07,2.01,1.95,1.89,2.02,2.14,2.26,2.38,2.45,2.53,2.61,2.68,2.79,2.9,3.01,3.12,3.27,3.43,3.58,3.74,4.18,4.62,5.06,5.5,6.16,6.82,7.47,8.13,8.78,9.43,10.08,10.72,10.92,11.12,11.32,11.52,11.33,11.13,10.94,10.75,10.43,10.1,9.78,9.45,9.3,9.14,8.98,8.82,8.61,8.39,8.18,7.96,,
2018-03-03T00:00:00+00:00,0.78,0.64,0.5,0.44,0.37,0.31,0.25,0.4,0.55,0.7,0.85,1.0,1.14,1.29,1.43,1.49,1.55,1.6,1.66,1.87,2.09,2.3,2.52,2.64,2.77,2.89,3.01,3.18,3.35,3.51,3.68,3.87,4.06,4.25,4.44,4.49,4.53,4.58,4.63,4.99,5.35,5.71,6.07,6.62,7.17,7.72,8.28,8.91,9.55,10.19,10.82,10.93,11.04,11.14,11.25,11.11,10.98,10.84,10.7,10.46,10.22,9.98,9.74,9.48,9.22,8.96,8.7,8.38,8.07,7.75,7.44,7.29,7.14,6.99,6.84,6.66,6.48,6.29,6.11,5.86,5.62,5.38,5.13,4.93,4.73,4.53,4.33,4.26,4.2,4.13,4.06,4.0,3.95,3.9,3.84,3.7,3.55,3.4,3.26,3.3,3.34,3.38,3.42,3.41,3.4,3.38,3.37,3.22,3.07,2.91,2.76,2.68,2.59,2.51,2.42,2.43,2.43,2.43,2.44,2.73,3.03,3.32,3.61,3.93,4.25,4.57,4.89,5.24,5.59,5.95,6.3,6.42,6.55,6.67,6.8,6.97,7.14,7.31,7.48,7.61,7.73,7.86,7.99,7.93,7.86,7.8,7.73,7.36,7.0,6.63,6.27,5.79,5.32,4.84,4.37,4.42,4.48,4.53,4.58,4.61,4.64,4.66,4.69,,
2018-03-04T00:00:00+00:00,4.3,4.31,4.32,4.21,4.09,3.98,3.86,3.75,3.64,3.53,3.41,3.38,3.36,3.33,3.3,3.28,3.25,3.23,3.21,3.3,3.4,3.49,3.58,3.74,3.9,4.06,4.22,4.48,4.74,4.99,5.25,5.41,5.56,5.72,5.87,5.99,6.1,6.22,6.33,6.47,6.62,6.76,6.91,7.0,7.09,7.19,7.28,7.54,7.8,8.06,8.32,8.3,8.27,8.25,8.22,8.28,8.33,8.39,8.44,8.41,8.37,8.33,8.3,8.21,8.13,8.05,7.97,7.71,7.44,7.18,6.91,6.72,6.52,6.33,6.13,5.97,5.8,5.63,5.46,5.52,5.59,5.65,5.71,5.6,5.48,5.37,5.25,5.02,4.79,4.55,4.32,4.17,4.02,3.87,3.72,3.62,3.52,3.42,3.32,3.22,3.11,3.01,2.91,2.79,2.68,2.57,2.46,2.38,2.3,2.23,2.15,2.0,1.85,1.71,1.56,1.66,1.77,1.87,1.98,2.17,2.36,2.55,2.74,3.31,3.89,4.46,5.03,5.5,5.96,6.42,6.88,7.37,7.86,8.36,8.85,9.21,9.58,9.95,10.31,10.46,10.62,10.77,10.92,11.09,11.26,11.43,11.6,11.62,11.64,11.66,11.68,11.63,11.58,11.53,11.48,11.32,11.16,11.0,10.84,10.54,10.24,9.94,9.64,,
2018-03-05T00:00:00+00:00,5.29,5.13,4.98,4.81,4.65,4.48,4.31,4.07,3.83,3.58,3.34,3.15,2.97,2.78,2.59,2.57,2.56,2.54,2.52,2.61,2.7,2.78,2.87,3.16,3.44,3.73,4.02,4.42,4.82,5.22,5.63,6.12,6.61,7.11,7.6,8.05,8.5,8.95,9.4,9.81,10.23,10.64,11.05,11.24,11.43,11.62,11.81,11.82,11.83,11.84,11.84,11.87,11.89,11.91,11.93,11.86,11.79,11.72,11.65,11.5,11.35,11.2,11.06,10.8,10.53,10.27,10.01,9.77,9.52,9.28,9.03,8.91,8.79,8.67,8.55,8.44,8.33,8.22,8.1,8.0,7.9,7.8,7.7,7.68,7.66,7.63,7.61,7.54,7.47,7.4,7.32,7.17,7.01,6.85,6.69,6.55,6.41,6.28,6.14,5.92,5.69,5.47,5.25,5.05,4.84,4.64,4.43,4.23,4.03,3.83,3.63,3.59,3.55,3.51,3.46,3.36,3.25,3.15,3.04,3.18,3.32,3.46,3.6,3.74,3.88,4.02,4.16,4.41,4.66,4.91,5.16,5.39,5.61,5.84,6.06,6.33,6.59,6.85,7.12,7.54,7.96,8.38,8.8,9.0,9.19,9.38,9.58,9.71,9.85,9.98,10.12,10.1,10.09,10.07,10.06,9.93,9.79,9.66,9.53,9.14,8.76,8.37,7.99,,
2018-03-06T00:00:00+00:00,6.88,6.7,6.53,6.45,6.37,6.29,6.21,6.09,5.98,5.86,5.75,5.68,5.61,5.54,5.47,5.49,5.5,5.52,5.53,5.48,5.42,5.37,5.31,5.34,5.37,5.41,5.44,5.61,5.79,5.97,6.14,6.49,6.83,7.18,7.52,7.65,7.79,7.92,8.06,8.26,8.46,8.66,8.86,8.89,8.92,8.95,8.99,9.06,9.12,9.19,9.26,9.36,9.46,9.55,9.65,9.63,9.61,9.58,9.56,9.48,9.4,9.32,9.25,9.15,9.05,8.95,8.86,8.56,8.26,7.96,7.66,7.49,7.32,7.15,6.98,6.85,6.72,6.59,6.46,6.41,6.36,6.32,6.27,6.22,6.18,6.13,6.09,5.95,5.81,5.68,5.54,5.52,5.51,5.49,5.47,5.44,5.41,5.38,5.35,5.31,5.27,5.23,5.19,5.1,5.02,4.93,4.84,4.92,5.0,5.08,5.16,5.08,5.01,4.94,4.87,4.9,4.93,4.96,4.99,4.99,5.0,5.0,5.0,4.94,4.88,4.83,4.77,4.94,5.12,5.3,5.48,5.57,5.66,5.75,5.84,6.27,6.7,7.13,7.56,7.46,7.36,7.26,7.16,7.54,7.91,8.29,8.66,8.73,8.79,8.85,8.92,8.95,8.98,9.01,9.04,8.17,7.29,6.42,5.54,5.53,5.52,5.52,5.51,,
2018-03-07T00:00:00+00:00,5.43,5.29,5.16,5.17,5.19,5.2,5.22,5.27,5.33,5.39,5.45,5.36,5.27,5.19,5.1,4.93,4.77,4.6,4.44,4.28,4.12,3.96,3.8,4.03,4.27,4.5,4.73,4.89,5.04,5.19,5.34,5.43,5.53,5.62,5.71,5.87,6.04,6.21,6.37,6.51,6.65,6.79,6.93,7.09,7.26,7.43,7.59,7.9,8.2,8.51,8.82,8.75,8.69,8.63,8.57,8.34,8.11,7.89,7.66,7.15,6.63,6.12,5.6,5.54,5.48,5.42,5.36,5.29,5.21,5.14,5.07,4.82,4.58,4.34,4.09,3.93,3.78,3.62,3.47,3.42,3.37,3.32,3.28,3.26,3.24,3.23,3.21,3.16,3.12,3.07,3.03,2.98,2.93,2.88,2.83,2.78,2.73,2.68,2.63,2.72,2.8,2.88,2.96,2.93,2.89,2.85,2.81,2.92,3.03,3.14,3.25,3.39,3.52,3.66,3.8,3.89,3.99,4.09,4.18,4.36,4.54,4.72,4.89,5.09,5.28,5.48,5.67,6.06,6.45,6.84,7.23,7.66,8.1,8.54,8.97,9.18,9.38,9.59,9.79,9.98,10.17,10.36,10.55,10.71,10.87,11.04,11.2,11.05,10.89,10.73,10.58,10.41,10.23,10.06,9.89,9.83,9.76,9.7,9.64,9.51,9.38,9.24,9.11,,
2018-03-08T00:00:00+00:00,3.6,3.58,3.56,3.54,3.53,3.52,3.51,3.63,3.74,3.86,3.98,4.03,4.07,4.11,4.15,4.24,4.33,4.42,4.5,4.53,4.57,4.6,4.63,4.74,4.86,4.97,5.09,5.31,5.52,5.74,5.96,6.19,6.42,6.66,6.89,7.05,7.2,7.36,7.52,7.81,8.1,8.39,8.68,8.88,9.07,9.27,9.46,9.02,8.58,8.14,7.7,7.88,8.06,8.23,8.41,8.39,8.37,8.35,8.33,8.21,8.1,7.99,7.87,7.74,7.62,7.49,7.36,7.28,7.2,7.11,7.03,6.99,6.94,6.89,6.84,6.86,6.87,6.88,6.89,6.86,6.83,6.81,6.78,6.7,6.62,6.55,6.47,6.27,6.08,5.88,5.68,5.66,5.63,5.6,5.57,5.54,5.5,5.47,5.43,5.33,5.23,5.13,5.03,4.9,4.78,4.65,4.53,4.47,4.41,4.34,4.28,4.31,4.34,4.36,4.39,4.51,4.62,4.73,4.85,4.97,5.1,5.22,5.35,5.52,5.68,5.85,6.02,6.21,6.39,6.58,6.76,6.97,7.18,7.39,7.6,7.93,8.25,8.58,8.91,9.3,9.68,10.07,10.46,10.88,11.29,11.71,12.13,12.48,12.83,13.18,13.53,13.6,13.66,13.73,13.79,13.72,13.65,13.58,13.51,13.37,13.22,13.08,12.93,,
2018-03-09T00:00:00+00:00,5.67,5.69,5.71,5.88,6.05,6.22,6.39,6.24,6.09,5.93,5.78,5.62,5.46,5.3,5.14,5.04,4.94,4.85,4.75,5.02,5.3,5.57,5.84,6.09,6.34,6.59,6.84,7.16,7.49,7.81,8.14,8.33,8.53,8.73,8.92,9.24,9.55,9.86,10.17,10.44,10.7,10.97,11.23,11.54,11.85,12.17,12.48,12.62,12.75,12.89,13.03,13.06,13.09,13.12,13.15,13.06,12.97,12.88,12.79,12.73,12.66,12.59,12.53,12.43,12.33,12.22,12.12,12.14,12.16,12.17,12.19,12.25,12.31,12.37,12.43,12.39,12.35,12.3,12.26,12.34,12.43,12.51,12.59,12.55,12.5,12.45,12.41,12.39,12.36,12.34,12.32,12.21,12.09,11.97,11.85,11.67,11.49,11.31,11.13,11.02,10.91,10.81,10.7,10.48,10.25,10.02,9.79,9.69,9.59,9.48,9.38,9.37,9.36,9.35,9.34,9.41,9.48,9.55,9.62,9.71,9.81,9.9,10.0,10.1,10.21,10.31,10.41,10.49,10.57,10.65,10.73,10.87,11.0,11.13,11.27,11.67,12.07,12.47,12.87,13.06,13.26,13.45,13.65,13.9,14.15,14.4,14.65,14.84,15.03,15.21,15.4,15.31,15.21,15.12,15.03,14.84,14.65,14.47,14.28,14.08,13.89,13.69,13.5,,
2018-03-10T00:00:00+00:00,12.06,11.85,11.63,11.51,11.39,11.28,11.16,10.85,10.53,10.22,9.91,9.86,9.81,9.76,9.72,9.69,9.67,9.64,9.62,9.78,9.95,10.12,10.28,10.4,10.51,10.63,10.74,10.77,10.8,10.83,10.85,11.01,11.17,11.33,11.49,11.61,11.72,11.83,11.94,12.22,12.5,12.78,13.06,13.16,13.25,13.35,13.45,13.61,13.77,13.93,14.09,14.2,14.3,14.41,14.51,14.55,14.58,14.62,14.66,14.55,14.44,14.33,14.23,14.03,13.82,13.62,13.42,13.17,12.92,12.67,12.42,12.31,12.2,12.09,11.98,12.01,12.03,12.06,12.08,11.95,11.83,11.7,11.57,11.55,11.53,11.51,11.49,11.35,11.21,11.06,10.92,10.9,10.88,10.85,10.83,10.89,10.94,11.0,11.05,11.06,11.06,11.06,11.06,11.01,10.95,10.89,10.83,10.79,10.75,10.71,10.67,10.6,10.53,10.46,10.38,10.41,10.45,10.48,10.51,10.66,10.81,10.97,11.12,11.42,11.71,12.01,12.31,12.42,12.54,12.65,12.77,13.08,13.39,13.71,14.02,14.43,14.84,15.25,15.65,15.85,16.04,16.23,16.42,16.41,16.4,16.39,16.38,16.32,16.27,16.21,16.16,16.11,16.05,16.0,15.94,15.73,15.51,15.29,15.07,14.74,14.41,14.08,13.75,,
2018-03-11T00:00:00+00:00,12.21,12.2,12.18,12.15,12.12,12.09,12.06,11.95,11.85,11.74,11.63,11.54,11.45,11.36,11.26,11.2,11.13,11.06,10.99,11.01,11.03,11.05,11.07,11.22,11.37,11.52,11.67,11.77,11.87,11.97,12.07,12.31,12.55,12.79,13.02,13.35,13.68,14.0,14.33,14.56,14.79,15.02,15.25,15.09,14.92,14.76,14.59,15.0,15.41,15.82,16.23,16.05,15.87,15.68,15.5,14.72,13.95,13.17,12.39,12.5,12.6,12.71,12.81,12.63,12.45,12.26,12.08,11.82,11.55,11.29,11.03,10.95,10.87,10.8,10.72,10.6,10.47,10.35,10.22,10.13,10.04,9.94,9.85,9.87,9.89,9.9,9.92,9.93,9.94,9.96,9.97,9.89,9.81,9.73,9.65,9.6,9.54,9.49,9.43,9.48,9.53,9.57,9.62,9.68,9.74,9.8,9.86,9.86,9.86,9.86,9.86,9.79,9.72,9.65,9.58,9.54,9.51,9.47,9.43,9.55,9.67,9.78,9.9,9.87,9.84,9.8,9.77,9.81,9.85,9.89,9.93,10.01,10.09,10.16,10.24,10.34,10.43,10.52,10.62,10.73,10.84,10.95,11.06,11.3,11.53,11.77,12.01,11.93,11.86,11.79,11.71,11.53,11.34,11.16,10.97,10.62,10.26,9.91,9.55,9.43,9.3,9.18,9.05,,
2018-03-12T00:00:00+00:00,10.68,10.73,10.79,10.59,10.39,10.19,9.99,9.89,9.79,9.69,9.59,9.5,9.42,9.34,9.25,9.23,9.21,9.19,9.17,9.17,9.17,9.17,9.17,9.06,8.95,8.84,8.73,8.74,8.75,8.76,8.77,8.76,8.75,8.74,8.73,8.84,8.96,9.07,9.18,9.51,9.84,10.16,10.49,10.62,10.76,10.89,11.02,10.85,10.67,10.5,10.32,10.32,10.31,10.31,10.31,10.27,10.24,10.2,10.17,10.05,9.94,9.83,9.71,9.41,9.11,8.81,8.51,8.49,8.48,8.46,8.45,8.42,8.4,8.37,8.34,8.28,8.22,8.16,8.1,8.09,8.09,8.09,8.09,8.04,7.98,7.93,7.88,7.85,7.81,7.77,7.74,7.7,7.66,7.62,7.58,7.48,7.39,7.29,7.2,7.16,7.12,7.08,7.04,7.0,6.95,6.91,6.86,6.85,6.85,6.84,6.83,6.78,6.74,6.7,6.66,6.75,6.83,6.92,7.01,7.08,7.16,7.23,7.31,7.39,7.47,7.55,7.63,7.82,8.0,8.18,8.37,8.6,8.83,9.07,9.3,9.37,9.44,9.5,9.57,9.66,9.75,9.84,9.93,9.91,9.89,9.87,9.85,9.81,9.77,9.73,9.69,9.8,9.92,10.03,10.14,9.93,9.72,9.51,9.29,9.21,9.14,9.06,8.98,,
2018-03-13T00:00:00+00:00,8.23,8.32,8.41,8.38,8.34,8.31,8.27,8.11,7.95,7.78,7.62,7.51,7.39,7.28,7.17,7.11,7.05,6.98,6.92,6.99,7.06,7.12,7.19,7.32,7.45,7.58,7.71,7.76,7.81,7.86,7.91,8.08,8.26,8.43,8.6,8.75,8.89,9.04,9.19,8.9,8.62,8.34,8.05,8.42,8.79,9.16,9.53,9.66,9.8,9.94,10.07,9.88,9.68,9.48,9.28,9.43,9.58,9.72,9.87,9.86,9.84,9.83,9.82,9.73,9.64,9.55,9.46,9.22,8.98,8.74,8.5,8.37,8.24,8.11,7.98,7.79,7.6,7.42,7.23,7.14,7.05,6.96,6.87,6.66,6.45,6.23,6.02,5.85,5.69,5.52,5.36,5.36,5.36,5.36,5.36,5.19,5.01,4.84,4.66,4.54,4.41,4.29,4.16,4.13,4.09,4.06,4.02,4.02,4.01,4.0,3.99,3.9,3.82,3.73,3.64,3.46,3.28,3.09,2.91,3.06,3.21,3.36,3.5,3.88,4.26,4.64,5.02,5.7,6.37,7.04,7.72,8.27,8.82,9.37,9.92,10.34,10.76,11.18,11.61,11.88,12.16,12.44,12.71,12.83,12.96,13.08,13.2,13.22,13.24,13.26,13.28,13.21,13.14,13.07,13.01,12.85,12.69,12.53,12.37,12.13,11.89,11.66,11.42,,
2018-03-14T00:00:00+00:00
2018-03-15T00:00:00+00:00
2018-03-16T00:00:00+00:00,8.1,7.99,7.88,7.73,7.58,7.42,7.27,7.17,7.07,6.97,6.87,6.83,6.78,6.73,6.69,6.65,6.62,6.58,6.54,6.53,6.52,6.51,6.51,6.59,6.67,6.76,6.84,7.04,7.24,7.44,7.65,7.92,8.2,8.48,8.76,9.02,9.28,9.55,9.81,10.04,10.28,10.51,10.74,10.89,11.04,11.19,11.34,11.55,11.77,11.98,12.19,12.17,12.14,12.12,12.09,11.56,11.03,10.5,9.97,10.02,10.07,10.13,10.18,10.0,9.83,9.66,9.49,9.28,9.07,8.87,8.66,8.57,8.49,8.4,8.31,8.15,7.98,7.82,7.66,7.65,7.63,7.62,7.61,7.55,7.48,7.41,7.34,7.07,6.81,6.54,6.28,6.31,6.34,6.37,6.4,6.26,6.13,5.99,5.85,5.74,5.64,5.53,5.42,5.38,5.34,5.3,5.27,5.15,5.03,4.92,4.8,4.84,4.89,4.93,4.97,5.02,5.06,5.11,5.15,5.26,5.36,5.46,5.56,5.64,5.72,5.81,5.89,6.05,6.22,6.39,6.55,6.55,6.54,6.53,6.53,6.36,6.19,6.02,5.85,5.73,5.61,5.49,5.38,5.32,5.26,5.2,5.15,5.09,5.03,4.97,4.92,4.94,4.97,4.99,5.02,4.81,4.61,4.4,4.19,4.01,3.84,3.66,3.48,,
2018-03-17T00:00:00+00:00,5.09,4.99,4.89,4.88,4.86,4.85,4.83,4.47,4.11,3.75,3.39,3.27,3.14,3.02,2.9,2.75,2.59,2.44,2.28,2.55,2.81,3.07,3.33,3.73,4.12,4.52,4.92,5.4,5.89,6.37,6.86,6.99,7.12,7.25,7.38,7.23,7.07,6.91,6.76,6.67,6.58,6.49,6.4,6.28,6.16,6.04,5.92,5.75,5.57,5.4,5.22,5.01,4.8,4.59,4.38,4.26,4.14,4.03,3.91,3.96,4.02,4.07,4.13,4.12,4.12,4.11,4.11,3.95,3.8,3.64,3.48,3.27,3.06,2.85,2.63,2.47,2.31,2.16,2.0,1.92,1.84,1.77,1.69,1.65,1.61,1.57,1.52,1.61,1.69,1.78,1.86,1.98,2.09,2.21,2.33,2.05,1.78,1.51,1.23,1.15,1.07,0.98,0.9,0.82,0.74,0.67,0.59,0.5,0.41,0.31,0.22,0.18,0.14,0.1,0.06,0.03,0.0,-0.03,-0.06,-0.03,-0.0,0.02,0.05,0.16,0.26,0.36,0.47,0.77,1.08,1.38,1.69,1.97,2.26,2.55,2.83,3.09,3.34,3.59,3.85,4.02,4.2,4.38,4.56,4.65,4.75,4.84,4.94,4.94,4.94,4.94,4.94,4.84,4.73,4.63,4.53,4.28,4.03,3.79,3.54,3.08,2.63,2.17,1.71,,
2018-03-18T00:00:00+00:00,0.56,0.33,0.1,0.04,-0.01,-0.07,-0.13,-0.24,-0.35,-0.46,-0.58,-0.63,-0.69,-0.74,-0.8,-0.87,-0.95,-1.02,-1.1,-1.04,-0.97,-0.91,-0.84,-0.71,-0.57,-0.43,-0.29,-0.21,-0.13,-0.05,0.03,0.18,0.33,0.48,0.63,0.69,0.75,0.8,0.86,0.85,0.85,0.84,0.83,1.01,1.18,1.36,1.54,1.73,1.92,2.12,2.31,2.35,2.39,2.43,2.46,2.46,2.46,2.46,2.46,2.08,1.7,1.32,0.94,0.89,0.83,0.78,0.73,0.62,0.52,0.41,0.3,0.26,0.23,0.19,0.15,0.06,-0.02,-0.11,-0.2,-0.24,-0.29,-0.34,-0.39,-0.45,-0.52,-0.59,-0.65,-0.69,-0.73,-0.76,-0.8,-0.82,-0.83,-0.84,-0.85,-0.9,-0.95,-0.99,-1.04,-1.07,-1.1,-1.13,-1.16,-1.23,-1.29,-1.35,-1.42,-1.43,-1.45,-1.47,-1.49,-1.55,-1.61,-1.67,-1.73,-1.68,-1.63,-1.58,-1.52,-1.45,-1.37,-1.29,-1.21,-1.09,-0.98,-0.86,-0.74,-0.61,-0.48,-0.35,-0.22,-0.04,0.14,0.33,0.51,0.66,0.81,0.96,1.11,1.22,1.32,1.43,1.54,1.55,1.55,1.56,1.57,1.6,1.64,1.68,1.72,1.66,1.6,1.54,1.48,1.47,1.45,1.43,1.41,1.23,1.04,0.86,0.67,,
2018-03-19T00:00:00+00:00,-1.4,-1.45,-1.49,-1.53,-1.56,-1.59,-1.63,-1.66,-1.7,-1.73,-1.77,-1.8,-1.84,-1.87,-1.91,-1.96,-2.02,-2.07,-2.13,-2.02,-1.91,-1.81,-1.7,-1.59,-1.47,-1.35,-1.23,-1.1,-0.97,-0.84,-0.71,-0.5,-0.3,-0.1,0.11,0.29,0.46,0.64,0.82,0.92,1.02,1.12,1.23,1.44,1.65,1.86,2.07,2.15,2.23,2.31,2.39,2.42,2.46,2.5,2.54,2.7,2.87,3.04,3.2,3.1,2.99,2.89,2.79,2.64,2.49,2.35,2.2,2.06,1.93,1.8,1.66,1.59,1.52,1.45,1.39,1.26,1.13,1.0,0.88,0.71,0.55,0.38,0.22,0.04,-0.13,-0.3,-0.47,-0.61,-0.74,-0.88,-1.01,-1.15,-1.28,-1.42,-1.55,-1.67,-1.79,-1.91,-2.03,-2.13,-2.23,-2.33,-2.43,-2.5,-2.58,-2.65,-2.72,-2.76,-2.79,-2.82,-2.86,-2.87,-2.89,-2.9,-2.92,-2.7,-2.47,-2.25,-2.03,-1.6,-1.18,-0.76,-0.34,-0.1,0.15,0.39,0.64,0.98,1.33,1.67,2.02,2.28,2.55,2.81,3.08,3.48,3.88,4.27,4.67,4.66,4.64,4.63,4.61,4.96,5.31,5.66,6.01,6.1,6.19,6.29,6.38,6.42,6.46,6.5,6.54,6.43,6.31,6.2,6.09,5.84,5.59,5.35,5.1,,
2018-03-20T00:00:00+00:00,0.14,-0.06,-0.27,-0.47,-0.67,-0.87,-1.07,-1.21,-1.35,-1.49,-1.63,-1.69,-1.75,-1.81,-1.87,-1.93,-1.99,-2.05,-2.11,-1.93,-1.74,-1.55,-1.37,-1.12,-0.87,-0.62,-0.37,0.03,0.42,0.81,1.2,1.62,2.04,2.46,2.88,3.22,3.55,3.88,4.21,4.29,4.38,4.47,4.55,4.67,4.78,4.9,5.02,5.2,5.38,5.56,5.74,5.92,6.1,6.28,6.46,6.54,6.61,6.69,6.77,6.68,6.59,6.5,6.4,6.14,5.88,5.62,5.35,5.13,4.91,4.68,4.46,4.21,3.96,3.71,3.46,3.28,3.09,2.9,2.72,2.54,2.36,2.19,2.01,1.82,1.63,1.44,1.25,1.03,0.81,0.59,0.37,0.26,0.14,0.02,-0.1,-0.16,-0.22,-0.28,-0.34,-0.4,-0.46,-0.52,-0.58,-0.61,-0.64,-0.67,-0.7,-0.79,-0.87,-0.95,-1.04,-1.07,-1.1,-1.13,-1.16,-0.96,-0.77,-0.57,-0.37,-0.14,0.1,0.33,0.57,0.95,1.32,1.7,2.08,2.43,2.78,3.13,3.48,3.82,4.17,4.52,4.86,5.14,5.41,5.68,5.95,6.1,6.25,6.41,6.56,6.7,6.85,7.0,7.14,7.2,7.25,7.31,7.36,7.36,7.35,7.35,7.34,6.87,6.39,5.92,5.45,5.33,5.22,5.11,4.99,,
2018-03-21T00:00:00+00:00,0.55,0.52,0.49,0.5,0.51,0.52,0.53,0.52,0.5,0.49,0.48,0.39,0.3,0.21,0.12,0.1,0.08,0.06,0.04,0.12,0.21,0.3,0.38,0.68,0.97,1.26,1.55,1.89,2.24,2.58,2.92,3.29,3.65,4.02,4.38,4.67,4.96,5.25,5.53,5.74,5.94,6.15,6.35,6.54,6.72,6.91,7.09,7.01,6.93,6.84,6.76,6.83,6.9,6.97,7.04,7.0,6.96,6.93,6.89,6.82,6.75,6.68,6.61,6.33,6.04,5.76,5.48,5.14,4.8,4.46,4.12,3.93,3.75,3.56,3.37,3.31,3.24,3.17,3.1,2.97,2.84,2.71,2.57,2.43,2.29,2.14,2.0,1.84,1.67,1.51,1.34,1.2,1.06,0.92,0.77,0.73,0.69,0.65,0.61,0.55,0.49,0.43,0.38,0.32,0.26,0.2,0.14,0.04,-0.06,-0.16,-0.26,-0.21,-0.16,-0.11,-0.06,0.17,0.4,0.63,0.86,1.23,1.61,1.98,2.36,2.89,3.42,3.95,4.48,4.95,5.42,5.89,6.36,6.65,6.95,7.25,7.54,7.59,7.64,7.68,7.73,7.8,7.87,7.94,8.01,8.24,8.46,8.68,8.91,8.8,8.69,8.59,8.48,8.54,8.61,8.67,8.73,8.58,8.43,8.28,8.14,7.98,7.82,7.67,7.51,,
2018-03-22T00:00:00+00:00,0.05,-0.02,-0.1,-0.19,-0.29,-0.38,-0.47,-0.47,-0.48,-0.48,-0.48,-0.44,-0.4,-0.36,-0.31,-0.32,-0.33,-0.34,-0.35,-0.17,0.02,0.21,0.4,0.83,1.27,1.7,2.14,2.69,3.24,3.79,4.34,4.84,5.33,5.82,6.32,6.71,7.1,7.49,7.88,8.06,8.25,8.43,8.62,8.69,8.75,8.82,8.89,8.91,8.93,8.95,8.97,9.01,9.06,9.1,9.15,9.18,9.21,9.24,9.27,9.17,9.07,8.97,8.87,8.66,8.45,8.25,8.04,7.88,7.72,7.56,7.4,7.23,7.06,6.89,6.72,6.42,6.11,5.81,5.51,5.41,5.32,5.22,5.13,5.03,4.93,4.83,4.73,4.59,4.44,4.3,4.16,3.94,3.71,3.49,3.27,3.24,3.21,3.18,3.15,3.18,3.22,3.25,3.28,3.25,3.22,3.19,3.16,3.13,3.1,3.08,3.05,3.08,3.11,3.14,3.17,3.38,3.58,3.79,4.0,4.19,4.37,4.56,4.75,4.85,4.95,5.05,5.15,5.06,4.97,4.88,4.79,4.76,4.73,4.7,4.67,4.67,4.68,4.68,4.68,4.72,4.75,4.79,4.82,4.86,4.89,4.93,4.97,5.02,5.07,5.12,5.17,5.19,5.2,5.22,5.24,5.27,5.3,5.33,5.36,5.37,5.37,5.37,5.38,,
2018-03-23T00:00:00+00:00,4.82,4.75,4.68,4.5,4.31,4.13,3.95,3.78,3.62,3.45,3.28,3.27,3.26,3.25,3.24,3.26,3.28,3.3,3.32,3.54,3.75,3.96,4.17,4.28,4.38,4.48,4.58,4.61,4.64,4.67,4.7,4.77,4.83,4.9,4.97,4.98,5.0,5.01,5.03,5.02,5.0,4.99,4.98,5.09,5.21,5.32,5.43,5.44,5.44,5.44,5.45,5.43,5.42,5.41,5.39,5.4,5.4,5.4,5.41,5.43,5.44,5.46,5.48,5.47,5.47,5.46,5.45,5.44,5.43,5.41,5.4,5.41,5.42,5.43,5.45,5.49,5.53,5.58,5.62,5.63,5.63,5.63,5.63,5.62,5.6,5.59,5.57,5.57,5.57,5.57,5.57,5.56,5.55,5.55,5.54,5.51,5.49,5.46,5.44,5.46,5.48,5.5,5.52,5.53,5.53,5.53,5.53,5.47,5.42,5.36,5.31,5.32,5.34,5.35,5.37,5.37,5.38,5.38,5.39,5.42,5.45,5.48,5.51,5.77,6.03,6.29,6.55,7.06,7.58,8.09,8.61,9.11,9.61,10.1,10.6,10.93,11.26,11.59,11.92,12.2,12.47,12.75,13.03,13.19,13.34,13.5,13.66,13.71,13.77,13.82,13.87,13.82,13.78,13.74,13.69,13.54,13.39,13.24,13.09,12.75,12.41,12.07,11.73,,
2018-03-24T00:00:00+00:00,5.65,5.59,5.53,5.38,5.23,5.07,4.92,4.7,4.48,4.26,4.03,3.83,3.63,3.43,3.23,3.1,2.97,2.83,2.7,2.79,2.89,2.99,3.08,3.41,3.75,4.08,4.41,4.85,5.28,5.71,6.15,6.64,7.12,7.61,8.09,8.52,8.95,9.38,9.81,10.17,10.54,10.9,11.27,11.48,11.69,11.9,12.11,12.26,12.4,12.55,12.7,12.65,12.61,12.56,12.52,12.47,12.43,12.38,12.34,12.21,12.08,11.95,11.81,11.57,11.33,11.08,10.84,10.59,10.34,10.09,9.84,9.62,9.4,9.19,8.97,8.72,8.48,8.24,7.99,7.91,7.82,7.73,7.65,7.59,7.54,7.49,7.43,7.36,7.29,7.22,7.14,7.16,7.18,7.21,7.23,7.21,7.19,7.17,7.15,7.12,7.09,7.06,7.03,6.86,6.7,6.53,6.37,6.24,6.11,5.99,5.86,5.84,5.83,5.82,5.8,6.05,6.29,6.53,6.78,7.27,7.76,8.25,8.74,9.2,9.66,10.12,10.58,10.94,11.3,11.66,12.02,12.17,12.32,12.48,12.63,12.81,12.99,13.17,13.35,13.36,13.38,13.4,13.41,13.39,13.37,13.35,13.32,13.39,13.45,13.51,13.57,13.57,13.57,13.57,13.57,13.42,13.27,13.12,12.97,12.57,12.16,11.75,11.34,,
2018-03-25T00:00:00+00:00,7.31,7.11,6.92,6.64,6.35,6.07,5.79,5.83,5.86,5.9,5.94,6.01,6.07,6.14,6.21,6.27,6.33,6.4,6.46,6.64,6.82,7.0,7.18,7.58,7.97,8.37,8.77,9.2,9.63,10.05,10.48,10.81,11.13,11.46,11.79,12.11,12.44,12.76,13.09,13.49,13.88,14.28,14.68,14.68,14.67,14.67,14.67,14.69,14.72,14.75,14.78,14.76,14.75,14.74,14.73,14.76,14.79,14.82,14.86,14.56,14.27,13.98,13.69,13.36,13.03,12.7,12.37,12.19,12.0,11.81,11.63,11.4,11.17,10.95,10.72,10.46,10.21,9.95,9.69,9.46,9.23,9.0,8.77,8.59,8.4,8.22,8.04,7.93,7.82,7.71,7.6,7.37,7.14,6.91,6.68,6.58,6.49,6.39,6.3,6.17,6.04,5.9,5.77,5.67,5.56,5.45,5.35,5.25,5.14,5.04,4.94,4.81,4.69,4.56,4.44,4.58,4.72,4.86,5.01,5.26,5.51,5.77,6.02,6.31,6.59,6.87,7.16,7.44,7.72,8.0,8.28,8.61,8.94,9.28,9.61,9.93,10.25,10.57,10.89,11.09,11.3,11.51,11.72,11.79,11.86,11.93,12.0,11.97,11.94,11.91,11.88,11.84,11.8,11.76,11.72,11.32,10.93,10.53,10.14,9.98,9.81,9.65,9.49,,
2018-03-26T00:00:00+00:00,7.94,7.72,7.5,7.22,6.95,6.68,6.41,6.22,6.03,5.85,5.66,5.52,5.38,5.24,5.11,5.17,5.24,5.3,5.37,5.57,5.76,5.96,6.16,6.47,6.78,7.09,7.41,7.67,7.94,8.2,8.47,8.83,9.18,9.54,9.9,10.19,10.47,10.76,11.05,11.26,11.47,11.68,11.9,12.08,12.26,12.44,12.62,12.68,12.74,12.8,12.87,12.78,12.68,12.59,12.5,12.42,12.35,12.27,12.19,11.93,11.67,11.41,11.15,10.94,10.72,10.51,10.3,9.93,9.57,9.2,8.83,8.7,8.57,8.43,8.3,8.14,7.97,7.81,7.64,7.61,7.57,7.54,7.5,7.5,7.5,7.5,7.5,7.56,7.62,7.68,7.74,7.49,7.23,6.98,6.73,6.71,6.69,6.67,6.65,6.63,6.6,6.58,6.56,6.55,6.55,6.55,6.55,6.48,6.41,6.34,6.27,6.21,6.15,6.09,6.03,6.07,6.12,6.17,6.22,6.26,6.3,6.34,6.38,6.5,6.61,6.73,6.84,6.98,7.12,7.26,7.39,7.57,7.74,7.91,8.08,8.77,9.45,10.13,10.82,11.07,11.32,11.57,11.82,11.72,11.62,11.52,11.42,11.37,11.33,11.28,11.24,11.2,11.15,11.11,11.07,10.98,10.89,10.8,10.72,10.59,10.47,10.34,10.21,,
2018-03-27T00:00:00+00:00,6.64,6.5,6.37,6.32,6.28,6.23,6.19,6.11,6.04,5.96,5.88,5.79,5.71,5.63,5.54,5.49,5.45,5.4,5.35,5.45,5.55,5.64,5.74,5.83,5.91,6.0,6.09,6.21,6.34,6.46,6.58,6.66,6.74,6.82,6.9,6.94,6.98,7.02,7.06,7.14,7.22,7.31,7.39,7.4,7.4,7.41,7.41,7.63,7.85,8.08,8.3,8.81,9.32,9.83,10.35,10.68,11.01,11.34,11.67,11.63,11.59,11.55,11.5,11.31,11.12,10.92,10.73,10.65,10.56,10.48,10.4,10.25,10.1,9.95,9.8,9.63,9.46,9.29,9.12,9.0,8.87,8.75,8.63,8.53,8.44,8.35,8.26,8.11,7.96,7.81,7.66,7.58,7.49,7.41,7.33,7.33,7.33,7.34,7.34,7.36,7.38,7.4,7.42,7.6,7.77,7.95,8.13,8.32,8.52,8.72,8.92,9.03,9.15,9.26,9.38,9.58,9.78,9.99,10.19,10.25,10.32,10.38,10.45,10.49,10.53,10.57,10.61,10.67,10.72,10.78,10.84,11.13,11.41,11.69,11.98,11.37,10.76,10.15,9.55,9.68,9.81,9.95,10.08,9.71,9.34,8.97,8.6,8.84,9.08,9.32,9.55,9.5,9.45,9.4,9.35,9.14,8.93,8.72,8.51,8.23,7.94,7.66,7.37,,
2018-03-28T00:00:00+00:00,7.74,7.63,7.51,7.37,7.24,7.1,6.96,6.91,6.86,6.82,6.77,6.81,6.84,6.88,6.91,6.93,6.94,6.95,6.96,7.11,7.27,7.42,7.58,7.88,8.18,8.49,8.79,9.19,9.59,9.99,10.39,10.52,10.65,10.77,10.9,10.9,10.91,10.91,10.92,10.95,10.98,11.01,11.04,11.16,11.28,11.4,11.52,10.86,10.2,9.54,8.88,8.94,9.0,9.05,9.11,8.99,8.87,8.75,8.63,8.49,8.36,8.22,8.08,7.81,7.54,7.26,6.99,6.76,6.53,6.31,6.08,5.92,5.76,5.6,5.45,5.3,5.16,5.01,4.87,4.87,4.86,4.86,4.86,4.74,4.62,4.5,4.38,4.12,3.86,3.6,3.35,3.14,2.93,2.72,2.51,2.38,2.26,2.13,2.01,1.94,1.87,1.8,1.74,1.7,1.67,1.64,1.61,1.61,1.61,1.62,1.62,1.61,1.6,1.6,1.59,1.9,2.22,2.54,2.86,3.34,3.82,4.29,4.77,5.3,5.82,6.34,6.87,7.19,7.52,7.85,8.18,8.42,8.66,8.9,9.15,9.28,9.41,9.54,9.68,9.86,10.03,10.21,10.39,10.47,10.55,10.62,10.7,10.68,10.66,10.65,10.63,10.35,10.07,9.79,9.51,9.55,9.58,9.62,9.65,9.42,9.19,8.96,8.73,,
2018-03-29T00:00:00+00:00,3.32,3.25,3.19,3.15,3.11,3.06,3.02,3.01,3.0,2.99,2.98,2.94,2.91,2.87,2.83,2.76,2.68,2.61,2.53,2.76,2.99,3.22,3.46,3.86,4.27,4.67,5.08,5.58,6.08,6.57,7.07,7.44,7.81,8.17,8.54,8.62,8.71,8.79,8.87,9.11,9.35,9.58,9.82,9.95,10.08,10.2,10.33,9.89,9.45,9.0,8.56,8.94,9.32,9.7,10.08,10.19,10.3,10.41,10.52,9.65,8.79,7.92,7.05,7.1,7.15,7.2,7.24,7.1,6.96,6.82,6.67,6.52,6.37,6.21,6.06,5.9,5.74,5.58,5.42,5.27,5.11,4.96,4.8,4.75,4.71,4.66,4.61,4.55,4.48,4.42,4.36,4.49,4.62,4.75,4.88,4.89,4.91,4.92,4.93,4.87,4.8,4.74,4.67,4.7,4.73,4.75,4.78,4.71,4.63,4.56,4.49,4.39,4.29,4.2,4.1,4.18,4.26,4.34,4.42,4.62,4.82,5.03,5.23,5.33,5.43,5.52,5.62,5.79,5.95,6.12,6.29,6.57,6.84,7.12,7.4,7.45,7.51,7.56,7.62,7.32,7.02,6.72,6.42,7.3,8.19,9.07,9.95,10.09,10.23,10.37,10.51,10.53,10.54,10.56,10.58,10.46,10.35,10.23,10.12,9.84,9.56,9.29,9.01,,
2018-03-30T00:00:00+00:00,5.71,5.62,5.53,5.4,5.28,5.15,5.02,5.13,5.25,5.36,5.47,5.51,5.56,5.6,5.65,5.63,5.62,5.6,5.59,5.6,5.61,5.62,5.63,5.68,5.73,5.78,5.84,5.97,6.1,6.23,6.36,6.43,6.49,6.56,6.63,6.72,6.82,6.91,7.01,7.08,7.15,7.22,7.29,7.4,7.51,7.63,7.74,7.79,7.84,7.88,7.93,7.83,7.73,7.63,7.53,7.67,7.81,7.95,8.09,8.13,8.18,8.22,8.26,8.09,7.92,7.75,7.58,7.26,6.93,6.6,6.27,6.17,6.07,5.96,5.86,5.58,5.3,5.02,4.75,4.59,4.44,4.28,4.13,4.1,4.07,4.04,4.01,3.94,3.86,3.79,3.71,3.65,3.58,3.52,3.45,3.35,3.25,3.15,3.05,3.01,2.98,2.94,2.91,2.88,2.86,2.84,2.82,2.77,2.73,2.68,2.63,2.73,2.83,2.93,3.03,3.05,3.06,3.07,3.09,3.24,3.38,3.53,3.68,4.38,5.08,5.78,6.49,6.92,7.35,7.79,8.22,8.64,9.07,9.49,9.91,10.18,10.45,10.72,10.98,11.12,11.26,11.4,11.53,11.17,10.8,10.43,10.06,10.21,10.35,10.5,10.64,10.38,10.12,9.86,9.6,9.49,9.39,9.29,9.19,8.99,8.79,8.59,8.39,,
2018-03-31T00:00:00+00:00,4.66,4.49,4.31,4.14,3.97,3.8,3.63,3.58,3.53,3.48,3.43,3.37,3.31,3.26,3.2,3.0,2.81,2.62,2.43,2.78,3.14,3.49,3.85,4.2,4.56,4.91,5.27,5.59,5.91,6.24,6.56,6.99,7.42,7.85,8.28,8.1,7.92,7.74,7.56,7.73,7.91,8.09,8.27,8.63,8.98,9.34,9.7,9.83,9.96,10.09,10.22,10.4,10.59,10.77,10.96,10.84,10.71,10.59,10.47,10.07,9.67,9.26,8.86,8.63,8.41,8.19,7.96,7.69,7.42,7.15,6.88,6.78,6.69,6.59,6.49,6.41,6.32,6.24,6.16,6.01,5.85,5.7,5.55,5.55,5.54,5.54,5.53,5.51,5.48,5.46,5.43,5.51,5.59,5.66,5.74,5.74,5.75,5.76,5.76,5.73,5.7,5.66,5.63,5.55,5.47,5.39,5.31,5.28,5.26,5.23,5.2,5.16,5.12,5.07,5.03,5.13,5.23,5.34,5.44,5.58,5.71,5.85,5.99,6.08,6.17,6.26,6.34,6.69,7.03,7.37,7.71,7.43,7.14,6.85,6.56,7.08,7.59,8.11,8.62,8.82,9.01,9.21,9.4,9.69,9.98,10.27,10.56,10.28,10.01,9.73,9.46,9.69,9.92,10.15,10.38,10.34,10.31,10.28,10.25,10.06,9.86,9.67,9.48,,
2018-04-01T00:00:00+00:00,5.63,5.56,5.5,5.54,5.58,5.63,5.67,5.64,5.61,5.57,5.54,5.6,5.66,5.72,5.78,5.76,5.75,5.73,5.71,5.79,5.87,5.95,6.04,6.14,6.25,6.36,6.46,6.62,6.78,6.94,7.1,7.3,7.51,7.72,7.92,7.89,7.86,7.83,7.8,8.05,8.3,8.54,8.79,9.12,9.45,9.78,10.12,10.11,10.1,10.1,10.09,10.29,10.49,10.69,10.89,10.93,10.97,11.0,11.04,10.96,10.88,10.8,10.73,10.46,10.2,9.94,9.68,9.46,9.23,9.0,8.78,8.63,8.48,8.33,8.18,8.03,7.88,7.73,7.58,7.43,7.29,7.15,7.01,7.0,6.99,6.98,6.97,6.94,6.92,6.9,6.87,6.84,6.8,6.76,6.73,6.69,6.65,6.62,6.58,6.56,6.55,6.53,6.51,6.53,6.54,6.55,6.57,6.55,6.53,6.51,6.49,6.42,6.36,6.3,6.23,6.4,6.56,6.73,6.89,7.12,7.36,7.59,7.82,8.43,9.05,9.66,10.28,10.78,11.28,11.79,12.29,12.74,13.2,13.66,14.12,14.47,14.83,15.19,15.55,15.59,15.63,15.67,15.71,15.78,15.84,15.9,15.96,15.95,15.93,15.92,15.91,16.11,16.32,16.52,16.73,16.66,16.6,16.54,16.48,16.27,16.07,15.87,15.67,,
2018-04-02T00:00:00+00:00,8.51,8.49,8.47,8.21,7.94,7.68,7.42,7.18,6.93,6.69,6.44,6.28,6.12,5.96,5.8,5.8,5.8,5.8,5.8,6.08,6.36,6.64,6.92,7.34,7.75,8.16,8.58,8.99,9.39,9.8,10.21,10.73,11.24,11.76,12.27,12.48,12.69,12.9,13.12,13.31,13.5,13.69,13.88,14.1,14.31,14.53,14.75,15.1,15.45,15.81,16.16,16.12,16.08,16.04,16.0,15.93,15.86,15.79,15.71,15.6,15.49,15.37,15.26,15.06,14.85,14.65,14.44,14.28,14.12,13.96,13.8,13.65,13.49,13.34,13.19,13.0,12.81,12.61,12.42,12.33,12.23,12.14,12.04,11.81,11.58,11.35,11.12,10.96,10.79,10.63,10.47,10.43,10.38,10.34,10.3,10.34,10.37,10.41,10.44,10.37,10.31,10.24,10.17,10.11,10.05,9.99,9.93,9.75,9.57,9.39,9.21,9.16,9.11,9.05,9.0,9.14,9.27,9.41,9.55,9.72,9.89,10.05,10.22,10.13,10.04,9.95,9.86,9.89,9.91,9.94,9.96,10.07,10.18,10.28,10.39,10.83,11.26,11.7,12.14,12.59,13.03,13.47,13.92,14.0,14.09,14.18,14.26,13.53,12.8,12.07,11.34,11.29,11.24,11.19,11.14,11.28,11.43,11.57,11.72,11.52,11.33,11.14,10.94,,
2018-04-03T00:00:00+00:00,11.43,11.36,11.29,11.23,11.16,11.1,11.03,10.95,10.87,10.78,10.7,10.48,10.25,10.03,9.81,9.73,9.65,9.57,9.49,9.62,9.75,9.88,10.01,10.25,10.49,10.73,10.97,11.05,11.12,11.2,11.27,11.24,11.21,11.18,11.15,11.04,10.94,10.83,10.73,10.93,11.13,11.33,11.53,11.53,11.53,11.53,11.53,11.32,11.12,10.92,10.72,10.81,10.89,10.98,11.07,11.24,11.42,11.6,11.78,11.83,11.88,11.93,11.98,11.77,11.57,11.37,11.16,10.98,10.8,10.61,10.43,10.24,10.05,9.87,9.68,9.43,9.18,8.93,8.68,8.58,8.49,8.39,8.29,8.0,7.7,7.41,7.11,7.04,6.96,6.89,6.81,6.89,6.97,7.05,7.13,7.26,7.39,7.52,7.65,7.81,7.96,8.11,8.27,8.46,8.65,8.84,9.03,9.07,9.12,9.16,9.2,9.19,9.17,9.15,9.13,9.13,9.13,9.13,9.13,9.27,9.4,9.53,9.66,9.72,9.78,9.84,9.9,10.24,10.58,10.91,11.25,11.5,11.75,12.0,12.24,12.42,12.6,12.78,12.95,12.92,12.89,12.86,12.83,12.64,12.44,12.24,12.04,12.34,12.64,12.94,13.24,12.9,12.56,12.22,11.88,11.89,11.9,11.9,11.91,11.79,11.67,11.55,11.43,,
2018-04-04T00:00:00+00:00,8.32,8.61,8.9,8.96,9.01,9.06,9.11,9.09,9.07,9.05,9.03,9.17,9.31,9.45,9.59,9.72,9.85,9.97,10.1,10.17,10.23,10.3,10.37,10.5,10.64,10.77,10.9,11.08,11.27,11.45,11.63,11.69,11.75,11.81,11.87,12.02,12.17,12.33,12.48,12.65,12.83,13.0,13.17,13.29,13.41,13.52,13.64,13.65,13.66,13.67,13.68,13.27,12.86,12.46,12.05,12.08,12.12,12.15,12.18,12.18,12.17,12.16,12.15,11.94,11.74,11.53,11.33,11.24,11.15,11.06,10.97,10.85,10.73,10.6,10.48,10.37,10.26,10.15,10.04,10.03,10.02,10.01,10.0,9.95,9.91,9.87,9.82,9.63,9.43,9.24,9.04,8.9,8.76,8.61,8.47,8.4,8.33,8.26,8.19,8.02,7.85,7.68,7.5,7.37,7.24,7.1,6.97,6.71,6.45,6.18,5.92,5.87,5.81,5.75,5.69,5.83,5.97,6.1,6.24,6.38,6.52,6.66,6.8,7.0,7.21,7.42,7.63,7.8,7.97,8.13,8.3,8.51,8.71,8.92,9.13,9.42,9.72,10.01,10.31,10.45,10.59,10.74,10.88,11.03,11.18,11.33,11.48,11.56,11.64,11.72,11.8,11.78,11.75,11.73,11.71,11.66,11.61,11.56,11.51,11.34,11.18,11.02,10.86,,
2018-04-05T00:00:00+00:00,8.9,8.78,8.66,8.65,8.64,8.63,8.62,8.47,8.31,8.16,8.0,7.73,7.45,7.17,6.89,6.71,6.53,6.36,6.18,6.29,6.41,6.52,6.64,6.84,7.05,7.25,7.46,7.53,7.61,7.68,7.75,8.0,8.25,8.5,8.75,8.97,9.18,9.4,9.61,9.54,9.46,9.39,9.32,9.48,9.64,9.8,9.97,10.35,10.74,11.12,11.51,11.55,11.59,11.63,11.67,11.74,11.8,11.87,11.93,11.86,11.79,11.71,11.64,11.46,11.29,11.11,10.93,10.7,10.47,10.24,10.01,9.79,9.57,9.35,9.13,8.89,8.65,8.42,8.18,7.97,7.77,7.57,7.36,7.15,6.93,6.71,6.49,6.32,6.14,5.97,5.79,5.69,5.59,5.49,5.39,5.29,5.18,5.07,4.97,4.86,4.75,4.65,4.54,4.49,4.44,4.39,4.34,4.3,4.26,4.22,4.19,4.21,4.23,4.25,4.28,4.64,5.0,5.36,5.72,6.3,6.88,7.45,8.03,8.7,9.37,10.04,10.71,11.34,11.97,12.6,13.23,13.62,14.02,14.42,14.82,15.22,15.62,16.02,16.43,16.7,16.98,17.25,17.52,17.65,17.77,17.9,18.02,18.14,18.25,18.37,18.49,18.52,18.56,18.59,18.63,18.56,18.5,18.43,18.37,18.04,17.71,17.38,17.05,,
2018-04-06T00:00:00+00:00,4.88,4.77,4.65,4.53,4.41,4.29,4.17,4.11,4.04,3.98,3.91,3.86,3.81,3.77,3.72,3.73,3.74,3.75,3.76,4.07,4.38,4.69,5.0,5.59,6.19,6.78,7.37,8.0,8.64,9.27,9.9,10.51,11.12,11.73,12.33,12.87,13.4,13.94,14.47,14.78,15.09,15.41,15.72,16.04,16.36,16.69,17.01,17.19,17.38,17.56,17.75,17.85,17.94,18.04,18.14,18.16,18.18,18.2,18.22,18.12,18.02,17.92,17.82,17.53,17.23,16.94,16.65,16.24,15.83,15.42,15.01,14.68,14.35,14.02,13.7,13.42,13.14,12.87,12.59,12.35,12.11,11.87,11.62,11.43,11.24,11.04,10.85,10.67,10.5,10.32,10.14,10.05,9.96,9.87,9.78,9.76,9.74,9.71,9.69,9.66,9.64,9.61,9.59,9.48,9.36,9.25,9.14,9.16,9.19,9.21,9.23,9.17,9.11,9.05,8.99,9.14,9.3,9.46,9.62,10.03,10.45,10.87,11.28,11.64,12.0,12.36,12.72,12.9,13.07,13.25,13.42,14.21,14.99,15.78,16.57,16.82,17.07,17.32,17.57,17.98,18.38,18.78,19.19,19.47,19.75,20.03,20.31,20.39,20.47,20.55,20.64,20.6,20.56,20.52,20.48,20.33,20.18,20.03,19.89,19.55,19.21,18.87,18.53,,
2018-04-07T00:00:00+00:00,10.75,10.69,10.62,10.76,10.91,11.06,11.2,11.1,11.01,10.91,10.81,10.78,10.74,10.71,10.68,10.62,10.57,10.51,10.45,10.55,10.64,10.74,10.84,11.2,11.56,11.92,12.28,12.7,13.11,13.53,13.94,14.2,14.46,14.71,14.97,15.18,15.38,15.59,15.79,15.95,16.1,16.26,16.42,16.6,16.79,16.98,17.16,17.02,16.88,16.74,16.61,16.44,16.28,16.12,15.96,16.03,16.09,16.15,16.22,16.31,16.4,16.49,16.58,16.44,16.31,16.18,16.05,15.75,15.45,15.15,14.85,14.62,14.4,14.17,13.94,13.84,13.74,13.64,13.54,13.4,13.25,13.1,12.96,12.88,12.81,12.74,12.67,12.68,12.69,12.7,12.71,12.66,12.61,12.56,12.5,12.39,12.28,12.17,12.05,11.94,11.83,11.72,11.61,11.57,11.53,11.5,11.46,11.32,11.18,11.04,10.9,11.06,11.22,11.39,11.55,11.95,12.34,12.73,13.13,13.42,13.71,14.0,14.29,14.6,14.92,15.23,15.54,15.92,16.3,16.68,17.06,17.21,17.36,17.51,17.66,18.18,18.71,19.23,19.76,19.93,20.09,20.26,20.42,20.42,20.41,20.4,20.39,20.18,19.96,19.75,19.53,19.42,19.31,19.19,19.08,18.93,18.78,18.63,18.48,18.27,18.06,17.85,17.64,,
2018-04-08T00:00:00+00:00,12.68,12.6,12.51,12.55,12.58,12.61,12.65,12.57,12.49,12.4,12.32,12.17,12.01,11.86,11.71,11.76,11.8,11.85,11.9,12.08,12.26,12.44,12.62,12.78,12.94,13.1,13.26,13.82,14.39,14.95,15.51,16.12,16.72,17.33,17.93,18.43,18.92,19.41,19.9,20.02,20.13,20.24,20.36,20.41,20.47,20.52,20.57,20.69,20.81,20.93,21.04,20.87,20.69,20.51,20.34,19.89,19.44,18.99,18.53,18.51,18.48,18.45,18.42,18.19,17.96,17.74,17.51,17.13,16.75,16.37,15.99,15.69,15.4,15.1,14.81,14.67,14.52,14.38,14.23,14.27,14.32,14.36,14.4,14.32,14.24,14.17,14.09,13.93,13.77,13.6,13.44,13.36,13.27,13.18,13.1,13.1,13.11,13.11,13.12,13.04,12.96,12.88,12.81,12.8,12.8,12.8,12.8,12.7,12.6,12.5,12.4,12.36,12.32,12.28,12.24,12.31,12.38,12.45,12.52,12.5,12.48,12.47,12.45,12.5,12.55,12.6,12.65,12.69,12.72,12.75,12.78,12.92,13.06,13.21,13.35,13.37,13.39,13.41,13.43,13.37,13.32,13.27,13.22,13.32,13.41,13.51,13.6,13.77,13.94,14.11,14.28,14.38,14.47,14.57,14.66,14.77,14.89,15.0,15.12,14.97,14.82,14.67,14.52,,
2018-04-09T00:00:00+00:00,12.41,12.28,12.15,12.19,12.23,12.27,12.31,12.45,12.6,12.75,12.9,12.84,12.78,12.72,12.66,12.56,12.46,12.36,12.25,12.23,12.2,12.18,12.15,12.32,12.5,12.67,12.84,13.1,13.36,13.62,13.89,13.92,13.96,13.99,14.03,14.08,14.14,14.2,14.26,14.25,14.24,14.23,14.22,14.31,14.41,14.5,14.6,14.63,14.65,14.68,14.71,14.52,14.34,14.15,13.96,14.04,14.11,14.18,14.26,14.19,14.12,14.05,13.98,13.82,13.67,13.52,13.36,13.21,13.05,12.89,12.73,12.6,12.47,12.33,12.2,12.14,12.09,12.03,11.98,11.89,11.8,11.72,11.63,11.48,11.33,11.17,11.02,10.83,10.64,10.45,10.26,10.28,10.31,10.33,10.35,10.23,10.11,9.99,9.87,9.81,9.76,9.7,9.64,9.63,9.61,9.59,9.58,9.59,9.61,9.62,9.64,9.63,9.61,9.59,9.58,9.88,10.18,10.48,10.79,10.96,11.13,11.31,11.48,11.68,11.87,12.06,12.26,12.13,12.01,11.89,11.77,11.79,11.82,11.84,11.87,11.44,11.01,10.59,10.16,10.39,10.63,10.86,11.1,11.5,11.9,12.3,12.7,12.91,13.12,13.34,13.55,13.38,13.22,13.05,12.88,12.79,12.7,12.61,12.52,12.42,12.32,12.22,12.11,,
2018-04-10T00:00:00+00:00
2018-04-11T00:00:00+00:00,8.48,8.24,8.0,7.87,7.73,7.6,7.47,7.29,7.11,6.94,6.76,6.66,6.56,6.46,6.37,6.41,6.46,6.51,6.55,6.92,7.3,7.67,8.04,8.51,8.99,9.46,9.94,10.56,11.19,11.81,12.43,13.03,13.64,14.24,14.84,15.18,15.53,15.87,16.22,16.51,16.81,17.11,17.4,17.56,17.72,17.88,18.03,18.12,18.2,18.29,18.37,18.36,18.34,18.32,18.3,18.26,18.21,18.17,18.12,17.98,17.84,17.7,17.55,17.22,16.89,16.56,16.23,15.94,15.65,15.36,15.07,14.84,14.6,14.37,14.14,13.95,13.76,13.57,13.38,13.24,13.1,12.96,12.82,12.73,12.65,12.57,12.49,12.3,12.11,11.92,11.73,11.51,11.29,11.07,10.85,10.7,10.55,10.4,10.25,10.17,10.09,10.01,9.93,9.88,9.83,9.78,9.73,9.64,9.55,9.46,9.37,9.37,9.36,9.36,9.35,9.69,10.02,10.35,10.69,10.98,11.27,11.56,11.85,12.06,12.26,12.47,12.68,12.71,12.75,12.79,12.82,12.28,11.74,11.2,10.66,11.05,11.45,11.85,12.25,12.52,12.78,13.05,13.31,12.96,12.61,12.26,11.92,11.88,11.84,11.8,11.76,12.14,12.53,12.92,13.31,13.38,13.45,13.52,13.59,13.52,13.44,13.36,13.29,,
2018-04-12T00:00:00+00:00,10.58,10.43,10.28,10.17,10.05,9.94,9.83,9.74,9.64,9.55,9.46,9.32,9.17,9.03,8.89,8.94,9.0,9.06,9.12,9.35,9.59,9.82,10.05,10.28,10.5,10.72,10.95,11.27,11.58,11.9,12.22,12.69,13.16,13.63,14.09,14.42,14.76,15.09,15.42,15.86,16.3,16.74,17.18,16.9,16.62,16.33,16.05,15.3,14.54,13.79,13.03,13.27,13.5,13.74,13.97,13.81,13.64,13.47,13.3,13.08,12.86,12.64,12.42,12.37,12.33,12.28,12.24,12.14,12.05,11.95,11.86,11.76,11.67,11.57,11.48,11.44,11.39,11.35,11.3,11.26,11.23,11.19,11.15,11.08,11.0,10.93,10.86,10.78,10.7,10.61,10.53,10.45,10.36,10.28,10.2,10.19,10.19,10.18,10.17,10.13,10.09,10.05,10.01,10.07,10.13,10.19,10.26,10.22,10.19,10.15,10.12,10.2,10.28,10.37,10.45,10.55,10.66,10.76,10.87,11.12,11.38,11.64,11.89,12.22,12.55,12.87,13.2,13.21,13.22,13.23,13.24,13.24,13.23,13.23,13.23,13.05,12.87,12.7,12.52,12.5,12.49,12.47,12.46,13.0,13.54,14.09,14.63,14.43,14.22,14.02,13.81,14.05,14.29,14.54,14.78,14.84,14.9,14.96,15.02,14.83,14.64,14.45,14.26,,
2018-04-13T00:00:00+00:00,9.48,9.32,9.16,8.91,8.66,8.41,8.16,8.17,8.18,8.19,8.2,8.17,8.14,8.11,8.07,8.13,8.18,8.23,8.29,8.43,8.58,8.73,8.87,9.26,9.65,10.03,10.42,10.91,11.41,11.9,12.4,12.76,13.13,13.5,13.86,14.13,14.4,14.67,14.94,15.18,15.42,15.66,15.91,15.95,15.99,16.04,16.08,16.24,16.4,16.56,16.72,16.73,16.73,16.73,16.74,16.61,16.48,16.35,16.22,16.16,16.1,16.04,15.98,15.8,15.62,15.45,15.27,14.99,14.71,14.43,14.15,13.97,13.79,13.61,13.42,13.18,12.94,12.7,12.46,12.3,12.13,11.97,11.81,11.61,11.42,11.23,11.03,11.09,11.15,11.2,11.26,11.35,11.44,11.53,11.62,11.45,11.28,11.11,10.94,10.89,10.83,10.78,10.73,10.63,10.52,10.42,10.32,10.27,10.22,10.17,10.12,10.2,10.28,10.36,10.44,10.76,11.09,11.42,11.75,12.07,12.39,12.71,13.03,13.47,13.91,14.34,14.78,15.04,15.31,15.58,15.85,15.97,16.1,16.23,16.35,16.22,16.08,15.94,15.81,15.82,15.83,15.85,15.86,15.97,16.07,16.18,16.29,16.37,16.46,16.55,16.63,16.48,16.32,16.16,16.0,15.89,15.78,15.67,15.56,15.24,14.92,14.6,14.28,,
2018-04-14T00:00:00+00:00,10.58,10.52,10.45,10.32,10.2,10.07,9.94,9.74,9.54,9.34,9.14,9.02,8.9,8.77,8.65,8.71,8.77,8.83,8.89,9.16,9.44,9.72,9.99,10.41,10.82,11.23,11.65,12.27,12.88,13.5,14.12,14.46,14.8,15.14,15.48,15.73,15.97,16.22,16.46,16.34,16.22,16.11,15.99,16.1,16.21,16.32,16.43,16.66,16.89,17.11,17.34,17.22,17.09,16.97,16.84,16.84,16.84,16.85,16.85,16.7,16.56,16.42,16.28,16.02,15.76,15.5,15.24,15.06,14.87,14.69,14.5,14.4,14.29,14.18,14.08,13.79,13.5,13.21,12.92,12.74,12.57,12.4,12.22,12.12,12.02,11.92,11.82,11.58,11.34,11.09,10.85,10.8,10.75,10.69,10.64,10.62,10.6,10.58,10.57,10.54,10.5,10.47,10.44,10.43,10.41,10.39,10.38,10.34,10.3,10.26,10.22,10.17,10.12,10.08,10.03,10.09,10.16,10.22,10.28,10.64,10.99,11.35,11.7,12.22,12.75,13.27,13.79,14.15,14.51,14.88,15.24,15.52,15.8,16.08,16.36,16.41,16.46,16.51,16.57,16.57,16.58,16.58,16.59,16.55,16.52,16.48,16.45,16.57,16.7,16.82,16.95,16.66,16.37,16.08,15.79,15.81,15.82,15.84,15.86,15.76,15.65,15.55,15.44,,
2018-04-15T00:00:00+00:00,10.05,10.07,10.1,10.07,10.05,10.03,10.01,9.92,9.83,9.73,9.64,9.55,9.45,9.36,9.27,9.32,9.38,9.43,9.49,9.59,9.69,9.79,9.89,10.18,10.48,10.77,11.07,11.41,11.75,12.09,12.43,12.81,13.19,13.57,13.95,14.26,14.57,14.88,15.2,15.26,15.32,15.39,15.45,15.22,15.0,14.77,14.55,14.92,15.28,15.65,16.02,16.26,16.5,16.73,16.97,16.47,15.96,15.46,14.95,14.94,14.93,14.92,14.92,14.79,14.67,14.55,14.43,14.01,13.58,13.15,12.73,12.44,12.16,11.87,11.59,11.37,11.15,10.93,10.7,10.53,10.36,10.18,10.01,9.8,9.58,9.37,9.16,9.02,8.88,8.74,8.6,8.42,8.23,8.05,7.86,7.74,7.61,7.49,7.36,7.26,7.16,7.06,6.96,6.88,6.81,6.73,6.66,6.6,6.53,6.47,6.4,6.52,6.64,6.75,6.87,7.24,7.61,7.98,8.34,8.8,9.26,9.72,10.17,10.51,10.85,11.18,11.52,11.77,12.03,12.28,12.54,12.7,12.86,13.02,13.18,13.36,13.54,13.73,13.91,14.2,14.5,14.79,15.08,15.25,15.42,15.58,15.75,15.8,15.85,15.9,15.95,15.95,15.94,15.94,15.94,15.85,15.76,15.67,15.59,15.34,15.09,14.84,14.59,,
2018-04-16T00:00:00+00:00,8.9,8.75,8.61,8.47,8.33,8.2,8.06,8.02,7.99,7.96,7.92,7.83,7.73,7.64,7.55,7.61,7.66,7.72,7.78,8.19,8.6,9.02,9.43,9.87,10.31,10.75,11.19,11.61,12.02,12.43,12.84,13.19,13.54,13.89,14.24,14.49,14.75,15.0,15.25,15.42,15.59,15.76,15.92,15.99,16.05,16.11,16.18,16.21,16.25,16.29,16.33,16.32,16.32,16.31,16.31,16.27,16.23,16.19,16.15,16.06,15.97,15.87,15.78,15.54,15.3,15.06,14.82,14.5,14.17,13.85,13.53,13.31,13.09,12.86,12.64,12.44,12.23,12.02,11.82,11.65,11.48,11.31,11.15,11.03,10.92,10.8,10.69,10.6,10.5,10.41,10.31,10.2,10.09,9.98,9.87,9.77,9.66,9.56,9.45,9.41,9.37,9.32,9.28,9.19,9.09,9.0,8.91,8.82,8.73,8.65,8.56,8.78,9.01,9.23,9.45,10.01,10.57,11.13,11.69,12.19,12.69,13.2,13.7,14.14,14.59,15.03,15.47,15.85,16.22,16.59,16.96,17.21,17.47,17.72,17.98,18.19,18.41,18.63,18.85,19.02,19.2,19.37,19.54,19.66,19.78,19.9,20.02,20.08,20.13,20.18,20.24,20.21,20.18,20.15,20.12,20.02,19.91,19.81,19.71,19.47,19.23,19.0,18.76,,
2018-04-17T00:00:00+00:00,8.49,8.5,8.5,8.52,8.54,8.56,8.58,8.39,8.19,7.99,7.8,7.81,7.82,7.84,7.85,8.01,8.18,8.34,8.51,9.05,9.59,10.12,10.66,11.22,11.78,12.33,12.89,13.38,13.87,14.37,14.86,15.28,15.7,16.13,16.55,16.83,17.11,17.4,17.68,17.9,18.13,18.36,18.58,18.76,18.94,19.12,19.3,19.39,19.48,19.57,19.67,19.7,19.74,19.78,19.82,19.79,19.77,19.74,19.72,19.62,19.53,19.43,19.33,19.1,18.86,18.63,18.39,18.09,17.8,17.5,17.2,16.95,16.7,16.45,16.2,15.94,15.69,15.43,15.17,14.94,14.72,14.49,14.26,14.09,13.93,13.76,13.6,13.47,13.34,13.22,13.09,12.92,12.75,12.58,12.41,12.3,12.19,12.07,11.96,11.75,11.54,11.33,11.12,10.96,10.79,10.62,10.46,10.4,10.34,10.27,10.21,10.43,10.65,10.86,11.08,11.66,12.23,12.81,13.39,14.12,14.85,15.58,16.32,16.94,17.57,18.19,18.82,19.28,19.75,20.22,20.69,21.08,21.48,21.87,22.26,22.44,22.62,22.79,22.97,23.15,23.33,23.51,23.68,23.82,23.95,24.08,24.21,24.23,24.26,24.28,24.3,24.18,24.06,23.94,23.82,23.57,23.32,23.07,22.82,22.5,22.18,21.86,21.55,,
2018-04-18T00:00:00+00:00,11.96,11.88,11.8,11.65,11.49,11.34,11.19,11.1,11.01,10.91,10.82,10.7,10.58,10.45,10.33,10.5,10.68,10.85,11.02,11.63,12.24,12.85,13.46,14.13,14.8,15.46,16.13,16.84,17.55,18.26,18.97,19.55,20.12,20.69,21.27,21.69,22.1,22.52,22.94,23.19,23.43,23.68,23.93,24.04,24.16,24.28,24.39,24.48,24.56,24.64,24.73,24.71,24.7,24.68,24.67,24.57,24.47,24.37,24.27,24.06,23.86,23.65,23.44,23.16,22.88,22.6,22.32,21.91,21.49,21.08,20.66,20.33,19.99,19.66,19.32,19.06,18.8,18.54,18.28,18.03,17.79,17.55,17.31,17.05,16.8,16.54,16.29,16.09,15.89,15.69,15.5,15.32,15.14,14.96,14.78,14.61,14.44,14.27,14.1,13.94,13.77,13.61,13.44,13.24,13.04,12.85,12.65,12.48,12.3,12.13,11.96,12.06,12.16,12.26,12.36,12.91,13.47,14.02,14.57,15.23,15.88,16.54,17.19,17.8,18.41,19.02,19.63,20.12,20.61,21.11,21.6,22.04,22.48,22.92,23.36,23.68,24.0,24.31,24.63,24.86,25.1,25.33,25.56,25.6,25.64,25.68,25.73,25.72,25.72,25.72,25.72,25.67,25.63,25.58,25.53,25.35,25.16,24.98,24.79,24.48,24.17,23.86,23.55,,
2018-04-19T00:00:00+00:00,14.91,14.67,14.43,14.19,13.95,13.71,13.47,13.24,13.0,12.77,12.54,12.34,12.14,11.94,11.74,11.86,11.98,12.1,12.22,12.88,13.54,14.2,14.86,15.52,16.18,16.84,17.49,18.13,18.77,19.41,20.04,20.42,20.79,21.16,21.53,21.96,22.39,22.83,23.26,23.52,23.78,24.04,24.3,24.5,24.7,24.91,25.11,25.23,25.35,25.46,25.58,25.6,25.62,25.63,25.65,25.63,25.6,25.58,25.56,25.44,25.32,25.21,25.09,24.79,24.48,24.18,23.88,23.52,23.15,22.79,22.43,22.19,21.95,21.71,21.46,21.21,20.96,20.71,20.46,20.27,20.07,19.88,19.68,19.46,19.24,19.03,18.81,18.67,18.53,18.39,18.25,18.11,17.97,17.84,17.7,17.55,17.39,17.24,17.09,16.97,16.86,16.75,16.63,16.48,16.33,16.18,16.03,15.91,15.79,15.67,15.56,15.75,15.95,16.15,16.35,16.81,17.28,17.74,18.21,18.91,19.61,20.31,21.01,21.57,22.12,22.68,23.23,23.63,24.03,24.43,24.84,25.13,25.43,25.73,26.03,26.23,26.44,26.65,26.86,27.01,27.15,27.3,27.45,27.51,27.57,27.64,27.7,27.4,27.11,26.81,26.52,26.29,26.06,25.83,25.6,25.26,24.91,24.57,24.22,24.33,24.45,24.56,24.67,,
2018-04-20T00:00:00+00:00,15.88,15.73,15.57,15.47,15.37,15.26,15.16,15.12,15.08,15.04,15.01,14.91,14.81,14.72,14.62,14.84,15.06,15.28,15.5,16.19,16.87,17.56,18.24,19.01,19.78,20.55,21.31,21.79,22.26,22.74,23.21,23.7,24.18,24.67,25.16,25.49,25.83,26.17,26.51,26.75,26.98,27.22,27.46,27.52,27.58,27.64,27.71,27.74,27.78,27.82,27.86,27.81,27.76,27.7,27.65,27.36,27.08,26.79,26.5,25.99,25.48,24.96,24.45,24.43,24.4,24.38,24.36,24.06,23.77,23.47,23.18,22.9,22.63,22.36,22.08,22.0,21.92,21.84,21.76,21.4,21.04,20.69,20.33,20.14,19.95,19.77,19.58,19.38,19.18,18.98,18.79,18.6,18.42,18.23,18.05,17.88,17.71,17.55,17.38,17.22,17.05,16.89,16.73,16.57,16.41,16.26,16.1,16.01,15.91,15.81,15.71,15.89,16.08,16.26,16.44,16.93,17.41,17.89,18.37,18.85,19.33,19.81,20.29,20.76,21.23,21.7,22.17,22.55,22.93,23.31,23.69,24.06,24.43,24.8,25.17,25.4,25.62,25.85,26.07,26.25,26.43,26.61,26.79,26.88,26.97,27.06,27.15,27.11,27.08,27.04,27.0,26.89,26.77,26.65,26.53,26.39,26.24,26.1,25.96,25.67,25.39,25.1,24.82,,
2018-04-21T00:00:00+00:00,16.23,16.09,15.94,15.83,15.71,15.6,15.49,15.38,15.28,15.18,15.07,14.91,14.74,14.58,14.41,14.65,14.88,15.12,15.35,15.95,16.55,17.14,17.74,18.34,18.93,19.53,20.12,20.64,21.17,21.69,22.21,22.67,23.12,23.57,24.03,24.39,24.74,25.1,25.46,25.63,25.8,25.97,26.14,26.26,26.38,26.5,26.62,26.67,26.72,26.77,26.81,26.83,26.85,26.87,26.89,26.87,26.84,26.81,26.79,26.64,26.49,26.34,26.2,25.89,25.58,25.28,24.97,24.42,23.86,23.31,22.75,22.54,22.32,22.1,21.89,21.69,21.49,21.29,21.09,20.91,20.73,20.55,20.37,19.97,19.57,19.16,18.76,18.49,18.21,17.94,17.67,17.73,17.79,17.84,17.9,17.7,17.49,17.28,17.07,16.74,16.41,16.08,15.74,15.66,15.57,15.49,15.4,15.34,15.28,15.22,15.16,15.42,15.67,15.93,16.18,16.58,16.97,17.37,17.76,18.25,18.74,19.23,19.72,20.07,20.43,20.78,21.13,21.46,21.79,22.12,22.45,22.92,23.39,23.86,24.34,24.35,24.36,24.38,24.39,24.48,24.57,24.66,24.74,24.78,24.82,24.85,24.89,24.88,24.87,24.86,24.85,24.87,24.89,24.91,24.93,24.82,24.7,24.59,24.48,24.19,23.9,23.62,23.33,,
2018-04-22T00:00:00+00:00
2018-04-23T00:00:00+00:00
2018-04-24T00:00:00+00:00
2018-04-25T00:00:00+00:00
2018-04-26T00:00:00+00:00,7.52,7.36,7.19,7.11,7.04,6.96,6.88,6.9,6.92,6.94,6.96,6.98,6.99,7.01,7.02,7.08,7.14,7.2,7.27,7.61,7.96,8.31,8.66,8.97,9.29,9.6,9.91,9.89,9.87,9.86,9.84,9.92,10.0,10.09,10.17,10.68,11.19,11.7,12.21,12.28,12.35,12.42,12.49,12.69,12.9,13.1,13.3,13.29,13.28,13.27,13.26,13.42,13.58,13.74,13.91,13.38,12.85,12.32,11.8,12.06,12.33,12.59,12.86,12.55,12.24,11.93,11.62,11.46,11.3,11.14,10.98,10.81,10.65,10.48,10.31,10.15,10.0,9.84,9.69,9.56,9.44,9.32,9.19,9.12,9.05,8.98,8.92,8.88,8.85,8.82,8.79,8.68,8.57,8.47,8.36,8.25,8.14,8.03,7.93,7.81,7.69,7.57,7.45,7.31,7.18,7.04,6.91,6.87,6.84,6.8,6.77,6.96,7.14,7.33,7.52,7.91,8.31,8.7,9.1,9.61,10.11,10.62,11.13,11.56,11.98,12.4,12.82,13.29,13.75,14.22,14.68,15.01,15.34,15.67,16.0,16.3,16.61,16.91,17.22,17.45,17.68,17.91,18.15,18.2,18.25,18.3,18.35,18.35,18.35,18.35,18.35,18.23,18.11,17.99,17.88,17.75,17.63,17.5,17.38,17.24,17.1,16.96,16.82,,
2018-04-27T00:00:00+00:00,8.17,8.08,7.99,7.77,7.54,7.32,7.09,6.98,6.86,6.74,6.63,6.54,6.46,6.37,6.29,6.43,6.57,6.7,6.84,7.28,7.73,8.17,8.61,9.11,9.62,10.12,10.62,11.2,11.77,12.34,12.91,13.37,13.83,14.28,14.74,15.06,15.37,15.69,16.01,16.32,16.63,16.94,17.25,17.41,17.56,17.71,17.86,17.71,17.56,17.41,17.25,17.39,17.52,17.66,17.79,17.72,17.64,17.56,17.48,17.04,16.6,16.17,15.73,15.7,15.66,15.63,15.6,15.38,15.15,14.93,14.71,14.66,14.61,14.57,14.52,14.36,14.19,14.03,13.87,13.74,13.61,13.48,13.35,13.23,13.11,12.98,12.86,12.75,12.64,12.53,12.42,12.4,12.39,12.38,12.36,12.23,12.11,11.98,11.85,11.72,11.59,11.47,11.34,11.38,11.43,11.47,11.51,11.42,11.33,11.24,11.15,11.1,11.05,11.0,10.94,10.9,10.86,10.83,10.79,11.21,11.64,12.06,12.49,12.71,12.93,13.15,13.37,13.44,13.51,13.58,13.66,13.92,14.18,14.44,14.7,14.83,14.97,15.1,15.23,15.35,15.47,15.58,15.7,15.77,15.84,15.91,15.98,15.78,15.59,15.4,15.2,15.18,15.15,15.13,15.1,15.17,15.24,15.31,15.37,15.28,15.19,15.1,15.01,,
2018-04-28T00:00:00+00:00,10.76,10.76,10.76,10.73,10.7,10.67,10.64,10.71,10.78,10.85,10.92,10.85,10.79,10.72,10.65,10.71,10.77,10.82,10.88,10.89,10.89,10.9,10.9,11.09,11.29,11.48,11.67,11.57,11.47,11.37,11.27,11.83,12.38,12.93,13.48,13.58,13.68,13.78,13.88,14.08,14.28,14.48,14.67,14.91,15.15,15.39,15.63,15.63,15.62,15.62,15.61,15.49,15.36,15.24,15.12,15.17,15.21,15.26,15.31,15.31,15.31,15.31,15.31,15.05,14.8,14.54,14.29,14.04,13.79,13.54,13.29,12.93,12.58,12.22,11.87,11.66,11.45,11.24,11.03,10.91,10.79,10.68,10.56,10.52,10.47,10.43,10.39,10.23,10.07,9.91,9.76,9.78,9.8,9.82,9.84,9.88,9.92,9.95,9.99,9.94,9.88,9.83,9.78,9.84,9.91,9.98,10.04,10.09,10.14,10.19,10.24,10.36,10.48,10.6,10.73,10.88,11.03,11.18,11.34,11.34,11.35,11.35,11.36,11.46,11.56,11.66,11.76,12.12,12.48,12.84,13.2,13.18,13.15,13.13,13.11,13.24,13.36,13.49,13.62,13.74,13.87,13.99,14.11,14.23,14.35,14.47,14.59,14.58,14.57,14.56,14.55,14.64,14.74,14.83,14.93,14.89,14.84,14.8,14.75,14.6,14.45,14.29,14.14,,
2018-04-29T00:00:00+00:00,9.81,9.66,9.51,9.57,9.62,9.68,9.73,9.77,9.81,9.85,9.89,9.84,9.8,9.76,9.72,9.76,9.8,9.85,9.89,9.97,10.05,10.13,10.21,10.14,10.07,9.99,9.92,9.89,9.85,9.81,9.77,9.72,9.66,9.61,9.55,9.53,9.52,9.5,9.49,9.6,9.7,9.81,9.92,10.02,10.12,10.23,10.33,10.33,10.33,10.33,10.32,10.32,10.32,10.32,10.31,10.28,10.24,10.2,10.16,10.12,10.09,10.05,10.01,9.92,9.83,9.73,9.64,9.52,9.41,9.29,9.17,9.13,9.09,9.05,9.01,8.93,8.85,8.78,8.7,8.65,8.59,8.54,8.49,8.45,8.41,8.37,8.33,8.3,8.27,8.23,8.2,8.18,8.16,8.14,8.12,8.11,8.1,8.09,8.07,8.04,8.02,7.99,7.96,7.82,7.68,7.54,7.4,7.26,7.13,6.99,6.86,6.84,6.83,6.81,6.79,6.87,6.95,7.03,7.11,7.28,7.45,7.61,7.78,7.65,7.52,7.39,7.25,7.4,7.55,7.7,7.85,7.94,8.04,8.14,8.23,8.26,8.3,8.33,8.37,8.48,8.6,8.71,8.83,8.84,8.85,8.86,8.87,8.75,8.63,8.5,8.38,8.09,7.79,7.5,7.21,7.01,6.81,6.61,6.42,6.36,6.31,6.25,6.2,,
2018-04-30T00:00:00+00:00,9.06,8.93,8.81,8.81,8.81,8.81,8.81,8.76,8.71,8.66,8.61,8.46,8.3,8.14,7.99,7.8,7.61,7.42,7.23,6.8,6.38,5.96,5.53,5.5,5.47,5.43,5.4,5.35,5.3,5.26,5.21,5.32,5.43,5.53,5.64,5.64,5.64,5.64,5.64,5.71,5.78,5.85,5.92,6.02,6.12,6.21,6.31,6.31,6.3,6.29,6.29,6.24,6.19,6.14,6.09,6.04,5.99,5.94,5.9,6.02,6.15,6.27,6.39,6.31,6.23,6.15,6.07,6.11,6.15,6.19,6.23,6.13,6.03,5.93,5.82,5.8,5.77,5.75,5.72,5.6,5.48,5.36,5.24,5.13,5.02,4.92,4.81,4.76,4.71,4.67,4.62,4.54,4.46,4.38,4.3,4.2,4.1,3.99,3.89,3.77,3.66,3.54,3.42,3.42,3.41,3.41,3.4,3.38,3.36,3.34,3.33,3.66,3.99,4.32,4.65,5.23,5.8,6.37,6.94,7.27,7.59,7.92,8.24,8.52,8.81,9.09,9.38,9.71,10.05,10.39,10.73,10.98,11.23,11.48,11.73,11.98,12.23,12.47,12.72,12.9,13.08,13.26,13.44,13.59,13.74,13.9,14.05,14.12,14.19,14.26,14.33,14.33,14.34,14.34,14.35,14.27,14.19,14.11,14.03,13.85,13.67,13.49,13.31,,
2018-05-01T00:00:00+00:00,4.44,4.46,4.47,4.48,4.49,4.5,4.51,4.46,4.41,4.36,4.31,4.27,4.24,4.2,4.16,4.19,4.21,4.24,4.26,4.39,4.51,4.64,4.77,5.05,5.34,5.63,5.91,6.08,6.24,6.41,6.58,7.08,7.59,8.1,8.61,9.03,9.45,9.87,10.29,10.49,10.69,10.9,11.1,11.28,11.46,11.64,11.82,12.01,12.2,12.39,12.58,12.64,12.71,12.77,12.84,12.87,12.89,12.92,12.95,12.9,12.85,12.79,12.74,12.57,12.4,12.24,12.07,11.76,11.45,11.15,10.84,10.53,10.22,9.91,9.59,9.34,9.08,8.82,8.56,8.23,7.91,7.58,7.26,7.09,6.92,6.75,6.59,6.49,6.4,6.3,6.21,6.08,5.96,5.83,5.7,5.61,5.52,5.43,5.33,5.15,4.96,4.78,4.59,4.49,4.39,4.29,4.19,4.25,4.31,4.37,4.43,4.68,4.93,5.18,5.43,6.06,6.69,7.33,7.96,8.39,8.83,9.26,9.7,10.1,10.5,10.9,11.3,11.53,11.77,12.01,12.25,12.55,12.85,13.15,13.46,13.69,13.91,14.14,14.37,14.51,14.66,14.8,14.94,14.86,14.78,14.69,14.61,14.52,14.44,14.35,14.26,14.23,14.19,14.16,14.12,13.87,13.62,13.36,13.11,12.86,12.61,12.36,12.11,,
2018-05-02T00:00:00+00:00,5.34,5.48,5.63,5.5,5.37,5.23,5.1,4.94,4.78,4.62,4.46,4.44,4.41,4.39,4.37,4.58,4.79,5.0,5.21,5.85,6.5,7.14,7.78,8.4,9.01,9.62,10.24,10.71,11.18,11.66,12.13,12.33,12.53,12.73,12.92,13.1,13.28,13.46,13.64,13.75,13.87,13.98,14.09,14.1,14.1,14.1,14.1,14.19,14.27,14.36,14.44,14.37,14.3,14.23,14.16,14.06,13.95,13.85,13.74,13.67,13.6,13.53,13.46,13.3,13.14,12.98,12.82,12.64,12.46,12.29,12.11,11.98,11.85,11.72,11.58,11.48,11.37,11.26,11.15,10.86,10.56,10.27,9.97,9.88,9.79,9.7,9.61,9.24,8.88,8.51,8.15,7.85,7.55,7.25,6.95,6.74,6.54,6.33,6.13,5.97,5.82,5.67,5.51,5.5,5.48,5.46,5.45,5.42,5.39,5.36,5.34,5.67,6.01,6.34,6.68,7.2,7.73,8.26,8.79,9.27,9.75,10.23,10.71,11.0,11.29,11.59,11.88,12.21,12.54,12.87,13.2,13.51,13.82,14.13,14.45,14.64,14.82,15.01,15.2,15.41,15.61,15.81,16.02,16.05,16.09,16.13,16.17,16.13,16.09,16.05,16.01,15.89,15.78,15.67,15.55,15.44,15.33,15.22,15.11,14.86,14.61,14.37,14.12,,
2018-05-03T00:00:00+00:00,8.31,7.96,7.62,7.4,7.19,6.98,6.77,6.56,6.36,6.15,5.94,5.8,5.66,5.52,5.38,5.72,6.06,6.41,6.75,7.44,8.13,8.82,9.51,9.87,10.24,10.61,10.98,11.37,11.76,12.15,12.54,12.81,13.08,13.34,13.61,13.85,14.1,14.35,14.6,14.82,15.04,15.26,15.48,15.61,15.73,15.86,15.98,16.0,16.02,16.05,16.07,16.04,16.02,16.0,15.97,15.92,15.86,15.81,15.76,15.64,15.52,15.4,15.28,15.07,14.86,14.65,14.44,14.08,13.72,13.36,13.01,12.76,12.52,12.27,12.03,11.73,11.43,11.13,10.83,10.61,10.38,10.15,9.92,9.71,9.49,9.28,9.06,8.87,8.68,8.49,8.3,8.15,8.0,7.85,7.71,7.58,7.45,7.32,7.19,7.18,7.17,7.16,7.15,7.06,6.97,6.88,6.79,6.73,6.67,6.6,6.54,6.9,7.27,7.64,8.0,8.57,9.14,9.71,10.28,10.78,11.28,11.78,12.28,12.83,13.37,13.91,14.45,14.76,15.07,15.38,15.69,15.97,16.25,16.52,16.8,17.02,17.25,17.47,17.69,17.86,18.04,18.21,18.38,18.51,18.64,18.77,18.9,18.9,18.9,18.91,18.91,18.81,18.71,18.61,18.51,18.32,18.12,17.92,17.73,17.46,17.19,16.92,16.65,,
2018-05-04T00:00:00+00:00,6.8,6.78,6.77,6.62,6.47,6.32,6.18,6.04,5.91,5.78,5.65,5.62,5.59,5.57,5.54,5.93,6.32,6.71,7.1,7.83,8.57,9.3,10.03,10.55,11.07,11.6,12.12,12.65,13.19,13.73,14.26,14.5,14.75,14.99,15.24,15.51,15.79,16.06,16.34,16.59,16.84,17.08,17.33,17.52,17.7,17.89,18.07,18.18,18.29,18.4,18.51,18.54,18.57,18.6,18.62,18.56,18.5,18.44,18.38,18.21,18.04,17.87,17.7,17.43,17.16,16.89,16.62,16.29,15.95,15.62,15.28,15.07,14.86,14.65,14.44,14.27,14.09,13.92,13.74,13.6,13.46,13.31,13.17,13.01,12.84,12.68,12.52,12.34,12.17,12.0,11.82,11.61,11.4,11.19,10.98,10.82,10.66,10.5,10.34,10.23,10.11,10.0,9.88,9.77,9.65,9.54,9.43,9.36,9.3,9.23,9.16,9.43,9.7,9.97,10.24,10.74,11.25,11.76,12.27,12.8,13.34,13.88,14.41,14.94,15.46,15.98,16.5,17.0,17.5,18.01,18.51,18.93,19.35,19.77,20.19,20.54,20.88,21.22,21.56,21.79,22.02,22.24,22.47,22.62,22.77,22.92,23.07,23.13,23.19,23.25,23.31,23.27,23.23,23.19,23.15,22.98,22.81,22.63,22.46,22.18,21.9,21.62,21.34,,
2018-05-05T00:00:00+00:00,10.06,10.07,10.07,10.05,10.03,10.01,10.0,9.91,9.82,9.74,9.65,9.57,9.48,9.4,9.32,9.61,9.91,10.2,10.5,10.99,11.48,11.97,12.46,13.01,13.57,14.12,14.68,15.25,15.83,16.4,16.98,17.54,18.1,18.66,19.22,19.61,20.0,20.4,20.79,21.05,21.32,21.59,21.85,22.06,22.26,22.47,22.67,22.83,22.99,23.14,23.3,23.33,23.36,23.39,23.42,23.37,23.33,23.28,23.24,23.07,22.9,22.73,22.56,22.29,22.02,21.75,21.48,21.16,20.84,20.52,20.2,19.82,19.43,19.05,18.66,18.48,18.3,18.12,17.93,17.79,17.64,17.49,17.35,17.2,17.06,16.92,16.78,16.62,16.47,16.31,16.16,15.87,15.58,15.29,15.0,14.81,14.62,14.42,14.23,14.11,13.98,13.86,13.73,13.64,13.54,13.44,13.34,13.29,13.24,13.19,13.14,13.46,13.79,14.12,14.45,14.94,15.43,15.92,16.4,16.94,17.49,18.03,18.57,19.13,19.69,20.26,20.82,21.32,21.82,22.32,22.82,23.29,23.75,24.22,24.68,25.04,25.39,25.75,26.1,26.3,26.5,26.71,26.91,27.05,27.19,27.33,27.47,27.55,27.63,27.71,27.79,27.76,27.73,27.7,27.67,27.54,27.4,27.27,27.13,26.77,26.41,26.05,25.7,,
2018-05-06T00:00:00+00:00,14.02,13.84,13.66,13.65,13.64,13.62,13.61,13.55,13.49,13.43,13.37,13.33,13.29,13.26,13.22,13.59,13.96,14.33,14.7,15.24,15.77,16.31,16.85,17.36,17.88,18.39,18.91,19.48,20.06,20.63,21.21,21.72,22.23,22.74,23.25,23.72,24.19,24.65,25.12,25.43,25.74,26.06,26.37,26.51,26.66,26.8,26.94,27.07,27.2,27.34,27.47,27.51,27.55,27.59,27.63,27.51,27.4,27.28,27.17,26.95,26.73,26.5,26.28,26.01,25.73,25.45,25.17,24.84,24.5,24.17,23.83,23.59,23.34,23.1,22.85,22.61,22.37,22.13,21.88,21.43,20.97,20.51,20.06,19.86,19.66,19.47,19.27,19.05,18.83,18.61,18.39,18.29,18.18,18.07,17.97,17.84,17.71,17.58,17.44,17.21,16.98,16.75,16.52,16.21,15.89,15.57,15.26,15.15,15.05,14.94,14.84,15.19,15.54,15.9,16.25,16.78,17.31,17.84,18.37,18.83,19.29,19.74,20.2,20.64,21.08,21.52,21.96,22.45,22.94,23.43,23.92,24.22,24.52,24.82,25.12,25.34,25.56,25.78,26.0,26.17,26.34,26.51,26.68,26.75,26.83,26.91,26.99,26.99,27.0,27.0,27.0,26.91,26.82,26.73,26.64,26.42,26.2,25.98,25.76,25.44,25.13,24.82,24.5,,
2018-05-07T00:00:00+00:00,15.72,15.65,15.57,15.47,15.37,15.26,15.16,15.1,15.04,14.98,14.91,14.84,14.77,14.7,14.63,14.99,15.35,15.71,16.07,16.59,17.12,17.64,18.16,18.53,18.89,19.25,19.62,20.07,20.53,20.99,21.45,21.98,22.52,23.05,23.59,23.89,24.2,24.51,24.81,25.02,25.23,25.43,25.64,25.72,25.81,25.89,25.97,26.05,26.12,26.19,26.26,26.26,26.26,26.26,26.26,26.16,26.07,25.97,25.88,25.71,25.54,25.38,25.21,24.92,24.63,24.34,24.05,23.69,23.34,22.99,22.64,22.33,22.02,21.72,21.41,21.05,20.69,20.33,19.98,19.56,19.14,18.71,18.29,18.14,17.99,17.84,17.69,17.44,17.18,16.93,16.68,16.51,16.33,16.15,15.98,15.81,15.64,15.47,15.3,15.22,15.13,15.05,14.96,14.89,14.82,14.76,14.69,14.64,14.6,14.56,14.52,14.95,15.38,15.82,16.25,16.96,17.66,18.36,19.07,19.68,20.29,20.9,21.5,21.93,22.36,22.78,23.21,23.5,23.79,24.07,24.36,24.58,24.79,25.01,25.22,25.35,25.49,25.62,25.75,25.84,25.93,26.02,26.11,26.14,26.16,26.19,26.21,26.17,26.12,26.08,26.03,25.91,25.79,25.67,25.55,25.33,25.11,24.89,24.67,24.37,24.08,23.79,23.49,,
2018-05-08T00:00:00+00:00,14.05,13.81,13.58,13.58,13.58,13.58,13.58,13.5,13.43,13.36,13.28,13.3,13.32,13.34,13.36,13.89,14.41,14.94,15.47,16.17,16.88,17.59,18.29,18.8,19.3,19.81,20.31,20.79,21.27,21.75,22.23,22.65,23.07,23.49,23.91,24.24,24.57,24.89,25.22,25.46,25.7,25.94,26.18,26.31,26.45,26.59,26.73,26.71,26.7,26.69,26.67,26.6,26.53,26.46,26.38,26.25,26.11,25.97,25.84,25.57,25.3,25.03,24.77,24.45,24.14,23.83,23.52,23.04,22.55,22.07,21.59,21.17,20.75,20.33,19.91,19.46,19.02,18.58,18.14,17.79,17.45,17.1,16.76,16.37,15.98,15.6,15.21,14.76,14.31,13.86,13.41,13.33,13.26,13.19,13.11,13.19,13.28,13.36,13.44,13.27,13.09,12.92,12.74,12.65,12.56,12.46,12.37,12.49,12.61,12.73,12.85,13.1,13.35,13.6,13.84,14.11,14.39,14.66,14.93,15.09,15.25,15.41,15.58,15.82,16.06,16.3,16.54,16.86,17.18,17.51,17.83,18.06,18.3,18.53,18.76,19.05,19.34,19.63,19.91,20.13,20.35,20.57,20.79,20.9,21.01,21.12,21.23,21.23,21.23,21.23,21.23,21.22,21.22,21.22,21.22,21.14,21.07,21.0,20.93,20.65,20.37,20.09,19.81,,
2018-05-09T00:00:00+00:00,12.14,12.29,12.44,12.47,12.5,12.53,12.56,12.36,12.15,11.95,11.74,11.81,11.89,11.96,12.03,12.23,12.42,12.62,12.82,13.04,13.27,13.5,13.72,13.99,14.26,14.54,14.81,14.65,14.5,14.34,14.19,15.08,15.97,16.86,17.75,18.19,18.64,19.08,19.53,19.81,20.09,20.38,20.66,20.84,21.02,21.19,21.37,21.47,21.57,21.67,21.77,21.79,21.81,21.83,21.85,21.81,21.77,21.73,21.69,21.59,21.49,21.38,21.28,20.95,20.62,20.29,19.96,19.73,19.5,19.28,19.05,18.84,18.64,18.44,18.23,17.98,17.73,17.48,17.23,16.93,16.64,16.35,16.05,15.72,15.39,15.05,14.72,14.58,14.45,14.31,14.18,13.91,13.64,13.38,13.11,12.84,12.57,12.29,12.02,11.85,11.69,11.52,11.35,11.26,11.17,11.08,10.99,10.94,10.9,10.85,10.81,10.95,11.09,11.22,11.36,11.44,11.53,11.61,11.69,11.93,12.16,12.4,12.64,12.76,12.87,12.99,13.11,13.38,13.65,13.93,14.2,14.48,14.76,15.04,15.32,15.52,15.73,15.94,16.14,16.3,16.45,16.61,16.76,16.84,16.92,17.0,17.08,17.1,17.12,17.14,17.17,17.12,17.07,17.02,16.97,16.86,16.74,16.63,16.51,16.29,16.07,15.85,15.63,,
2018-05-10T00:00:00+00:00,12.33,12.19,12.04,11.92,11.81,11.69,11.57,11.39,11.2,11.01,10.82,10.82,10.81,10.81,10.8,10.96,11.11,11.27,11.43,11.57,11.7,11.84,11.98,12.07,12.17,12.27,12.37,12.65,12.94,13.22,13.51,13.51,13.52,13.52,13.53,13.86,14.18,14.51,14.84,15.06,15.29,15.52,15.74,15.85,15.95,16.06,16.17,16.24,16.31,16.38,16.45,16.46,16.47,16.47,16.48,16.43,16.38,16.33,16.28,16.17,16.06,15.96,15.85,15.64,15.43,15.22,15.01,14.66,14.32,13.97,13.62,13.25,12.87,12.49,12.12,11.87,11.61,11.36,11.11,10.99,10.88,10.76,10.65,10.51,10.37,10.24,10.1,10.04,9.98,9.91,9.85,9.72,9.59,9.46,9.34,9.16,8.98,8.79,8.61,8.55,8.49,8.43,8.37,8.3,8.24,8.17,8.1,8.11,8.12,8.13,8.14,8.56,8.97,9.39,9.81,10.18,10.55,10.92,11.29,11.75,12.21,12.67,13.13,13.59,14.05,14.51,14.97,15.41,15.85,16.28,16.72,17.0,17.28,17.56,17.84,18.12,18.39,18.67,18.95,19.21,19.46,19.72,19.98,20.14,20.3,20.46,20.61,20.71,20.81,20.9,21.0,21.07,21.14,21.21,21.28,21.25,21.22,21.19,21.16,20.95,20.75,20.54,20.34,,
2018-05-11T00:00:00+00:00,7.75,7.71,7.67,7.61,7.55,7.48,7.42,7.38,7.34,7.3,7.26,7.24,7.23,7.21,7.2,7.56,7.93,8.3,8.66,9.16,9.65,10.14,10.64,11.23,11.82,12.41,13.0,13.48,13.96,14.44,14.92,15.33,15.75,16.17,16.59,16.91,17.24,17.57,17.89,18.17,18.45,18.73,19.01,19.23,19.45,19.66,19.88,20.04,20.2,20.35,20.51,20.62,20.74,20.85,20.97,21.03,21.1,21.17,21.24,21.22,21.2,21.18,21.16,20.84,20.53,20.22,19.91,19.56,19.22,18.87,18.53,18.32,18.1,17.89,17.68,17.41,17.14,16.87,16.6,16.45,16.3,16.15,16.0,16.04,16.08,16.12,16.16,16.09,16.03,15.96,15.9,15.56,15.23,14.9,14.57,14.52,14.48,14.43,14.39,14.23,14.08,13.92,13.77,13.51,13.24,12.98,12.71,12.72,12.72,12.72,12.72,12.94,13.16,13.39,13.61,13.89,14.17,14.45,14.73,15.19,15.64,16.09,16.54,16.88,17.23,17.57,17.91,18.37,18.82,19.27,19.73,19.85,19.97,20.09,20.21,20.42,20.62,20.83,21.03,21.42,21.8,22.18,22.56,22.67,22.78,22.89,23.0,23.01,23.03,23.05,23.07,23.06,23.05,23.04,23.03,22.89,22.75,22.62,22.48,21.48,20.49,19.49,18.5,,
2018-05-12T00:00:00+00:00,13.68,13.51,13.34,13.13,12.93,12.72,12.51,12.32,12.14,11.95,11.76,11.66,11.55,11.44,11.34,11.67,12.0,12.33,12.66,13.09,13.52,13.95,14.38,14.75,15.11,15.47,15.83,15.99,16.14,16.3,16.45,16.72,16.99,17.26,17.53,17.68,17.82,17.96,18.1,18.27,18.43,18.59,18.75,18.2,17.66,17.11,16.56,16.64,16.72,16.8,16.88,16.86,16.83,16.81,16.79,16.72,16.65,16.59,16.52,15.98,15.44,14.9,14.36,13.97,13.58,13.19,12.8,12.53,12.25,11.98,11.7,11.45,11.21,10.96,10.71,10.57,10.43,10.29,10.15,10.12,10.1,10.08,10.05,10.01,9.97,9.93,9.89,9.86,9.83,9.79,9.76,9.74,9.72,9.7,9.68,9.64,9.6,9.56,9.52,9.52,9.52,9.53,9.53,9.5,9.47,9.44,9.4,9.27,9.13,8.99,8.86,9.0,9.15,9.3,9.44,9.59,9.75,9.9,10.05,10.27,10.49,10.72,10.94,11.05,11.16,11.27,11.38,11.43,11.48,11.53,11.58,11.65,11.72,11.79,11.86,11.86,11.86,11.86,11.86,11.95,12.05,12.14,12.23,12.29,12.36,12.42,12.48,12.41,12.34,12.28,12.21,12.43,12.65,12.87,13.1,13.2,13.31,13.41,13.52,13.43,13.35,13.26,13.18,,
2018-05-13T00:00:00+00:00,8.96,8.9,8.85,8.83,8.81,8.79,8.77,8.75,8.74,8.72,8.71,8.68,8.66,8.63,8.61,8.7,8.8,8.89,8.98,9.06,9.13,9.21,9.28,9.48,9.68,9.88,10.08,10.31,10.53,10.75,10.98,11.21,11.45,11.69,11.92,12.16,12.41,12.65,12.89,13.03,13.17,13.3,13.44,13.36,13.28,13.2,13.12,13.28,13.45,13.62,13.78,13.89,14.01,14.12,14.23,13.98,13.73,13.48,13.23,13.32,13.42,13.52,13.61,13.46,13.31,13.16,13.01,12.76,12.5,12.25,11.99,11.89,11.78,11.68,11.57,11.35,11.14,10.92,10.71,10.46,10.21,9.97,9.72,9.6,9.48,9.37,9.25,9.28,9.31,9.33,9.36,9.26,9.15,9.04,8.93,8.95,8.97,8.99,9.01,8.95,8.88,8.82,8.75,8.73,8.71,8.68,8.66,8.84,9.03,9.21,9.4,9.75,10.1,10.46,10.81,11.07,11.33,11.59,11.85,12.3,12.75,13.19,13.64,13.94,14.24,14.54,14.84,14.92,14.99,15.07,15.15,14.91,14.67,14.43,14.19,13.96,13.73,13.5,13.27,13.39,13.5,13.62,13.74,14.13,14.52,14.9,15.29,15.4,15.5,15.61,15.72,15.76,15.79,15.83,15.87,15.86,15.86,15.85,15.85,15.63,15.41,15.18,14.96,,
2018-05-14T00:00:00+00:00,9.23,9.13,9.03,8.97,8.91,8.86,8.8,8.81,8.83,8.84,8.86,8.84,8.81,8.79,8.77,9.17,9.58,9.98,10.39,10.5,10.6,10.71,10.81,10.83,10.85,10.86,10.88,10.88,10.88,10.88,10.88,10.96,11.05,11.13,11.22,11.35,11.49,11.63,11.76,11.87,11.97,12.07,12.17,12.35,12.53,12.71,12.89,13.19,13.49,13.79,14.09,14.03,13.98,13.92,13.86,13.93,14.0,14.07,14.14,14.22,14.3,14.38,14.46,14.54,14.62,14.7,14.79,14.82,14.86,14.9,14.94,14.92,14.91,14.9,14.89,14.73,14.56,14.4,14.24,14.07,13.89,13.72,13.55,13.44,13.34,13.23,13.13,12.99,12.85,12.71,12.57,12.49,12.41,12.32,12.24,12.18,12.11,12.05,11.99,11.92,11.85,11.78,11.71,11.63,11.55,11.48,11.4,11.38,11.36,11.34,11.32,11.36,11.4,11.44,11.48,11.56,11.64,11.73,11.81,11.99,12.17,12.36,12.54,12.73,12.92,13.11,13.3,13.57,13.84,14.11,14.38,14.76,15.14,15.52,15.89,16.42,16.94,17.47,18.0,18.44,18.88,19.32,19.76,20.07,20.37,20.67,20.97,21.11,21.26,21.41,21.55,21.59,21.62,21.66,21.7,21.55,21.4,21.25,21.1,20.61,20.12,19.63,19.14,,
2018-05-15T00:00:00+00:00,12.06,12.0,11.93,11.83,11.72,11.62,11.52,11.52,11.51,11.51,11.51,11.39,11.28,11.16,11.05,11.07,11.1,11.12,11.15,11.28,11.41,11.54,11.67,11.84,12.01,12.18,12.35,12.68,13.02,13.36,13.69,14.33,14.96,15.59,16.22,16.73,17.23,17.74,18.25,18.72,19.18,19.65,20.11,20.39,20.67,20.96,21.24,21.36,21.49,21.61,21.74,21.8,21.85,21.91,21.97,21.85,21.73,21.61,21.49,21.45,21.4,21.36,21.32,20.98,20.64,20.3,19.97,19.61,19.26,18.9,18.55,18.21,17.87,17.53,17.19,16.83,16.48,16.12,15.76,15.5,15.23,14.96,14.69,14.53,14.38,14.22,14.06,13.91,13.75,13.59,13.44,13.27,13.11,12.94,12.77,12.64,12.5,12.36,12.23,12.08,11.93,11.78,11.63,11.49,11.35,11.22,11.08,11.03,10.98,10.93,10.88,11.18,11.49,11.79,12.1,12.5,12.89,13.29,13.69,14.01,14.34,14.66,14.98,15.44,15.91,16.37,16.83,17.39,17.94,18.49,19.04,19.47,19.91,20.34,20.78,21.11,21.45,21.79,22.13,22.23,22.33,22.43,22.54,22.57,22.61,22.64,22.68,22.72,22.76,22.8,22.84,22.78,22.71,22.65,22.59,22.37,22.15,21.93,21.72,21.49,21.27,21.05,20.82,,
2018-05-16T00:00:00+00:00,11.19,11.14,11.09,10.96,10.83,10.7,10.56,10.44,10.32,10.19,10.07,10.09,10.11,10.13,10.15,10.52,10.89,11.27,11.64,12.1,12.56,13.02,13.47,13.77,14.06,14.35,14.64,15.01,15.37,15.74,16.11,16.45,16.79,17.14,17.48,17.94,18.39,18.85,19.3,19.7,20.09,20.48,20.88,21.19,21.51,21.82,22.14,22.17,22.2,22.23,22.25,22.23,22.2,22.18,22.15,22.05,21.95,21.85,21.76,21.42,21.09,20.76,20.43,20.04,19.66,19.28,18.89,18.33,17.76,17.19,16.63,16.18,15.72,15.27,14.81,14.54,14.26,13.98,13.7,13.58,13.47,13.35,13.23,13.09,12.95,12.81,12.67,12.53,12.38,12.24,12.1,11.98,11.87,11.75,11.63,11.4,11.17,10.94,10.7,10.56,10.41,10.27,10.12,10.05,9.98,9.92,9.85,9.84,9.84,9.83,9.83,9.91,10.0,10.09,10.18,10.4,10.63,10.85,11.08,11.43,11.78,12.13,12.48,12.91,13.35,13.79,14.23,14.66,15.1,15.54,15.98,16.38,16.77,17.17,17.56,17.86,18.16,18.45,18.75,18.93,19.1,19.28,19.45,19.52,19.59,19.66,19.72,19.68,19.64,19.59,19.55,19.44,19.33,19.23,19.12,18.95,18.78,18.61,18.44,18.11,17.79,17.46,17.13,,
2018-05-17T00:00:00+00:00,10.41,10.42,10.44,10.38,10.32,10.27,10.21,10.23,10.24,10.26,10.28,10.23,10.19,10.14,10.1,10.11,10.13,10.14,10.16,10.33,10.49,10.66,10.83,11.15,11.47,11.8,12.12,12.51,12.89,13.28,13.67,14.07,14.46,14.86,15.26,15.64,16.01,16.39,16.77,17.09,17.41,17.73,18.06,18.33,18.61,18.88,19.16,19.27,19.38,19.48,19.59,19.57,19.55,19.53,19.51,19.39,19.26,19.14,19.02,18.81,18.61,18.4,18.2,17.94,17.68,17.43,17.17,16.84,16.51,16.17,15.84,15.54,15.24,14.94,14.64,14.37,14.11,13.85,13.59,13.3,13.01,12.72,12.42,12.11,11.8,11.48,11.17,10.9,10.63,10.37,10.1,9.87,9.65,9.42,9.19,8.99,8.78,8.57,8.37,8.2,8.04,7.88,7.71,7.58,7.44,7.31,7.17,7.15,7.12,7.1,7.07,7.26,7.44,7.62,7.8,8.0,8.2,8.4,8.6,9.05,9.51,9.97,10.42,10.96,11.5,12.04,12.58,13.11,13.64,14.17,14.7,15.18,15.66,16.14,16.62,17.0,17.38,17.76,18.14,18.41,18.69,18.96,19.24,19.35,19.46,19.57,19.68,19.68,19.69,19.69,19.7,19.68,19.66,19.65,19.63,19.55,19.47,19.39,19.31,19.04,18.77,18.49,18.22,,
2018-05-18T00:00:00+00:00,8.09,7.9,7.7,7.54,7.37,7.21,7.04,6.92,6.79,6.67,6.55,6.53,6.51,6.5,6.48,6.75,7.02,7.29,7.56,7.91,8.26,8.61,8.96,9.39,9.81,10.24,10.67,11.15,11.63,12.11,12.58,13.05,13.51,13.97,14.43,14.84,15.26,15.67,16.08,16.42,16.77,17.12,17.46,17.73,17.99,18.25,18.52,18.67,18.83,18.99,19.15,19.19,19.24,19.28,19.33,19.27,19.21,19.15,19.1,18.96,18.83,18.7,18.56,18.31,18.06,17.81,17.56,17.18,16.79,16.41,16.03,15.71,15.39,15.08,14.76,14.55,14.34,14.14,13.93,13.68,13.42,13.17,12.91,12.7,12.49,12.29,12.08,11.86,11.64,11.42,11.21,11.0,10.8,10.6,10.4,10.21,10.01,9.81,9.62,9.43,9.24,9.05,8.86,8.75,8.63,8.52,8.4,8.39,8.39,8.38,8.38,8.65,8.92,9.19,9.46,9.9,10.35,10.79,11.24,11.74,12.24,12.74,13.24,13.73,14.23,14.72,15.21,15.65,16.09,16.53,16.97,17.33,17.69,18.05,18.41,18.7,18.99,19.28,19.57,19.76,19.96,20.15,20.34,20.44,20.53,20.62,20.71,20.74,20.76,20.78,20.8,20.74,20.67,20.61,20.54,20.39,20.23,20.07,19.91,19.62,19.32,19.03,18.74,,
2018-05-19T00:00:00+00:00,8.91,8.7,8.49,8.25,8.01,7.77,7.53,7.36,7.19,7.02,6.85,6.79,6.73,6.67,6.61,7.02,7.43,7.84,8.25,8.76,9.28,9.8,10.31,10.85,11.39,11.93,12.48,12.97,13.47,13.96,14.46,14.9,15.35,15.79,16.23,16.58,16.94,17.29,17.64,17.88,18.12,18.36,18.6,18.76,18.91,19.07,19.23,19.33,19.44,19.54,19.65,19.66,19.67,19.68,19.69,19.64,19.58,19.53,19.48,19.38,19.28,19.18,19.08,18.87,18.67,18.46,18.26,17.95,17.63,17.32,17.01,16.69,16.37,16.05,15.73,15.47,15.22,14.96,14.7,14.46,14.22,13.98,13.74,13.51,13.29,13.06,12.84,12.59,12.35,12.11,11.87,11.62,11.38,11.13,10.89,10.69,10.49,10.29,10.08,9.92,9.75,9.59,9.42,9.26,9.1,8.94,8.78,8.72,8.66,8.61,8.55,8.98,9.42,9.86,10.29,10.82,11.35,11.88,12.41,12.99,13.57,14.14,14.72,15.26,15.8,16.34,16.88,17.38,17.88,18.39,18.89,19.34,19.8,20.25,20.71,20.96,21.22,21.47,21.73,21.91,22.1,22.29,22.48,22.6,22.72,22.84,22.96,23.0,23.04,23.09,23.13,23.08,23.03,22.98,22.93,22.8,22.68,22.56,22.43,22.18,21.92,21.66,21.41,,
2018-05-20T00:00:00+00:00,8.54,8.39,8.24,8.05,7.86,7.68,7.49,7.41,7.32,7.24,7.16,7.28,7.41,7.53,7.65,7.85,8.04,8.23,8.43,8.89,9.36,9.82,10.29,10.91,11.54,12.17,12.8,13.34,13.89,14.43,14.97,15.56,16.14,16.72,17.3,17.87,18.43,19.0,19.56,19.93,20.31,20.68,21.05,21.25,21.46,21.66,21.86,22.05,22.24,22.43,22.62,22.74,22.86,22.98,23.11,23.1,23.09,23.08,23.07,22.91,22.75,22.6,22.44,22.22,22.0,21.78,21.56,21.12,20.67,20.23,19.79,19.38,18.97,18.56,18.15,18.0,17.85,17.7,17.55,17.39,17.22,17.06,16.89,16.59,16.29,15.99,15.68,15.62,15.55,15.49,15.43,15.24,15.06,14.88,14.7,14.45,14.2,13.94,13.69,13.5,13.31,13.12,12.94,12.65,12.37,12.08,11.8,11.78,11.76,11.74,11.72,12.15,12.58,13.01,13.44,13.9,14.35,14.81,15.26,15.66,16.06,16.46,16.86,17.2,17.55,17.9,18.25,18.51,18.77,19.04,19.3,19.52,19.74,19.95,20.17,20.31,20.46,20.6,20.75,21.0,21.25,21.49,21.74,21.9,22.05,22.2,22.35,22.34,22.34,22.33,22.32,22.37,22.42,22.47,22.52,22.52,22.52,22.52,22.52,22.36,22.2,22.04,21.88,,
2018-05-21T00:00:00+00:00,12.99,12.77,12.55,12.38,12.21,12.04,11.88,11.77,11.66,11.55,11.45,11.48,11.52,11.56,11.6,12.04,12.49,12.93,13.38,13.84,14.3,14.76,15.22,15.57,15.93,16.28,16.63,17.02,17.4,17.79,18.17,18.53,18.89,19.25,19.61,19.98,20.34,20.71,21.08,21.3,21.51,21.73,21.95,21.81,21.67,21.54,21.4,21.82,22.24,22.65,23.07,23.11,23.15,23.18,23.22,23.29,23.36,23.44,23.51,23.35,23.19,23.02,22.86,22.68,22.5,22.31,22.13,21.74,21.35,20.96,20.57,20.25,19.94,19.62,19.31,18.88,18.45,18.02,17.59,17.37,17.14,16.92,16.7,16.47,16.24,16.01,15.78,15.64,15.49,15.34,15.19,15.01,14.82,14.64,14.45,14.32,14.18,14.05,13.91,13.75,13.59,13.43,13.27,13.15,13.03,12.91,12.79,12.76,12.73,12.7,12.66,13.07,13.47,13.88,14.28,14.77,15.25,15.73,16.22,16.61,17.0,17.39,17.78,18.23,18.67,19.11,19.55,19.93,20.3,20.67,21.04,21.5,21.96,22.42,22.88,22.94,23.0,23.06,23.12,23.08,23.04,23.0,22.95,23.24,23.53,23.81,24.1,24.09,24.07,24.06,24.05,24.01,23.98,23.94,23.91,23.53,23.16,22.78,22.41,21.78,21.15,20.52,19.89,,
2018-05-22T00:00:00+00:00,13.59,13.51,13.42,13.34,13.27,13.19,13.12,13.12,13.12,13.11,13.11,13.26,13.41,13.56,13.71,14.1,14.48,14.87,15.25,15.7,16.16,16.61,17.07,17.44,17.81,18.19,18.56,19.11,19.66,20.22,20.77,21.16,21.56,21.95,22.34,22.6,22.85,23.11,23.37,23.32,23.27,23.23,23.18,22.09,20.99,19.89,18.8,19.01,19.22,19.43,19.64,19.49,19.33,19.17,19.02,18.73,18.44,18.15,17.86,18.23,18.6,18.97,19.35,19.35,19.35,19.35,19.36,19.18,19.0,18.82,18.65,18.37,18.09,17.81,17.53,17.3,17.06,16.83,16.6,16.4,16.2,16.01,15.81,15.68,15.56,15.44,15.31,15.17,15.04,14.9,14.76,14.71,14.66,14.61,14.56,14.49,14.43,14.37,14.3,14.23,14.16,14.09,14.01,13.98,13.95,13.92,13.9,13.91,13.92,13.93,13.94,14.12,14.29,14.47,14.64,14.89,15.13,15.38,15.62,15.99,16.35,16.72,17.08,17.52,17.96,18.39,18.83,19.28,19.74,20.2,20.65,21.09,21.53,21.97,22.4,22.55,22.69,22.84,22.99,22.88,22.77,22.67,22.56,21.62,20.68,19.74,18.8,18.5,18.2,17.9,17.6,17.82,18.04,18.26,18.48,18.87,19.26,19.65,20.04,19.9,19.76,19.62,19.48,,
2018-05-23T00:00:00+00:00,13.19,13.34,13.49,13.4,13.32,13.24,13.15,13.01,12.86,12.71,12.56,12.51,12.46,12.41,12.36,12.67,12.99,13.31,13.63,13.83,14.03,14.23,14.44,14.78,15.12,15.46,15.81,16.16,16.51,16.86,17.22,17.55,17.89,18.22,18.56,19.0,19.45,19.9,20.35,20.7,21.06,21.42,21.77,21.98,22.19,22.4,22.61,22.67,22.74,22.8,22.86,22.94,23.02,23.1,23.18,22.87,22.56,22.26,21.95,21.38,20.81,20.24,19.67,19.02,18.37,17.72,17.07,17.06,17.06,17.06,17.06,17.02,16.99,16.96,16.93,16.97,17.02,17.06,17.11,17.06,17.0,16.95,16.9,16.68,16.47,16.25,16.04,15.83,15.62,15.41,15.2,15.07,14.93,14.8,14.67,14.55,14.42,14.3,14.18,14.22,14.26,14.3,14.34,14.37,14.4,14.43,14.46,14.55,14.63,14.72,14.81,15.18,15.54,15.91,16.27,16.69,17.1,17.52,17.93,18.24,18.56,18.87,19.18,19.54,19.91,20.28,20.65,20.93,21.22,21.5,21.78,22.06,22.34,22.62,22.89,23.42,23.95,24.48,25.01,24.91,24.8,24.7,24.6,24.37,24.15,23.92,23.69,23.47,23.24,23.01,22.79,22.29,21.78,21.28,20.78,20.18,19.58,18.99,18.39,18.49,18.6,18.7,18.8,,
2018-05-24T00:00:00+00:00,14.9,14.75,14.61,14.5,14.39,14.29,14.18,14.07,13.96,13.84,13.73,13.79,13.85,13.9,13.96,14.48,15.0,15.52,16.04,16.45,16.86,17.27,17.68,18.09,18.5,18.91,19.32,19.8,20.29,20.78,21.27,21.49,21.72,21.94,22.17,22.1,22.03,21.97,21.9,22.26,22.63,22.99,23.36,23.75,24.14,24.53,24.93,24.84,24.76,24.67,24.59,24.54,24.5,24.46,24.42,24.49,24.57,24.65,24.73,24.56,24.4,24.24,24.07,23.94,23.8,23.66,23.53,23.27,23.0,22.74,22.48,21.94,21.39,20.85,20.31,19.92,19.54,19.16,18.77,18.54,18.31,18.09,17.86,17.77,17.69,17.61,17.53,17.41,17.3,17.19,17.08,17.0,16.92,16.85,16.77,16.68,16.58,16.49,16.4,16.15,15.9,15.65,15.4,15.31,15.21,15.12,15.02,15.12,15.21,15.31,15.4,15.88,16.36,16.84,17.32,17.8,18.27,18.74,19.22,19.73,20.24,20.76,21.27,21.77,22.27,22.76,23.26,23.63,23.99,24.36,24.73,24.96,25.2,25.44,25.68,25.79,25.91,26.02,26.14,26.2,26.25,26.31,26.37,26.42,26.47,26.52,26.57,26.5,26.44,26.37,26.31,24.77,23.23,21.69,20.15,19.72,19.3,18.87,18.45,18.47,18.49,18.52,18.54,,
2018-05-25T00:00:00+00:00,13.88,13.74,13.61,13.54,13.47,13.39,13.32,13.23,13.14,13.05,12.97,13.02,13.08,13.13,13.19,13.66,14.13,14.61,15.08,15.62,16.16,16.7,17.24,17.82,18.39,18.96,19.54,20.02,20.49,20.97,21.45,21.94,22.43,22.93,23.42,23.75,24.08,24.42,24.75,24.75,24.76,24.76,24.77,24.83,24.9,24.96,25.03,24.55,24.06,23.58,23.1,22.86,22.62,22.37,22.13,22.16,22.19,22.22,22.25,22.33,22.4,22.47,22.55,22.46,22.38,22.3,22.21,22.03,21.84,21.66,21.47,21.14,20.81,20.48,20.15,19.99,19.84,19.68,19.53,19.35,19.17,19.0,18.82,18.33,17.85,17.36,16.87,16.75,16.62,16.49,16.36,16.26,16.15,16.05,15.94,15.83,15.71,15.6,15.49,15.42,15.36,15.29,15.23,15.16,15.09,15.02,14.95,15.17,15.4,15.62,15.84,16.27,16.69,17.11,17.54,17.92,18.31,18.69,19.07,19.51,19.95,20.39,20.83,21.35,21.87,22.4,22.92,23.41,23.89,24.38,24.87,25.2,25.54,25.87,26.21,26.06,25.9,25.75,25.6,25.7,25.79,25.89,25.98,26.09,26.2,26.3,26.41,26.86,27.31,27.75,28.2,28.28,28.35,28.42,28.49,28.41,28.32,28.23,28.14,27.92,27.69,27.47,27.25,,
2018-05-26T00:00:00+00:00,16.1,16.06,16.02,16.01,15.99,15.97,15.96,16.0,16.04,16.09,16.13,16.21,16.28,16.36,16.44,16.69,16.94,17.19,17.45,17.74,18.04,18.34,18.63,18.95,19.27,19.59,19.92,20.14,20.36,20.58,20.8,21.45,22.1,22.76,23.41,23.86,24.3,24.75,25.2,25.51,25.82,26.13,26.44,26.67,26.9,27.13,27.37,27.54,27.71,27.88,28.05,28.08,28.1,28.13,28.16,28.03,27.9,27.77,27.65,27.45,27.25,27.06,26.86,26.6,26.35,26.09,25.84,25.49,25.13,24.78,24.43,24.07,23.7,23.34,22.97,22.73,22.48,22.24,21.99,21.79,21.59,21.39,21.19,21.02,20.84,20.67,20.49,20.39,20.29,20.19,20.09,20.05,20.01,19.97,19.93,19.83,19.74,19.64,19.54,19.35,19.16,18.97,18.78,18.64,18.51,18.38,18.25,18.33,18.41,18.49,18.57,18.84,19.12,19.39,19.67,19.99,20.32,20.64,20.96,21.42,21.88,22.34,22.81,23.18,23.56,23.94,24.32,24.74,25.16,25.58,25.99,26.3,26.6,26.9,27.21,27.3,27.4,27.5,27.6,27.25,26.91,26.57,26.23,26.54,26.84,27.14,27.45,26.73,26.01,25.28,24.56,24.76,24.96,25.16,25.36,25.43,25.49,25.56,25.63,25.35,25.08,24.8,24.52,,
2018-05-27T00:00:00+00:00,18.13,18.0,17.86,17.81,17.76,17.72,17.67,17.43,17.2,16.96,16.72,16.77,16.81,16.85,16.89,17.18,17.46,17.75,18.03,18.39,18.76,19.12,19.48,19.9,20.33,20.75,21.17,21.61,22.05,22.48,22.92,23.26,23.6,23.94,24.27,24.55,24.82,25.09,25.37,25.55,25.73,25.91,26.09,26.28,26.46,26.64,26.83,27.04,27.25,27.46,27.67,27.71,27.76,27.81,27.85,27.59,27.33,27.07,26.81,26.02,25.22,24.42,23.62,22.97,22.31,21.66,21.0,21.07,21.13,21.19,21.25,21.12,20.99,20.86,20.73,20.66,20.58,20.5,20.43,20.17,19.9,19.64,19.38,19.18,18.99,18.79,18.6,18.61,18.63,18.65,18.67,18.56,18.46,18.35,18.24,18.12,18.0,17.89,17.77,17.6,17.43,17.26,17.09,17.07,17.04,17.02,16.99,17.02,17.04,17.07,17.09,17.44,17.79,18.14,18.49,18.7,18.92,19.13,19.35,19.52,19.69,19.86,20.03,20.57,21.1,21.63,22.16,22.73,23.31,23.88,24.45,24.76,25.07,25.39,25.7,25.81,25.91,26.02,26.13,26.27,26.41,26.55,26.7,26.73,26.75,26.78,26.81,26.87,26.93,26.99,27.05,26.98,26.91,26.84,26.77,26.62,26.46,26.3,26.15,24.95,23.74,22.54,21.34,,
2018-05-28T00:00:00+00:00,18.23,18.05,17.87,17.8,17.72,17.64,17.57,17.48,17.38,17.29,17.2,17.21,17.23,17.24,17.25,17.66,18.08,18.49,18.9,19.28,19.66,20.04,20.42,20.85,21.29,21.72,22.16,22.48,22.8,23.12,23.44,23.82,24.19,24.56,24.93,25.14,25.36,25.57,25.78,25.86,25.93,26.0,26.08,26.23,26.38,26.53,26.68,26.74,26.8,26.86,26.92,26.97,27.02,27.07,27.11,27.05,27.0,26.94,26.88,26.71,26.54,26.37,26.2,25.08,23.96,22.84,21.72,20.93,20.15,19.37,18.58,18.48,18.37,18.27,18.16,18.02,17.87,17.73,17.58,17.49,17.41,17.32,17.24,17.23,17.22,17.22,17.21,17.1,16.99,16.88,16.77,16.81,16.85,16.89,16.93,16.96,16.98,17.01,17.03,17.03,17.03,17.02,17.02,16.93,16.84,16.75,16.66,16.74,16.82,16.9,16.98,17.14,17.31,17.47,17.64,17.97,18.31,18.64,18.98,19.14,19.31,19.47,19.63,19.7,19.76,19.83,19.89,19.88,19.86,19.85,19.84,20.2,20.57,20.94,21.31,21.67,22.03,22.39,22.75,22.97,23.19,23.41,23.63,23.78,23.94,24.09,24.25,24.08,23.91,23.74,23.57,23.17,22.77,22.37,21.97,21.82,21.66,21.5,21.34,21.15,20.97,20.78,20.59,,
2018-05-29T00:00:00+00:00,16.04,15.95,15.87,15.82,15.77,15.72,15.66,15.76,15.86,15.96,16.05,16.11,16.17,16.23,16.29,16.46,16.63,16.79,16.96,17.2,17.44,17.68,17.92,18.15,18.38,18.61,18.84,19.01,19.17,19.34,19.51,19.52,19.54,19.55,19.56,19.62,19.67,19.72,19.78,20.09,20.4,20.71,21.02,21.39,21.76,22.13,22.5,22.78,23.06,23.35,23.63,23.8,23.97,24.14,24.31,24.05,23.8,23.54,23.29,23.41,23.53,23.64,23.76,23.67,23.58,23.49,23.4,22.39,21.38,20.38,19.37,19.12,18.86,18.61,18.35,18.6,18.86,19.11,19.36,18.96,18.57,18.17,17.77,17.79,17.81,17.83,17.84,17.64,17.44,17.23,17.03,16.89,16.75,16.61,16.47,16.38,16.29,16.2,16.11,16.0,15.9,15.8,15.69,15.62,15.54,15.46,15.39,15.45,15.52,15.58,15.65,15.97,16.29,16.61,16.93,17.23,17.54,17.84,18.15,18.43,18.72,19.0,19.28,19.51,19.73,19.95,20.18,20.36,20.53,20.71,20.89,21.19,21.49,21.78,22.08,22.32,22.55,22.78,23.02,23.17,23.33,23.48,23.64,23.77,23.91,24.04,24.18,24.27,24.36,24.45,24.53,24.55,24.57,24.59,24.61,24.57,24.53,24.48,24.44,24.32,24.19,24.07,23.95,,
2018-05-30T00:00:00+00:00,15.78,15.77,15.77,15.72,15.67,15.62,15.57,15.58,15.59,15.6,15.61,15.63,15.66,15.69,15.72,15.96,16.2,16.44,16.68,16.97,17.27,17.56,17.85,18.15,18.44,18.74,19.04,19.26,19.49,19.71,19.94,20.14,20.34,20.54,20.74,21.03,21.32,21.62,21.91,22.1,22.29,22.48,22.67,22.83,22.99,23.16,23.32,23.5,23.69,23.87,24.05,24.15,24.25,24.35,24.44,24.49,24.53,24.58,24.62,24.6,24.57,24.55,24.52,24.46,24.4,24.34,24.27,23.97,23.67,23.36,23.06,22.84,22.62,22.4,22.18,21.41,20.64,19.86,19.09,18.97,18.84,18.72,18.59,18.38,18.17,17.95,17.74,17.56,17.39,17.21,17.04,16.93,16.83,16.72,16.61,16.55,16.49,16.43,16.36,16.22,16.07,15.93,15.78,15.64,15.5,15.36,15.22,15.24,15.26,15.29,15.31,15.66,16.0,16.34,16.69,16.95,17.22,17.48,17.75,18.0,18.25,18.51,18.76,18.84,18.93,19.01,19.09,19.32,19.55,19.79,20.02,19.99,19.97,19.95,19.93,20.32,20.71,21.1,21.49,21.21,20.92,20.63,20.34,20.57,20.8,21.03,21.26,21.59,21.93,22.26,22.6,21.62,20.64,19.66,18.68,19.09,19.5,19.9,20.31,20.3,20.28,20.27,20.25,,
2018-05-31T00:00:00+00:00,16.46,16.47,16.48,16.65,16.81,16.98,17.15,17.02,16.9,16.78,16.66,16.56,16.46,16.37,16.27,16.36,16.45,16.54,16.63,16.99,17.35,17.7,18.06,18.2,18.34,18.48,18.62,19.19,19.76,20.33,20.9,21.17,21.44,21.71,21.98,22.12,22.26,22.4,22.54,22.8,23.06,23.32,23.57,23.76,23.95,24.14,24.33,24.44,24.55,24.65,24.76,24.09,23.42,22.75,22.09,22.33,22.57,22.82,23.06,23.07,23.08,23.08,23.09,22.85,22.61,22.37,22.14,21.92,21.71,21.49,21.28,21.05,20.82,20.6,20.37,20.09,19.81,19.52,19.24,18.99,18.73,18.47,18.21,18.07,17.92,17.78,17.63,17.44,17.26,17.07,16.88,16.71,16.53,16.35,16.17,16.05,15.93,15.81,15.69,15.54,15.39,15.24,15.09,15.04,14.99,14.94,14.88,15.01,15.14,15.26,15.39,15.6,15.81,16.02,16.23,16.46,16.69,16.93,17.16,17.34,17.53,17.71,17.9,18.14,18.39,18.63,18.88,18.74,18.6,18.46,18.32,18.78,19.25,19.72,20.18,19.54,18.9,18.26,17.62,17.63,17.64,17.66,17.67,17.65,17.63,17.61,17.59,17.79,18.0,18.21,18.41,18.59,18.77,18.95,19.13,19.13,19.14,19.14,19.14,18.99,18.84,18.68,18.53,,
2018-06-01T00:00:00+00:00,15.22,15.41,15.61,15.7,15.8,15.9,15.99,15.94,15.88,15.83,15.77,15.89,16.0,16.12,16.23,16.32,16.41,16.5,16.59,16.88,17.17,17.46,17.76,17.89,18.02,18.14,18.27,18.6,18.93,19.25,19.58,19.17,18.76,18.35,17.95,17.93,17.91,17.89,17.87,18.14,18.41,18.69,18.96,18.96,18.95,18.95,18.95,19.04,19.13,19.22,19.31,19.38,19.45,19.52,19.59,19.69,19.79,19.89,19.99,20.02,20.06,20.1,20.14,20.01,19.89,19.76,19.64,19.39,19.14,18.9,18.65,18.48,18.31,18.15,17.98,17.93,17.89,17.84,17.79,17.6,17.41,17.22,17.03,16.88,16.73,16.57,16.42,16.48,16.54,16.59,16.65,16.51,16.38,16.24,16.11,15.94,15.78,15.62,15.46,15.33,15.19,15.06,14.93,14.7,14.47,14.25,14.02,13.98,13.95,13.91,13.87,13.93,14.0,14.06,14.13,14.49,14.85,15.22,15.58,16.09,16.59,17.1,17.61,18.15,18.7,19.24,19.79,20.13,20.48,20.82,21.17,21.41,21.65,21.88,22.12,22.31,22.5,22.69,22.87,23.02,23.17,23.32,23.48,23.57,23.66,23.76,23.85,23.93,24.02,24.1,24.18,24.16,24.14,24.12,24.1,24.03,23.97,23.9,23.84,23.06,22.29,21.51,20.73,,
2018-06-02T00:00:00+00:00,15.9,15.84,15.78,15.84,15.91,15.97,16.04,15.88,15.72,15.57,15.41,15.37,15.34,15.3,15.26,15.5,15.74,15.97,16.21,16.39,16.57,16.75,16.93,17.1,17.27,17.43,17.6,17.86,18.13,18.39,18.65,18.83,19.01,19.19,19.37,19.65,19.92,20.2,20.47,20.64,20.81,20.97,21.14,21.39,21.64,21.9,22.15,22.31,22.46,22.62,22.77,22.83,22.89,22.94,23.0,23.04,23.09,23.14,23.19,23.15,23.12,23.09,23.06,22.89,22.72,22.55,22.38,22.11,21.84,21.57,21.31,21.23,21.15,21.07,20.99,20.78,20.58,20.37,20.16,20.17,20.18,20.2,20.21,20.09,19.96,19.84,19.72,19.71,19.69,19.67,19.66,19.43,19.21,18.99,18.76,18.7,18.63,18.57,18.5,18.37,18.23,18.1,17.96,17.83,17.7,17.57,17.43,17.35,17.26,17.17,17.09,17.29,17.49,17.7,17.9,17.93,17.96,17.99,18.02,18.3,18.58,18.86,19.14,19.65,20.16,20.67,21.18,21.75,22.32,22.89,23.47,23.68,23.88,24.09,24.3,24.53,24.75,24.97,25.2,25.38,25.57,25.75,25.93,25.94,25.95,25.95,25.96,25.93,25.9,25.87,25.84,25.75,25.67,25.58,25.49,25.41,25.34,25.27,25.19,24.99,24.79,24.59,24.39,,
2018-06-03T00:00:00+00:00,16.31,16.24,16.16,16.04,15.91,15.79,15.66,15.57,15.48,15.39,15.3,15.46,15.63,15.79,15.95,16.37,16.79,17.2,17.62,17.95,18.28,18.61,18.94,19.33,19.73,20.12,20.52,20.94,21.37,21.79,22.22,22.51,22.8,23.1,23.39,23.49,23.58,23.67,23.76,23.85,23.95,24.04,24.13,24.14,24.15,24.16,24.16,24.42,24.67,24.92,25.18,25.33,25.47,25.62,25.77,25.72,25.67,25.61,25.56,25.43,25.3,25.17,25.04,24.86,24.67,24.49,24.31,24.03,23.76,23.48,23.21,22.97,22.72,22.48,22.24,22.05,21.85,21.66,21.47,21.28,21.09,20.91,20.72,20.61,20.5,20.38,20.27,20.15,20.04,19.92,19.8,19.64,19.49,19.33,19.17,19.04,18.9,18.77,18.64,18.65,18.65,18.66,18.67,18.6,18.53,18.45,18.38,18.38,18.39,18.4,18.4,18.53,18.66,18.78,18.91,18.82,18.74,18.65,18.56,18.49,18.41,18.33,18.26,18.23,18.2,18.17,18.14,18.39,18.65,18.9,19.16,18.92,18.68,18.44,18.2,18.23,18.25,18.27,18.29,18.55,18.8,19.05,19.31,20.02,20.73,21.45,22.16,22.34,22.52,22.7,22.89,22.93,22.96,23.0,23.04,22.86,22.67,22.49,22.3,22.22,22.13,22.04,21.95,,
2018-06-04T00:00:00+00:00,18.82,18.57,18.31,18.29,18.27,18.25,18.23,18.18,18.14,18.1,18.05,18.05,18.06,18.06,18.06,18.13,18.2,18.28,18.35,18.37,18.4,18.42,18.45,18.67,18.9,19.12,19.35,19.68,20.01,20.35,20.68,21.18,21.68,22.17,22.67,22.94,23.22,23.49,23.76,24.09,24.42,24.75,25.08,25.21,25.35,25.49,25.63,25.59,25.56,25.52,25.48,25.44,25.39,25.35,25.31,25.28,25.26,25.24,25.21,24.88,24.54,24.2,23.87,23.81,23.74,23.68,23.62,23.23,22.83,22.44,22.05,21.83,21.62,21.41,21.2,20.9,20.59,20.29,19.98,19.83,19.68,19.53,19.38,19.36,19.33,19.31,19.28,19.07,18.86,18.64,18.43,18.32,18.22,18.11,18.0,17.95,17.89,17.84,17.78,17.68,17.58,17.47,17.37,17.21,17.06,16.9,16.74,16.82,16.89,16.97,17.05,17.15,17.24,17.34,17.44,17.55,17.67,17.78,17.89,18.2,18.51,18.81,19.12,19.41,19.7,20.0,20.29,20.54,20.79,21.04,21.28,20.63,19.97,19.31,18.65,18.6,18.55,18.5,18.45,18.45,18.45,18.45,18.46,18.57,18.69,18.81,18.93,18.95,18.96,18.98,19.0,19.41,19.82,20.24,20.65,20.86,21.07,21.28,21.48,21.32,21.16,21.0,20.84,,
2018-06-05T00:00:00+00:00
2018-06-06T00:00:00+00:00,15.89,15.75,15.61,15.47,15.33,15.18,15.04,15.02,14.99,14.97,14.95,14.82,14.68,14.54,14.41,14.45,14.48,14.52,14.56,14.61,14.66,14.72,14.77,14.76,14.76,14.76,14.75,14.85,14.95,15.05,15.15,15.28,15.41,15.54,15.66,16.13,16.59,17.06,17.52,18.25,18.98,19.71,20.44,20.83,21.23,21.63,22.02,22.32,22.62,22.92,23.21,23.49,23.77,24.04,24.32,24.54,24.75,24.97,25.19,25.05,24.91,24.77,24.63,23.19,21.75,20.32,18.88,18.84,18.79,18.75,18.7,18.7,18.7,18.69,18.69,18.53,18.37,18.21,18.05,18.0,17.95,17.9,17.84,17.74,17.64,17.54,17.43,17.36,17.28,17.2,17.12,16.96,16.8,16.65,16.49,16.33,16.17,16.01,15.85,15.64,15.44,15.23,15.02,14.74,14.45,14.17,13.89,14.0,14.12,14.23,14.35,14.54,14.73,14.92,15.11,15.46,15.81,16.16,16.51,16.87,17.23,17.59,17.95,18.3,18.65,19.0,19.36,19.72,20.09,20.45,20.82,21.12,21.42,21.72,22.01,22.23,22.45,22.67,22.89,23.0,23.11,23.22,23.32,23.27,23.21,23.16,23.1,23.11,23.12,23.12,23.13,23.14,23.15,23.15,23.16,23.15,23.13,23.12,23.11,22.95,22.8,22.65,22.5,,
2018-06-07T00:00:00+00:00
2018-06-08T00:00:00+00:00,16.3,16.23,16.16,16.05,15.93,15.82,15.71,15.61,15.51,15.42,15.32,15.47,15.63,15.79,15.95,16.21,16.48,16.74,17.0,17.41,17.82,18.23,18.64,19.03,19.42,19.82,20.21,20.52,20.83,21.14,21.44,21.74,22.04,22.33,22.63,22.88,23.12,23.37,23.62,23.99,24.36,24.73,25.1,25.28,25.46,25.64,25.82,25.91,26.0,26.1,26.19,26.18,26.18,26.18,26.17,26.09,26.0,25.92,25.84,25.65,25.47,25.28,25.09,24.91,24.73,24.55,24.36,24.07,23.78,23.49,23.2,22.92,22.65,22.37,22.1,21.94,21.78,21.62,21.46,21.33,21.19,21.06,20.92,20.78,20.64,20.5,20.36,20.12,19.88,19.65,19.41,19.25,19.09,18.93,18.77,18.68,18.58,18.49,18.39,18.28,18.17,18.06,17.95,17.85,17.75,17.66,17.56,17.63,17.7,17.77,17.84,18.06,18.29,18.51,18.74,19.09,19.44,19.8,20.15,20.5,20.84,21.19,21.54,21.99,22.43,22.88,23.33,23.83,24.33,24.83,25.33,25.35,25.37,25.39,25.41,25.61,25.82,26.02,26.22,26.24,26.25,26.27,26.28,26.59,26.9,27.21,27.52,27.29,27.06,26.83,26.59,26.18,25.76,25.35,24.93,23.71,22.49,21.28,20.06,20.28,20.49,20.71,20.93,,
2018-06-09T00:00:00+00:00,17.37,17.19,17.01,16.83,16.65,16.48,16.3,16.26,16.23,16.19,16.16,16.14,16.13,16.11,16.09,16.14,16.19,16.23,16.28,16.51,16.75,16.99,17.23,17.68,18.13,18.59,19.04,19.57,20.1,20.62,21.15,21.62,22.09,22.56,23.04,23.45,23.86,24.28,24.69,25.01,25.33,25.65,25.97,26.24,26.51,26.78,27.05,27.2,27.34,27.49,27.63,27.63,27.63,27.63,27.63,27.41,27.19,26.96,26.74,25.8,24.86,23.93,22.99,22.8,22.61,22.42,22.23,21.83,21.43,21.03,20.63,20.48,20.33,20.18,20.03,19.8,19.57,19.34,19.11,19.03,18.95,18.87,18.79,18.8,18.8,18.81,18.81,18.76,18.7,18.65,18.6,18.62,18.65,18.68,18.71,18.69,18.67,18.65,18.64,18.55,18.47,18.39,18.31,18.11,17.91,17.71,17.51,17.54,17.56,17.59,17.62,17.97,18.32,18.67,19.02,19.35,19.68,20.01,20.34,20.6,20.86,21.12,21.38,21.72,22.06,22.41,22.75,23.38,24.0,24.63,25.25,25.51,25.76,26.02,26.28,26.42,26.57,26.72,26.87,27.09,27.31,27.54,27.76,27.63,27.5,27.36,27.23,26.96,26.69,26.41,26.14,25.46,24.77,24.09,23.4,22.99,22.58,22.16,21.75,21.79,21.84,21.88,21.93,,
2018-06-10T00:00:00+00:00,17.51,17.43,17.35,17.23,17.1,16.98,16.86,16.79,16.72,16.66,16.59,16.65,16.71,16.77,16.83,16.93,17.03,17.14,17.24,17.36,17.49,17.62,17.74,18.1,18.46,18.82,19.18,19.54,19.9,20.26,20.62,21.07,21.53,21.98,22.44,22.8,23.16,23.52,23.88,24.04,24.2,24.36,24.52,24.17,23.82,23.47,23.12,23.41,23.7,23.99,24.28,24.21,24.14,24.08,24.01,23.28,22.54,21.81,21.08,20.84,20.6,20.36,20.12,20.37,20.62,20.87,21.12,21.09,21.06,21.03,21.0,20.94,20.88,20.82,20.76,20.7,20.64,20.59,20.53,20.36,20.19,20.02,19.85,19.58,19.3,19.03,18.75,18.85,18.94,19.04,19.13,18.99,18.84,18.7,18.55,18.39,18.23,18.06,17.9,17.8,17.71,17.62,17.53,17.52,17.51,17.5,17.5,17.59,17.68,17.78,17.87,17.93,18.0,18.06,18.12,18.16,18.2,18.24,18.28,18.41,18.54,18.67,18.8,19.15,19.5,19.85,20.2,20.31,20.41,20.51,20.62,20.69,20.75,20.82,20.89,21.06,21.22,21.39,21.55,21.33,21.11,20.89,20.67,20.76,20.84,20.92,21.0,20.78,20.55,20.32,20.1,19.95,19.79,19.64,19.49,19.8,20.1,20.4,20.71,20.73,20.75,20.77,20.8,,
2018-06-11T00:00:00+00:00,17.98,18.07,18.16,18.15,18.14,18.14,18.13,18.06,17.98,17.9,17.83,17.83,17.84,17.85,17.86,17.94,18.03,18.11,18.19,18.18,18.16,18.15,18.13,18.27,18.41,18.55,18.68,18.77,18.86,18.95,19.04,19.29,19.54,19.79,20.04,20.2,20.36,20.51,20.67,20.44,20.22,19.99,19.76,20.17,20.58,20.99,21.4,21.31,21.22,21.14,21.05,20.54,20.02,19.51,19.0,19.43,19.85,20.28,20.71,20.59,20.47,20.36,20.24,20.15,20.06,19.97,19.89,19.82,19.75,19.68,19.61,19.5,19.38,19.27,19.15,19.06,18.97,18.88,18.79,18.71,18.62,18.53,18.45,18.36,18.27,18.19,18.1,18.0,17.9,17.79,17.69,17.63,17.57,17.5,17.44,17.33,17.21,17.09,16.97,16.8,16.63,16.46,16.29,16.12,15.95,15.79,15.62,15.5,15.39,15.27,15.16,15.19,15.22,15.25,15.28,15.34,15.4,15.46,15.52,15.61,15.7,15.8,15.89,15.99,16.08,16.18,16.28,16.34,16.39,16.45,16.51,16.7,16.89,17.08,17.28,17.68,18.08,18.48,18.88,19.1,19.33,19.55,19.78,19.81,19.83,19.86,19.89,20.03,20.17,20.3,20.44,20.58,20.73,20.87,21.01,20.89,20.76,20.63,20.51,20.48,20.46,20.43,20.4,,
2018-06-12T00:00:00+00:00,17.02,16.89,16.76,16.75,16.74,16.72,16.71,16.72,16.73,16.74,16.74,16.76,16.78,16.79,16.81,16.82,16.82,16.83,16.84,16.84,16.83,16.83,16.83,16.77,16.71,16.65,16.59,16.37,16.15,15.93,15.71,15.63,15.54,15.46,15.37,15.29,15.22,15.14,15.06,15.26,15.46,15.66,15.86,16.06,16.26,16.47,16.67,16.79,16.92,17.04,17.17,17.31,17.46,17.6,17.75,18.01,18.27,18.53,18.79,18.92,19.06,19.19,19.33,19.02,18.71,18.4,18.09,17.95,17.8,17.66,17.51,17.41,17.3,17.19,17.08,16.7,16.33,15.96,15.58,15.31,15.04,14.77,14.5,14.25,14.01,13.76,13.52,13.29,13.06,12.82,12.59,12.38,12.18,11.97,11.76,11.59,11.42,11.26,11.09,10.96,10.83,10.7,10.57,10.45,10.32,10.2,10.07,10.1,10.13,10.16,10.19,10.34,10.5,10.65,10.8,10.99,11.17,11.36,11.54,11.87,12.2,12.52,12.85,13.23,13.6,13.97,14.35,14.73,15.1,15.48,15.85,16.26,16.67,17.08,17.49,17.81,18.13,18.45,18.77,19.02,19.26,19.5,19.74,19.89,20.04,20.19,20.34,20.39,20.44,20.48,20.53,20.48,20.44,20.39,20.35,20.27,20.19,20.1,20.02,19.86,19.7,19.54,19.38,,
2018-06-13T00:00:00+00:00,11.83,11.66,11.5,11.3,11.1,10.9,10.7,10.56,10.43,10.3,10.16,10.2,10.24,10.29,10.33,10.55,10.77,10.99,11.21,11.44,11.66,11.88,12.1,12.48,12.86,13.23,13.61,13.97,14.33,14.69,15.05,15.43,15.81,16.19,16.57,16.69,16.81,16.94,17.06,17.02,16.98,16.94,16.89,16.89,16.88,16.88,16.87,17.17,17.48,17.78,18.08,18.15,18.23,18.3,18.37,18.24,18.11,17.99,17.86,18.06,18.27,18.47,18.68,18.57,18.46,18.35,18.24,18.04,17.85,17.65,17.46,17.38,17.3,17.23,17.15,17.02,16.9,16.77,16.64,16.44,16.23,16.03,15.82,15.59,15.36,15.12,14.89,14.62,14.35,14.08,13.81,13.55,13.3,13.04,12.78,12.69,12.6,12.51,12.42,12.35,12.28,12.21,12.15,12.06,11.97,11.88,11.79,11.95,12.11,12.27,12.43,12.99,13.55,14.1,14.66,15.17,15.68,16.19,16.7,16.99,17.27,17.56,17.85,18.21,18.57,18.94,19.3,19.54,19.79,20.03,20.27,20.43,20.6,20.76,20.92,21.14,21.36,21.59,21.81,21.74,21.67,21.61,21.54,21.76,21.99,22.21,22.44,22.01,21.59,21.16,20.73,20.5,20.28,20.05,19.82,19.81,19.8,19.79,19.78,19.55,19.33,19.1,18.87,,
2018-06-14T00:00:00+00:00,11.12,10.99,10.87,10.83,10.79,10.74,10.7,10.8,10.91,11.01,11.11,11.16,11.2,11.24,11.29,11.65,12.0,12.36,12.72,13.13,13.55,13.96,14.38,14.76,15.15,15.53,15.91,16.28,16.65,17.02,17.39,17.65,17.91,18.17,18.43,18.7,18.96,19.23,19.49,19.65,19.8,19.96,20.11,20.26,20.4,20.54,20.69,20.33,19.97,19.62,19.26,19.09,18.92,18.75,18.57,18.28,17.98,17.68,17.38,17.23,17.09,16.94,16.8,16.63,16.46,16.3,16.13,16.07,16.01,15.95,15.89,15.83,15.78,15.72,15.66,15.62,15.58,15.54,15.5,15.48,15.47,15.45,15.44,15.38,15.32,15.26,15.2,15.0,14.79,14.59,14.38,14.35,14.32,14.3,14.27,14.27,14.28,14.29,14.3,14.28,14.26,14.24,14.23,14.06,13.9,13.74,13.58,13.32,13.06,12.8,12.54,12.68,12.82,12.95,13.09,13.37,13.65,13.93,14.22,14.6,14.97,15.35,15.73,16.15,16.56,16.97,17.38,17.77,18.15,18.54,18.93,19.28,19.63,19.98,20.33,20.52,20.72,20.91,21.1,21.22,21.34,21.46,21.58,21.7,21.82,21.94,22.06,22.09,22.11,22.13,22.15,22.1,22.05,22.01,21.96,21.94,21.91,21.89,21.87,21.71,21.56,21.4,21.24,,
2018-06-15T00:00:00+00:00,13.1,12.73,12.36,12.18,12.01,11.83,11.65,11.55,11.46,11.36,11.27,11.71,12.15,12.59,13.04,13.54,14.05,14.55,15.05,15.47,15.89,16.31,16.73,17.05,17.37,17.69,18.01,18.33,18.65,18.98,19.3,19.59,19.87,20.16,20.44,20.7,20.96,21.22,21.47,21.66,21.85,22.05,22.24,22.39,22.54,22.69,22.84,22.92,23.0,23.09,23.17,23.23,23.29,23.35,23.41,23.17,22.93,22.69,22.45,22.35,22.25,22.14,22.04,21.86,21.68,21.5,21.32,21.13,20.93,20.74,20.55,20.32,20.08,19.85,19.61,19.4,19.19,18.98,18.76,18.44,18.11,17.79,17.46,17.29,17.12,16.95,16.78,16.56,16.35,16.13,15.92,15.86,15.8,15.74,15.68,15.55,15.42,15.29,15.16,15.05,14.94,14.83,14.71,14.6,14.49,14.37,14.26,14.12,13.99,13.85,13.72,13.83,13.94,14.05,14.17,14.39,14.62,14.85,15.08,15.47,15.87,16.27,16.67,16.96,17.24,17.53,17.82,18.05,18.27,18.5,18.72,18.98,19.24,19.5,19.76,19.74,19.73,19.71,19.7,19.91,20.13,20.35,20.57,20.33,20.1,19.86,19.63,19.92,20.2,20.49,20.77,20.96,21.15,21.33,21.52,21.5,21.48,21.46,21.43,21.32,21.21,21.1,20.98,,
2018-06-16T00:00:00+00:00,14.32,14.17,14.01,13.87,13.72,13.57,13.43,13.39,13.35,13.31,13.27,13.33,13.4,13.46,13.52,13.69,13.85,14.02,14.18,14.46,14.74,15.02,15.29,15.72,16.15,16.57,17.0,17.41,17.82,18.23,18.64,18.9,19.16,19.42,19.68,19.89,20.1,20.3,20.51,20.71,20.91,21.1,21.3,21.43,21.56,21.69,21.82,21.87,21.92,21.97,22.02,21.98,21.93,21.89,21.84,21.75,21.67,21.58,21.5,21.44,21.39,21.34,21.28,20.88,20.47,20.06,19.66,19.55,19.44,19.34,19.23,18.93,18.63,18.33,18.02,17.82,17.62,17.42,17.21,17.08,16.94,16.8,16.67,16.59,16.51,16.43,16.36,16.18,16.0,15.83,15.65,15.56,15.47,15.38,15.29,15.26,15.23,15.2,15.17,14.99,14.81,14.63,14.46,14.27,14.09,13.91,13.73,13.72,13.71,13.69,13.68,13.83,13.98,14.12,14.27,14.32,14.37,14.41,14.46,14.55,14.63,14.71,14.8,15.14,15.49,15.84,16.19,16.41,16.63,16.85,17.07,17.31,17.54,17.78,18.02,18.26,18.5,18.74,18.99,19.14,19.3,19.46,19.62,19.71,19.8,19.89,19.98,20.01,20.05,20.09,20.13,20.15,20.16,20.18,20.2,20.16,20.13,20.1,20.07,19.89,19.72,19.54,19.37,,
2018-06-17T00:00:00+00:00,14.33,14.09,13.86,13.81,13.76,13.71,13.65,13.52,13.38,13.25,13.11,13.15,13.19,13.23,13.27,13.46,13.66,13.85,14.04,14.29,14.53,14.77,15.01,15.22,15.43,15.64,15.86,15.99,16.13,16.27,16.41,16.74,17.06,17.39,17.72,17.87,18.02,18.17,18.32,18.4,18.48,18.55,18.63,18.93,19.23,19.52,19.82,20.02,20.23,20.44,20.64,20.72,20.81,20.89,20.97,21.02,21.06,21.1,21.15,21.07,21.0,20.92,20.85,20.69,20.54,20.38,20.23,19.96,19.69,19.42,19.15,18.99,18.84,18.69,18.54,18.38,18.23,18.07,17.92,17.89,17.86,17.83,17.8,17.71,17.62,17.54,17.45,17.25,17.05,16.84,16.64,16.52,16.4,16.29,16.17,15.98,15.8,15.61,15.42,15.43,15.44,15.45,15.46,15.46,15.46,15.47,15.47,15.47,15.47,15.48,15.48,15.59,15.69,15.8,15.9,15.87,15.84,15.8,15.77,15.78,15.8,15.82,15.84,16.09,16.33,16.58,16.83,17.2,17.58,17.96,18.33,18.16,17.99,17.83,17.66,17.55,17.43,17.32,17.21,17.36,17.52,17.67,17.82,18.42,19.02,19.62,20.23,20.52,20.81,21.1,21.4,20.97,20.54,20.11,19.68,19.76,19.84,19.93,20.01,19.97,19.94,19.9,19.87,,
2018-06-18T00:00:00+00:00,15.39,15.24,15.09,15.12,15.15,15.18,15.21,15.24,15.28,15.31,15.34,15.3,15.26,15.22,15.18,15.23,15.28,15.33,15.38,15.61,15.84,16.07,16.31,16.56,16.82,17.08,17.33,17.65,17.97,18.28,18.6,18.74,18.88,19.02,19.16,19.22,19.29,19.35,19.41,19.49,19.58,19.66,19.74,19.87,19.99,20.11,20.23,20.52,20.8,21.09,21.37,21.55,21.73,21.91,22.09,22.08,22.08,22.08,22.08,22.1,22.13,22.16,22.19,22.12,22.05,21.98,21.91,21.71,21.52,21.33,21.14,20.8,20.46,20.12,19.78,19.41,19.04,18.67,18.29,18.07,17.84,17.61,17.38,17.16,16.94,16.72,16.49,16.29,16.09,15.88,15.68,15.51,15.34,15.17,15.0,14.9,14.81,14.72,14.62,14.75,14.88,15.0,15.13,15.21,15.3,15.38,15.47,15.52,15.57,15.63,15.68,15.78,15.89,15.99,16.1,16.19,16.28,16.38,16.47,16.73,16.99,17.25,17.51,17.63,17.74,17.86,17.97,18.08,18.19,18.29,18.4,18.71,19.02,19.33,19.64,20.1,20.56,21.02,21.47,21.8,22.13,22.46,22.79,22.98,23.18,23.37,23.57,23.66,23.75,23.85,23.94,23.96,23.97,23.99,24.01,23.96,23.9,23.85,23.8,23.61,23.41,23.22,23.02,,
2018-06-19T00:00:00+00:00,16.36,16.48,16.6,16.64,16.68,16.72,16.76,16.78,16.8,16.82,16.85,16.84,16.84,16.84,16.84,16.9,16.96,17.02,17.08,17.23,17.37,17.51,17.65,17.84,18.03,18.21,18.4,18.71,19.03,19.34,19.65,19.8,19.94,20.09,20.24,20.51,20.78,21.06,21.33,21.61,21.89,22.18,22.46,22.58,22.7,22.82,22.94,23.24,23.55,23.86,24.16,24.29,24.42,24.55,24.68,24.74,24.8,24.85,24.91,24.89,24.86,24.84,24.82,24.66,24.49,24.33,24.16,23.84,23.52,23.19,22.87,22.57,22.27,21.98,21.68,21.54,21.4,21.26,21.11,20.88,20.64,20.41,20.17,19.77,19.38,18.98,18.58,18.39,18.21,18.02,17.84,17.69,17.55,17.4,17.25,17.14,17.03,16.91,16.8,16.7,16.6,16.5,16.4,16.33,16.26,16.18,16.11,16.22,16.33,16.43,16.54,16.96,17.37,17.79,18.21,18.66,19.11,19.57,20.02,20.49,20.97,21.45,21.92,22.33,22.74,23.15,23.56,23.85,24.13,24.42,24.71,24.99,25.27,25.55,25.83,26.08,26.32,26.57,26.82,27.04,27.27,27.49,27.72,27.85,27.98,28.11,28.24,28.3,28.36,28.42,28.48,28.35,28.22,28.09,27.96,27.79,27.62,27.45,27.29,27.04,26.8,26.56,26.31,,
2018-06-20T00:00:00+00:00,16.01,15.94,15.86,15.84,15.81,15.79,15.76,15.68,15.6,15.52,15.45,15.5,15.55,15.6,15.66,15.83,16.0,16.17,16.34,16.67,17.0,17.33,17.66,18.14,18.62,19.09,19.57,20.11,20.64,21.18,21.71,22.15,22.58,23.01,23.44,23.76,24.07,24.39,24.7,24.92,25.14,25.35,25.57,25.76,25.95,26.14,26.33,26.45,26.58,26.71,26.84,26.82,26.8,26.79,26.77,26.75,26.73,26.72,26.7,26.58,26.47,26.35,26.24,26.07,25.9,25.74,25.57,25.25,24.93,24.61,24.29,23.95,23.62,23.29,22.95,22.65,22.34,22.03,21.73,21.52,21.31,21.1,20.89,20.69,20.5,20.3,20.1,19.89,19.68,19.47,19.26,19.19,19.12,19.05,18.98,18.82,18.65,18.48,18.32,17.98,17.64,17.31,16.97,16.65,16.32,15.99,15.67,15.55,15.44,15.32,15.2,15.39,15.58,15.76,15.95,16.09,16.23,16.37,16.51,16.7,16.89,17.08,17.27,17.63,17.99,18.36,18.72,18.94,19.17,19.4,19.62,19.75,19.88,20.0,20.13,20.24,20.34,20.45,20.55,20.59,20.63,20.67,20.71,20.7,20.68,20.67,20.66,20.48,20.31,20.14,19.96,19.8,19.63,19.46,19.29,19.13,18.96,18.79,18.62,18.28,17.94,17.59,17.25,,
2018-06-21T00:00:00+00:00,17.7,17.58,17.46,17.31,17.16,17.0,16.85,16.56,16.27,15.98,15.69,15.53,15.36,15.2,15.03,15.15,15.26,15.38,15.49,15.53,15.56,15.59,15.62,16.09,16.56,17.02,17.49,17.57,17.64,17.72,17.8,18.18,18.56,18.93,19.31,19.49,19.66,19.84,20.01,20.11,20.21,20.31,20.41,20.46,20.51,20.56,20.61,20.64,20.67,20.7,20.73,20.73,20.74,20.75,20.76,20.63,20.5,20.37,20.24,20.09,19.93,19.77,19.61,19.41,19.2,18.99,18.79,18.38,17.97,17.57,17.16,16.82,16.48,16.14,15.8,15.58,15.35,15.12,14.9,14.69,14.49,14.29,14.08,13.91,13.74,13.57,13.4,13.25,13.11,12.96,12.81,12.65,12.49,12.33,12.16,12.03,11.9,11.76,11.63,11.43,11.22,11.02,10.81,10.57,10.33,10.1,9.86,9.93,10.0,10.07,10.15,10.56,10.98,11.4,11.82,12.25,12.68,13.12,13.55,13.98,14.4,14.83,15.25,15.55,15.84,16.14,16.44,16.68,16.93,17.17,17.41,17.7,17.99,18.28,18.57,18.77,18.97,19.18,19.38,19.54,19.7,19.87,20.03,20.15,20.26,20.38,20.5,20.56,20.63,20.7,20.77,20.75,20.73,20.71,20.68,20.59,20.49,20.39,20.29,20.11,19.93,19.75,19.57,,
2018-06-22T00:00:00+00:00,10.69,10.5,10.31,10.14,9.98,9.81,9.64,9.36,9.07,8.79,8.5,8.5,8.5,8.5,8.49,8.97,9.44,9.91,10.38,10.87,11.36,11.85,12.34,12.77,13.19,13.62,14.04,14.5,14.95,15.41,15.86,16.2,16.54,16.87,17.21,17.52,17.84,18.16,18.47,18.68,18.88,19.09,19.29,19.48,19.67,19.86,20.04,20.15,20.25,20.36,20.46,20.51,20.57,20.62,20.67,20.66,20.66,20.65,20.64,20.49,20.34,20.18,20.03,19.8,19.57,19.34,19.11,18.79,18.48,18.17,17.85,17.49,17.13,16.76,16.4,16.17,15.95,15.72,15.49,15.28,15.08,14.88,14.67,14.46,14.24,14.03,13.82,13.58,13.35,13.12,12.88,12.64,12.39,12.15,11.9,11.69,11.48,11.27,11.05,10.89,10.72,10.56,10.39,10.22,10.06,9.89,9.73,9.78,9.83,9.89,9.94,10.32,10.69,11.07,11.45,11.85,12.25,12.65,13.05,13.54,14.03,14.53,15.02,15.5,15.98,16.45,16.93,17.35,17.77,18.19,18.61,18.94,19.27,19.59,19.92,20.15,20.37,20.59,20.81,21.02,21.22,21.43,21.63,21.75,21.88,22.0,22.12,22.11,22.11,22.1,22.09,22.01,21.94,21.86,21.79,21.76,21.72,21.69,21.66,21.53,21.4,21.27,21.14,,
2018-06-23T00:00:00+00:00,11.42,11.2,10.98,10.8,10.63,10.46,10.28,10.14,10.0,9.85,9.71,9.73,9.76,9.78,9.81,10.21,10.61,11.01,11.42,11.84,12.26,12.69,13.11,13.56,14.0,14.45,14.89,15.36,15.83,16.29,16.76,17.16,17.56,17.95,18.35,18.66,18.97,19.29,19.6,19.83,20.06,20.29,20.53,20.7,20.87,21.05,21.22,21.27,21.33,21.38,21.43,21.47,21.52,21.57,21.61,21.54,21.48,21.41,21.34,21.25,21.15,21.06,20.97,20.86,20.75,20.65,20.54,20.26,19.97,19.69,19.41,19.14,18.87,18.6,18.33,18.08,17.84,17.6,17.36,17.1,16.85,16.6,16.35,16.2,16.06,15.91,15.77,15.7,15.64,15.58,15.52,15.48,15.44,15.41,15.37,15.17,14.97,14.76,14.56,14.26,13.96,13.66,13.35,13.14,12.93,12.73,12.52,12.59,12.67,12.75,12.83,13.31,13.79,14.28,14.76,15.25,15.73,16.22,16.71,17.19,17.67,18.16,18.64,19.08,19.51,19.95,20.38,20.71,21.04,21.37,21.7,21.88,22.06,22.24,22.42,22.65,22.88,23.1,23.33,23.39,23.45,23.51,23.57,23.59,23.61,23.62,23.64,23.62,23.59,23.57,23.54,23.48,23.41,23.34,23.28,23.14,23.01,22.87,22.74,22.56,22.38,22.21,22.03,,
2018-06-24T00:00:00+00:00,13.72,13.64,13.57,13.48,13.39,13.3,13.21,13.18,13.15,13.12,13.1,13.09,13.09,13.08,13.08,13.52,13.97,14.41,14.85,15.24,15.63,16.02,16.41,16.89,17.37,17.85,18.33,18.67,19.01,19.35,19.7,20.03,20.37,20.7,21.03,21.24,21.45,21.66,21.87,22.03,22.18,22.33,22.48,22.62,22.75,22.88,23.01,23.07,23.13,23.19,23.25,23.25,23.25,23.25,23.25,23.18,23.12,23.05,22.98,22.87,22.75,22.64,22.52,22.33,22.15,21.96,21.77,21.52,21.27,21.02,20.77,20.45,20.13,19.81,19.49,19.25,19.02,18.79,18.55,18.35,18.14,17.93,17.73,17.56,17.39,17.22,17.05,16.85,16.65,16.46,16.26,16.03,15.8,15.57,15.34,15.15,14.95,14.75,14.56,14.4,14.24,14.09,13.93,13.78,13.63,13.49,13.34,13.36,13.39,13.41,13.44,13.72,14.01,14.3,14.59,14.95,15.31,15.67,16.03,16.42,16.82,17.21,17.61,17.99,18.38,18.76,19.15,19.52,19.89,20.27,20.64,20.94,21.24,21.54,21.85,22.15,22.45,22.75,23.05,23.25,23.46,23.67,23.88,24.04,24.21,24.37,24.53,24.62,24.71,24.8,24.89,24.89,24.88,24.87,24.86,24.75,24.65,24.54,24.44,24.22,24.0,23.78,23.56,,
2018-06-25T00:00:00+00:00,14.46,14.3,14.15,13.97,13.8,13.62,13.45,13.32,13.18,13.04,12.91,13.0,13.08,13.17,13.26,13.55,13.84,14.14,14.43,14.79,15.15,15.51,15.87,16.22,16.58,16.94,17.29,17.66,18.03,18.4,18.77,19.12,19.48,19.83,20.18,20.53,20.88,21.23,21.58,21.88,22.18,22.48,22.79,23.03,23.27,23.51,23.75,23.93,24.11,24.29,24.46,24.57,24.67,24.77,24.87,24.87,24.87,24.87,24.87,24.79,24.72,24.64,24.56,24.31,24.06,23.81,23.56,23.27,22.97,22.67,22.38,22.11,21.84,21.58,21.31,21.15,20.99,20.83,20.67,20.53,20.39,20.26,20.12,19.95,19.79,19.62,19.46,19.31,19.16,19.01,18.86,18.67,18.48,18.29,18.09,17.92,17.74,17.56,17.38,17.22,17.06,16.9,16.74,16.59,16.45,16.3,16.16,16.18,16.2,16.22,16.24,16.62,17.01,17.39,17.77,18.17,18.57,18.97,19.37,19.77,20.16,20.55,20.94,21.3,21.66,22.02,22.37,22.69,23.01,23.32,23.64,23.91,24.19,24.46,24.74,24.97,25.21,25.45,25.69,25.86,26.04,26.21,26.39,26.5,26.61,26.71,26.82,26.92,27.01,27.1,27.2,27.22,27.24,27.26,27.28,27.19,27.09,26.99,26.89,26.6,26.31,26.01,25.72,,
2018-06-26T00:00:00+00:00,16.11,16.03,15.96,15.82,15.69,15.55,15.42,15.27,15.12,14.96,14.81,14.82,14.82,14.83,14.84,15.22,15.61,16.0,16.38,16.81,17.24,17.67,18.1,18.56,19.01,19.47,19.92,20.33,20.74,21.16,21.57,21.94,22.32,22.69,23.07,23.43,23.79,24.14,24.5,24.82,25.13,25.45,25.76,25.95,26.14,26.33,26.52,26.61,26.71,26.8,26.9,26.94,26.99,27.03,27.08,27.06,27.04,27.02,26.99,26.87,26.75,26.63,26.51,26.24,25.97,25.7,25.43,25.0,24.58,24.16,23.74,23.35,22.95,22.56,22.17,21.95,21.72,21.5,21.28,21.08,20.88,20.69,20.49,20.31,20.13,19.94,19.76,19.57,19.37,19.18,18.98,18.8,18.61,18.43,18.24,18.08,17.91,17.75,17.58,17.43,17.27,17.12,16.97,16.84,16.71,16.58,16.45,16.49,16.53,16.57,16.61,16.95,17.3,17.64,17.99,18.37,18.75,19.14,19.52,19.92,20.33,20.73,21.14,21.64,22.15,22.66,23.17,23.65,24.13,24.61,25.09,25.41,25.72,26.04,26.36,26.63,26.9,27.17,27.44,27.63,27.82,28.01,28.2,28.33,28.46,28.59,28.72,28.78,28.84,28.9,28.96,28.95,28.94,28.93,28.92,28.82,28.73,28.63,28.54,28.37,28.2,28.03,27.86,,
2018-06-27T00:00:00+00:00,16.53,16.3,16.08,15.94,15.8,15.66,15.52,15.4,15.27,15.14,15.02,15.1,15.18,15.26,15.34,15.71,16.08,16.45,16.82,17.27,17.71,18.16,18.6,19.09,19.59,20.08,20.58,21.09,21.61,22.13,22.64,23.16,23.67,24.19,24.7,25.14,25.58,26.01,26.45,26.7,26.95,27.2,27.46,27.66,27.86,28.06,28.26,28.38,28.5,28.62,28.75,28.78,28.82,28.86,28.9,28.87,28.83,28.8,28.77,28.67,28.58,28.48,28.39,28.11,27.83,27.55,27.27,26.79,26.32,25.84,25.37,25.14,24.91,24.68,24.45,24.26,24.07,23.87,23.68,23.51,23.33,23.16,22.98,22.82,22.66,22.5,22.34,22.14,21.95,21.75,21.55,21.35,21.15,20.95,20.75,20.6,20.44,20.29,20.14,19.97,19.81,19.64,19.47,19.29,19.11,18.92,18.74,18.66,18.57,18.49,18.41,18.66,18.92,19.18,19.44,19.78,20.12,20.47,20.81,21.16,21.51,21.87,22.22,22.63,23.03,23.44,23.84,24.2,24.55,24.9,25.26,25.48,25.69,25.91,26.13,26.25,26.37,26.5,26.62,26.8,26.97,27.15,27.32,27.4,27.48,27.56,27.63,27.67,27.7,27.73,27.76,27.74,27.72,27.7,27.69,27.51,27.33,27.16,26.98,26.88,26.78,26.68,26.58,,
2018-06-28T00:00:00+00:00,18.73,18.49,18.24,18.03,17.83,17.62,17.41,17.23,17.05,16.87,16.69,16.75,16.81,16.86,16.92,17.29,17.66,18.03,18.4,18.76,19.12,19.48,19.83,20.25,20.67,21.09,21.5,22.03,22.56,23.09,23.62,23.93,24.24,24.55,24.86,25.04,25.22,25.41,25.59,25.79,26.0,26.2,26.4,26.59,26.77,26.96,27.15,27.27,27.4,27.53,27.66,27.71,27.75,27.8,27.84,27.81,27.77,27.74,27.7,27.63,27.56,27.49,27.42,27.28,27.13,26.99,26.85,26.65,26.45,26.25,26.06,25.75,25.44,25.13,24.82,24.51,24.19,23.88,23.56,23.44,23.32,23.21,23.09,22.96,22.82,22.69,22.56,22.41,22.26,22.11,21.96,21.78,21.6,21.42,21.24,21.1,20.96,20.81,20.67,20.52,20.36,20.21,20.05,19.86,19.68,19.49,19.3,19.27,19.24,19.21,19.19,19.49,19.79,20.09,20.39,20.81,21.23,21.66,22.08,22.46,22.83,23.2,23.58,24.04,24.5,24.97,25.43,25.84,26.24,26.64,27.05,27.24,27.44,27.63,27.83,28.05,28.27,28.49,28.71,28.92,29.13,29.33,29.54,29.63,29.72,29.81,29.9,29.94,29.97,30.0,30.04,30.07,30.1,30.13,30.16,30.09,30.03,29.96,29.89,29.7,29.5,29.31,29.11,,
2018-06-29T00:00:00+00:00,19.32,19.1,18.89,18.74,18.58,18.43,18.27,18.16,18.04,17.93,17.82,17.84,17.87,17.89,17.92,18.21,18.5,18.79,19.08,19.55,20.01,20.47,20.93,21.42,21.91,22.4,22.89,23.35,23.81,24.27,24.73,25.08,25.44,25.8,26.15,26.38,26.6,26.82,27.04,27.32,27.6,27.88,28.16,28.34,28.52,28.7,28.89,28.84,28.78,28.73,28.68,28.8,28.92,29.04,29.16,29.17,29.18,29.19,29.2,29.21,29.22,29.22,29.23,29.04,28.84,28.65,28.46,28.1,27.75,27.4,27.04,26.82,26.59,26.37,26.14,26.07,26.01,25.94,25.87,25.79,25.7,25.61,25.53,25.15,24.77,24.39,24.01,23.8,23.59,23.38,23.17,22.95,22.73,22.51,22.28,22.12,21.96,21.8,21.64,21.47,21.3,21.13,20.96,20.79,20.63,20.47,20.3,20.29,20.28,20.26,20.25,20.53,20.8,21.08,21.36,21.76,22.16,22.56,22.96,23.41,23.87,24.32,24.78,25.27,25.76,26.26,26.75,27.22,27.68,28.15,28.62,28.91,29.21,29.51,29.8,30.02,30.23,30.44,30.66,30.78,30.91,31.03,31.16,31.29,31.43,31.56,31.7,31.79,31.89,31.98,32.08,32.1,32.12,32.14,32.16,32.11,32.06,32.0,31.95,31.79,31.63,31.48,31.32,,
2018-06-30T00:00:00+00:00,20.16,19.95,19.75,19.53,19.31,19.1,18.88,18.73,18.59,18.44,18.29,18.31,18.32,18.34,18.36,18.66,18.97,19.28,19.58,20.01,20.43,20.85,21.27,21.77,22.28,22.78,23.29,23.75,24.21,24.67,25.13,25.58,26.03,26.48,26.94,27.31,27.68,28.05,28.42,28.71,28.99,29.27,29.56,29.8,30.05,30.3,30.54,30.67,30.79,30.91,31.04,31.13,31.22,31.32,31.41,31.45,31.48,31.52,31.55,31.53,31.51,31.49,31.46,31.32,31.18,31.04,30.9,30.69,30.47,30.26,30.04,29.77,29.49,29.22,28.95,28.72,28.49,28.26,28.03,27.8,27.56,27.32,27.09,26.83,26.57,26.31,26.06,25.65,25.25,24.85,24.44,24.49,24.53,24.58,24.62,24.39,24.16,23.93,23.69,23.56,23.43,23.3,23.16,23.11,23.05,22.99,22.94,22.99,23.04,23.09,23.14,23.36,23.57,23.79,24.0,24.26,24.52,24.77,25.03,25.43,25.83,26.24,26.64,27.19,27.75,28.31,28.87,29.28,29.7,30.12,30.54,30.84,31.14,31.44,31.74,31.74,31.74,31.75,31.75,32.36,32.98,33.59,34.21,33.51,32.81,32.11,31.42,31.75,32.07,32.4,32.73,32.72,32.7,32.68,32.67,32.8,32.94,33.07,33.2,33.12,33.04,32.95,32.87,,
2018-07-01T00:00:00+00:00,22.25,22.15,22.05,21.97,21.9,21.83,21.76,21.65,21.54,21.43,21.32,21.36,21.4,21.45,21.49,21.8,22.11,22.43,22.74,22.98,23.22,23.46,23.7,24.06,24.42,24.78,25.15,25.62,26.1,26.58,27.06,27.43,27.81,28.18,28.56,28.81,29.06,29.31,29.56,29.83,30.11,30.39,30.66,30.99,31.32,31.65,31.97,32.12,32.26,32.4,32.55,32.28,32.02,31.75,31.49,31.69,31.9,32.11,32.31,32.34,32.37,32.39,32.42,32.11,31.8,31.5,31.19,31.09,30.99,30.89,30.79,29.84,28.88,27.93,26.98,27.35,27.72,28.09,28.47,28.25,28.03,27.81,27.59,27.42,27.25,27.07,26.9,26.68,26.46,26.24,26.02,25.76,25.51,25.25,25.0,24.87,24.75,24.63,24.5,23.89,23.28,22.67,22.06,21.87,21.67,21.48,21.28,21.19,21.1,21.01,20.92,21.19,21.46,21.73,22.0,22.18,22.36,22.54,22.72,22.81,22.91,23.0,23.1,23.6,24.11,24.62,25.13,25.43,25.73,26.03,26.34,26.71,27.08,27.45,27.82,27.98,28.14,28.3,28.46,28.68,28.91,29.13,29.35,29.53,29.71,29.89,30.07,30.24,30.4,30.57,30.73,30.82,30.91,31.0,31.09,30.99,30.89,30.78,30.68,30.49,30.3,30.11,29.92,,
2018-07-02T00:00:00+00:00,22.26,22.06,21.86,21.77,21.68,21.6,21.51,21.3,21.08,20.87,20.66,20.53,20.41,20.29,20.16,20.29,20.42,20.55,20.68,20.98,21.28,21.58,21.89,22.14,22.4,22.66,22.92,23.24,23.56,23.88,24.2,24.41,24.61,24.82,25.03,25.38,25.74,26.1,26.45,26.82,27.19,27.55,27.92,27.22,26.52,25.82,25.12,25.35,25.58,25.82,26.05,26.24,26.42,26.61,26.8,27.05,27.3,27.56,27.81,27.92,28.02,28.13,28.23,27.8,27.36,26.93,26.49,26.35,26.22,26.08,25.94,25.67,25.4,25.13,24.86,24.69,24.52,24.35,24.18,24.09,24.01,23.93,23.84,23.51,23.18,22.85,22.53,22.33,22.14,21.95,21.75,21.58,21.4,21.23,21.05,20.89,20.72,20.55,20.38,20.24,20.1,19.96,19.82,19.71,19.6,19.49,19.39,19.41,19.43,19.46,19.48,19.77,20.06,20.34,20.63,21.06,21.48,21.91,22.33,22.67,23.01,23.34,23.68,23.91,24.14,24.37,24.6,25.05,25.49,25.93,26.37,26.62,26.87,27.12,27.37,27.47,27.57,27.68,27.78,27.98,28.18,28.39,28.59,28.75,28.91,29.07,29.23,29.3,29.37,29.44,29.5,29.53,29.57,29.6,29.63,29.53,29.43,29.33,29.23,29.01,28.79,28.57,28.35,,
2018-07-03T00:00:00+00:00,18.9,18.75,18.61,18.51,18.41,18.31,18.22,18.08,17.94,17.8,17.66,17.65,17.64,17.63,17.61,17.93,18.25,18.56,18.88,19.37,19.86,20.34,20.83,21.37,21.9,22.44,22.97,23.4,23.83,24.25,24.68,25.01,25.35,25.68,26.02,26.3,26.59,26.88,27.17,27.45,27.72,27.99,28.26,28.48,28.7,28.91,29.13,29.24,29.35,29.45,29.56,29.58,29.6,29.62,29.65,29.66,29.67,29.68,29.69,29.66,29.64,29.62,29.6,29.47,29.35,29.22,29.1,28.89,28.67,28.46,28.25,28.0,27.76,27.52,27.27,26.79,26.31,25.83,25.35,25.33,25.31,25.3,25.28,25.07,24.85,24.64,24.42,24.13,23.84,23.55,23.26,22.98,22.71,22.43,22.16,21.96,21.77,21.58,21.39,21.18,20.97,20.77,20.56,20.42,20.29,20.15,20.02,20.05,20.09,20.13,20.17,20.58,20.99,21.4,21.81,22.28,22.74,23.21,23.68,24.1,24.52,24.94,25.36,25.74,26.12,26.49,26.87,27.1,27.33,27.56,27.79,27.94,28.09,28.24,28.39,27.23,26.07,24.91,23.74,23.84,23.94,24.03,24.13,24.59,25.05,25.51,25.97,26.14,26.32,26.49,26.67,26.32,25.96,25.61,25.26,25.62,25.99,26.35,26.71,26.89,27.07,27.26,27.44,,
2018-07-04T00:00:00+00:00,19.6,19.41,19.22,19.04,18.87,18.7,18.53,18.43,18.33,18.22,18.12,18.19,18.26,18.33,18.39,18.77,19.14,19.52,19.89,20.34,20.78,21.23,21.67,22.12,22.56,23.01,23.45,23.82,24.19,24.57,24.94,25.15,25.35,25.56,25.77,26.11,26.44,26.78,27.11,27.28,27.45,27.62,27.79,27.4,27.02,26.64,26.26,26.85,27.44,28.04,28.63,28.71,28.79,28.87,28.95,29.02,29.09,29.16,29.23,29.18,29.14,29.09,29.04,28.85,28.65,28.46,28.26,27.9,27.55,27.19,26.83,26.53,26.23,25.93,25.63,25.31,24.99,24.67,24.35,24.14,23.93,23.72,23.5,23.34,23.18,23.02,22.86,22.8,22.74,22.67,22.61,22.4,22.2,22.0,21.79,21.06,20.33,19.6,18.87,18.94,19.01,19.08,19.16,19.09,19.03,18.96,18.9,18.82,18.75,18.67,18.59,18.32,18.04,17.77,17.5,17.58,17.66,17.74,17.83,17.78,17.73,17.68,17.63,17.61,17.59,17.57,17.55,17.85,18.16,18.47,18.78,19.29,19.81,20.32,20.83,20.93,21.02,21.12,21.22,21.48,21.74,22.0,22.27,22.54,22.81,23.07,23.34,23.55,23.76,23.97,24.17,24.17,24.17,24.17,24.16,23.99,23.81,23.63,23.45,23.26,23.06,22.86,22.66,,
2018-07-05T00:00:00+00:00
2018-07-06T00:00:00+00:00,16.49,16.31,16.13,16.0,15.87,15.74,15.6,15.5,15.4,15.3,15.2,15.29,15.38,15.47,15.56,15.96,16.36,16.75,17.15,17.63,18.11,18.59,19.08,19.57,20.07,20.56,21.06,21.53,22.01,22.48,22.95,23.37,23.78,24.2,24.62,24.92,25.23,25.53,25.84,26.1,26.36,26.63,26.89,27.05,27.22,27.38,27.54,27.67,27.8,27.92,28.05,28.02,27.99,27.96,27.93,27.84,27.74,27.65,27.55,27.74,27.93,28.12,28.31,28.15,27.98,27.82,27.66,27.52,27.38,27.24,27.1,26.8,26.5,26.19,25.89,25.32,24.75,24.18,23.61,23.33,23.06,22.79,22.52,22.29,22.05,21.82,21.59,21.45,21.31,21.16,21.02,20.93,20.83,20.74,20.64,20.5,20.36,20.21,20.07,19.98,19.89,19.8,19.71,19.61,19.51,19.41,19.31,19.37,19.44,19.51,19.57,20.1,20.64,21.17,21.7,22.21,22.73,23.25,23.76,24.25,24.73,25.21,25.7,26.07,26.44,26.82,27.19,27.46,27.74,28.01,28.28,28.44,28.6,28.75,28.91,28.86,28.81,28.76,28.71,28.83,28.95,29.07,29.18,29.43,29.67,29.92,30.16,30.2,30.24,30.28,30.31,30.26,30.21,30.16,30.11,30.1,30.09,30.07,30.06,29.89,29.72,29.55,29.37,,
2018-07-07T00:00:00+00:00,19.56,19.32,19.08,18.87,18.66,18.45,18.24,18.1,17.96,17.83,17.69,17.77,17.85,17.93,18.01,18.51,19.0,19.49,19.99,20.6,21.22,21.83,22.45,22.92,23.39,23.86,24.33,24.74,25.15,25.56,25.97,26.34,26.7,27.07,27.43,27.71,27.99,28.26,28.54,28.75,28.96,29.17,29.38,29.54,29.69,29.85,30.01,30.11,30.2,30.3,30.4,30.44,30.48,30.52,30.56,30.55,30.54,30.52,30.51,30.47,30.42,30.38,30.33,30.15,29.97,29.79,29.61,29.37,29.13,28.88,28.64,28.35,28.06,27.76,27.47,27.27,27.06,26.86,26.66,26.53,26.4,26.27,26.14,25.96,25.79,25.61,25.43,25.2,24.97,24.74,24.52,24.35,24.18,24.01,23.84,23.61,23.37,23.14,22.91,22.75,22.59,22.43,22.27,22.04,21.81,21.57,21.34,21.31,21.27,21.24,21.2,21.71,22.21,22.71,23.21,23.61,24.0,24.39,24.79,25.15,25.51,25.87,26.23,26.53,26.83,27.14,27.44,27.76,28.08,28.4,28.72,28.89,29.07,29.24,29.42,29.62,29.82,30.02,30.22,30.36,30.5,30.64,30.78,30.86,30.93,31.01,31.08,31.12,31.15,31.18,31.22,31.2,31.17,31.15,31.13,31.04,30.96,30.87,30.78,30.46,30.14,29.81,29.49,,
2018-07-08T00:00:00+00:00,19.73,19.53,19.34,19.15,18.96,18.77,18.59,18.44,18.29,18.14,17.99,18.03,18.07,18.11,18.15,18.66,19.17,19.68,20.19,20.72,21.25,21.77,22.3,22.81,23.32,23.83,24.35,24.74,25.14,25.54,25.93,26.22,26.51,26.79,27.08,27.32,27.56,27.8,28.04,28.31,28.58,28.85,29.12,29.01,28.91,28.8,28.7,28.77,28.84,28.92,28.99,29.2,29.42,29.63,29.84,29.82,29.8,29.78,29.76,29.68,29.6,29.52,29.44,29.29,29.15,29.0,28.86,28.62,28.38,28.15,27.91,27.61,27.32,27.02,26.72,26.47,26.22,25.97,25.72,25.49,25.25,25.01,24.78,24.53,24.28,24.04,23.79,23.47,23.16,22.84,22.52,22.24,21.96,21.68,21.4,21.17,20.95,20.72,20.5,20.29,20.09,19.89,19.69,19.54,19.39,19.24,19.09,19.05,19.01,18.97,18.94,19.12,19.31,19.49,19.68,19.96,20.25,20.53,20.81,21.21,21.6,22.0,22.39,22.73,23.06,23.39,23.73,23.98,24.23,24.48,24.73,24.97,25.22,25.47,25.72,25.98,26.24,26.51,26.77,26.99,27.21,27.43,27.65,27.77,27.89,28.01,28.13,28.18,28.23,28.28,28.34,28.32,28.3,28.29,28.27,28.23,28.2,28.16,28.13,28.02,27.91,27.8,27.69,,
2018-07-09T00:00:00+00:00,19.15,18.89,18.64,18.36,18.09,17.81,17.53,17.37,17.2,17.04,16.87,16.87,16.87,16.86,16.86,17.18,17.5,17.82,18.13,18.46,18.79,19.11,19.44,19.82,20.2,20.58,20.95,21.33,21.71,22.09,22.47,22.76,23.05,23.34,23.63,23.9,24.17,24.44,24.71,24.97,25.23,25.5,25.76,25.96,26.17,26.37,26.58,26.71,26.85,26.99,27.12,27.2,27.27,27.35,27.42,27.44,27.45,27.46,27.48,27.4,27.32,27.25,27.17,27.0,26.82,26.65,26.47,26.26,26.04,25.83,25.61,25.35,25.08,24.81,24.54,24.37,24.19,24.02,23.84,23.7,23.56,23.42,23.28,23.08,22.88,22.68,22.48,22.22,21.97,21.71,21.45,21.2,20.95,20.69,20.44,20.24,20.03,19.83,19.62,19.42,19.21,19.01,18.8,18.65,18.5,18.36,18.21,18.24,18.27,18.3,18.33,18.48,18.63,18.79,18.94,19.18,19.41,19.65,19.89,20.02,20.15,20.28,20.41,20.68,20.94,21.21,21.47,21.68,21.89,22.1,22.31,22.57,22.82,23.08,23.33,23.56,23.79,24.03,24.26,24.48,24.7,24.92,25.15,25.34,25.53,25.72,25.91,25.99,26.08,26.17,26.25,26.18,26.1,26.02,25.95,25.8,25.66,25.52,25.37,25.14,24.92,24.69,24.46,,
2018-07-10T00:00:00+00:00,17.61,17.52,17.43,17.25,17.06,16.88,16.7,16.53,16.36,16.19,16.03,16.05,16.06,16.08,16.1,16.43,16.76,17.08,17.41,17.66,17.91,18.16,18.41,18.52,18.63,18.73,18.84,19.05,19.26,19.47,19.68,19.86,20.03,20.2,20.38,20.72,21.06,21.41,21.75,22.05,22.34,22.64,22.93,23.16,23.39,23.62,23.85,24.01,24.18,24.34,24.51,24.59,24.67,24.76,24.84,24.61,24.38,24.14,23.91,23.73,23.55,23.38,23.2,23.02,22.84,22.66,22.48,22.26,22.04,21.82,21.6,21.26,20.91,20.57,20.22,19.9,19.58,19.26,18.94,18.73,18.52,18.31,18.1,17.95,17.79,17.63,17.48,17.21,16.94,16.67,16.41,16.24,16.08,15.92,15.76,15.62,15.47,15.33,15.19,15.35,15.51,15.67,15.83,15.9,15.98,16.06,16.14,16.2,16.25,16.3,16.35,16.42,16.48,16.54,16.61,16.65,16.7,16.75,16.8,17.21,17.62,18.03,18.44,18.69,18.93,19.17,19.41,19.65,19.88,20.11,20.35,20.54,20.74,20.93,21.12,21.35,21.57,21.79,22.02,22.29,22.56,22.82,23.09,23.37,23.64,23.92,24.19,24.27,24.36,24.44,24.52,24.59,24.66,24.73,24.8,24.81,24.81,24.82,24.82,24.72,24.63,24.53,24.44,,
2018-07-11T00:00:00+00:00,14.09,13.97,13.85,13.73,13.6,13.48,13.36,13.45,13.54,13.63,13.71,13.88,14.05,14.22,14.39,14.53,14.67,14.81,14.95,15.29,15.62,15.95,16.29,16.38,16.48,16.58,16.68,17.13,17.58,18.04,18.49,18.74,18.98,19.23,19.48,19.72,19.96,20.2,20.44,20.74,21.05,21.36,21.66,22.0,22.33,22.67,23.0,23.08,23.16,23.24,23.33,23.35,23.37,23.4,23.42,23.44,23.46,23.48,23.5,23.43,23.36,23.29,23.22,23.0,22.78,22.56,22.34,22.05,21.76,21.47,21.18,20.92,20.66,20.39,20.13,19.89,19.64,19.4,19.16,18.97,18.79,18.61,18.43,18.3,18.16,18.03,17.9,17.82,17.74,17.65,17.57,17.52,17.47,17.42,17.37,17.3,17.22,17.15,17.08,16.98,16.89,16.8,16.7,16.51,16.32,16.13,15.94,15.82,15.69,15.57,15.44,15.78,16.13,16.47,16.81,17.09,17.38,17.66,17.94,18.45,18.97,19.48,19.99,20.24,20.5,20.75,21.0,21.34,21.67,22.01,22.35,22.69,23.03,23.37,23.71,24.01,24.31,24.61,24.9,24.96,25.02,25.08,25.14,25.0,24.87,24.74,24.61,24.87,25.14,25.4,25.67,25.84,26.0,26.17,26.34,26.32,26.3,26.28,26.25,26.14,26.02,25.9,25.78,,
2018-07-12T00:00:00+00:00,15.55,15.35,15.14,14.93,14.72,14.52,14.31,14.17,14.03,13.89,13.75,13.77,13.79,13.81,13.83,14.23,14.63,15.02,15.42,15.94,16.46,16.98,17.5,17.99,18.49,18.98,19.47,19.94,20.41,20.88,21.35,21.72,22.1,22.47,22.84,23.09,23.34,23.59,23.84,24.07,24.31,24.54,24.78,25.0,25.23,25.45,25.68,25.83,25.99,26.14,26.3,26.38,26.46,26.54,26.62,26.45,26.27,26.1,25.92,25.92,25.92,25.93,25.93,25.82,25.72,25.62,25.51,25.2,24.88,24.57,24.26,24.0,23.74,23.48,23.22,22.95,22.68,22.41,22.15,21.94,21.74,21.54,21.34,21.29,21.24,21.19,21.14,21.08,21.02,20.96,20.89,20.87,20.84,20.81,20.78,20.63,20.48,20.33,20.18,20.1,20.03,19.95,19.87,19.64,19.41,19.18,18.95,18.89,18.83,18.78,18.72,18.86,19.0,19.14,19.28,19.24,19.2,19.16,19.13,19.37,19.62,19.86,20.11,20.79,21.46,22.14,22.81,23.23,23.64,24.05,24.47,24.76,25.06,25.35,25.65,25.88,26.12,26.35,26.59,26.76,26.94,27.11,27.29,27.22,27.14,27.07,27.0,25.69,24.38,23.07,21.76,22.24,22.72,23.21,23.69,23.79,23.9,24.01,24.11,23.37,22.63,21.89,21.15,,
2018-07-13T00:00:00+00:00,19.08,18.85,18.63,18.47,18.3,18.14,17.98,17.84,17.71,17.57,17.43,17.44,17.45,17.47,17.48,17.79,18.1,18.41,18.72,19.05,19.38,19.72,20.05,20.46,20.88,21.29,21.71,22.12,22.54,22.95,23.37,23.7,24.03,24.36,24.68,24.82,24.95,25.09,25.23,25.41,25.6,25.78,25.96,26.26,26.55,26.84,27.13,27.25,27.37,27.49,27.61,27.29,26.98,26.66,26.35,26.05,25.75,25.46,25.16,25.44,25.73,26.01,26.29,25.89,25.48,25.08,24.68,24.42,24.16,23.9,23.65,23.53,23.42,23.31,23.2,23.16,23.11,23.07,23.03,22.73,22.44,22.14,21.85,21.6,21.35,21.1,20.85,20.65,20.44,20.24,20.04,19.87,19.71,19.55,19.39,19.26,19.14,19.02,18.9,18.74,18.59,18.43,18.27,18.17,18.07,17.97,17.87,17.87,17.87,17.87,17.87,18.17,18.46,18.76,19.05,19.43,19.81,20.19,20.56,20.98,21.39,21.8,22.21,22.64,23.07,23.5,23.93,24.38,24.83,25.28,25.73,26.07,26.42,26.76,27.11,27.27,27.43,27.59,27.75,27.81,27.86,27.92,27.98,28.09,28.2,28.31,28.43,28.52,28.61,28.7,28.79,28.79,28.8,28.8,28.8,28.46,28.12,27.78,27.43,27.11,26.78,26.45,26.13,,
2018-07-14T00:00:00+00:00,18.39,18.25,18.11,17.98,17.84,17.71,17.57,17.63,17.69,17.75,17.81,17.94,18.06,18.19,18.32,18.56,18.8,19.04,19.28,19.68,20.08,20.47,20.87,21.34,21.81,22.28,22.75,23.17,23.58,23.99,24.4,24.77,25.14,25.51,25.88,26.2,26.52,26.85,27.17,27.3,27.42,27.55,27.68,27.84,27.99,28.15,28.31,28.42,28.52,28.63,28.73,28.83,28.93,29.03,29.12,29.16,29.19,29.22,29.25,29.15,29.05,28.95,28.85,28.54,28.24,27.94,27.64,27.41,27.18,26.95,26.71,26.37,26.02,25.68,25.33,25.09,24.84,24.6,24.36,24.14,23.91,23.69,23.47,23.33,23.2,23.06,22.92,22.78,22.63,22.49,22.34,22.17,22.01,21.84,21.68,21.5,21.32,21.14,20.96,20.81,20.66,20.51,20.37,20.26,20.16,20.05,19.94,19.95,19.95,19.96,19.96,20.34,20.73,21.11,21.49,21.9,22.3,22.71,23.11,23.61,24.1,24.6,25.09,25.58,26.06,26.54,27.03,27.31,27.59,27.88,28.16,28.36,28.55,28.75,28.95,29.09,29.23,29.37,29.51,29.61,29.71,29.81,29.92,30.03,30.15,30.26,30.38,30.44,30.51,30.58,30.64,30.65,30.65,30.65,30.65,30.56,30.46,30.37,30.27,30.1,29.93,29.75,29.58,,
2018-07-15T00:00:00+00:00,20.85,20.77,20.7,20.56,20.42,20.28,20.14,19.98,19.83,19.67,19.52,19.54,19.57,19.6,19.63,19.64,19.64,19.65,19.65,20.3,20.95,21.6,22.25,22.42,22.58,22.75,22.91,22.94,22.96,22.98,23.01,23.7,24.39,25.08,25.77,26.55,27.33,28.11,28.89,29.09,29.3,29.51,29.71,29.94,30.18,30.41,30.64,30.75,30.85,30.95,31.05,30.3,29.56,28.81,28.06,27.34,26.62,25.9,25.18,24.83,24.49,24.14,23.8,23.71,23.63,23.55,23.46,23.37,23.27,23.17,23.07,22.81,22.55,22.29,22.03,21.88,21.74,21.59,21.44,21.3,21.16,21.01,20.87,20.68,20.49,20.31,20.12,19.83,19.54,19.24,18.95,18.82,18.69,18.56,18.43,18.32,18.21,18.1,17.99,17.85,17.71,17.57,17.43,17.29,17.15,17.01,16.87,16.86,16.86,16.86,16.86,17.2,17.54,17.88,18.22,18.79,19.36,19.93,20.5,20.96,21.41,21.87,22.32,22.71,23.1,23.48,23.87,24.17,24.47,24.78,25.08,25.51,25.93,26.35,26.78,27.11,27.45,27.78,28.12,28.34,28.56,28.79,29.01,29.08,29.16,29.23,29.3,29.35,29.39,29.43,29.47,28.53,27.58,26.63,25.69,25.89,26.1,26.31,26.51,26.43,26.34,26.26,26.17,,
2018-07-16T00:00:00+00:00,19.44,19.28,19.12,18.92,18.71,18.51,18.3,18.12,17.94,17.75,17.57,17.44,17.31,17.18,17.05,17.36,17.68,18.0,18.32,18.78,19.23,19.69,20.15,20.62,21.1,21.57,22.04,22.5,22.95,23.4,23.86,24.3,24.75,25.2,25.64,26.0,26.35,26.7,27.05,27.25,27.46,27.66,27.86,28.07,28.28,28.5,28.71,28.89,29.06,29.24,29.41,29.54,29.66,29.78,29.91,30.03,30.14,30.26,30.37,29.97,29.56,29.15,28.74,28.2,27.65,27.11,26.57,26.57,26.56,26.55,26.55,26.25,25.95,25.65,25.35,25.01,24.67,24.33,23.98,23.76,23.53,23.3,23.08,22.93,22.79,22.65,22.5,22.49,22.47,22.46,22.44,22.17,21.89,21.62,21.35,21.08,20.81,20.55,20.28,20.03,19.78,19.53,19.28,19.11,18.95,18.78,18.61,18.51,18.4,18.29,18.18,18.21,18.24,18.27,18.3,18.38,18.47,18.55,18.63,18.8,18.97,19.15,19.32,19.51,19.71,19.9,20.09,20.59,21.08,21.58,22.08,22.29,22.5,22.71,22.92,23.22,23.51,23.8,24.1,24.41,24.72,25.04,25.35,25.57,25.8,26.02,26.25,26.42,26.6,26.77,26.95,26.96,26.97,26.98,26.98,26.95,26.91,26.88,26.84,26.76,26.67,26.58,26.49,,
2018-07-17T00:00:00+00:00,18.74,18.57,18.4,18.2,17.99,17.79,17.58,17.38,17.18,16.97,16.77,16.86,16.96,17.05,17.15,17.4,17.64,17.89,18.14,18.33,18.52,18.71,18.91,19.11,19.31,19.52,19.72,19.88,20.05,20.21,20.38,20.42,20.45,20.49,20.53,20.88,21.22,21.56,21.9,22.35,22.8,23.25,23.7,23.67,23.64,23.61,23.58,23.47,23.37,23.26,23.15,23.51,23.87,24.23,24.59,24.49,24.4,24.31,24.21,24.14,24.06,23.98,23.9,23.93,23.97,24.0,24.03,23.88,23.74,23.59,23.44,23.15,22.86,22.57,22.28,22.05,21.82,21.6,21.37,21.06,20.75,20.44,20.13,20.1,20.07,20.04,20.01,19.72,19.44,19.15,18.86,18.64,18.42,18.2,17.98,17.82,17.67,17.51,17.35,17.22,17.09,16.96,16.83,16.7,16.57,16.45,16.32,16.31,16.3,16.3,16.29,16.68,17.07,17.46,17.86,18.32,18.78,19.24,19.7,20.17,20.64,21.11,21.58,22.0,22.43,22.85,23.27,23.67,24.07,24.47,24.86,25.19,25.52,25.84,26.17,26.37,26.58,26.79,26.99,27.16,27.33,27.5,27.66,27.82,27.98,28.14,28.3,28.41,28.51,28.62,28.72,28.75,28.79,28.82,28.86,28.85,28.83,28.82,28.81,28.7,28.58,28.47,28.35,,
2018-07-18T00:00:00+00:00,17.68,17.62,17.57,17.44,17.3,17.17,17.04,16.92,16.81,16.7,16.59,16.69,16.8,16.9,17.0,17.25,17.5,17.74,17.99,18.3,18.62,18.93,19.24,19.52,19.8,20.08,20.36,20.78,21.21,21.63,22.06,22.45,22.84,23.23,23.62,24.02,24.42,24.82,25.22,25.44,25.66,25.88,26.1,26.31,26.52,26.73,26.95,27.09,27.22,27.36,27.5,27.59,27.68,27.77,27.86,27.93,27.99,28.06,28.13,28.14,28.16,28.17,28.19,28.03,27.88,27.72,27.56,27.21,26.86,26.51,26.15,25.77,25.39,25.0,24.62,24.46,24.3,24.14,23.98,23.64,23.3,22.96,22.62,22.53,22.44,22.36,22.27,22.18,22.1,22.02,21.94,21.81,21.68,21.55,21.42,21.25,21.07,20.9,20.72,20.71,20.7,20.69,20.68,20.68,20.69,20.69,20.7,20.7,20.71,20.71,20.71,20.75,20.8,20.84,20.88,21.26,21.63,22.0,22.38,22.81,23.24,23.67,24.1,24.39,24.67,24.96,25.24,25.77,26.29,26.81,27.34,27.65,27.97,28.28,28.6,28.87,29.15,29.42,29.7,29.84,29.98,30.12,30.27,30.37,30.48,30.59,30.69,30.65,30.61,30.57,30.53,30.62,30.71,30.81,30.9,30.88,30.85,30.83,30.8,30.59,30.38,30.17,29.96,,
2018-07-19T00:00:00+00:00,18.66,18.4,18.15,18.02,17.9,17.78,17.65,17.53,17.41,17.28,17.16,17.16,17.16,17.16,17.16,17.52,17.87,18.23,18.58,19.13,19.68,20.23,20.77,21.21,21.65,22.08,22.52,23.14,23.76,24.38,25.0,25.49,25.97,26.46,26.94,27.24,27.53,27.82,28.12,28.36,28.6,28.84,29.08,29.17,29.27,29.36,29.46,29.49,29.53,29.56,29.59,29.62,29.64,29.66,29.69,29.69,29.69,29.69,29.69,29.63,29.56,29.5,29.44,29.25,29.07,28.89,28.7,28.58,28.46,28.33,28.21,28.09,27.97,27.85,27.73,27.48,27.23,26.98,26.73,25.35,23.98,22.6,21.23,21.06,20.9,20.73,20.57,20.54,20.52,20.49,20.46,20.37,20.27,20.17,20.07,20.08,20.09,20.1,20.1,20.0,19.89,19.79,19.68,19.68,19.67,19.66,19.65,19.58,19.51,19.44,19.37,19.46,19.55,19.65,19.74,20.06,20.38,20.7,21.02,21.41,21.8,22.19,22.58,22.93,23.29,23.64,23.99,24.39,24.79,25.19,25.59,25.74,25.89,26.05,26.2,26.26,26.31,26.37,26.42,26.39,26.37,26.34,26.32,26.28,26.24,26.2,26.16,26.23,26.3,26.37,26.43,26.29,26.15,26.01,25.87,25.78,25.68,25.59,25.49,25.27,25.05,24.83,24.6,,
2018-07-20T00:00:00+00:00,20.43,20.35,20.27,20.23,20.2,20.17,20.14,19.92,19.7,19.49,19.27,19.24,19.2,19.17,19.14,19.16,19.19,19.21,19.24,19.36,19.49,19.62,19.74,19.85,19.96,20.06,20.17,20.34,20.52,20.69,20.86,21.35,21.84,22.32,22.81,23.17,23.54,23.9,24.27,24.39,24.51,24.63,24.74,24.67,24.6,24.52,24.45,24.55,24.66,24.76,24.86,24.59,24.33,24.06,23.79,23.75,23.72,23.69,23.65,23.24,22.82,22.41,21.99,21.75,21.51,21.27,21.03,20.9,20.76,20.63,20.49,20.27,20.04,19.82,19.59,19.42,19.24,19.07,18.89,18.78,18.67,18.55,18.44,18.52,18.61,18.69,18.78,18.85,18.91,18.98,19.05,19.0,18.94,18.88,18.83,18.63,18.43,18.23,18.04,17.81,17.58,17.35,17.12,16.88,16.63,16.39,16.15,16.01,15.88,15.74,15.61,15.84,16.07,16.31,16.54,16.93,17.32,17.71,18.11,18.5,18.89,19.28,19.67,20.06,20.46,20.85,21.24,21.6,21.96,22.33,22.69,22.95,23.22,23.48,23.74,23.93,24.12,24.3,24.49,24.57,24.65,24.73,24.81,24.72,24.64,24.55,24.47,24.62,24.78,24.94,25.1,25.16,25.21,25.27,25.33,25.09,24.85,24.61,24.37,24.31,24.25,24.18,24.12,,
2018-07-21T00:00:00+00:00,16.62,16.51,16.41,16.2,15.99,15.79,15.58,15.47,15.36,15.25,15.14,15.18,15.21,15.25,15.29,15.52,15.75,15.99,16.22,16.57,16.92,17.27,17.62,17.99,18.37,18.75,19.12,19.52,19.91,20.31,20.7,21.03,21.36,21.69,22.02,22.29,22.57,22.85,23.13,23.38,23.64,23.9,24.16,24.37,24.58,24.79,25.0,25.15,25.29,25.44,25.58,25.69,25.8,25.91,26.02,26.0,25.98,25.96,25.95,25.84,25.74,25.64,25.54,25.26,24.99,24.71,24.43,24.08,23.73,23.37,23.02,22.76,22.49,22.23,21.96,21.66,21.36,21.05,20.75,20.57,20.39,20.21,20.03,19.89,19.74,19.6,19.46,19.33,19.21,19.09,18.96,18.8,18.64,18.48,18.32,18.18,18.04,17.9,17.77,17.59,17.42,17.25,17.08,17.06,17.05,17.03,17.02,17.06,17.11,17.16,17.21,17.47,17.72,17.97,18.23,18.59,18.95,19.31,19.67,20.15,20.63,21.11,21.59,22.1,22.62,23.14,23.66,23.98,24.3,24.62,24.95,25.18,25.42,25.66,25.89,26.12,26.35,26.59,26.82,27.02,27.22,27.43,27.63,27.82,28.01,28.19,28.38,28.46,28.53,28.6,28.68,28.71,28.74,28.77,28.79,28.72,28.65,28.58,28.51,28.35,28.18,28.02,27.86,,
2018-07-22T00:00:00+00:00,16.23,16.07,15.92,15.81,15.7,15.59,15.48,15.39,15.3,15.22,15.13,15.09,15.05,15.0,14.96,14.97,14.98,14.99,15.01,15.55,16.1,16.65,17.2,17.78,18.36,18.94,19.52,20.06,20.59,21.13,21.67,22.16,22.65,23.14,23.63,23.98,24.33,24.67,25.02,25.28,25.54,25.8,26.06,26.23,26.4,26.58,26.75,26.88,27.02,27.15,27.28,27.38,27.48,27.58,27.68,27.65,27.62,27.59,27.56,27.54,27.53,27.51,27.49,27.37,27.24,27.11,26.98,26.69,26.4,26.12,25.83,25.43,25.02,24.62,24.22,24.02,23.83,23.64,23.44,23.15,22.86,22.57,22.27,22.02,21.77,21.52,21.27,21.06,20.85,20.64,20.43,20.26,20.1,19.93,19.77,19.6,19.43,19.26,19.1,18.93,18.76,18.59,18.42,18.27,18.11,17.95,17.79,17.77,17.75,17.72,17.7,18.06,18.43,18.79,19.15,19.72,20.29,20.86,21.44,21.91,22.39,22.86,23.34,23.73,24.12,24.51,24.9,25.23,25.55,25.87,26.19,26.47,26.75,27.02,27.3,27.53,27.76,27.99,28.22,28.41,28.6,28.79,28.99,29.12,29.26,29.4,29.54,29.64,29.74,29.84,29.94,29.96,29.98,30.01,30.03,30.01,29.99,29.96,29.94,29.83,29.71,29.6,29.48,,
2018-07-23T00:00:00+00:00,18.85,18.72,18.58,18.46,18.33,18.21,18.09,17.93,17.77,17.61,17.45,17.4,17.35,17.31,17.26,17.63,17.99,18.36,18.73,19.29,19.86,20.42,20.99,21.51,22.02,22.54,23.06,23.51,23.96,24.41,24.86,25.23,25.59,25.95,26.31,26.63,26.95,27.27,27.59,27.83,28.07,28.3,28.54,28.75,28.95,29.16,29.36,29.51,29.65,29.79,29.93,30.05,30.16,30.27,30.38,30.43,30.48,30.53,30.58,30.55,30.53,30.5,30.48,30.36,30.24,30.13,30.01,29.81,29.61,29.4,29.2,28.88,28.55,28.22,27.9,27.63,27.37,27.1,26.83,26.6,26.37,26.14,25.91,25.74,25.56,25.39,25.21,25.14,25.07,25.0,24.93,24.91,24.89,24.87,24.85,24.68,24.51,24.34,24.16,24.0,23.84,23.68,23.53,23.23,22.93,22.63,22.33,22.27,22.22,22.17,22.11,22.44,22.77,23.1,23.43,23.93,24.43,24.93,25.43,25.85,26.28,26.7,27.12,27.4,27.68,27.96,28.24,28.06,27.88,27.69,27.51,28.16,28.81,29.46,30.11,30.24,30.37,30.49,30.62,30.81,31.0,31.19,31.38,31.48,31.57,31.67,31.76,31.47,31.19,30.9,30.61,30.73,30.86,30.98,31.11,30.74,30.38,30.02,29.66,29.17,28.68,28.19,27.7,,
2018-07-24T00:00:00+00:00,20.58,20.52,20.46,20.31,20.16,20.01,19.86,19.71,19.56,19.41,19.26,19.14,19.02,18.9,18.78,19.12,19.46,19.79,20.13,20.69,21.24,21.8,22.36,22.98,23.61,24.23,24.85,25.32,25.79,26.26,26.72,27.07,27.41,27.75,28.09,28.51,28.92,29.33,29.74,29.98,30.21,30.45,30.69,30.83,30.97,31.1,31.24,31.35,31.45,31.55,31.66,31.57,31.48,31.4,31.31,31.49,31.67,31.85,32.03,31.59,31.14,30.7,30.26,30.19,30.12,30.05,29.99,29.84,29.69,29.54,29.39,29.07,28.75,28.44,28.12,27.83,27.53,27.24,26.95,26.92,26.89,26.86,26.83,26.62,26.4,26.18,25.97,25.63,25.3,24.96,24.62,24.29,23.96,23.64,23.31,23.19,23.08,22.96,22.85,22.66,22.48,22.29,22.1,21.91,21.71,21.51,21.32,21.18,21.04,20.9,20.76,21.01,21.25,21.5,21.74,22.21,22.68,23.15,23.61,24.11,24.61,25.11,25.61,26.12,26.64,27.16,27.67,28.12,28.56,29.01,29.45,29.8,30.15,30.5,30.85,31.14,31.43,31.72,32.01,32.19,32.36,32.53,32.7,32.78,32.86,32.94,33.01,32.99,32.97,32.94,32.92,32.92,32.91,32.91,32.91,32.76,32.61,32.46,32.31,32.24,32.18,32.11,32.04,,
2018-07-25T00:00:00+00:00,21.5,21.31,21.13,21.02,20.91,20.8,20.69,20.69,20.68,20.68,20.68,20.65,20.62,20.59,20.57,20.7,20.83,20.97,21.1,21.51,21.92,22.33,22.74,23.26,23.77,24.29,24.8,25.32,25.84,26.35,26.87,27.3,27.73,28.17,28.6,28.91,29.22,29.53,29.84,30.12,30.4,30.68,30.97,31.19,31.41,31.63,31.85,32.0,32.16,32.31,32.46,32.54,32.63,32.72,32.8,32.48,32.15,31.82,31.49,31.52,31.55,31.57,31.6,31.39,31.18,30.97,30.77,30.58,30.39,30.21,30.02,29.68,29.33,28.98,28.64,28.35,28.06,27.77,27.48,27.25,27.02,26.79,26.56,26.15,25.74,25.33,24.92,24.66,24.4,24.13,23.87,23.64,23.42,23.19,22.96,22.8,22.64,22.49,22.33,22.21,22.1,21.98,21.87,21.82,21.78,21.74,21.7,21.67,21.65,21.62,21.6,21.95,22.31,22.67,23.03,23.47,23.92,24.37,24.82,25.45,26.09,26.72,27.36,27.96,28.56,29.16,29.76,30.21,30.66,31.11,31.56,31.88,32.21,32.53,32.86,33.09,33.33,33.56,33.8,33.93,34.07,34.2,34.34,34.52,34.7,34.89,35.07,35.1,35.13,35.17,35.2,35.25,35.3,35.35,35.41,35.36,35.31,35.26,35.22,35.11,35.01,34.9,34.79,,
2018-07-26T00:00:00+00:00,22.32,22.15,21.99,21.87,21.76,21.64,21.52,21.44,21.37,21.29,21.21,21.14,21.07,21.0,20.93,21.33,21.74,22.14,22.54,23.05,23.55,24.06,24.56,25.18,25.8,26.42,27.04,27.67,28.29,28.92,29.55,30.0,30.45,30.9,31.35,31.72,32.08,32.44,32.81,33.15,33.49,33.83,34.17,34.5,34.83,35.16,35.49,35.52,35.55,35.59,35.62,35.6,35.58,35.56,35.55,35.48,35.41,35.35,35.28,35.2,35.11,35.02,34.93,34.69,34.45,34.2,33.96,33.74,33.52,33.29,33.07,32.66,32.24,31.83,31.42,31.11,30.79,30.48,30.16,29.99,29.83,29.66,29.49,29.25,29.0,28.76,28.51,28.22,27.92,27.62,27.32,27.26,27.2,27.14,27.08,27.03,26.99,26.95,26.9,26.62,26.33,26.05,25.76,25.65,25.55,25.44,25.34,25.39,25.45,25.51,25.57,25.55,25.53,25.51,25.49,25.71,25.92,26.14,26.35,26.97,27.59,28.21,28.83,29.65,30.47,31.29,32.11,32.51,32.91,33.31,33.71,34.07,34.43,34.78,35.14,35.61,36.08,36.55,37.02,37.06,37.09,37.13,37.16,37.27,37.38,37.5,37.61,37.39,37.18,36.96,36.75,35.97,35.2,34.43,33.65,31.55,29.45,27.35,25.25,24.38,23.51,22.63,21.76,,
2018-07-27T00:00:00+00:00,22.92,22.84,22.76,22.58,22.39,22.21,22.03,21.99,21.95,21.92,21.88,21.77,21.67,21.57,21.46,21.6,21.74,21.87,22.01,22.59,23.17,23.75,24.33,24.99,25.65,26.3,26.96,27.46,27.96,28.46,28.95,29.52,30.08,30.64,31.2,31.61,32.01,32.41,32.81,33.12,33.43,33.74,34.05,34.25,34.44,34.64,34.84,35.3,35.76,36.21,36.67,36.69,36.72,36.75,36.77,36.44,36.1,35.76,35.43,35.2,34.96,34.73,34.5,32.63,30.77,28.9,27.04,25.79,24.54,23.29,22.04,21.76,21.49,21.22,20.95,20.63,20.3,19.98,19.66,19.54,19.43,19.31,19.2,19.28,19.36,19.43,19.51,19.55,19.59,19.63,19.67,19.57,19.46,19.36,19.25,19.1,18.95,18.8,18.65,18.6,18.55,18.5,18.46,18.46,18.46,18.46,18.46,18.53,18.6,18.67,18.73,18.85,18.96,19.07,19.18,19.18,19.18,19.18,19.18,19.51,19.84,20.17,20.51,20.84,21.18,21.51,21.85,22.38,22.92,23.45,23.99,24.07,24.16,24.24,24.33,24.58,24.83,25.09,25.34,25.28,25.22,25.17,25.11,25.17,25.23,25.29,25.35,25.3,25.25,25.2,25.15,25.23,25.31,25.39,25.47,25.39,25.31,25.23,25.15,24.81,24.48,24.15,23.82,,
2018-07-28T00:00:00+00:00,19.69,19.58,19.48,19.38,19.29,19.19,19.1,19.11,19.12,19.12,19.13,18.97,18.81,18.65,18.49,18.66,18.83,19.0,19.17,19.27,19.36,19.46,19.55,19.86,20.16,20.46,20.76,21.08,21.4,21.72,22.04,22.24,22.45,22.66,22.87,22.59,22.3,22.02,21.73,22.23,22.72,23.21,23.71,23.82,23.94,24.05,24.17,24.37,24.58,24.79,24.99,25.01,25.02,25.04,25.05,25.16,25.28,25.39,25.5,25.51,25.52,25.53,25.54,25.39,25.24,25.09,24.94,24.68,24.42,24.16,23.9,23.56,23.22,22.88,22.54,22.27,21.99,21.72,21.45,21.2,20.96,20.72,20.48,20.34,20.2,20.05,19.91,19.82,19.74,19.65,19.56,19.47,19.38,19.29,19.2,19.04,18.88,18.73,18.57,18.46,18.35,18.24,18.14,18.14,18.15,18.16,18.17,18.16,18.15,18.15,18.14,18.21,18.27,18.34,18.41,18.55,18.68,18.82,18.96,19.33,19.7,20.07,20.44,20.92,21.39,21.87,22.35,22.79,23.23,23.68,24.12,24.53,24.93,25.34,25.74,26.18,26.61,27.05,27.48,27.8,28.11,28.42,28.73,28.94,29.15,29.36,29.56,29.69,29.82,29.96,30.09,30.15,30.2,30.26,30.32,30.27,30.21,30.16,30.1,29.96,29.81,29.67,29.52,,
2018-07-29T00:00:00+00:00,18.57,18.53,18.49,18.41,18.34,18.26,18.18,18.01,17.83,17.65,17.47,17.47,17.47,17.46,17.46,17.58,17.71,17.83,17.95,18.18,18.41,18.64,18.87,19.29,19.72,20.15,20.57,20.88,21.18,21.49,21.79,22.26,22.72,23.19,23.65,24.0,24.34,24.68,25.02,25.36,25.69,26.03,26.37,26.62,26.88,27.14,27.39,27.52,27.64,27.77,27.89,27.84,27.79,27.74,27.69,27.59,27.5,27.4,27.3,27.09,26.87,26.66,26.44,26.56,26.67,26.78,26.9,26.7,26.51,26.31,26.11,25.83,25.55,25.28,25.0,24.75,24.5,24.26,24.01,23.81,23.61,23.41,23.21,22.99,22.77,22.56,22.34,22.08,21.81,21.55,21.29,21.07,20.86,20.64,20.43,20.28,20.13,19.98,19.83,19.66,19.49,19.32,19.15,18.99,18.83,18.67,18.51,18.44,18.37,18.31,18.24,18.46,18.67,18.88,19.1,19.28,19.46,19.64,19.82,20.28,20.73,21.18,21.64,22.07,22.5,22.94,23.37,23.77,24.17,24.57,24.97,25.24,25.51,25.78,26.05,26.39,26.73,27.07,27.42,27.56,27.71,27.85,28.0,27.62,27.25,26.88,26.5,26.72,26.94,27.16,27.38,26.87,26.37,25.86,25.36,25.33,25.31,25.29,25.26,25.3,25.35,25.39,25.43,,
2018-07-30T00:00:00+00:00,19.9,19.74,19.58,19.44,19.31,19.17,19.03,18.91,18.78,18.66,18.53,18.43,18.33,18.24,18.14,18.31,18.48,18.66,18.83,19.19,19.54,19.9,20.25,20.69,21.13,21.57,22.01,22.4,22.78,23.17,23.56,23.73,23.91,24.08,24.26,24.63,25.01,25.38,25.76,26.08,26.39,26.71,27.03,26.96,26.88,26.81,26.74,26.87,27.01,27.15,27.29,27.35,27.41,27.47,27.54,27.62,27.71,27.79,27.88,27.77,27.65,27.54,27.42,27.43,27.44,27.45,27.46,27.01,26.56,26.12,25.67,25.37,25.07,24.77,24.47,24.22,23.97,23.73,23.48,23.3,23.11,22.93,22.74,22.5,22.25,22.0,21.75,21.72,21.68,21.64,21.6,21.5,21.39,21.29,21.18,21.0,20.83,20.65,20.47,20.47,20.48,20.48,20.48,20.51,20.55,20.58,20.62,20.52,20.42,20.32,20.22,19.98,19.74,19.5,19.26,19.44,19.63,19.82,20.0,19.96,19.91,19.87,19.83,19.98,20.14,20.3,20.46,20.92,21.37,21.83,22.29,22.68,23.07,23.46,23.85,24.15,24.46,24.76,25.07,25.37,25.67,25.97,26.27,26.4,26.53,26.66,26.79,26.95,27.12,27.29,27.46,27.54,27.62,27.7,27.78,27.77,27.76,27.76,27.75,27.63,27.5,27.38,27.25,,
2018-07-31T00:00:00+00:00,19.56,19.52,19.48,19.48,19.49,19.5,19.5,19.59,19.68,19.77,19.86,19.72,19.57,19.43,19.28,19.34,19.41,19.47,19.53,19.64,19.76,19.87,19.98,20.15,20.31,20.47,20.64,21.15,21.65,22.16,22.67,23.07,23.47,23.88,24.28,24.66,25.04,25.42,25.8,26.14,26.49,26.84,27.19,27.37,27.56,27.75,27.93,28.01,28.09,28.16,28.24,28.27,28.29,28.32,28.34,28.24,28.13,28.03,27.92,27.88,27.84,27.81,27.77,27.55,27.33,27.11,26.89,26.7,26.52,26.33,26.14,25.82,25.51,25.19,24.87,24.34,23.8,23.27,22.73,22.43,22.13,21.83,21.53,21.3,21.06,20.83,20.6,20.5,20.41,20.32,20.22,20.1,19.99,19.87,19.76,19.59,19.43,19.26,19.1,18.91,18.73,18.55,18.36,18.23,18.09,17.95,17.82,17.76,17.71,17.66,17.61,17.73,17.85,17.97,18.09,18.43,18.76,19.09,19.43,19.77,20.11,20.45,20.79,21.23,21.67,22.11,22.54,23.01,23.48,23.94,24.41,24.82,25.24,25.65,26.07,26.41,26.74,27.08,27.42,27.67,27.92,28.16,28.41,28.58,28.75,28.91,29.08,29.16,29.24,29.32,29.4,29.38,29.36,29.34,29.32,29.26,29.19,29.13,29.06,28.95,28.84,28.74,28.63,,
2018-08-01T00:00:00+00:00,17.92,17.85,17.78,17.8,17.83,17.86,17.89,17.72,17.56,17.39,17.23,17.1,16.97,16.85,16.72,17.05,17.38,17.71,18.04,18.54,19.04,19.53,20.03,20.5,20.96,21.43,21.89,22.32,22.75,23.18,23.61,23.79,23.96,24.13,24.31,24.81,25.3,25.8,26.3,26.59,26.88,27.17,27.46,27.79,28.12,28.44,28.77,28.84,28.91,28.97,29.04,29.04,29.05,29.05,29.06,29.11,29.16,29.21,29.26,29.27,29.28,29.29,29.3,29.18,29.06,28.94,28.82,28.58,28.33,28.09,27.84,27.54,27.23,26.93,26.62,26.45,26.29,26.12,25.95,25.8,25.66,25.51,25.36,25.04,24.72,24.39,24.07,23.79,23.51,23.23,22.95,22.62,22.28,21.94,21.6,21.33,21.06,20.79,20.52,20.29,20.06,19.83,19.61,19.44,19.27,19.1,18.93,18.87,18.82,18.76,18.71,18.94,19.18,19.41,19.65,20.1,20.56,21.01,21.47,22.01,22.56,23.1,23.64,24.19,24.74,25.3,25.85,26.49,27.12,27.76,28.4,28.83,29.27,29.7,30.13,30.43,30.72,31.02,31.31,31.54,31.77,32.0,32.22,32.38,32.54,32.71,32.87,32.94,33.02,33.09,33.17,33.18,33.2,33.22,33.23,33.14,33.04,32.95,32.86,32.63,32.41,32.18,31.96,,
2018-08-02T00:00:00+00:00,18.74,18.61,18.47,18.29,18.11,17.93,17.75,17.64,17.53,17.42,17.31,17.28,17.26,17.24,17.21,17.48,17.76,18.03,18.3,18.85,19.41,19.96,20.51,21.16,21.81,22.45,23.1,23.68,24.26,24.83,25.41,26.04,26.67,27.31,27.94,28.41,28.88,29.35,29.83,30.06,30.3,30.53,30.77,30.98,31.2,31.42,31.63,31.82,32.01,32.19,32.38,32.53,32.68,32.83,32.99,33.0,33.02,33.04,33.05,32.95,32.85,32.75,32.65,32.44,32.23,32.02,31.81,31.38,30.95,30.52,30.1,29.71,29.33,28.95,28.57,28.32,28.08,27.84,27.6,27.4,27.2,27.0,26.79,26.6,26.4,26.2,26.01,25.8,25.59,25.38,25.17,24.98,24.79,24.6,24.42,24.23,24.04,23.86,23.67,23.5,23.32,23.15,22.98,22.83,22.68,22.53,22.38,22.27,22.17,22.07,21.96,22.2,22.44,22.68,22.92,23.34,23.76,24.18,24.6,25.12,25.64,26.16,26.67,27.27,27.87,28.47,29.07,29.58,30.09,30.6,31.11,31.5,31.9,32.29,32.69,32.96,33.23,33.5,33.77,33.98,34.19,34.4,34.61,34.77,34.92,35.07,35.23,35.33,35.43,35.53,35.63,35.61,35.59,35.56,35.54,35.42,35.31,35.19,35.08,34.79,34.51,34.22,33.94,,
2018-08-03T00:00:00+00:00,22.26,22.05,21.84,21.65,21.46,21.28,21.09,20.86,20.63,20.39,20.16,20.07,19.99,19.9,19.81,20.17,20.54,20.9,21.26,21.76,22.25,22.75,23.24,23.75,24.25,24.76,25.26,25.67,26.08,26.5,26.91,27.4,27.88,28.37,28.86,29.36,29.86,30.36,30.86,31.33,31.79,32.25,32.71,33.02,33.32,33.63,33.93,34.12,34.3,34.48,34.66,34.69,34.73,34.76,34.8,34.83,34.87,34.91,34.94,34.9,34.85,34.81,34.77,34.57,34.38,34.18,33.98,33.63,33.27,32.91,32.55,32.17,31.8,31.42,31.05,30.45,29.86,29.26,28.67,28.33,27.99,27.65,27.31,27.0,26.69,26.38,26.07,25.82,25.57,25.31,25.06,24.89,24.72,24.55,24.37,24.23,24.09,23.96,23.82,23.71,23.61,23.51,23.41,23.19,22.98,22.76,22.54,22.36,22.17,21.99,21.81,21.96,22.11,22.27,22.42,22.86,23.3,23.75,24.19,24.62,25.06,25.5,25.94,26.37,26.81,27.24,27.68,28.16,28.64,29.13,29.61,30.01,30.4,30.8,31.19,31.49,31.79,32.09,32.39,32.61,32.82,33.04,33.26,33.42,33.59,33.75,33.91,34.0,34.09,34.18,34.26,34.28,34.3,34.32,34.34,34.24,34.14,34.04,33.94,33.73,33.52,33.3,33.09,,
2018-08-04T00:00:00+00:00,22.49,22.23,21.96,21.78,21.61,21.43,21.26,21.15,21.05,20.95,20.84,20.74,20.64,20.54,20.44,20.67,20.9,21.13,21.36,21.83,22.29,22.76,23.23,23.76,24.3,24.83,25.37,25.84,26.3,26.77,27.24,27.69,28.14,28.59,29.04,29.45,29.87,30.29,30.71,31.04,31.37,31.7,32.03,32.26,32.5,32.73,32.96,33.13,33.3,33.47,33.65,33.76,33.87,33.98,34.09,34.09,34.1,34.1,34.1,33.98,33.86,33.73,33.61,33.35,33.1,32.84,32.58,32.25,31.92,31.58,31.25,30.54,29.83,29.12,28.41,28.17,27.93,27.69,27.44,27.03,26.62,26.21,25.8,25.49,25.18,24.87,24.56,24.3,24.05,23.8,23.55,23.35,23.16,22.97,22.77,22.58,22.38,22.19,21.99,21.79,21.59,21.39,21.19,21.0,20.8,20.61,20.42,20.28,20.14,20.0,19.87,19.98,20.09,20.21,20.32,20.66,21.01,21.35,21.7,22.21,22.71,23.22,23.73,24.3,24.86,25.43,25.99,26.53,27.07,27.61,28.15,28.64,29.12,29.6,30.08,30.44,30.8,31.17,31.53,31.79,32.05,32.31,32.57,32.74,32.92,33.09,33.27,33.35,33.43,33.51,33.59,33.57,33.54,33.52,33.5,33.43,33.35,33.27,33.2,33.01,32.83,32.64,32.46,,
2018-08-05T00:00:00+00:00,20.48,20.32,20.17,20.05,19.92,19.8,19.68,19.5,19.32,19.13,18.95,18.77,18.6,18.42,18.24,18.29,18.34,18.39,18.44,18.7,18.96,19.21,19.47,19.91,20.35,20.79,21.23,21.76,22.29,22.82,23.35,23.89,24.43,24.98,25.52,25.98,26.44,26.9,27.36,27.77,28.19,28.6,29.01,29.31,29.62,29.93,30.24,30.46,30.68,30.9,31.12,31.26,31.41,31.55,31.7,31.75,31.8,31.85,31.9,31.88,31.86,31.84,31.82,31.68,31.55,31.42,31.28,30.99,30.7,30.41,30.12,29.56,29.0,28.44,27.88,27.51,27.15,26.78,26.42,26.18,25.94,25.69,25.45,25.3,25.14,24.99,24.83,24.69,24.56,24.42,24.28,24.07,23.86,23.65,23.44,23.19,22.94,22.7,22.45,22.24,22.04,21.83,21.62,21.44,21.27,21.09,20.91,20.82,20.73,20.63,20.54,20.9,21.26,21.62,21.99,22.59,23.2,23.81,24.41,25.04,25.66,26.29,26.91,27.57,28.23,28.89,29.54,30.07,30.59,31.11,31.63,31.87,32.1,32.34,32.58,32.8,33.03,33.26,33.49,33.69,33.89,34.08,34.28,34.44,34.59,34.75,34.9,35.0,35.11,35.21,35.31,35.37,35.43,35.49,35.56,35.53,35.51,35.49,35.47,35.36,35.25,35.13,35.02,,
2018-08-06T00:00:00+00:00,19.51,19.34,19.17,18.96,18.75,18.55,18.34,18.19,18.03,17.88,17.73,17.65,17.58,17.5,17.42,17.76,18.1,18.44,18.78,19.34,19.9,20.46,21.02,21.65,22.28,22.91,23.53,24.18,24.83,25.48,26.13,26.72,27.31,27.9,28.5,28.89,29.29,29.69,30.09,30.41,30.73,31.05,31.36,31.58,31.79,32.0,32.22,32.37,32.53,32.69,32.85,32.97,33.08,33.2,33.31,33.37,33.43,33.48,33.54,33.51,33.47,33.44,33.41,33.25,33.1,32.95,32.79,32.41,32.02,31.64,31.25,30.77,30.28,29.8,29.31,29.01,28.71,28.41,28.1,27.88,27.66,27.44,27.21,26.86,26.5,26.15,25.79,25.68,25.57,25.46,25.36,25.09,24.82,24.55,24.28,24.14,24.0,23.86,23.72,23.64,23.56,23.49,23.41,23.31,23.21,23.11,23.01,22.95,22.89,22.84,22.78,23.07,23.35,23.63,23.92,24.37,24.82,25.28,25.73,26.3,26.86,27.43,28.0,28.77,29.55,30.32,31.1,31.74,32.38,33.03,33.67,34.13,34.59,35.06,35.52,35.75,35.98,36.22,36.45,36.68,36.92,37.15,37.39,37.49,37.6,37.7,37.81,37.87,37.93,37.99,38.05,38.11,38.17,38.23,38.29,36.77,35.24,33.72,32.2,29.51,26.83,24.14,21.45,,
2018-08-07T00:00:00+00:00,22.27,22.11,21.95,21.73,21.51,21.29,21.06,21.01,20.96,20.91,20.86,20.83,20.8,20.77,20.75,21.01,21.27,21.53,21.79,22.24,22.69,23.14,23.59,24.24,24.89,25.54,26.19,26.8,27.41,28.01,28.62,29.19,29.76,30.33,30.9,31.56,32.22,32.88,33.54,33.2,32.86,32.53,32.19,30.43,28.67,26.91,25.15,25.63,26.11,26.6,27.08,28.14,29.21,30.28,31.34,31.7,32.07,32.43,32.79,31.1,29.42,27.74,26.05,24.54,23.03,21.52,20.02,20.71,21.41,22.11,22.8,22.32,21.83,21.35,20.86,20.76,20.66,20.56,20.46,20.3,20.14,19.98,19.81,19.83,19.84,19.85,19.86,20.09,20.32,20.54,20.77,20.7,20.63,20.56,20.49,20.46,20.44,20.41,20.39,20.27,20.15,20.03,19.91,19.51,19.12,18.72,18.33,18.03,17.73,17.43,17.13,17.16,17.18,17.21,17.23,17.25,17.26,17.27,17.28,17.58,17.88,18.18,18.48,18.57,18.66,18.74,18.83,19.39,19.95,20.51,21.07,21.47,21.87,22.27,22.67,22.68,22.7,22.71,22.72,23.11,23.5,23.89,24.28,24.4,24.51,24.63,24.74,24.86,24.99,25.11,25.24,25.28,25.33,25.38,25.42,25.42,25.41,25.4,25.39,25.27,25.14,25.02,24.9,,
2018-08-08T00:00:00+00:00,21.6,21.24,20.88,20.78,20.68,20.59,20.49,20.29,20.09,19.89,19.69,19.56,19.43,19.31,19.18,19.2,19.22,19.23,19.25,19.28,19.31,19.33,19.36,19.59,19.82,20.04,20.27,20.43,20.58,20.74,20.89,21.02,21.14,21.27,21.39,21.69,21.99,22.29,22.59,22.74,22.9,23.05,23.21,23.14,23.08,23.02,22.96,23.36,23.76,24.17,24.57,24.77,24.98,25.18,25.39,25.41,25.44,25.46,25.49,25.42,25.34,25.27,25.2,25.09,24.97,24.86,24.75,24.59,24.43,24.27,24.11,23.89,23.67,23.45,23.23,23.13,23.04,22.94,22.85,22.7,22.55,22.4,22.25,22.02,21.79,21.55,21.32,21.23,21.13,21.04,20.94,20.78,20.62,20.46,20.29,20.16,20.03,19.9,19.77,19.6,19.42,19.25,19.07,18.95,18.84,18.72,18.6,18.54,18.49,18.43,18.38,18.49,18.6,18.71,18.82,18.9,18.98,19.06,19.13,18.5,17.87,17.23,16.6,16.53,16.47,16.4,16.34,16.49,16.64,16.79,16.94,16.81,16.68,16.55,16.42,16.46,16.5,16.53,16.57,16.42,16.27,16.12,15.97,15.87,15.77,15.66,15.56,15.61,15.67,15.72,15.77,16.2,16.63,17.06,17.48,17.56,17.65,17.73,17.81,17.79,17.78,17.76,17.75,,
2018-08-09T00:00:00+00:00,19.16,19.06,18.96,18.92,18.88,18.84,18.79,18.84,18.88,18.93,18.98,18.97,18.97,18.96,18.96,19.02,19.08,19.15,19.21,19.35,19.5,19.65,19.8,20.0,20.2,20.4,20.61,20.49,20.37,20.25,20.13,19.95,19.77,19.58,19.4,18.97,18.54,18.11,17.67,17.6,17.53,17.45,17.38,17.33,17.29,17.24,17.19,17.15,17.11,17.07,17.03,16.64,16.25,15.87,15.48,15.61,15.75,15.88,16.02,16.29,16.56,16.83,17.1,17.09,17.07,17.06,17.04,16.95,16.86,16.77,16.68,16.49,16.31,16.12,15.93,15.83,15.73,15.63,15.53,15.48,15.43,15.38,15.33,15.15,14.96,14.77,14.59,14.39,14.19,13.99,13.79,13.66,13.53,13.41,13.28,13.32,13.37,13.41,13.45,13.35,13.24,13.14,13.03,12.92,12.8,12.68,12.57,12.43,12.29,12.15,12.01,11.91,11.81,11.7,11.6,12.06,12.53,12.99,13.45,13.94,14.44,14.93,15.42,15.96,16.49,17.03,17.56,17.94,18.31,18.68,19.06,19.25,19.45,19.65,19.84,19.98,20.12,20.26,20.41,20.5,20.59,20.68,20.77,20.86,20.94,21.03,21.12,21.01,20.9,20.8,20.69,20.75,20.82,20.89,20.96,21.05,21.13,21.22,21.31,21.23,21.14,21.06,20.98,,
2018-08-10T00:00:00+00:00,12.4,12.33,12.26,12.18,12.1,12.02,11.93,11.87,11.81,11.74,11.68,11.66,11.64,11.62,11.61,11.89,12.17,12.45,12.73,13.16,13.58,14.0,14.43,14.89,15.36,15.82,16.29,16.68,17.08,17.48,17.88,18.2,18.52,18.84,19.16,19.39,19.61,19.84,20.06,20.23,20.4,20.56,20.73,20.79,20.85,20.91,20.97,21.02,21.06,21.1,21.15,21.28,21.42,21.55,21.68,21.67,21.65,21.64,21.62,21.56,21.51,21.45,21.4,21.1,20.8,20.51,20.21,20.01,19.8,19.6,19.4,19.17,18.95,18.72,18.49,18.17,17.85,17.53,17.2,17.09,16.97,16.86,16.74,16.58,16.42,16.26,16.1,15.95,15.8,15.65,15.5,15.33,15.16,15.0,14.83,14.76,14.69,14.62,14.55,14.43,14.31,14.19,14.07,13.96,13.85,13.74,13.63,13.66,13.68,13.7,13.72,13.87,14.01,14.15,14.29,14.61,14.94,15.26,15.58,15.95,16.33,16.7,17.08,17.44,17.8,18.17,18.53,18.98,19.43,19.88,20.33,20.62,20.91,21.2,21.49,21.71,21.93,22.16,22.38,22.6,22.82,23.04,23.26,23.43,23.6,23.78,23.95,23.96,23.98,23.99,24.0,24.02,24.04,24.06,24.09,24.14,24.2,24.26,24.31,24.21,24.1,23.99,23.88,,
2018-08-11T00:00:00+00:00,15.19,15.01,14.83,14.7,14.56,14.42,14.28,14.11,13.94,13.77,13.6,13.47,13.33,13.2,13.07,13.31,13.54,13.78,14.02,14.52,15.02,15.53,16.03,16.49,16.95,17.41,17.87,18.24,18.62,18.99,19.36,19.7,20.03,20.36,20.7,20.97,21.24,21.51,21.78,22.02,22.27,22.51,22.76,22.97,23.18,23.4,23.61,23.76,23.92,24.07,24.22,24.31,24.39,24.47,24.56,24.58,24.59,24.61,24.63,24.6,24.57,24.54,24.51,24.38,24.24,24.11,23.97,23.74,23.5,23.27,23.03,22.74,22.45,22.17,21.88,21.68,21.48,21.28,21.08,20.78,20.48,20.17,19.87,19.67,19.46,19.26,19.05,18.94,18.82,18.7,18.58,18.48,18.37,18.27,18.16,17.93,17.69,17.46,17.23,17.09,16.96,16.82,16.69,16.51,16.34,16.17,16.0,15.88,15.76,15.64,15.52,15.74,15.97,16.19,16.42,16.99,17.57,18.15,18.72,19.29,19.86,20.43,20.99,21.59,22.18,22.78,23.37,23.83,24.29,24.74,25.2,25.51,25.82,26.12,26.43,26.73,27.03,27.33,27.63,27.98,28.33,28.69,29.04,29.25,29.47,29.68,29.89,29.99,30.08,30.17,30.27,30.2,30.14,30.07,30.01,29.92,29.82,29.73,29.64,29.48,29.32,29.16,29.0,,
2018-08-12T00:00:00+00:00,15.53,15.33,15.13,14.97,14.81,14.65,14.48,14.4,14.31,14.23,14.14,14.07,14.01,13.94,13.87,14.03,14.19,14.35,14.51,15.01,15.52,16.03,16.54,17.16,17.79,18.42,19.05,19.72,20.4,21.08,21.76,22.41,23.07,23.73,24.38,24.9,25.41,25.92,26.43,26.77,27.1,27.43,27.77,27.89,28.02,28.14,28.27,28.53,28.78,29.04,29.3,29.34,29.38,29.42,29.46,29.39,29.32,29.25,29.17,28.89,28.6,28.32,28.03,27.3,26.57,25.83,25.1,24.82,24.54,24.25,23.97,23.65,23.34,23.02,22.7,22.44,22.18,21.91,21.65,21.52,21.39,21.25,21.12,20.83,20.54,20.24,19.95,19.64,19.33,19.03,18.72,18.58,18.44,18.3,18.17,18.09,18.01,17.93,17.85,17.83,17.81,17.79,17.76,17.57,17.37,17.18,16.98,16.92,16.86,16.8,16.74,16.7,16.65,16.6,16.56,16.62,16.69,16.75,16.82,17.04,17.26,17.48,17.7,17.59,17.49,17.38,17.28,17.45,17.63,17.8,17.98,18.42,18.87,19.31,19.75,20.05,20.35,20.65,20.95,20.63,20.3,19.98,19.65,19.39,19.13,18.87,18.61,18.85,19.1,19.34,19.59,19.85,20.12,20.38,20.65,20.63,20.6,20.58,20.56,20.43,20.31,20.18,20.06,,
2018-08-13T00:00:00+00:00,19.23,19.15,19.07,18.91,18.75,18.6,18.44,18.23,18.03,17.82,17.61,17.54,17.47,17.4,17.33,17.33,17.32,17.32,17.31,17.36,17.42,17.47,17.52,17.67,17.82,17.96,18.11,18.08,18.04,18.01,17.98,18.23,18.48,18.74,18.99,19.46,19.93,20.4,20.87,20.57,20.28,19.98,19.69,20.34,20.99,21.64,22.3,22.58,22.86,23.14,23.43,23.5,23.58,23.66,23.73,23.66,23.59,23.51,23.44,23.13,22.82,22.51,22.21,22.06,21.9,21.75,21.6,21.33,21.06,20.79,20.51,20.22,19.93,19.64,19.35,19.14,18.94,18.74,18.53,18.37,18.2,18.03,17.87,17.68,17.49,17.3,17.11,16.98,16.85,16.72,16.6,16.66,16.72,16.78,16.84,16.78,16.71,16.65,16.59,16.42,16.25,16.09,15.92,15.83,15.75,15.66,15.57,15.61,15.64,15.68,15.71,15.83,15.95,16.07,16.2,16.4,16.61,16.82,17.03,17.37,17.71,18.05,18.39,18.87,19.35,19.82,20.3,20.71,21.12,21.53,21.94,22.23,22.52,22.82,23.11,23.31,23.51,23.72,23.92,24.1,24.29,24.47,24.66,24.84,25.03,25.22,25.41,25.47,25.54,25.6,25.67,25.64,25.62,25.6,25.57,25.41,25.25,25.08,24.92,24.65,24.38,24.11,23.84,,
2018-08-14T00:00:00+00:00,15.29,15.22,15.15,15.09,15.03,14.97,14.91,14.89,14.88,14.86,14.84,14.8,14.75,14.7,14.65,14.9,15.14,15.38,15.63,15.86,16.1,16.34,16.58,16.8,17.03,17.26,17.48,17.81,18.13,18.45,18.77,19.43,20.09,20.75,21.41,21.57,21.72,21.88,22.04,22.4,22.77,23.14,23.51,23.82,24.14,24.45,24.76,24.95,25.15,25.34,25.53,25.59,25.66,25.72,25.78,25.75,25.72,25.68,25.65,25.54,25.43,25.32,25.21,24.92,24.64,24.35,24.07,23.59,23.12,22.64,22.17,21.85,21.54,21.22,20.91,20.63,20.35,20.07,19.79,19.52,19.26,19.0,18.73,18.5,18.26,18.03,17.79,17.8,17.8,17.8,17.81,17.9,17.99,18.08,18.17,18.19,18.21,18.22,18.24,18.25,18.26,18.27,18.28,18.26,18.24,18.22,18.21,18.17,18.14,18.1,18.06,18.09,18.12,18.15,18.17,18.22,18.26,18.31,18.35,18.59,18.82,19.06,19.29,19.67,20.04,20.41,20.79,21.03,21.27,21.52,21.76,22.03,22.29,22.56,22.82,23.17,23.52,23.87,24.22,24.47,24.71,24.96,25.2,25.36,25.52,25.68,25.84,25.95,26.05,26.16,26.27,26.32,26.38,26.44,26.5,26.47,26.45,26.42,26.39,26.21,26.03,25.85,25.67,,
2018-08-15T00:00:00+00:00,15.4,15.39,15.38,15.39,15.4,15.41,15.42,15.39,15.36,15.33,15.3,15.45,15.6,15.75,15.9,16.12,16.35,16.57,16.8,17.18,17.56,17.94,18.33,18.79,19.25,19.71,20.17,20.53,20.89,21.24,21.6,21.89,22.17,22.46,22.74,23.07,23.4,23.73,24.05,24.35,24.65,24.95,25.25,25.55,25.84,26.14,26.44,26.61,26.78,26.95,27.12,27.2,27.28,27.36,27.44,27.46,27.48,27.5,27.52,27.5,27.49,27.47,27.46,27.21,26.97,26.72,26.47,26.12,25.77,25.42,25.07,24.7,24.33,23.96,23.6,23.34,23.09,22.84,22.59,22.4,22.21,22.02,21.83,21.69,21.54,21.4,21.26,20.97,20.68,20.39,20.11,19.86,19.61,19.36,19.12,18.95,18.78,18.61,18.44,18.32,18.2,18.08,17.96,17.89,17.82,17.75,17.67,17.59,17.51,17.43,17.34,17.62,17.89,18.17,18.44,19.06,19.69,20.31,20.93,21.6,22.27,22.95,23.62,24.21,24.81,25.4,26.0,26.29,26.59,26.88,27.18,27.43,27.68,27.93,28.18,28.5,28.82,29.14,29.45,29.68,29.92,30.15,30.38,30.51,30.63,30.76,30.89,30.95,31.0,31.06,31.11,31.05,30.99,30.93,30.86,30.72,30.57,30.42,30.28,29.39,28.51,27.62,26.74,,
2018-08-16T00:00:00+00:00,16.04,15.92,15.8,15.75,15.7,15.64,15.59,15.56,15.53,15.5,15.47,15.43,15.4,15.36,15.32,15.55,15.79,16.02,16.25,16.68,17.11,17.54,17.97,18.61,19.24,19.88,20.52,21.12,21.73,22.33,22.93,23.39,23.85,24.31,24.77,25.16,25.55,25.94,26.33,26.69,27.05,27.4,27.76,28.0,28.23,28.47,28.7,28.86,29.02,29.18,29.35,29.44,29.54,29.64,29.74,29.75,29.75,29.75,29.76,29.71,29.65,29.6,29.55,28.24,26.93,25.61,24.3,23.84,23.38,22.91,22.45,22.27,22.09,21.91,21.73,21.61,21.49,21.37,21.26,21.1,20.95,20.8,20.65,20.55,20.45,20.35,20.25,20.09,19.94,19.78,19.62,19.44,19.26,19.07,18.89,18.74,18.59,18.44,18.28,18.04,17.79,17.54,17.29,16.97,16.65,16.33,16.01,15.91,15.82,15.73,15.63,15.69,15.75,15.81,15.86,16.12,16.37,16.62,16.87,17.15,17.44,17.72,18.0,18.26,18.51,18.76,19.02,19.03,19.05,19.07,19.08,19.64,20.21,20.77,21.33,21.67,22.01,22.34,22.68,22.88,23.08,23.28,23.48,23.64,23.79,23.95,24.1,24.13,24.16,24.19,24.22,24.18,24.13,24.09,24.05,23.91,23.76,23.62,23.48,23.25,23.02,22.8,22.57,,
2018-08-17T00:00:00+00:00,17.69,17.52,17.35,17.33,17.31,17.29,17.27,17.26,17.24,17.23,17.22,16.99,16.77,16.54,16.32,16.22,16.12,16.02,15.92,16.18,16.45,16.72,16.99,17.3,17.61,17.93,18.24,18.58,18.93,19.27,19.62,20.01,20.4,20.79,21.19,21.5,21.82,22.14,22.46,22.7,22.95,23.2,23.45,23.63,23.81,23.99,24.17,24.3,24.43,24.56,24.69,24.72,24.75,24.78,24.8,24.74,24.69,24.63,24.57,24.43,24.29,24.15,24.02,23.76,23.5,23.25,22.99,22.59,22.19,21.78,21.38,21.01,20.65,20.28,19.91,19.62,19.33,19.04,18.76,18.53,18.31,18.08,17.86,17.63,17.4,17.17,16.95,16.73,16.51,16.3,16.08,15.85,15.62,15.38,15.15,14.94,14.73,14.52,14.31,14.17,14.04,13.9,13.77,13.68,13.59,13.5,13.42,13.32,13.22,13.13,13.03,13.22,13.41,13.59,13.78,14.24,14.7,15.15,15.61,16.09,16.56,17.04,17.51,17.94,18.36,18.79,19.22,19.61,20.0,20.39,20.78,21.12,21.46,21.8,22.14,22.46,22.78,23.09,23.41,23.68,23.94,24.21,24.47,24.68,24.89,25.11,25.32,25.45,25.57,25.7,25.83,25.89,25.95,26.01,26.07,25.95,25.84,25.73,25.62,25.38,25.13,24.88,24.64,,
2018-08-18T00:00:00+00:00,13.55,13.41,13.27,13.15,13.02,12.9,12.78,12.72,12.66,12.6,12.54,12.46,12.38,12.3,12.21,12.53,12.85,13.16,13.48,13.97,14.46,14.95,15.44,16.0,16.56,17.12,17.68,18.08,18.47,18.87,19.26,19.6,19.93,20.26,20.6,20.88,21.17,21.46,21.74,22.04,22.34,22.64,22.95,23.22,23.5,23.77,24.05,24.23,24.41,24.59,24.78,24.9,25.03,25.15,25.28,25.34,25.4,25.46,25.53,25.39,25.24,25.1,24.96,24.66,24.35,24.05,23.74,23.41,23.08,22.75,22.43,22.12,21.81,21.5,21.19,20.96,20.73,20.5,20.26,20.06,19.85,19.65,19.44,19.17,18.91,18.64,18.37,18.19,18.02,17.84,17.67,17.42,17.18,16.94,16.7,16.57,16.45,16.32,16.2,16.05,15.91,15.77,15.62,15.53,15.43,15.34,15.25,15.19,15.13,15.07,15.02,15.27,15.53,15.79,16.04,16.37,16.69,17.01,17.33,17.6,17.87,18.14,18.41,18.83,19.24,19.65,20.06,20.4,20.75,21.09,21.43,21.69,21.94,22.2,22.46,22.86,23.26,23.66,24.06,24.41,24.76,25.12,25.47,25.67,25.87,26.06,26.26,26.27,26.27,26.27,26.28,26.39,26.5,26.61,26.72,26.7,26.67,26.65,26.63,26.51,26.4,26.28,26.17,,
2018-08-19T00:00:00+00:00,14.96,14.86,14.76,14.69,14.62,14.54,14.47,14.48,14.49,14.5,14.51,14.46,14.42,14.38,14.34,14.52,14.71,14.89,15.08,15.54,16.01,16.47,16.93,17.58,18.22,18.86,19.5,19.9,20.3,20.7,21.1,21.52,21.94,22.36,22.78,23.17,23.57,23.97,24.37,24.72,25.07,25.42,25.77,26.08,26.39,26.7,27.01,27.24,27.46,27.69,27.92,28.07,28.22,28.37,28.52,28.53,28.54,28.55,28.56,28.47,28.38,28.3,28.21,27.93,27.65,27.36,27.08,26.63,26.18,25.73,25.28,24.93,24.58,24.23,23.88,23.54,23.2,22.86,22.52,22.26,22.0,21.74,21.48,21.29,21.11,20.92,20.73,20.56,20.39,20.22,20.05,19.89,19.73,19.58,19.42,19.35,19.28,19.21,19.14,19.22,19.29,19.36,19.44,19.48,19.52,19.56,19.6,19.53,19.46,19.39,19.32,19.3,19.28,19.26,19.23,19.2,19.17,19.14,19.11,19.25,19.39,19.53,19.67,19.84,20.01,20.17,20.34,20.75,21.15,21.56,21.96,22.42,22.87,23.33,23.78,24.04,24.29,24.54,24.79,25.06,25.33,25.6,25.87,26.03,26.19,26.35,26.51,26.59,26.67,26.74,26.82,26.58,26.35,26.11,25.87,25.6,25.32,25.04,24.77,24.64,24.52,24.4,24.28,,
2018-08-20T00:00:00+00:00,18.69,18.64,18.59,18.57,18.55,18.53,18.51,18.68,18.85,19.02,19.19,19.15,19.12,19.08,19.05,19.14,19.23,19.33,19.42,19.5,19.59,19.67,19.75,19.81,19.87,19.94,20.0,20.17,20.35,20.53,20.71,20.67,20.63,20.59,20.56,20.68,20.8,20.92,21.04,21.12,21.2,21.27,21.35,21.51,21.68,21.85,22.01,22.38,22.74,23.1,23.47,23.74,24.02,24.29,24.56,24.74,24.91,25.08,25.26,25.28,25.3,25.32,25.34,25.17,24.99,24.81,24.63,24.35,24.07,23.78,23.5,23.29,23.07,22.85,22.63,22.4,22.16,21.92,21.68,21.46,21.23,21.0,20.77,20.6,20.44,20.27,20.11,19.94,19.77,19.6,19.44,19.29,19.14,18.99,18.84,18.71,18.58,18.45,18.32,18.23,18.14,18.06,17.97,17.86,17.76,17.65,17.55,17.46,17.38,17.29,17.21,17.43,17.66,17.88,18.1,18.47,18.84,19.21,19.58,19.86,20.15,20.43,20.71,20.92,21.14,21.35,21.57,21.86,22.15,22.44,22.74,23.15,23.57,23.99,24.41,24.79,25.18,25.56,25.95,26.28,26.62,26.96,27.29,27.47,27.64,27.81,27.98,28.03,28.08,28.13,28.18,28.17,28.16,28.16,28.15,28.11,28.08,28.05,28.01,27.88,27.74,27.61,27.48,,
2018-08-21T00:00:00+00:00,18.42,18.34,18.26,18.19,18.11,18.04,17.96,17.91,17.86,17.81,17.76,17.78,17.8,17.82,17.84,18.11,18.38,18.65,18.92,19.31,19.69,20.08,20.46,20.79,21.13,21.46,21.79,22.21,22.64,23.06,23.49,23.69,23.89,24.09,24.29,24.54,24.79,25.04,25.29,25.56,25.83,26.09,26.36,26.54,26.72,26.89,27.07,27.23,27.4,27.56,27.72,27.82,27.91,28.01,28.11,28.12,28.14,28.16,28.17,28.11,28.05,27.98,27.92,27.76,27.59,27.43,27.26,26.96,26.66,26.36,26.06,25.74,25.42,25.09,24.77,24.52,24.28,24.03,23.79,23.62,23.46,23.3,23.14,22.98,22.82,22.66,22.5,22.34,22.18,22.02,21.86,21.58,21.29,21.01,20.73,20.4,20.06,19.73,19.4,19.22,19.03,18.85,18.67,18.53,18.4,18.26,18.13,18.04,17.94,17.85,17.75,17.86,17.98,18.09,18.2,18.65,19.09,19.53,19.98,20.57,21.15,21.74,22.33,22.89,23.45,24.01,24.57,25.02,25.47,25.92,26.38,26.74,27.1,27.46,27.82,28.15,28.47,28.79,29.11,29.32,29.53,29.74,29.94,30.09,30.23,30.37,30.51,30.59,30.66,30.74,30.81,30.82,30.82,30.83,30.84,30.8,30.77,30.74,30.7,30.5,30.29,30.08,29.88,,
2018-08-22T00:00:00+00:00,18.21,18.12,18.04,17.94,17.83,17.73,17.62,17.56,17.49,17.43,17.36,17.32,17.28,17.24,17.21,17.4,17.59,17.78,17.98,18.45,18.93,19.41,19.88,20.39,20.89,21.4,21.9,22.41,22.92,23.43,23.94,24.32,24.69,25.07,25.44,25.8,26.15,26.51,26.86,27.1,27.34,27.58,27.81,28.04,28.26,28.48,28.7,28.86,29.01,29.17,29.32,29.38,29.44,29.49,29.55,29.57,29.59,29.61,29.63,29.55,29.46,29.38,29.3,29.16,29.01,28.87,28.72,28.3,27.89,27.47,27.06,26.67,26.28,25.89,25.51,25.09,24.67,24.25,23.83,23.55,23.26,22.98,22.7,22.48,22.26,22.05,21.83,21.63,21.43,21.23,21.03,20.78,20.54,20.3,20.05,19.85,19.65,19.44,19.24,19.04,18.85,18.65,18.45,18.34,18.23,18.11,18.0,17.85,17.69,17.54,17.38,17.51,17.65,17.78,17.91,18.34,18.78,19.21,19.64,20.12,20.59,21.07,21.55,21.91,22.28,22.65,23.01,23.41,23.8,24.2,24.59,24.94,25.28,25.63,25.97,26.22,26.47,26.71,26.96,27.08,27.19,27.31,27.43,27.55,27.68,27.8,27.93,27.9,27.88,27.86,27.83,27.67,27.51,27.34,27.18,26.87,26.57,26.26,25.95,25.76,25.57,25.38,25.18,,
2018-08-23T00:00:00+00:00,18.48,18.34,18.2,18.1,18.0,17.9,17.8,17.71,17.61,17.52,17.42,17.28,17.14,17.0,16.86,16.94,17.02,17.1,17.19,17.5,17.82,18.14,18.46,18.87,19.29,19.7,20.12,20.43,20.74,21.05,21.37,21.79,22.21,22.63,23.05,23.42,23.79,24.16,24.53,24.79,25.05,25.31,25.57,25.74,25.91,26.08,26.25,26.25,26.25,26.24,26.24,26.02,25.79,25.57,25.35,25.27,25.2,25.13,25.06,24.94,24.83,24.71,24.6,24.39,24.18,23.98,23.77,23.53,23.3,23.06,22.82,22.31,21.81,21.3,20.8,20.61,20.42,20.22,20.03,19.87,19.71,19.55,19.39,19.05,18.72,18.39,18.06,17.99,17.93,17.86,17.79,17.46,17.13,16.8,16.46,16.26,16.05,15.85,15.64,15.48,15.31,15.15,14.99,14.89,14.8,14.7,14.61,14.56,14.52,14.47,14.42,14.53,14.64,14.74,14.85,15.06,15.27,15.48,15.68,15.85,16.02,16.18,16.35,16.53,16.71,16.89,17.06,17.27,17.47,17.68,17.88,18.25,18.61,18.98,19.34,19.56,19.78,19.99,20.21,20.32,20.44,20.55,20.66,20.66,20.67,20.67,20.68,20.75,20.82,20.9,20.97,20.99,21.0,21.02,21.04,20.98,20.93,20.87,20.82,20.65,20.49,20.32,20.16,,
2018-08-24T00:00:00+00:00,15.6,15.46,15.33,15.28,15.23,15.18,15.14,15.09,15.05,15.01,14.96,14.93,14.89,14.85,14.82,14.93,15.05,15.16,15.27,15.4,15.53,15.66,15.79,15.96,16.14,16.31,16.48,16.74,17.0,17.25,17.51,17.74,17.98,18.21,18.45,18.64,18.83,19.03,19.22,19.36,19.51,19.65,19.79,19.67,19.55,19.43,19.31,19.64,19.97,20.3,20.63,20.74,20.86,20.97,21.09,21.1,21.1,21.11,21.11,20.9,20.7,20.49,20.28,19.92,19.56,19.2,18.84,18.62,18.4,18.18,17.96,17.78,17.6,17.42,17.25,17.16,17.08,17.0,16.92,16.83,16.73,16.64,16.55,16.4,16.26,16.11,15.97,15.85,15.74,15.62,15.51,15.41,15.31,15.21,15.11,15.02,14.93,14.84,14.75,14.57,14.39,14.21,14.02,13.88,13.75,13.61,13.47,13.31,13.15,12.99,12.83,12.9,12.97,13.04,13.11,13.28,13.44,13.6,13.76,13.99,14.21,14.43,14.65,14.91,15.17,15.43,15.69,15.98,16.27,16.56,16.86,17.09,17.32,17.55,17.78,18.02,18.25,18.49,18.73,18.89,19.06,19.22,19.39,19.49,19.58,19.68,19.78,19.81,19.85,19.89,19.92,19.9,19.88,19.86,19.84,19.6,19.36,19.12,18.88,18.73,18.57,18.42,18.27,,
2018-08-25T00:00:00+00:00,15.01,14.97,14.93,14.75,14.57,14.39,14.21,14.02,13.83,13.64,13.45,13.36,13.27,13.18,13.1,13.15,13.2,13.25,13.31,13.5,13.7,13.9,14.1,14.28,14.46,14.64,14.82,15.08,15.33,15.58,15.83,16.09,16.35,16.61,16.87,17.12,17.37,17.61,17.86,18.06,18.27,18.47,18.68,18.85,19.02,19.2,19.37,19.49,19.61,19.74,19.86,19.92,19.98,20.04,20.1,20.08,20.06,20.04,20.02,19.92,19.82,19.71,19.61,19.31,19.02,18.73,18.43,18.09,17.75,17.41,17.06,16.69,16.32,15.95,15.58,15.35,15.12,14.89,14.66,14.44,14.22,14.01,13.79,13.68,13.57,13.46,13.35,13.26,13.16,13.07,12.98,12.83,12.69,12.54,12.39,12.2,12.01,11.81,11.62,11.64,11.66,11.69,11.71,11.62,11.53,11.43,11.34,11.15,10.96,10.77,10.58,10.76,10.94,11.12,11.3,11.85,12.41,12.96,13.51,14.07,14.64,15.2,15.77,16.26,16.75,17.24,17.73,18.1,18.47,18.85,19.22,19.56,19.9,20.24,20.59,20.88,21.17,21.46,21.76,22.0,22.24,22.47,22.71,22.73,22.75,22.76,22.78,22.9,23.02,23.14,23.26,23.12,22.98,22.84,22.7,22.83,22.95,23.08,23.21,23.11,23.0,22.9,22.79,,
2018-08-26T00:00:00+00:00,9.21,9.17,9.13,9.11,9.1,9.08,9.07,9.01,8.95,8.9,8.84,8.81,8.79,8.76,8.74,8.89,9.04,9.2,9.35,9.95,10.54,11.14,11.73,12.28,12.83,13.38,13.93,14.53,15.13,15.73,16.33,16.91,17.49,18.07,18.65,19.09,19.52,19.95,20.39,20.71,21.03,21.36,21.68,21.91,22.14,22.37,22.6,22.75,22.91,23.06,23.22,23.31,23.41,23.51,23.61,23.63,23.65,23.67,23.69,23.66,23.63,23.61,23.58,23.45,23.31,23.18,23.04,22.8,22.56,22.32,22.08,21.88,21.69,21.5,21.3,21.25,21.2,21.14,21.09,20.91,20.72,20.54,20.36,20.2,20.05,19.9,19.75,19.64,19.53,19.42,19.32,19.19,19.07,18.95,18.83,18.8,18.77,18.73,18.7,18.62,18.54,18.46,18.37,18.31,18.24,18.18,18.11,18.07,18.02,17.98,17.93,17.92,17.91,17.9,17.89,17.95,18.01,18.06,18.12,18.21,18.3,18.39,18.48,18.37,18.26,18.15,18.04,18.33,18.62,18.91,19.21,19.82,20.44,21.05,21.67,21.63,21.59,21.55,21.51,21.97,22.44,22.9,23.37,23.53,23.69,23.85,24.02,24.02,24.03,24.04,24.05,24.01,23.97,23.93,23.89,23.75,23.62,23.48,23.35,23.05,22.76,22.46,22.16,,
2018-08-27T00:00:00+00:00,19.75,19.67,19.59,19.56,19.52,19.48,19.45,19.36,19.27,19.18,19.09,19.01,18.93,18.84,18.76,18.69,18.62,18.55,18.47,18.4,18.33,18.26,18.18,18.15,18.12,18.08,18.05,18.0,17.96,17.91,17.87,18.05,18.22,18.4,18.58,18.85,19.11,19.37,19.64,20.04,20.45,20.86,21.26,21.75,22.24,22.73,23.22,23.36,23.49,23.63,23.76,23.85,23.94,24.03,24.12,24.01,23.91,23.81,23.71,23.52,23.34,23.15,22.97,22.61,22.26,21.9,21.55,21.14,20.72,20.31,19.9,19.56,19.22,18.88,18.54,18.3,18.05,17.81,17.56,17.3,17.03,16.77,16.5,16.38,16.27,16.15,16.03,15.86,15.69,15.52,15.35,15.21,15.07,14.93,14.79,14.68,14.58,14.47,14.36,14.22,14.08,13.93,13.79,13.75,13.7,13.66,13.61,13.52,13.42,13.32,13.22,13.29,13.36,13.44,13.51,13.99,14.47,14.95,15.43,16.08,16.73,17.38,18.03,18.59,19.16,19.72,20.29,20.76,21.23,21.7,22.17,22.63,23.09,23.54,24.0,24.33,24.66,24.99,25.32,25.57,25.83,26.08,26.33,26.52,26.7,26.88,27.06,27.21,27.35,27.49,27.64,27.7,27.76,27.82,27.88,27.9,27.91,27.93,27.94,27.72,27.51,27.29,27.07,,
2018-08-28T00:00:00+00:00,12.34,12.26,12.18,12.1,12.02,11.94,11.86,11.81,11.76,11.72,11.67,11.66,11.66,11.65,11.64,11.83,12.02,12.2,12.39,12.95,13.51,14.07,14.63,15.2,15.76,16.33,16.89,17.45,18.0,18.56,19.12,19.64,20.16,20.68,21.2,21.66,22.11,22.57,23.03,23.44,23.86,24.27,24.69,24.98,25.26,25.55,25.84,26.02,26.21,26.39,26.58,26.71,26.84,26.97,27.1,27.16,27.23,27.3,27.37,27.33,27.29,27.25,27.21,26.97,26.73,26.49,26.25,25.87,25.49,25.1,24.72,24.42,24.12,23.82,23.51,23.27,23.02,22.77,22.52,22.31,22.09,21.88,21.67,21.51,21.35,21.19,21.03,20.97,20.91,20.85,20.79,20.73,20.66,20.6,20.54,20.52,20.5,20.48,20.46,20.09,19.73,19.37,19.0,18.66,18.32,17.98,17.64,17.71,17.78,17.86,17.93,18.01,18.09,18.17,18.25,18.36,18.48,18.59,18.7,18.74,18.78,18.82,18.86,18.74,18.62,18.5,18.37,18.36,18.34,18.32,18.3,18.09,17.88,17.68,17.47,17.22,16.96,16.71,16.46,16.42,16.38,16.33,16.29,16.47,16.65,16.83,17.01,17.31,17.62,17.92,18.23,18.29,18.34,18.4,18.46,18.49,18.52,18.55,18.58,18.45,18.33,18.2,18.08,,
2018-08-29T00:00:00+00:00,19.56,19.57,19.58,19.43,19.29,19.15,19.01,18.93,18.86,18.79,18.72,18.53,18.34,18.15,17.96,18.25,18.53,18.81,19.1,19.08,19.05,19.03,19.01,18.97,18.93,18.89,18.85,18.87,18.89,18.91,18.93,18.9,18.88,18.86,18.84,18.83,18.82,18.81,18.79,18.47,18.14,17.82,17.49,17.36,17.22,17.08,16.95,16.86,16.76,16.67,16.57,16.67,16.77,16.87,16.97,16.95,16.92,16.89,16.87,17.06,17.25,17.45,17.64,17.58,17.52,17.45,17.39,17.17,16.94,16.71,16.49,16.24,16.0,15.75,15.51,15.48,15.44,15.41,15.38,15.27,15.16,15.06,14.95,14.88,14.82,14.75,14.68,14.67,14.67,14.66,14.66,14.62,14.59,14.55,14.52,14.34,14.16,13.97,13.79,13.59,13.39,13.18,12.98,12.85,12.72,12.59,12.46,12.36,12.25,12.15,12.04,12.19,12.33,12.48,12.63,12.84,13.06,13.27,13.49,13.63,13.78,13.92,14.07,14.4,14.73,15.06,15.39,15.84,16.3,16.75,17.2,17.76,18.32,18.88,19.43,19.75,20.07,20.38,20.7,20.26,19.83,19.4,18.97,19.31,19.66,20.01,20.36,20.41,20.45,20.5,20.54,20.5,20.45,20.4,20.36,20.38,20.4,20.43,20.45,20.31,20.17,20.03,19.89,,
2018-08-30T00:00:00+00:00
2018-08-31T00:00:00+00:00,15.17,15.03,14.89,14.79,14.68,14.58,14.48,14.41,14.33,14.26,14.19,14.19,14.2,14.2,14.21,14.24,14.26,14.29,14.32,14.65,14.98,15.31,15.64,16.07,16.5,16.93,17.36,17.8,18.24,18.68,19.12,19.43,19.75,20.06,20.38,20.52,20.66,20.81,20.95,20.98,21.01,21.05,21.08,21.14,21.2,21.26,21.32,21.55,21.78,22.01,22.24,22.25,22.25,22.25,22.25,22.21,22.17,22.13,22.09,21.92,21.76,21.59,21.42,21.11,20.79,20.48,20.16,19.81,19.45,19.1,18.74,18.51,18.27,18.03,17.8,17.54,17.28,17.02,16.76,16.5,16.24,15.97,15.71,15.54,15.36,15.19,15.01,14.91,14.82,14.72,14.62,14.49,14.36,14.23,14.1,13.93,13.77,13.61,13.45,13.3,13.15,13.01,12.86,12.68,12.5,12.32,12.14,12.01,11.87,11.74,11.61,11.7,11.79,11.89,11.98,12.53,13.07,13.62,14.17,14.7,15.24,15.77,16.31,16.76,17.21,17.66,18.11,18.47,18.82,19.18,19.54,19.79,20.05,20.3,20.56,20.8,21.03,21.27,21.51,21.7,21.89,22.09,22.28,22.4,22.52,22.63,22.75,22.78,22.81,22.84,22.87,22.83,22.8,22.76,22.73,22.59,22.46,22.33,22.2,21.93,21.67,21.4,21.13,,
2018-09-16T00:00:00+00:00,11.87,11.7,11.52,11.4,11.28,11.16,11.05,11.01,10.97,10.93,10.89,10.77,10.64,10.52,10.39,10.37,10.35,10.34,10.32,10.72,11.12,11.52,11.93,12.5,13.07,13.64,14.21,14.82,15.43,16.04,16.65,17.22,17.8,18.37,18.94,19.46,19.99,20.51,21.03,21.29,21.54,21.8,22.06,22.32,22.57,22.83,23.09,23.27,23.45,23.63,23.82,23.89,23.97,24.04,24.12,24.2,24.28,24.37,24.45,24.3,24.15,24.0,23.85,23.52,23.19,22.86,22.53,22.12,21.72,21.31,20.9,20.83,20.76,20.69,20.62,20.37,20.12,19.88,19.63,19.46,19.29,19.12,18.96,18.8,18.65,18.5,18.34,18.1,17.85,17.6,17.35,17.07,16.78,16.49,16.2,16.06,15.91,15.76,15.61,15.46,15.31,15.16,15.0,14.92,14.83,14.74,14.66,14.59,14.53,14.47,14.4,14.47,14.55,14.62,14.69,14.91,15.13,15.35,15.58,16.37,17.17,17.97,18.76,19.31,19.85,20.39,20.94,21.48,22.02,22.56,23.1,23.55,24.01,24.47,24.92,25.27,25.62,25.97,26.32,26.56,26.8,27.04,27.28,27.47,27.66,27.85,28.04,28.14,28.23,28.32,28.41,28.4,28.39,28.38,28.37,28.19,28.01,27.83,27.66,27.23,26.81,26.38,25.96,,
2018-09-17T00:00:00+00:00,12.87,12.85,12.83,12.79,12.76,12.73,12.69,12.64,12.58,12.52,12.46,12.27,12.08,11.88,11.69,11.75,11.82,11.88,11.95,12.26,12.58,12.89,13.21,13.91,14.6,15.3,15.99,16.7,17.4,18.1,18.8,19.44,20.07,20.71,21.34,21.89,22.43,22.98,23.52,23.97,24.42,24.87,25.32,25.68,26.03,26.38,26.74,26.92,27.1,27.28,27.46,27.53,27.59,27.65,27.72,27.68,27.63,27.59,27.55,27.36,27.17,26.98,26.79,26.32,25.85,25.37,24.9,24.52,24.14,23.76,23.38,23.04,22.7,22.36,22.02,21.81,21.6,21.4,21.19,20.93,20.68,20.42,20.16,19.99,19.81,19.64,19.46,19.28,19.09,18.9,18.72,18.71,18.7,18.69,18.68,18.61,18.53,18.45,18.37,18.41,18.45,18.49,18.53,18.27,18.02,17.76,17.5,17.36,17.22,17.08,16.94,16.8,16.66,16.52,16.37,16.65,16.92,17.2,17.47,18.03,18.59,19.14,19.7,20.22,20.74,21.26,21.78,22.17,22.56,22.96,23.35,23.85,24.35,24.85,25.34,25.55,25.75,25.95,26.15,26.27,26.39,26.5,26.62,26.72,26.82,26.92,27.02,27.11,27.2,27.28,27.37,27.13,26.89,26.65,26.41,25.77,25.14,24.5,23.87,23.5,23.13,22.76,22.4,,
2018-09-18T00:00:00+00:00
2018-09-19T00:00:00+00:00,18.25,18.17,18.08,18.03,17.97,17.92,17.86,17.63,17.4,17.17,16.94,16.76,16.59,16.41,16.24,16.15,16.07,15.99,15.9,16.06,16.21,16.37,16.52,16.88,17.23,17.58,17.94,18.31,18.69,19.06,19.44,19.71,19.98,20.25,20.52,20.89,21.27,21.64,22.02,22.36,22.71,23.05,23.4,23.69,23.98,24.26,24.55,24.71,24.86,25.02,25.17,25.23,25.29,25.35,25.41,25.37,25.33,25.3,25.26,25.12,24.98,24.83,24.69,24.39,24.09,23.78,23.48,23.12,22.77,22.41,22.05,21.78,21.51,21.24,20.96,20.67,20.38,20.09,19.8,19.58,19.37,19.15,18.94,18.73,18.53,18.32,18.12,17.92,17.73,17.53,17.34,17.17,17.0,16.83,16.65,16.49,16.32,16.15,15.98,15.8,15.61,15.43,15.24,15.05,14.85,14.66,14.46,14.31,14.15,13.99,13.84,13.77,13.7,13.63,13.56,13.79,14.01,14.24,14.47,14.79,15.11,15.42,15.74,15.87,16.0,16.13,16.26,16.71,17.16,17.6,18.05,18.62,19.19,19.76,20.33,20.84,21.34,21.85,22.36,22.8,23.23,23.66,24.09,24.34,24.59,24.84,25.08,25.15,25.21,25.28,25.34,25.36,25.38,25.4,25.42,25.27,25.11,24.96,24.81,24.48,24.16,23.84,23.52,,
2018-09-20T00:00:00+00:00,14.67,14.6,14.54,14.49,14.44,14.39,14.34,14.28,14.21,14.14,14.08,13.97,13.87,13.76,13.66,13.65,13.64,13.63,13.62,13.79,13.97,14.14,14.32,14.64,14.97,15.3,15.63,16.19,16.76,17.32,17.89,18.39,18.89,19.39,19.9,20.4,20.91,21.42,21.93,22.37,22.8,23.23,23.67,23.96,24.25,24.54,24.84,25.02,25.2,25.38,25.56,25.61,25.67,25.73,25.79,25.7,25.61,25.52,25.43,25.26,25.08,24.91,24.73,24.5,24.27,24.03,23.8,23.52,23.24,22.96,22.67,22.5,22.32,22.15,21.97,21.78,21.58,21.39,21.19,21.06,20.92,20.79,20.65,20.52,20.39,20.26,20.13,20.02,19.91,19.81,19.7,19.75,19.79,19.84,19.89,19.88,19.86,19.85,19.83,19.63,19.42,19.21,19.01,18.81,18.62,18.42,18.23,18.24,18.25,18.27,18.28,18.36,18.43,18.51,18.58,17.57,16.55,15.53,14.51,14.63,14.74,14.86,14.97,14.98,15.0,15.01,15.02,15.16,15.29,15.43,15.56,15.75,15.93,16.12,16.31,16.37,16.44,16.51,16.58,16.71,16.84,16.97,17.11,17.22,17.34,17.45,17.57,17.63,17.7,17.76,17.83,17.8,17.77,17.74,17.72,17.47,17.22,16.98,16.73,16.54,16.35,16.16,15.97,,
2018-09-21T00:00:00+00:00
2018-09-22T00:00:00+00:00
2018-09-23T00:00:00+00:00
2018-09-24T00:00:00+00:00,7.11,7.07,7.04,7.23,7.43,7.63,7.83,7.75,7.67,7.59,7.52,7.37,7.23,7.08,6.94,6.83,6.72,6.61,6.5,6.77,7.04,7.3,7.57,8.07,8.56,9.05,9.55,10.02,10.5,10.98,11.45,11.77,12.08,12.4,12.71,13.03,13.35,13.67,13.99,14.25,14.51,14.78,15.04,15.26,15.48,15.71,15.93,16.04,16.15,16.26,16.38,16.38,16.39,16.4,16.4,16.29,16.17,16.05,15.94,15.7,15.47,15.24,15.01,14.62,14.24,13.86,13.47,13.17,12.86,12.56,12.25,12.01,11.77,11.54,11.3,11.17,11.05,10.93,10.8,10.7,10.59,10.49,10.39,10.28,10.18,10.07,9.97,9.82,9.67,9.51,9.36,9.24,9.12,9.0,8.87,8.79,8.7,8.61,8.53,8.4,8.27,8.14,8.01,7.88,7.75,7.63,7.5,7.43,7.36,7.29,7.22,7.21,7.2,7.18,7.17,7.41,7.66,7.9,8.15,8.59,9.04,9.48,9.93,10.4,10.87,11.34,11.82,12.26,12.7,13.13,13.57,13.9,14.23,14.56,14.89,15.1,15.31,15.53,15.74,15.91,16.09,16.26,16.44,16.53,16.63,16.73,16.83,16.84,16.85,16.86,16.86,16.77,16.68,16.59,16.5,16.29,16.07,15.86,15.65,15.33,15.02,14.71,14.4,,
2018-09-25T00:00:00+00:00,8.59,8.52,8.45,8.34,8.23,8.13,8.02,7.96,7.89,7.83,7.76,7.69,7.62,7.54,7.47,7.37,7.28,7.18,7.08,7.34,7.6,7.86,8.11,8.53,8.95,9.37,9.79,10.19,10.58,10.98,11.38,11.8,12.22,12.64,13.07,13.43,13.79,14.16,14.52,14.81,15.1,15.39,15.69,15.85,16.02,16.19,16.36,16.45,16.54,16.63,16.72,16.76,16.8,16.84,16.88,16.81,16.75,16.68,16.61,16.43,16.24,16.06,15.87,15.56,15.24,14.93,14.62,14.32,14.02,13.72,13.43,13.18,12.94,12.7,12.46,12.24,12.03,11.82,11.61,11.46,11.31,11.16,11.02,10.85,10.68,10.52,10.35,10.15,9.95,9.75,9.55,9.35,9.15,8.95,8.75,8.59,8.42,8.26,8.09,7.97,7.84,7.72,7.6,7.48,7.36,7.24,7.13,7.02,6.91,6.8,6.69,6.65,6.61,6.56,6.52,6.82,7.12,7.42,7.72,8.25,8.77,9.29,9.82,10.36,10.91,11.46,12.01,12.61,13.21,13.81,14.41,14.95,15.49,16.03,16.57,17.09,17.61,18.13,18.65,18.98,19.32,19.65,19.98,20.17,20.37,20.56,20.76,20.82,20.88,20.94,21.0,20.95,20.9,20.85,20.8,20.59,20.38,20.18,19.97,19.47,18.97,18.48,17.98,,
2018-09-26T00:00:00+00:00,8.43,8.29,8.15,8.05,7.95,7.85,7.75,7.66,7.57,7.48,7.38,7.27,7.16,7.05,6.93,6.85,6.76,6.68,6.59,6.85,7.11,7.38,7.64,8.11,8.58,9.06,9.53,10.02,10.5,10.99,11.47,12.08,12.68,13.29,13.89,14.49,15.1,15.7,16.3,16.83,17.35,17.87,18.39,18.72,19.05,19.37,19.7,19.91,20.11,20.32,20.53,20.61,20.7,20.78,20.87,20.82,20.78,20.73,20.69,20.44,20.2,19.95,19.71,19.22,18.73,18.24,17.75,17.32,16.9,16.47,16.05,15.76,15.48,15.19,14.9,14.64,14.39,14.13,13.87,13.73,13.58,13.43,13.28,13.12,12.97,12.81,12.65,12.42,12.2,11.97,11.74,11.56,11.38,11.2,11.02,10.91,10.79,10.68,10.56,10.48,10.39,10.31,10.22,10.14,10.06,9.98,9.9,9.8,9.7,9.6,9.5,9.44,9.37,9.3,9.23,9.53,9.82,10.12,10.42,11.03,11.64,12.25,12.86,13.62,14.38,15.14,15.91,16.67,17.44,18.21,18.98,19.66,20.35,21.04,21.73,22.24,22.74,23.25,23.75,24.02,24.29,24.56,24.82,25.05,25.27,25.49,25.72,25.83,25.93,26.04,26.15,26.09,26.03,25.98,25.92,25.68,25.43,25.19,24.95,24.44,23.93,23.43,22.92,,
2018-09-27T00:00:00+00:00,11.57,11.45,11.32,11.31,11.29,11.28,11.27,11.3,11.33,11.37,11.4,11.46,11.51,11.57,11.63,11.73,11.83,11.93,12.04,12.5,12.97,13.43,13.9,14.57,15.24,15.91,16.58,17.14,17.7,18.25,18.81,19.32,19.83,20.35,20.86,21.32,21.79,22.26,22.72,23.09,23.45,23.82,24.18,24.4,24.62,24.83,25.05,25.2,25.34,25.49,25.64,25.66,25.68,25.71,25.73,25.65,25.57,25.49,25.4,24.81,24.22,23.62,23.03,22.37,21.71,21.04,20.38,19.94,19.5,19.06,18.62,18.3,17.98,17.65,17.33,17.1,16.87,16.64,16.41,16.2,15.98,15.77,15.55,15.29,15.02,14.75,14.49,14.34,14.19,14.04,13.89,13.72,13.54,13.37,13.19,13.12,13.04,12.97,12.89,12.92,12.95,12.98,13.01,12.94,12.87,12.8,12.73,12.66,12.59,12.52,12.45,12.53,12.61,12.68,12.76,13.18,13.6,14.01,14.43,15.38,16.34,17.29,18.24,19.27,20.3,21.32,22.35,23.14,23.92,24.71,25.49,26.13,26.77,27.41,28.05,28.43,28.81,29.2,29.58,29.9,30.23,30.56,30.89,31.05,31.22,31.38,31.54,31.41,31.29,31.16,31.03,30.75,30.47,30.19,29.91,29.49,29.07,28.65,28.23,27.66,27.1,26.54,25.98,,
2018-09-28T00:00:00+00:00,13.2,13.26,13.32,13.24,13.17,13.09,13.01,12.91,12.8,12.69,12.58,12.41,12.24,12.08,11.91,11.98,12.06,12.13,12.2,12.62,13.04,13.46,13.87,14.37,14.87,15.37,15.87,16.37,16.88,17.38,17.89,18.06,18.23,18.41,18.58,18.94,19.29,19.65,20.0,19.97,19.94,19.92,19.89,19.81,19.74,19.66,19.58,19.47,19.35,19.24,19.12,19.1,19.07,19.05,19.02,18.86,18.69,18.53,18.36,17.89,17.43,16.96,16.49,16.13,15.77,15.41,15.05,14.86,14.66,14.46,14.27,14.13,13.98,13.84,13.7,13.56,13.42,13.28,13.14,13.03,12.92,12.81,12.7,12.57,12.43,12.29,12.16,11.97,11.79,11.6,11.41,11.22,11.03,10.84,10.64,10.47,10.29,10.12,9.94,9.8,9.66,9.52,9.38,9.26,9.13,9.01,8.88,8.77,8.67,8.56,8.46,8.39,8.31,8.24,8.17,8.3,8.43,8.56,8.68,9.03,9.37,9.72,10.06,10.51,10.96,11.4,11.85,12.29,12.73,13.18,13.62,14.05,14.48,14.91,15.34,15.77,16.21,16.64,17.07,17.33,17.6,17.86,18.12,18.24,18.36,18.48,18.6,18.6,18.61,18.61,18.62,18.51,18.4,18.3,18.19,17.96,17.74,17.51,17.28,16.93,16.58,16.22,15.87,,
2018-09-29T00:00:00+00:00,9.6,9.48,9.37,9.3,9.24,9.17,9.1,9.0,8.91,8.81,8.71,8.63,8.55,8.47,8.39,8.35,8.31,8.27,8.22,8.4,8.58,8.76,8.94,9.3,9.65,10.01,10.37,10.76,11.15,11.54,11.92,12.36,12.8,13.24,13.67,14.08,14.48,14.89,15.29,15.67,16.05,16.43,16.8,17.07,17.33,17.59,17.86,17.98,18.11,18.24,18.36,18.4,18.43,18.47,18.5,18.43,18.35,18.27,18.2,17.98,17.76,17.54,17.31,16.94,16.57,16.19,15.82,15.36,14.9,14.44,13.98,13.78,13.57,13.36,13.16,12.92,12.68,12.44,12.2,11.95,11.71,11.46,11.22,11.0,10.78,10.56,10.35,10.12,9.89,9.66,9.44,9.28,9.13,8.98,8.82,8.59,8.35,8.11,7.88,7.68,7.47,7.27,7.07,6.98,6.89,6.79,6.7,6.64,6.57,6.51,6.45,6.35,6.25,6.14,6.04,6.25,6.46,6.66,6.87,7.49,8.12,8.74,9.37,10.0,10.63,11.25,11.88,12.32,12.75,13.18,13.62,14.1,14.58,15.06,15.54,15.81,16.08,16.35,16.62,16.79,16.97,17.15,17.33,17.44,17.56,17.68,17.8,17.8,17.8,17.8,17.81,17.69,17.58,17.47,17.35,17.17,16.98,16.8,16.62,16.2,15.78,15.37,14.95,,
2018-09-30T00:00:00+00:00,7.13,7.04,6.95,6.87,6.79,6.71,6.63,6.48,6.34,6.19,6.04,5.93,5.81,5.7,5.58,5.44,5.31,5.17,5.03,5.29,5.54,5.8,6.06,6.69,7.32,7.95,8.58,9.31,10.03,10.76,11.48,12.11,12.74,13.37,14.0,14.32,14.63,14.95,15.27,15.57,15.88,16.18,16.48,16.68,16.88,17.08,17.27,17.45,17.62,17.79,17.96,17.86,17.76,17.66,17.56,17.48,17.4,17.32,17.24,17.03,16.81,16.6,16.38,16.08,15.79,15.49,15.19,14.92,14.65,14.38,14.11,13.86,13.62,13.37,13.13,12.95,12.78,12.61,12.43,12.23,12.03,11.82,11.62,11.58,11.54,11.5,11.46,11.41,11.35,11.29,11.23,11.17,11.11,11.05,10.99,10.75,10.51,10.27,10.03,9.95,9.88,9.8,9.73,9.77,9.82,9.86,9.9,9.64,9.38,9.12,8.86,8.76,8.65,8.55,8.45,8.55,8.65,8.75,8.84,9.03,9.23,9.42,9.61,9.81,10.01,10.21,10.4,10.74,11.08,11.41,11.75,12.01,12.27,12.53,12.8,13.01,13.23,13.45,13.67,13.88,14.1,14.32,14.53,14.6,14.66,14.72,14.78,14.72,14.67,14.61,14.55,14.36,14.17,13.98,13.79,13.52,13.24,12.96,12.68,12.29,11.91,11.52,11.13,,
2018-10-01T00:00:00+00:00,9.91,9.97,10.04,10.17,10.31,10.45,10.59,10.48,10.37,10.27,10.16,10.0,9.83,9.67,9.51,9.24,8.97,8.7,8.43,8.56,8.69,8.82,8.96,9.35,9.73,10.12,10.51,10.71,10.9,11.09,11.28,11.64,12.0,12.35,12.71,12.97,13.24,13.5,13.76,14.02,14.28,14.54,14.79,15.0,15.2,15.41,15.61,15.71,15.81,15.91,16.01,16.02,16.04,16.05,16.07,15.9,15.74,15.57,15.41,15.12,14.83,14.53,14.24,13.83,13.42,13.01,12.6,12.3,12.0,11.7,11.4,11.15,10.9,10.65,10.4,10.18,9.95,9.72,9.5,9.26,9.03,8.79,8.55,8.36,8.17,7.97,7.78,7.6,7.41,7.23,7.04,6.95,6.86,6.76,6.67,6.6,6.53,6.47,6.4,6.37,6.34,6.31,6.28,6.26,6.23,6.2,6.17,6.18,6.18,6.18,6.19,6.37,6.56,6.75,6.93,7.16,7.38,7.61,7.84,8.34,8.85,9.36,9.86,10.46,11.06,11.66,12.25,12.69,13.13,13.57,14.01,14.23,14.46,14.68,14.91,15.11,15.32,15.53,15.73,15.53,15.33,15.14,14.94,14.83,14.73,14.63,14.52,14.43,14.34,14.25,14.16,14.05,13.95,13.85,13.75,13.76,13.77,13.78,13.8,13.77,13.75,13.72,13.7,,
2018-10-02T00:00:00+00:00,8.39,8.27,8.15,8.08,8.02,7.95,7.88,7.84,7.8,7.76,7.72,7.81,7.89,7.98,8.07,8.11,8.16,8.2,8.25,8.45,8.65,8.85,9.05,9.23,9.41,9.59,9.78,10.01,10.24,10.48,10.71,10.81,10.92,11.02,11.12,11.41,11.7,11.99,12.28,12.3,12.33,12.35,12.37,12.54,12.7,12.86,13.02,13.2,13.38,13.55,13.73,13.77,13.81,13.85,13.9,13.96,14.03,14.09,14.16,14.18,14.2,14.23,14.25,14.14,14.03,13.92,13.81,13.78,13.74,13.7,13.66,13.63,13.6,13.57,13.54,13.56,13.57,13.59,13.6,13.63,13.65,13.68,13.7,13.66,13.61,13.57,13.52,13.52,13.52,13.52,13.52,13.48,13.45,13.41,13.37,13.33,13.29,13.25,13.21,13.27,13.33,13.4,13.46,13.47,13.47,13.48,13.48,13.62,13.76,13.9,14.04,14.03,14.02,14.0,13.99,14.04,14.1,14.15,14.2,14.31,14.41,14.52,14.63,14.74,14.86,14.98,15.09,14.96,14.82,14.69,14.55,14.71,14.86,15.01,15.17,15.32,15.48,15.63,15.78,16.12,16.46,16.8,17.14,17.19,17.25,17.31,17.36,17.51,17.66,17.81,17.95,17.86,17.77,17.68,17.59,17.43,17.27,17.11,16.95,16.51,16.07,15.63,15.19,,
2018-10-03T00:00:00+00:00,14.69,14.8,14.9,14.84,14.79,14.73,14.68,14.68,14.69,14.69,14.7,14.63,14.57,14.5,14.43,14.39,14.34,14.3,14.25,14.22,14.19,14.16,14.13,14.38,14.62,14.86,15.11,15.21,15.31,15.42,15.52,15.63,15.73,15.84,15.94,16.07,16.19,16.31,16.44,16.19,15.95,15.71,15.46,15.71,15.96,16.21,16.45,16.87,17.29,17.71,18.13,18.29,18.44,18.59,18.74,18.75,18.76,18.77,18.77,18.7,18.63,18.56,18.49,18.34,18.18,18.03,17.87,17.6,17.33,17.06,16.79,16.46,16.13,15.8,15.47,15.18,14.9,14.61,14.33,14.13,13.93,13.73,13.53,13.35,13.18,13.0,12.82,12.71,12.6,12.5,12.39,12.29,12.2,12.1,12.01,11.91,11.81,11.71,11.61,11.59,11.58,11.57,11.55,11.65,11.75,11.86,11.96,11.98,12.0,12.03,12.05,12.12,12.18,12.25,12.31,12.41,12.5,12.6,12.69,12.99,13.28,13.58,13.88,14.29,14.71,15.13,15.55,15.89,16.24,16.59,16.94,17.19,17.44,17.69,17.95,18.19,18.43,18.67,18.91,19.1,19.28,19.47,19.66,19.75,19.85,19.94,20.04,20.04,20.04,20.04,20.04,19.96,19.88,19.79,19.71,19.51,19.3,19.1,18.9,18.54,18.18,17.82,17.46,,
2018-10-04T00:00:00+00:00,11.36,11.2,11.03,10.94,10.84,10.74,10.65,10.49,10.33,10.17,10.02,9.98,9.95,9.92,9.89,9.88,9.87,9.86,9.86,9.93,10.01,10.09,10.16,10.73,11.3,11.86,12.43,12.87,13.32,13.76,14.21,14.62,15.04,15.46,15.87,16.27,16.68,17.08,17.48,17.8,18.11,18.42,18.74,19.01,19.28,19.55,19.81,19.98,20.15,20.32,20.49,20.56,20.62,20.69,20.76,20.71,20.65,20.6,20.55,20.33,20.11,19.89,19.67,19.29,18.91,18.53,18.16,17.87,17.58,17.29,17.0,16.69,16.37,16.06,15.74,15.54,15.33,15.12,14.92,14.72,14.51,14.31,14.11,13.96,13.81,13.66,13.51,13.3,13.09,12.88,12.68,12.53,12.39,12.25,12.11,11.89,11.67,11.45,11.23,11.09,10.95,10.81,10.67,10.53,10.39,10.24,10.1,9.95,9.79,9.64,9.48,9.35,9.22,9.09,8.95,9.11,9.27,9.43,9.59,10.11,10.63,11.15,11.67,12.23,12.8,13.36,13.93,14.58,15.23,15.88,16.53,17.12,17.71,18.3,18.89,19.36,19.84,20.31,20.79,21.17,21.56,21.95,22.33,22.64,22.95,23.26,23.57,23.75,23.93,24.11,24.29,24.32,24.35,24.37,24.4,24.05,23.71,23.36,23.02,22.53,22.05,21.57,21.09,,
2018-10-05T00:00:00+00:00,10.44,10.3,10.15,9.97,9.79,9.61,9.43,9.26,9.09,8.92,8.75,8.57,8.38,8.2,8.02,7.97,7.91,7.86,7.81,8.17,8.52,8.88,9.23,9.67,10.11,10.55,10.99,11.62,12.26,12.9,13.53,14.25,14.97,15.69,16.41,16.98,17.55,18.12,18.69,19.21,19.72,20.23,20.75,21.19,21.64,22.08,22.52,22.83,23.14,23.44,23.75,23.92,24.09,24.26,24.43,24.36,24.3,24.24,24.18,23.84,23.51,23.17,22.84,22.35,21.87,21.38,20.9,20.51,20.12,19.74,19.35,19.1,18.85,18.6,18.35,18.2,18.05,17.9,17.75,17.59,17.43,17.27,17.11,16.84,16.58,16.32,16.06,15.99,15.92,15.85,15.78,15.44,15.1,14.76,14.42,14.32,14.23,14.14,14.04,14.02,14.0,13.98,13.96,13.88,13.8,13.72,13.65,13.58,13.51,13.44,13.37,13.28,13.2,13.11,13.03,13.08,13.14,13.2,13.26,13.52,13.78,14.04,14.3,14.84,15.39,15.94,16.49,16.98,17.48,17.97,18.46,18.81,19.16,19.5,19.85,20.14,20.44,20.73,21.02,21.14,21.26,21.38,21.5,21.45,21.39,21.34,21.28,21.16,21.04,20.92,20.8,20.68,20.55,20.43,20.3,20.15,19.99,19.84,19.68,19.54,19.39,19.25,19.11,,
2018-10-06T00:00:00+00:00,12.81,12.75,12.69,12.6,12.51,12.42,12.33,12.48,12.62,12.77,12.92,12.89,12.87,12.84,12.82,12.79,12.76,12.73,12.71,12.66,12.62,12.57,12.52,12.92,13.31,13.71,14.1,14.74,15.38,16.02,16.67,17.17,17.67,18.17,18.67,19.2,19.72,20.24,20.77,21.14,21.52,21.9,22.27,22.58,22.89,23.2,23.51,23.65,23.8,23.95,24.09,23.99,23.88,23.78,23.67,23.43,23.2,22.96,22.73,22.31,21.89,21.47,21.05,20.64,20.23,19.82,19.41,19.28,19.15,19.01,18.88,18.84,18.8,18.76,18.72,18.16,17.61,17.05,16.49,16.33,16.17,16.01,15.85,15.69,15.53,15.37,15.21,15.08,14.94,14.81,14.68,14.52,14.35,14.19,14.03,13.95,13.87,13.79,13.71,13.74,13.77,13.8,13.82,13.63,13.43,13.23,13.03,13.02,13.0,12.98,12.97,12.99,13.0,13.02,13.04,13.14,13.25,13.35,13.45,13.58,13.71,13.84,13.97,14.19,14.41,14.64,14.86,14.78,14.7,14.62,14.53,14.59,14.64,14.69,14.74,14.45,14.15,13.85,13.56,13.79,14.01,14.24,14.47,14.35,14.23,14.11,13.99,13.72,13.44,13.17,12.89,12.99,13.08,13.18,13.28,13.09,12.9,12.71,12.52,12.46,12.4,12.34,12.28,,
2018-10-07T00:00:00+00:00,13.61,13.5,13.4,13.39,13.39,13.38,13.38,13.35,13.32,13.29,13.26,13.31,13.36,13.41,13.47,13.41,13.35,13.29,13.24,13.28,13.33,13.38,13.43,13.54,13.65,13.77,13.88,13.76,13.64,13.52,13.4,13.07,12.75,12.43,12.1,12.14,12.17,12.2,12.23,12.53,12.83,13.14,13.44,13.48,13.52,13.56,13.61,13.78,13.95,14.12,14.29,14.49,14.68,14.88,15.08,14.89,14.69,14.5,14.31,14.22,14.12,14.03,13.94,13.84,13.75,13.65,13.56,13.51,13.45,13.4,13.35,13.21,13.07,12.93,12.79,12.84,12.89,12.93,12.98,12.85,12.71,12.58,12.45,12.3,12.16,12.01,11.87,11.65,11.43,11.21,10.98,10.77,10.56,10.35,10.14,9.95,9.76,9.57,9.38,9.24,9.1,8.95,8.81,8.69,8.57,8.45,8.33,8.23,8.12,8.02,7.92,7.88,7.85,7.81,7.78,7.93,8.07,8.22,8.37,8.92,9.47,10.02,10.57,11.16,11.75,12.35,12.94,13.32,13.7,14.08,14.46,14.78,15.11,15.44,15.76,16.1,16.44,16.78,17.13,17.32,17.52,17.72,17.92,18.05,18.17,18.3,18.42,18.49,18.55,18.61,18.68,18.6,18.53,18.46,18.39,18.08,17.77,17.46,17.14,16.62,16.1,15.58,15.05,,
2018-10-08T00:00:00+00:00,8.71,8.62,8.52,8.4,8.28,8.16,8.04,7.95,7.86,7.78,7.69,7.57,7.44,7.32,7.19,7.18,7.16,7.14,7.13,7.2,7.28,7.36,7.43,7.96,8.49,9.02,9.55,10.15,10.75,11.34,11.94,12.35,12.76,13.17,13.58,13.88,14.18,14.48,14.78,15.09,15.4,15.7,16.01,16.31,16.61,16.91,17.2,17.4,17.6,17.79,17.99,18.08,18.16,18.25,18.33,18.23,18.12,18.01,17.9,17.61,17.33,17.04,16.75,16.28,15.81,15.35,14.88,14.56,14.23,13.91,13.59,13.37,13.14,12.92,12.69,12.52,12.35,12.17,12.0,11.96,11.91,11.87,11.83,11.76,11.69,11.62,11.55,11.4,11.25,11.1,10.95,10.85,10.74,10.64,10.53,10.5,10.47,10.44,10.41,10.29,10.18,10.07,9.96,9.72,9.47,9.23,8.99,8.86,8.74,8.62,8.49,8.69,8.88,9.07,9.26,9.53,9.79,10.05,10.32,10.86,11.4,11.94,12.49,13.03,13.58,14.13,14.67,15.36,16.05,16.74,17.43,17.97,18.52,19.06,19.61,20.01,20.4,20.8,21.19,21.49,21.78,22.08,22.37,22.55,22.73,22.91,23.09,23.15,23.21,23.26,23.32,23.24,23.16,23.08,23.0,22.73,22.46,22.19,21.92,21.54,21.16,20.79,20.41,,
2018-10-09T00:00:00+00:00,9.26,9.24,9.21,9.06,8.92,8.78,8.64,8.62,8.61,8.59,8.57,8.56,8.54,8.53,8.51,8.52,8.53,8.53,8.54,8.71,8.88,9.05,9.22,9.69,10.16,10.63,11.1,11.6,12.1,12.59,13.09,13.69,14.29,14.89,15.49,15.93,16.37,16.81,17.25,17.53,17.8,18.08,18.35,18.55,18.76,18.96,19.16,19.34,19.52,19.71,19.89,19.95,20.02,20.08,20.14,20.08,20.01,19.95,19.89,19.66,19.44,19.22,19.0,18.65,18.31,17.96,17.62,17.39,17.16,16.93,16.7,16.49,16.29,16.09,15.88,15.73,15.59,15.44,15.29,15.14,15.0,14.85,14.7,14.56,14.42,14.28,14.13,14.03,13.93,13.82,13.72,13.57,13.43,13.29,13.15,13.03,12.9,12.78,12.66,12.55,12.44,12.33,12.21,12.1,11.99,11.88,11.77,11.66,11.56,11.45,11.35,11.33,11.31,11.29,11.27,11.38,11.49,11.61,11.72,12.11,12.5,12.89,13.28,13.74,14.19,14.64,15.09,15.79,16.48,17.18,17.88,18.52,19.16,19.8,20.45,20.97,21.5,22.03,22.56,22.9,23.24,23.59,23.93,24.09,24.25,24.41,24.57,24.6,24.63,24.66,24.69,24.45,24.2,23.96,23.72,23.44,23.17,22.9,22.63,22.29,21.95,21.61,21.27,,
2018-10-10T00:00:00+00:00,12.44,12.33,12.23,12.14,12.04,11.94,11.85,11.74,11.63,11.53,11.42,11.36,11.3,11.24,11.18,11.14,11.09,11.04,11.0,11.1,11.21,11.32,11.42,11.75,12.07,12.4,12.72,13.19,13.66,14.14,14.61,15.24,15.86,16.49,17.12,17.77,18.43,19.08,19.74,20.26,20.78,21.3,21.82,22.15,22.48,22.82,23.15,23.36,23.56,23.77,23.97,23.98,23.99,24.0,24.01,23.86,23.7,23.55,23.39,23.16,22.92,22.69,22.45,22.16,21.86,21.57,21.28,21.1,20.92,20.74,20.56,20.33,20.09,19.86,19.63,19.29,18.94,18.6,18.26,18.13,18.01,17.88,17.76,17.59,17.43,17.27,17.11,17.07,17.03,16.99,16.95,16.9,16.85,16.81,16.76,16.49,16.22,15.95,15.68,15.48,15.29,15.09,14.9,14.86,14.81,14.77,14.73,14.79,14.85,14.91,14.97,15.07,15.17,15.27,15.38,15.54,15.7,15.86,16.02,16.47,16.91,17.36,17.81,18.26,18.71,19.16,19.61,20.07,20.52,20.98,21.43,21.73,22.02,22.32,22.61,22.86,23.1,23.35,23.59,23.83,24.08,24.32,24.56,24.7,24.84,24.98,25.12,25.09,25.06,25.03,25.01,24.87,24.73,24.59,24.46,24.2,23.95,23.7,23.44,23.0,22.55,22.11,21.66,,
2018-10-11T00:00:00+00:00,17.29,17.06,16.83,16.66,16.49,16.32,16.15,16.02,15.89,15.76,15.64,15.6,15.56,15.52,15.49,15.58,15.67,15.77,15.86,15.88,15.9,15.92,15.94,16.17,16.4,16.62,16.85,17.19,17.53,17.86,18.2,18.57,18.94,19.32,19.69,20.1,20.51,20.91,21.32,21.65,21.97,22.29,22.62,22.84,23.06,23.28,23.51,23.64,23.78,23.92,24.05,24.09,24.13,24.17,24.21,23.36,22.52,21.68,20.83,20.84,20.84,20.84,20.85,20.23,19.6,18.98,18.35,18.06,17.77,17.47,17.18,16.94,16.69,16.45,16.2,16.04,15.89,15.73,15.58,15.43,15.28,15.13,14.99,14.8,14.62,14.44,14.26,14.17,14.09,14.0,13.92,13.83,13.74,13.66,13.57,13.5,13.43,13.37,13.3,13.38,13.46,13.54,13.62,13.68,13.74,13.81,13.87,13.79,13.71,13.62,13.54,13.48,13.42,13.36,13.3,13.4,13.5,13.6,13.7,13.98,14.25,14.53,14.8,15.21,15.62,16.02,16.43,16.77,17.11,17.45,17.79,18.3,18.82,19.34,19.86,20.22,20.58,20.94,21.3,21.47,21.64,21.8,21.97,22.12,22.27,22.42,22.57,22.65,22.72,22.8,22.87,22.87,22.87,22.87,22.87,22.68,22.48,22.29,22.1,21.81,21.51,21.22,20.93,,
2018-10-12T00:00:00+00:00,14.91,15.08,15.25,15.28,15.3,15.32,15.34,15.53,15.72,15.9,16.09,16.13,16.17,16.21,16.25,16.2,16.15,16.1,16.05,16.07,16.09,16.11,16.14,16.34,16.54,16.74,16.94,17.19,17.44,17.69,17.94,18.37,18.79,19.21,19.63,20.13,20.63,21.12,21.62,21.9,22.19,22.47,22.75,22.97,23.18,23.4,23.61,23.73,23.84,23.95,24.07,24.07,24.08,24.08,24.09,23.94,23.79,23.64,23.49,23.24,22.98,22.73,22.48,22.16,21.85,21.54,21.22,20.98,20.74,20.5,20.26,20.06,19.85,19.65,19.44,19.32,19.21,19.09,18.97,18.85,18.72,18.6,18.47,18.4,18.34,18.27,18.2,18.04,17.87,17.7,17.53,17.49,17.45,17.41,17.38,17.39,17.41,17.42,17.44,17.4,17.37,17.33,17.3,17.1,16.91,16.72,16.53,16.45,16.37,16.29,16.21,16.18,16.14,16.1,16.06,16.06,16.06,16.06,16.07,16.49,16.9,17.32,17.74,18.31,18.88,19.45,20.02,20.55,21.08,21.6,22.13,22.53,22.94,23.34,23.75,24.01,24.27,24.53,24.8,25.03,25.26,25.49,25.72,25.88,26.05,26.21,26.38,26.39,26.4,26.4,26.41,26.34,26.26,26.19,26.11,25.86,25.6,25.35,25.09,24.71,24.33,23.94,23.56,,
2018-10-13T00:00:00+00:00,17.63,17.71,17.79,17.59,17.39,17.19,16.98,16.75,16.52,16.29,16.06,15.99,15.92,15.85,15.78,15.64,15.5,15.35,15.21,15.51,15.8,16.1,16.4,16.93,17.46,18.0,18.53,18.77,19.02,19.26,19.5,20.06,20.61,21.16,21.72,22.16,22.59,23.03,23.47,23.78,24.1,24.41,24.72,24.98,25.25,25.51,25.77,25.87,25.97,26.08,26.18,26.24,26.3,26.36,26.42,26.35,26.27,26.19,26.12,25.85,25.58,25.32,25.05,24.68,24.31,23.94,23.57,23.34,23.11,22.87,22.64,22.41,22.19,21.97,21.75,21.62,21.49,21.37,21.24,21.05,20.86,20.67,20.48,20.3,20.11,19.93,19.74,19.58,19.42,19.26,19.1,18.85,18.6,18.36,18.11,17.98,17.85,17.72,17.6,17.5,17.4,17.3,17.2,17.16,17.13,17.09,17.05,17.04,17.03,17.02,17.01,17.03,17.05,17.07,17.09,17.17,17.24,17.32,17.39,17.74,18.09,18.43,18.78,19.23,19.69,20.14,20.59,20.94,21.29,21.64,21.98,22.2,22.41,22.63,22.84,23.1,23.37,23.63,23.89,23.7,23.51,23.32,23.13,22.91,22.69,22.47,22.24,21.52,20.8,20.07,19.35,19.22,19.1,18.97,18.85,17.7,16.56,15.42,14.28,13.96,13.64,13.31,12.99,,
2018-10-14T00:00:00+00:00,16.04,15.96,15.88,15.86,15.85,15.84,15.83,15.91,15.98,16.05,16.13,16.16,16.19,16.22,16.25,16.26,16.27,16.28,16.3,16.47,16.64,16.82,16.99,17.44,17.89,18.35,18.8,19.13,19.47,19.8,20.14,20.65,21.17,21.68,22.2,22.54,22.88,23.22,23.56,23.81,24.07,24.32,24.58,24.83,25.08,25.34,25.59,25.58,25.58,25.57,25.56,25.43,25.29,25.15,25.01,24.92,24.82,24.72,24.63,24.5,24.37,24.24,24.11,23.79,23.47,23.16,22.84,22.59,22.34,22.09,21.83,21.8,21.77,21.73,21.7,21.68,21.66,21.65,21.63,21.38,21.13,20.89,20.64,20.47,20.3,20.14,19.97,19.75,19.52,19.3,19.07,18.9,18.73,18.56,18.39,18.27,18.15,18.03,17.92,17.85,17.79,17.73,17.66,17.49,17.32,17.14,16.97,17.13,17.29,17.45,17.61,17.81,18.01,18.21,18.41,18.5,18.6,18.7,18.79,18.99,19.19,19.39,19.58,19.59,19.61,19.62,19.63,20.04,20.45,20.87,21.28,21.57,21.85,22.14,22.42,22.76,23.1,23.44,23.77,24.02,24.27,24.51,24.76,24.89,25.01,25.14,25.27,25.26,25.26,25.26,25.25,25.19,25.13,25.07,25.01,24.75,24.49,24.23,23.97,23.6,23.22,22.85,22.48,,
2018-10-15T00:00:00+00:00,18.54,18.49,18.44,18.27,18.11,17.94,17.78,17.66,17.54,17.42,17.3,17.16,17.01,16.87,16.73,16.62,16.52,16.41,16.31,16.22,16.14,16.06,15.98,16.32,16.67,17.01,17.36,17.79,18.22,18.65,19.08,19.47,19.86,20.24,20.63,21.09,21.55,22.02,22.48,22.92,23.36,23.79,24.23,24.52,24.81,25.09,25.38,25.49,25.6,25.71,25.83,25.88,25.94,25.99,26.05,25.97,25.89,25.81,25.73,25.35,24.97,24.59,24.21,23.85,23.5,23.14,22.79,22.48,22.17,21.86,21.55,21.25,20.94,20.64,20.34,20.1,19.87,19.63,19.4,19.15,18.91,18.66,18.42,18.21,17.99,17.77,17.56,17.39,17.23,17.06,16.89,16.71,16.52,16.34,16.16,16.03,15.9,15.78,15.65,15.6,15.55,15.5,15.45,15.25,15.04,14.84,14.63,14.51,14.38,14.26,14.14,14.14,14.14,14.14,14.14,14.31,14.49,14.67,14.85,15.4,15.95,16.51,17.06,17.56,18.05,18.55,19.04,19.38,19.71,20.05,20.38,20.7,21.02,21.34,21.66,21.89,22.12,22.35,22.58,22.73,22.88,23.03,23.18,23.33,23.47,23.61,23.76,23.81,23.86,23.91,23.96,23.91,23.86,23.81,23.76,23.44,23.12,22.8,22.48,22.06,21.65,21.24,20.83,,
2018-10-16T00:00:00+00:00,15.21,15.09,14.97,14.82,14.67,14.53,14.38,14.33,14.27,14.22,14.17,14.12,14.07,14.02,13.97,13.94,13.92,13.9,13.88,14.03,14.17,14.32,14.47,14.94,15.4,15.87,16.33,16.8,17.27,17.73,18.2,18.84,19.47,20.11,20.75,21.16,21.56,21.97,22.38,22.63,22.89,23.15,23.4,23.59,23.78,23.96,24.15,24.25,24.34,24.43,24.53,24.5,24.47,24.44,24.41,24.3,24.18,24.06,23.94,23.59,23.23,22.88,22.52,22.1,21.68,21.26,20.85,20.49,20.13,19.77,19.41,19.11,18.8,18.5,18.19,17.92,17.65,17.38,17.11,16.89,16.67,16.45,16.23,16.08,15.93,15.78,15.63,15.52,15.42,15.31,15.2,15.07,14.93,14.79,14.65,14.52,14.39,14.26,14.12,14.04,13.96,13.88,13.8,13.72,13.64,13.57,13.49,13.33,13.18,13.02,12.86,12.79,12.72,12.65,12.58,12.61,12.65,12.68,12.72,12.94,13.15,13.37,13.59,13.78,13.97,14.15,14.34,14.78,15.22,15.65,16.09,16.6,17.11,17.62,18.13,18.47,18.82,19.16,19.5,19.82,20.13,20.45,20.76,20.97,21.18,21.39,21.6,21.65,21.7,21.76,21.81,21.72,21.63,21.53,21.44,21.1,20.75,20.41,20.07,19.67,19.28,18.88,18.49,,
2018-10-17T00:00:00+00:00,12.57,12.49,12.4,12.34,12.28,12.22,12.15,12.31,12.46,12.62,12.77,12.88,12.98,13.09,13.19,13.33,13.47,13.61,13.74,13.78,13.82,13.86,13.9,14.05,14.2,14.34,14.49,14.84,15.2,15.55,15.9,16.29,16.69,17.08,17.47,17.83,18.18,18.54,18.9,19.16,19.42,19.68,19.94,20.15,20.35,20.55,20.76,20.94,21.11,21.29,21.47,21.47,21.47,21.48,21.48,21.32,21.17,21.01,20.85,20.57,20.29,20.0,19.72,19.34,18.95,18.57,18.19,17.97,17.75,17.53,17.31,17.18,17.05,16.92,16.8,16.64,16.49,16.33,16.18,16.08,15.98,15.88,15.78,15.59,15.4,15.21,15.02,14.79,14.56,14.34,14.11,14.02,13.93,13.84,13.75,13.65,13.54,13.44,13.33,13.25,13.17,13.08,13.0,12.94,12.89,12.83,12.77,12.69,12.61,12.54,12.46,12.38,12.3,12.22,12.14,12.15,12.16,12.17,12.18,12.47,12.76,13.05,13.34,13.71,14.08,14.45,14.82,15.24,15.66,16.08,16.5,16.89,17.28,17.66,18.05,18.29,18.53,18.76,19.0,19.16,19.32,19.48,19.63,19.66,19.69,19.73,19.76,19.68,19.61,19.54,19.47,19.31,19.15,18.99,18.83,18.53,18.24,17.94,17.65,17.39,17.14,16.88,16.62,,
2018-10-18T00:00:00+00:00,13.82,13.67,13.53,13.4,13.26,13.13,12.99,12.86,12.72,12.58,12.45,12.44,12.42,12.41,12.4,12.39,12.39,12.38,12.37,12.41,12.45,12.49,12.53,12.8,13.07,13.34,13.62,13.97,14.32,14.68,15.03,15.41,15.79,16.17,16.55,16.95,17.34,17.74,18.14,18.39,18.65,18.9,19.16,19.32,19.49,19.66,19.82,19.84,19.86,19.88,19.9,19.81,19.72,19.63,19.54,19.35,19.16,18.97,18.78,18.46,18.15,17.83,17.51,17.25,16.99,16.73,16.46,16.28,16.09,15.9,15.71,15.54,15.37,15.2,15.03,14.87,14.71,14.55,14.39,14.16,13.94,13.72,13.49,13.32,13.14,12.96,12.78,12.64,12.49,12.34,12.19,12.08,11.97,11.87,11.76,11.68,11.6,11.51,11.43,11.32,11.2,11.09,10.97,10.87,10.76,10.66,10.55,10.45,10.35,10.25,10.16,10.09,10.03,9.97,9.91,9.95,9.99,10.02,10.06,10.49,10.93,11.37,11.8,12.24,12.67,13.11,13.55,13.97,14.4,14.82,15.25,15.68,16.11,16.53,16.96,17.33,17.7,18.08,18.45,18.73,19.02,19.31,19.6,19.75,19.91,20.07,20.23,20.17,20.12,20.07,20.02,19.83,19.64,19.45,19.26,18.92,18.59,18.25,17.91,17.59,17.26,16.93,16.6,,
2018-10-19T00:00:00+00:00,11.16,11.07,10.98,10.9,10.82,10.74,10.66,10.56,10.46,10.36,10.26,10.23,10.2,10.17,10.13,10.24,10.34,10.45,10.55,10.58,10.62,10.65,10.68,10.9,11.11,11.33,11.54,11.78,12.03,12.27,12.51,12.87,13.23,13.58,13.94,14.37,14.8,15.23,15.66,16.11,16.56,17.02,17.47,17.73,18.0,18.26,18.52,18.61,18.7,18.79,18.88,18.8,18.71,18.63,18.54,18.32,18.1,17.87,17.65,17.32,16.99,16.65,16.32,16.0,15.68,15.36,15.04,14.83,14.62,14.41,14.2,14.12,14.03,13.95,13.86,13.71,13.55,13.4,13.25,13.11,12.98,12.85,12.71,12.55,12.38,12.21,12.05,11.85,11.66,11.46,11.27,11.05,10.83,10.61,10.39,10.33,10.27,10.21,10.15,10.04,9.94,9.83,9.72,9.58,9.43,9.29,9.14,9.0,8.86,8.72,8.58,8.63,8.68,8.73,8.78,8.81,8.85,8.88,8.92,9.24,9.57,9.9,10.22,10.69,11.15,11.61,12.08,12.52,12.97,13.41,13.85,14.3,14.74,15.18,15.62,16.06,16.49,16.92,17.35,17.67,17.99,18.3,18.62,18.79,18.95,19.12,19.29,19.31,19.34,19.36,19.38,19.31,19.23,19.15,19.07,18.74,18.4,18.06,17.72,17.18,16.64,16.09,15.55,,
2018-10-20T00:00:00+00:00,9.59,9.48,9.38,9.31,9.24,9.17,9.1,9.07,9.04,9.01,8.99,8.95,8.92,8.88,8.85,8.79,8.73,8.67,8.62,8.61,8.6,8.6,8.59,8.94,9.3,9.65,10.0,10.47,10.94,11.42,11.89,12.28,12.68,13.07,13.47,13.7,13.94,14.17,14.4,14.76,15.11,15.47,15.82,16.11,16.4,16.69,16.98,17.15,17.31,17.48,17.65,17.69,17.72,17.76,17.79,17.65,17.52,17.38,17.24,16.87,16.49,16.12,15.75,15.34,14.94,14.53,14.13,13.86,13.58,13.31,13.03,12.82,12.6,12.38,12.16,11.94,11.71,11.49,11.27,11.06,10.86,10.66,10.46,10.38,10.3,10.22,10.14,9.93,9.72,9.51,9.29,9.06,8.82,8.58,8.34,8.26,8.18,8.1,8.02,7.92,7.83,7.73,7.63,7.52,7.41,7.29,7.18,7.1,7.02,6.93,6.85,6.82,6.78,6.75,6.71,6.75,6.79,6.83,6.87,7.37,7.88,8.38,8.89,9.47,10.05,10.63,11.21,11.72,12.23,12.74,13.25,13.73,14.22,14.7,15.18,15.58,15.99,16.39,16.79,17.07,17.35,17.63,17.91,18.07,18.22,18.38,18.53,18.56,18.59,18.61,18.64,18.46,18.29,18.11,17.93,17.53,17.13,16.73,16.33,15.93,15.53,15.13,14.73,,
2018-10-21T00:00:00+00:00,7.33,7.21,7.1,6.98,6.85,6.73,6.61,6.52,6.43,6.34,6.25,6.17,6.09,6.01,5.93,5.89,5.85,5.8,5.76,5.51,5.25,4.99,4.74,4.93,5.12,5.3,5.49,5.87,6.24,6.62,7.0,7.7,8.4,9.11,9.81,10.62,11.44,12.25,13.06,13.72,14.39,15.06,15.73,16.05,16.36,16.68,17.0,17.15,17.3,17.44,17.59,17.62,17.64,17.66,17.68,17.57,17.45,17.33,17.21,16.76,16.3,15.85,15.39,15.03,14.66,14.29,13.93,13.73,13.54,13.34,13.14,13.02,12.89,12.76,12.63,12.48,12.34,12.2,12.05,11.88,11.7,11.52,11.34,11.15,10.96,10.77,10.58,10.55,10.51,10.47,10.44,10.46,10.47,10.49,10.5,10.45,10.4,10.34,10.29,10.25,10.2,10.16,10.12,10.19,10.27,10.35,10.42,10.32,10.21,10.11,10.0,9.92,9.84,9.77,9.69,10.01,10.32,10.64,10.96,11.08,11.21,11.33,11.46,11.59,11.73,11.86,11.99,12.1,12.21,12.32,12.43,12.44,12.46,12.48,12.5,12.44,12.39,12.34,12.29,12.33,12.36,12.4,12.44,12.83,13.23,13.62,14.01,14.27,14.53,14.79,15.05,15.0,14.96,14.91,14.87,14.58,14.29,14.0,13.71,13.49,13.27,13.05,12.83,,
2018-10-22T00:00:00+00:00,10.61,10.55,10.5,10.51,10.53,10.54,10.56,10.69,10.81,10.94,11.07,10.91,10.75,10.6,10.44,10.35,10.25,10.16,10.06,9.96,9.87,9.77,9.68,9.94,10.2,10.46,10.72,10.9,11.07,11.25,11.43,11.48,11.54,11.59,11.65,11.88,12.11,12.34,12.57,12.63,12.68,12.73,12.79,12.82,12.85,12.88,12.92,13.07,13.21,13.36,13.51,13.8,14.09,14.37,14.66,14.7,14.74,14.78,14.82,14.64,14.47,14.3,14.13,13.88,13.64,13.39,13.14,12.89,12.64,12.39,12.14,11.95,11.77,11.59,11.4,11.21,11.01,10.81,10.62,10.39,10.16,9.94,9.71,9.53,9.34,9.16,8.98,8.68,8.38,8.08,7.78,7.64,7.5,7.36,7.22,7.06,6.9,6.74,6.57,6.38,6.19,6.0,5.82,5.74,5.67,5.59,5.52,5.49,5.46,5.43,5.41,5.43,5.45,5.48,5.5,5.45,5.4,5.35,5.3,5.73,6.15,6.58,7.0,7.53,8.06,8.59,9.11,9.76,10.41,11.06,11.71,12.31,12.91,13.51,14.11,14.49,14.88,15.27,15.65,16.01,16.37,16.73,17.09,17.33,17.57,17.81,18.06,18.09,18.12,18.15,18.18,17.92,17.67,17.42,17.17,16.78,16.38,15.98,15.59,15.28,14.97,14.66,14.35,,
2018-10-23T00:00:00+00:00,6.17,6.08,5.99,5.79,5.59,5.4,5.2,5.07,4.93,4.79,4.66,4.59,4.52,4.46,4.39,4.42,4.45,4.48,4.51,4.6,4.68,4.77,4.86,5.34,5.83,6.31,6.8,7.39,7.98,8.56,9.15,9.71,10.27,10.83,11.39,11.87,12.34,12.81,13.28,13.69,14.1,14.51,14.92,15.27,15.61,15.95,16.29,16.55,16.8,17.06,17.31,17.36,17.41,17.46,17.52,17.38,17.24,17.11,16.97,16.56,16.16,15.75,15.35,14.96,14.57,14.18,13.79,13.54,13.3,13.05,12.8,12.58,12.35,12.13,11.9,11.73,11.56,11.39,11.22,11.11,10.99,10.88,10.76,10.72,10.67,10.62,10.57,10.57,10.57,10.57,10.57,10.54,10.5,10.47,10.43,10.42,10.4,10.39,10.38,10.37,10.36,10.35,10.34,10.32,10.31,10.29,10.28,10.23,10.17,10.12,10.06,10.33,10.6,10.86,11.13,11.34,11.55,11.75,11.96,12.06,12.16,12.25,12.35,12.38,12.4,12.42,12.44,12.64,12.84,13.04,13.24,13.5,13.76,14.02,14.28,14.51,14.74,14.97,15.2,15.45,15.7,15.94,16.19,16.39,16.59,16.79,16.98,17.07,17.16,17.26,17.35,17.3,17.26,17.22,17.18,16.93,16.67,16.42,16.17,15.8,15.43,15.06,14.69,,
2018-10-24T00:00:00+00:00,9.63,9.73,9.84,9.82,9.8,9.79,9.77,9.81,9.85,9.89,9.93,9.91,9.9,9.89,9.88,9.91,9.95,9.98,10.01,9.99,9.97,9.96,9.94,10.21,10.47,10.74,11.01,11.31,11.61,11.91,12.21,12.59,12.97,13.34,13.72,14.17,14.62,15.06,15.51,15.7,15.89,16.08,16.27,16.45,16.63,16.8,16.98,17.12,17.26,17.4,17.54,17.57,17.6,17.63,17.66,17.62,17.59,17.55,17.51,17.23,16.95,16.67,16.39,15.89,15.39,14.89,14.39,14.21,14.04,13.86,13.68,13.6,13.53,13.45,13.37,13.13,12.89,12.66,12.42,12.22,12.02,11.81,11.61,11.53,11.44,11.36,11.28,11.01,10.74,10.48,10.21,10.02,9.83,9.64,9.45,9.36,9.28,9.19,9.1,8.95,8.79,8.63,8.47,8.08,7.69,7.31,6.92,7.09,7.26,7.43,7.6,7.75,7.91,8.07,8.23,8.25,8.27,8.3,8.32,8.33,8.33,8.34,8.35,8.5,8.65,8.8,8.95,9.29,9.62,9.96,10.3,10.74,11.18,11.62,12.06,12.41,12.76,13.11,13.46,13.7,13.95,14.19,14.43,14.57,14.7,14.83,14.97,15.01,15.06,15.1,15.15,15.02,14.89,14.76,14.63,14.36,14.08,13.81,13.54,13.17,12.79,12.41,12.04,,
2018-10-25T00:00:00+00:00,12.16,11.95,11.75,11.59,11.44,11.29,11.14,11.03,10.92,10.82,10.71,10.68,10.65,10.63,10.6,10.62,10.65,10.67,10.69,10.75,10.8,10.85,10.91,10.91,10.91,10.92,10.92,11.07,11.23,11.38,11.54,11.87,12.2,12.53,12.85,13.12,13.38,13.64,13.9,14.13,14.35,14.58,14.81,15.02,15.23,15.43,15.64,15.79,15.95,16.1,16.25,16.26,16.27,16.28,16.29,16.09,15.89,15.69,15.49,15.14,14.8,14.45,14.1,13.74,13.37,13.01,12.65,12.37,12.09,11.82,11.54,11.51,11.47,11.43,11.4,11.27,11.13,11.0,10.87,10.62,10.36,10.11,9.85,9.57,9.29,9.01,8.72,8.56,8.39,8.22,8.05,7.96,7.87,7.77,7.68,7.53,7.38,7.23,7.08,6.85,6.61,6.38,6.15,6.12,6.08,6.04,6.01,6.19,6.38,6.56,6.75,6.9,7.06,7.21,7.36,7.4,7.43,7.47,7.5,7.61,7.72,7.82,7.93,8.23,8.53,8.82,9.12,9.21,9.29,9.37,9.46,9.99,10.52,11.05,11.58,11.95,12.31,12.68,13.05,13.12,13.2,13.28,13.35,13.22,13.08,12.94,12.8,12.8,12.8,12.8,12.8,12.29,11.79,11.28,10.77,10.51,10.24,9.98,9.72,9.47,9.23,8.99,8.75,,
2018-10-26T00:00:00+00:00,7.87,7.82,7.78,8.02,8.25,8.49,8.73,8.77,8.82,8.86,8.9,8.96,9.01,9.06,9.12,9.07,9.03,8.98,8.94,9.02,9.11,9.19,9.27,9.48,9.69,9.89,10.1,10.13,10.15,10.18,10.21,10.39,10.58,10.76,10.94,11.39,11.84,12.3,12.75,13.04,13.34,13.64,13.94,14.07,14.2,14.32,14.45,14.49,14.53,14.57,14.6,14.55,14.49,14.43,14.37,14.3,14.23,14.15,14.08,13.43,12.79,12.15,11.5,11.26,11.02,10.78,10.53,10.4,10.26,10.13,9.99,9.82,9.65,9.47,9.3,9.11,8.92,8.73,8.54,8.27,8.0,7.73,7.45,7.19,6.92,6.66,6.39,6.18,5.97,5.75,5.54,5.53,5.52,5.51,5.5,5.49,5.48,5.47,5.46,5.3,5.14,4.97,4.81,4.6,4.39,4.18,3.98,3.89,3.8,3.7,3.61,3.82,4.03,4.25,4.46,4.51,4.56,4.61,4.66,4.89,5.12,5.35,5.58,5.89,6.2,6.51,6.83,6.99,7.15,7.31,7.47,7.76,8.06,8.35,8.65,8.82,8.99,9.16,9.33,9.48,9.62,9.77,9.92,9.96,10.0,10.05,10.09,10.06,10.03,10.0,9.97,9.83,9.68,9.54,9.4,9.08,8.76,8.45,8.13,7.83,7.54,7.24,6.95,,
2018-10-27T00:00:00+00:00,3.92,3.93,3.95,3.83,3.71,3.59,3.47,3.39,3.32,3.24,3.17,3.18,3.19,3.2,3.2,3.13,3.06,2.99,2.92,2.84,2.76,2.68,2.61,2.98,3.36,3.74,4.11,4.6,5.09,5.58,6.07,6.47,6.87,7.27,7.67,7.65,7.62,7.6,7.57,7.62,7.67,7.72,7.77,7.93,8.09,8.25,8.41,8.58,8.75,8.92,9.09,9.14,9.2,9.25,9.31,8.92,8.54,8.16,7.77,7.64,7.51,7.37,7.24,7.23,7.22,7.21,7.21,7.03,6.86,6.69,6.51,6.34,6.16,5.99,5.81,5.65,5.49,5.33,5.16,5.03,4.9,4.77,4.64,4.52,4.4,4.28,4.15,4.06,3.97,3.87,3.78,3.68,3.59,3.49,3.39,3.3,3.21,3.11,3.02,2.93,2.84,2.75,2.66,2.67,2.68,2.7,2.71,2.73,2.75,2.78,2.8,2.86,2.93,2.99,3.06,3.07,3.08,3.09,3.1,3.34,3.58,3.81,4.05,4.24,4.42,4.61,4.8,4.86,4.93,5.0,5.07,5.1,5.13,5.16,5.19,5.36,5.53,5.7,5.87,6.11,6.34,6.57,6.81,6.93,7.05,7.17,7.28,7.3,7.31,7.32,7.33,7.34,7.34,7.34,7.34,7.14,6.94,6.74,6.54,6.39,6.24,6.09,5.93,,
2018-10-28T00:00:00+00:00,4.89,4.7,4.52,4.49,4.46,4.44,4.41,4.37,4.33,4.29,4.25,4.25,4.25,4.25,4.25,4.25,4.25,4.26,4.26,4.36,4.45,4.55,4.64,4.67,4.69,4.71,4.74,4.88,5.02,5.16,5.3,5.4,5.49,5.58,5.67,5.9,6.13,6.36,6.59,6.82,7.05,7.28,7.51,7.53,7.54,7.56,7.58,7.51,7.44,7.38,7.31,7.25,7.19,7.13,7.07,6.96,6.84,6.73,6.61,6.44,6.26,6.08,5.91,5.76,5.61,5.47,5.32,5.29,5.26,5.24,5.21,5.18,5.16,5.13,5.11,5.08,5.04,5.0,4.97,4.93,4.9,4.86,4.82,4.69,4.55,4.41,4.28,4.14,4.0,3.86,3.73,3.65,3.58,3.51,3.43,3.41,3.38,3.36,3.33,3.31,3.28,3.26,3.23,3.21,3.18,3.16,3.13,3.16,3.19,3.22,3.25,3.26,3.28,3.3,3.32,3.31,3.29,3.28,3.26,3.32,3.38,3.44,3.5,3.62,3.74,3.86,3.98,4.04,4.1,4.16,4.22,4.36,4.5,4.64,4.78,4.89,4.99,5.09,5.19,5.19,5.19,5.19,5.18,5.15,5.11,5.08,5.05,5.06,5.07,5.08,5.09,5.07,5.04,5.02,4.99,4.93,4.88,4.82,4.76,4.67,4.57,4.48,4.38,,
2018-10-29T00:00:00+00:00,3.98,3.75,3.52,3.44,3.36,3.29,3.21,3.16,3.11,3.06,3.01,2.9,2.79,2.68,2.57,2.52,2.48,2.43,2.38,2.36,2.34,2.32,2.29,2.41,2.53,2.64,2.76,2.96,3.16,3.37,3.57,3.65,3.72,3.8,3.87,4.11,4.36,4.6,4.84,5.04,5.24,5.44,5.64,5.74,5.84,5.95,6.05,6.09,6.13,6.17,6.21,6.26,6.3,6.34,6.38,6.31,6.23,6.16,6.08,5.96,5.83,5.71,5.59,5.4,5.22,5.04,4.86,4.78,4.7,4.62,4.54,4.52,4.5,4.49,4.47,4.41,4.34,4.28,4.22,4.15,4.09,4.02,3.95,3.84,3.73,3.62,3.51,3.42,3.33,3.24,3.15,2.96,2.77,2.57,2.38,2.06,1.73,1.41,1.08,1.06,1.04,1.01,0.99,1.31,1.64,1.96,2.29,2.5,2.72,2.94,3.15,3.34,3.53,3.72,3.91,3.98,4.05,4.12,4.19,4.23,4.27,4.31,4.35,4.62,4.9,5.17,5.44,5.88,6.33,6.77,7.21,7.24,7.27,7.3,7.34,7.5,7.67,7.84,8.01,8.04,8.08,8.12,8.15,8.33,8.51,8.68,8.86,8.92,8.99,9.06,9.12,9.06,9.0,8.94,8.88,8.79,8.71,8.62,8.53,8.14,7.74,7.35,6.95,,
2018-10-30T00:00:00+00:00,3.11,3.23,3.35,3.45,3.55,3.65,3.74,3.8,3.85,3.9,3.96,3.97,3.97,3.98,3.99,4.14,4.29,4.44,4.58,4.68,4.77,4.87,4.97,5.04,5.11,5.18,5.26,5.58,5.89,6.21,6.53,6.76,6.99,7.22,7.45,7.65,7.85,8.05,8.26,8.45,8.65,8.84,9.03,9.21,9.39,9.57,9.74,9.82,9.9,9.98,10.06,9.97,9.88,9.79,9.71,9.64,9.57,9.5,9.43,9.16,8.89,8.63,8.36,8.05,7.74,7.43,7.12,6.92,6.72,6.52,6.33,6.23,6.13,6.04,5.94,5.81,5.69,5.56,5.43,5.27,5.11,4.95,4.8,4.68,4.57,4.45,4.33,4.26,4.19,4.12,4.05,3.72,3.4,3.08,2.76,2.72,2.69,2.66,2.63,2.64,2.65,2.65,2.66,2.57,2.48,2.39,2.29,2.31,2.32,2.34,2.35,2.32,2.28,2.25,2.21,2.24,2.26,2.29,2.31,2.54,2.77,3.0,3.23,3.53,3.83,4.13,4.43,4.83,5.22,5.62,6.02,6.43,6.85,7.27,7.69,8.14,8.6,9.06,9.52,9.67,9.83,9.99,10.15,10.11,10.07,10.03,9.99,9.92,9.86,9.8,9.73,9.74,9.74,9.74,9.75,9.79,9.83,9.87,9.91,10.01,10.1,10.2,10.3,,
2018-10-31T00:00:00+00:00,3.47,3.08,2.68,2.6,2.51,2.42,2.33,2.34,2.34,2.35,2.36,2.35,2.35,2.35,2.35,2.32,2.3,2.27,2.25,2.3,2.35,2.4,2.45,2.71,2.97,3.23,3.49,3.82,4.16,4.49,4.82,5.28,5.74,6.2,6.65,7.04,7.42,7.81,8.19,8.52,8.86,9.19,9.53,9.75,9.98,10.2,10.42,10.27,10.11,9.95,9.8,9.86,9.92,9.99,10.05,10.12,10.19,10.25,10.32,10.42,10.51,10.6,10.7,10.65,10.6,10.55,10.5,10.54,10.58,10.62,10.66,10.64,10.61,10.59,10.57,10.41,10.26,10.1,9.95,9.93,9.9,9.88,9.85,9.81,9.77,9.74,9.7,9.74,9.79,9.84,9.88,9.85,9.82,9.79,9.75,9.65,9.55,9.45,9.34,9.22,9.09,8.97,8.84,8.76,8.67,8.59,8.5,8.4,8.29,8.18,8.07,8.0,7.93,7.86,7.78,7.73,7.67,7.61,7.55,7.65,7.74,7.84,7.94,8.15,8.35,8.56,8.77,8.96,9.15,9.34,9.54,9.65,9.76,9.88,9.99,10.18,10.38,10.57,10.76,10.8,10.84,10.89,10.93,10.65,10.37,10.09,9.81,9.8,9.79,9.78,9.76,9.72,9.67,9.62,9.57,9.51,9.45,9.38,9.32,9.29,9.26,9.23,9.2,,
2018-11-01T00:00:00+00:00,10.62,10.46,10.31,10.11,9.92,9.73,9.54,9.34,9.15,8.95,8.76,8.75,8.74,8.74,8.73,8.74,8.75,8.76,8.77,8.65,8.53,8.42,8.3,8.34,8.37,8.41,8.45,8.56,8.68,8.79,8.91,9.16,9.42,9.67,9.92,10.3,10.67,11.04,11.41,11.23,11.05,10.86,10.68,10.57,10.45,10.34,10.23,10.19,10.14,10.1,10.05,10.19,10.33,10.47,10.61,10.68,10.74,10.8,10.87,10.84,10.81,10.78,10.75,10.66,10.57,10.47,10.38,10.27,10.17,10.06,9.95,9.89,9.83,9.77,9.71,9.59,9.46,9.34,9.22,9.09,8.96,8.83,8.7,8.56,8.42,8.28,8.15,8.04,7.93,7.83,7.72,7.49,7.26,7.03,6.8,6.62,6.44,6.25,6.07,5.9,5.74,5.57,5.41,5.29,5.17,5.04,4.92,4.77,4.62,4.47,4.32,4.24,4.16,4.07,3.99,3.99,4.0,4.0,4.0,4.26,4.52,4.77,5.03,5.48,5.92,6.36,6.81,7.28,7.75,8.23,8.7,9.09,9.47,9.86,10.25,10.42,10.58,10.75,10.92,10.98,11.05,11.11,11.18,11.23,11.28,11.33,11.38,11.35,11.32,11.28,11.25,11.11,10.97,10.82,10.68,10.36,10.04,9.72,9.4,9.08,8.76,8.44,8.12,,
2018-11-02T00:00:00+00:00,6.94,7.01,7.08,7.13,7.17,7.22,7.26,7.3,7.33,7.36,7.39,7.27,7.15,7.03,6.91,6.92,6.92,6.92,6.93,6.73,6.54,6.35,6.15,6.33,6.5,6.68,6.85,7.3,7.75,8.2,8.65,8.94,9.23,9.52,9.81,9.99,10.17,10.35,10.53,10.62,10.72,10.82,10.92,11.01,11.11,11.21,11.3,11.38,11.46,11.53,11.61,11.58,11.54,11.51,11.47,11.26,11.05,10.83,10.62,10.25,9.89,9.53,9.16,8.88,8.59,8.3,8.02,7.79,7.57,7.34,7.11,6.93,6.75,6.57,6.39,6.29,6.18,6.08,5.98,5.85,5.73,5.61,5.49,5.39,5.29,5.19,5.1,5.02,4.95,4.87,4.8,4.68,4.56,4.44,4.32,4.23,4.15,4.07,3.99,3.89,3.8,3.7,3.6,3.51,3.42,3.33,3.23,3.17,3.11,3.05,2.99,3.03,3.08,3.12,3.16,3.13,3.1,3.06,3.03,3.28,3.53,3.79,4.04,4.44,4.84,5.24,5.63,5.94,6.25,6.55,6.86,7.2,7.54,7.88,8.23,8.55,8.87,9.19,9.51,9.74,9.98,10.21,10.45,10.48,10.5,10.53,10.56,10.54,10.52,10.5,10.48,10.39,10.3,10.21,10.13,9.81,9.48,9.16,8.84,8.54,8.23,7.92,7.61,,
2018-11-03T00:00:00+00:00,1.81,1.84,1.86,1.9,1.94,1.99,2.03,1.99,1.95,1.91,1.88,1.84,1.8,1.77,1.73,1.78,1.84,1.89,1.95,1.89,1.82,1.76,1.7,1.9,2.1,2.3,2.5,2.78,3.07,3.35,3.63,3.97,4.31,4.65,4.99,5.36,5.73,6.11,6.48,6.79,7.11,7.42,7.74,7.98,8.22,8.46,8.7,8.89,9.08,9.27,9.46,9.45,9.45,9.44,9.43,9.28,9.12,8.97,8.81,8.54,8.27,8.0,7.73,7.39,7.05,6.7,6.36,6.23,6.11,5.98,5.86,5.73,5.6,5.47,5.34,5.27,5.21,5.15,5.08,5.0,4.92,4.83,4.75,4.66,4.57,4.48,4.39,4.39,4.39,4.39,4.38,4.38,4.37,4.36,4.35,4.18,4.01,3.84,3.67,3.66,3.64,3.62,3.61,3.59,3.58,3.56,3.55,3.38,3.22,3.05,2.88,2.88,2.88,2.88,2.88,2.87,2.85,2.83,2.82,2.96,3.1,3.25,3.39,3.59,3.79,3.99,4.19,4.47,4.75,5.03,5.31,5.61,5.9,6.19,6.48,6.81,7.14,7.47,7.8,8.2,8.59,8.99,9.39,9.63,9.88,10.13,10.38,10.44,10.5,10.56,10.62,10.58,10.53,10.48,10.43,10.28,10.12,9.96,9.8,9.61,9.43,9.25,9.06,,
2018-11-04T00:00:00+00:00,2.91,2.74,2.57,2.51,2.46,2.4,2.34,2.3,2.25,2.2,2.15,2.18,2.21,2.25,2.28,2.33,2.38,2.44,2.49,2.4,2.32,2.23,2.14,2.32,2.51,2.69,2.87,3.03,3.18,3.33,3.48,3.66,3.84,4.03,4.21,4.49,4.78,5.07,5.36,5.63,5.9,6.16,6.43,6.64,6.84,7.05,7.25,7.43,7.6,7.78,7.95,8.09,8.23,8.36,8.5,8.44,8.38,8.32,8.25,8.1,7.94,7.79,7.63,7.5,7.37,7.24,7.1,7.05,6.99,6.94,6.88,6.83,6.77,6.72,6.67,6.6,6.54,6.47,6.4,6.4,6.4,6.4,6.4,6.34,6.27,6.2,6.14,6.12,6.09,6.07,6.04,6.02,6.0,5.97,5.95,5.94,5.93,5.92,5.91,5.87,5.83,5.78,5.74,5.74,5.74,5.74,5.74,5.79,5.85,5.9,5.95,5.99,6.03,6.08,6.12,6.12,6.12,6.13,6.13,6.37,6.61,6.86,7.1,7.45,7.8,8.15,8.49,8.98,9.47,9.96,10.44,11.08,11.71,12.35,12.98,13.57,14.15,14.73,15.31,15.58,15.86,16.13,16.4,16.58,16.76,16.94,17.12,17.16,17.2,17.24,17.28,17.07,16.87,16.67,16.47,16.1,15.74,15.37,15.0,14.65,14.29,13.94,13.59,,
2018-11-05T00:00:00+00:00,9.16,9.09,9.03,8.98,8.93,8.88,8.82,8.67,8.51,8.36,8.21,8.12,8.03,7.95,7.86,7.74,7.62,7.49,7.37,7.46,7.55,7.64,7.73,7.96,8.19,8.43,8.66,9.09,9.52,9.95,10.38,10.86,11.33,11.81,12.29,12.85,13.42,13.99,14.55,15.04,15.53,16.01,16.5,16.88,17.25,17.63,18.01,18.07,18.13,18.19,18.25,18.2,18.14,18.09,18.04,17.84,17.64,17.44,17.24,16.99,16.74,16.49,16.24,16.11,15.98,15.85,15.72,15.56,15.4,15.23,15.07,14.83,14.59,14.35,14.11,14.05,13.99,13.93,13.87,13.72,13.58,13.43,13.28,13.22,13.15,13.08,13.01,12.8,12.59,12.38,12.17,11.98,11.78,11.59,11.4,11.29,11.18,11.07,10.97,10.86,10.75,10.63,10.52,10.45,10.37,10.29,10.22,10.22,10.23,10.24,10.24,10.33,10.41,10.49,10.57,10.73,10.88,11.03,11.18,11.46,11.73,12.01,12.28,12.84,13.41,13.97,14.53,14.61,14.7,14.78,14.86,14.85,14.84,14.83,14.82,14.82,14.82,14.82,14.82,14.62,14.41,14.2,14.0,13.74,13.48,13.23,12.97,13.05,13.14,13.23,13.32,13.23,13.15,13.06,12.98,12.79,12.6,12.4,12.21,12.0,11.79,11.58,11.37,,
2018-11-06T00:00:00+00:00,12.61,12.5,12.38,12.29,12.19,12.09,11.99,11.97,11.96,11.94,11.92,12.14,12.35,12.56,12.77,12.62,12.46,12.31,12.15,12.0,11.86,11.71,11.57,11.74,11.91,12.09,12.26,12.62,12.97,13.33,13.68,14.31,14.94,15.56,16.19,16.55,16.91,17.27,17.64,17.63,17.63,17.62,17.62,17.63,17.64,17.66,17.67,17.43,17.19,16.94,16.7,16.48,16.25,16.03,15.81,15.55,15.29,15.02,14.76,14.59,14.42,14.25,14.08,13.91,13.74,13.57,13.4,13.33,13.27,13.2,13.14,13.02,12.89,12.77,12.65,12.48,12.32,12.16,12.0,11.77,11.54,11.31,11.08,10.97,10.87,10.76,10.65,10.53,10.41,10.3,10.18,10.02,9.86,9.71,9.55,9.5,9.45,9.41,9.36,9.3,9.24,9.18,9.13,9.11,9.1,9.08,9.07,9.24,9.4,9.57,9.73,9.7,9.66,9.62,9.58,9.45,9.32,9.19,9.06,9.08,9.09,9.11,9.12,9.27,9.41,9.55,9.7,9.8,9.91,10.01,10.12,10.16,10.21,10.25,10.3,10.42,10.53,10.65,10.77,10.96,11.14,11.33,11.52,11.61,11.7,11.8,11.89,11.96,12.04,12.11,12.19,12.25,12.3,12.36,12.42,12.28,12.14,11.99,11.85,11.55,11.25,10.95,10.66,,
2018-11-07T00:00:00+00:00,8.73,8.77,8.81,8.85,8.89,8.93,8.97,9.17,9.37,9.57,9.77,9.75,9.73,9.71,9.69,9.75,9.81,9.87,9.93,9.87,9.82,9.76,9.71,9.65,9.59,9.54,9.48,9.54,9.6,9.67,9.73,9.8,9.88,9.95,10.02,10.18,10.33,10.49,10.64,10.79,10.95,11.1,11.26,11.43,11.6,11.77,11.94,12.08,12.21,12.34,12.48,12.27,12.07,11.87,11.67,11.67,11.67,11.68,11.68,11.71,11.74,11.76,11.79,11.74,11.69,11.64,11.59,11.47,11.34,11.21,11.08,10.99,10.9,10.81,10.72,10.54,10.36,10.19,10.01,9.92,9.83,9.74,9.64,9.45,9.25,9.06,8.86,8.66,8.46,8.26,8.06,7.86,7.65,7.45,7.25,7.06,6.88,6.69,6.51,6.32,6.14,5.96,5.77,5.58,5.39,5.19,5.0,4.86,4.71,4.56,4.42,4.2,3.98,3.76,3.55,3.66,3.78,3.89,4.01,4.19,4.36,4.54,4.72,4.81,4.91,5.01,5.11,5.26,5.41,5.56,5.71,6.01,6.31,6.61,6.9,7.35,7.8,8.24,8.69,9.08,9.46,9.85,10.24,10.41,10.58,10.75,10.92,10.88,10.83,10.79,10.74,10.56,10.39,10.21,10.03,9.77,9.51,9.25,8.99,8.85,8.7,8.56,8.42,,
2018-11-08T00:00:00+00:00,8.2,8.05,7.89,7.7,7.52,7.33,7.15,6.96,6.78,6.6,6.42,6.31,6.21,6.11,6.0,5.99,5.97,5.96,5.94,5.87,5.79,5.71,5.64,5.68,5.73,5.78,5.82,6.0,6.17,6.35,6.52,6.83,7.13,7.43,7.73,7.91,8.1,8.28,8.47,8.64,8.81,8.98,9.15,9.41,9.68,9.94,10.2,10.5,10.79,11.09,11.39,11.43,11.48,11.53,11.57,11.45,11.34,11.22,11.1,10.92,10.74,10.56,10.38,10.24,10.11,9.97,9.83,9.7,9.58,9.45,9.33,9.29,9.25,9.21,9.17,8.99,8.81,8.62,8.44,8.24,8.03,7.82,7.61,7.42,7.22,7.02,6.83,6.66,6.49,6.32,6.15,5.97,5.8,5.63,5.45,5.4,5.35,5.3,5.25,5.21,5.18,5.14,5.1,5.06,5.02,4.97,4.93,4.84,4.74,4.65,4.56,4.62,4.67,4.73,4.79,4.82,4.85,4.88,4.91,5.13,5.35,5.57,5.79,6.37,6.95,7.53,8.11,8.58,9.05,9.52,9.98,10.44,10.89,11.35,11.8,12.22,12.64,13.06,13.47,13.42,13.37,13.32,13.27,13.06,12.85,12.64,12.43,12.43,12.43,12.44,12.44,12.35,12.27,12.18,12.1,12.06,12.03,11.99,11.95,11.91,11.86,11.81,11.77,,
2018-11-09T00:00:00+00:00,6.79,6.63,6.46,6.43,6.39,6.35,6.32,6.21,6.11,6.01,5.9,5.76,5.62,5.48,5.34,5.31,5.27,5.24,5.21,5.35,5.49,5.63,5.77,5.85,5.93,6.02,6.1,6.55,7.01,7.46,7.91,8.38,8.84,9.3,9.76,10.16,10.55,10.95,11.34,11.44,11.53,11.63,11.72,12.16,12.61,13.06,13.5,13.59,13.68,13.76,13.85,13.8,13.75,13.7,13.64,13.52,13.4,13.29,13.17,12.93,12.69,12.45,12.21,12.12,12.02,11.93,11.83,11.65,11.46,11.27,11.09,11.0,10.91,10.82,10.73,10.7,10.67,10.63,10.6,10.7,10.8,10.9,10.99,11.09,11.19,11.29,11.39,11.38,11.38,11.38,11.37,11.22,11.07,10.91,10.76,10.61,10.47,10.33,10.18,10.28,10.37,10.46,10.55,10.6,10.65,10.7,10.75,10.69,10.63,10.58,10.52,10.56,10.61,10.66,10.7,10.72,10.73,10.74,10.76,10.77,10.79,10.8,10.82,10.82,10.83,10.84,10.84,10.79,10.73,10.68,10.62,10.68,10.74,10.8,10.86,10.92,10.99,11.06,11.13,11.2,11.28,11.35,11.42,11.45,11.47,11.49,11.52,11.5,11.49,11.47,11.46,11.46,11.47,11.48,11.49,11.47,11.45,11.43,11.41,11.4,11.39,11.39,11.38,,
2018-11-10T00:00:00+00:00,11.58,11.5,11.42,11.46,11.5,11.55,11.59,11.62,11.65,11.67,11.7,11.73,11.77,11.8,11.84,11.84,11.85,11.85,11.86,11.81,11.77,11.73,11.68,11.66,11.63,11.61,11.59,11.66,11.74,11.81,11.89,11.88,11.87,11.86,11.85,11.89,11.93,11.98,12.02,12.03,12.04,12.05,12.07,12.06,12.05,12.04,12.03,11.98,11.93,11.88,11.83,11.97,12.11,12.25,12.39,12.34,12.28,12.23,12.17,12.04,11.92,11.79,11.66,11.68,11.71,11.74,11.76,11.66,11.56,11.45,11.35,11.35,11.34,11.34,11.33,11.33,11.32,11.31,11.3,11.24,11.17,11.1,11.04,11.03,11.02,11.01,11.0,10.99,10.98,10.97,10.96,11.0,11.03,11.06,11.1,10.95,10.8,10.66,10.51,10.41,10.3,10.19,10.09,10.03,9.97,9.92,9.86,9.84,9.83,9.81,9.79,9.92,10.05,10.18,10.31,10.55,10.78,11.02,11.26,11.32,11.38,11.44,11.5,11.5,11.5,11.5,11.5,11.54,11.58,11.62,11.66,11.77,11.88,11.99,12.1,12.3,12.51,12.72,12.93,12.84,12.76,12.67,12.59,12.61,12.63,12.65,12.67,12.75,12.83,12.92,13.0,12.94,12.87,12.8,12.74,12.77,12.8,12.84,12.87,12.88,12.9,12.91,12.92,,
2018-11-11T00:00:00+00:00,11.62,11.58,11.53,11.42,11.3,11.18,11.07,11.18,11.29,11.4,11.51,11.45,11.4,11.35,11.29,11.33,11.37,11.41,11.45,11.47,11.48,11.49,11.5,11.54,11.57,11.6,11.64,11.71,11.79,11.87,11.95,12.03,12.11,12.18,12.26,12.26,12.26,12.26,12.25,12.27,12.29,12.31,12.33,12.35,12.37,12.4,12.42,12.31,12.2,12.09,11.97,12.03,12.08,12.14,12.19,12.23,12.27,12.3,12.34,12.36,12.37,12.38,12.4,12.26,12.12,11.98,11.84,11.76,11.68,11.6,11.52,11.5,11.49,11.47,11.45,11.46,11.46,11.46,11.46,11.41,11.35,11.3,11.24,11.15,11.05,10.96,10.87,10.86,10.85,10.83,10.82,10.81,10.8,10.79,10.78,10.75,10.72,10.69,10.66,10.67,10.68,10.69,10.7,10.69,10.68,10.68,10.67,10.7,10.73,10.76,10.79,10.83,10.88,10.92,10.97,10.99,11.02,11.04,11.07,11.1,11.13,11.16,11.2,11.42,11.64,11.86,12.08,12.1,12.12,12.13,12.15,12.04,11.92,11.81,11.7,11.66,11.61,11.57,11.53,11.57,11.61,11.65,11.69,11.76,11.83,11.91,11.98,12.01,12.03,12.06,12.09,11.98,11.88,11.77,11.66,11.57,11.48,11.39,11.29,11.18,11.07,10.96,10.85,,
2018-11-12T00:00:00+00:00
2018-11-13T00:00:00+00:00
2018-11-14T00:00:00+00:00
2018-11-15T00:00:00+00:00
2018-11-16T00:00:00+00:00
2018-11-17T00:00:00+00:00,4.21,4.1,3.99,3.92,3.85,3.78,3.71,3.62,3.52,3.43,3.33,3.25,3.16,3.08,2.99,2.98,2.97,2.96,2.94,2.87,2.79,2.71,2.63,2.61,2.58,2.56,2.54,2.52,2.5,2.48,2.46,2.64,2.82,3.0,3.18,3.43,3.69,3.94,4.19,4.57,4.95,5.32,5.7,5.87,6.03,6.19,6.35,6.68,7.01,7.34,7.67,7.77,7.87,7.97,8.07,7.96,7.85,7.74,7.63,7.39,7.16,6.92,6.69,6.6,6.51,6.43,6.34,6.23,6.13,6.02,5.91,5.88,5.84,5.8,5.76,5.72,5.68,5.65,5.61,5.51,5.41,5.31,5.21,5.11,5.01,4.92,4.82,4.71,4.6,4.49,4.37,4.09,3.81,3.54,3.26,3.1,2.95,2.8,2.65,2.56,2.46,2.37,2.28,2.22,2.15,2.09,2.03,1.93,1.84,1.74,1.64,1.57,1.49,1.42,1.34,1.3,1.25,1.2,1.16,1.25,1.35,1.44,1.54,1.79,2.04,2.3,2.55,2.87,3.18,3.49,3.81,4.28,4.75,5.22,5.69,5.94,6.19,6.44,6.7,6.87,7.04,7.22,7.39,7.42,7.45,7.48,7.5,7.45,7.4,7.35,7.29,7.11,6.94,6.76,6.58,6.38,6.17,5.97,5.77,5.65,5.54,5.42,5.31,,
2018-11-18T00:00:00+00:00,2.73,2.59,2.45,2.38,2.3,2.23,2.16,2.08,2.0,1.92,1.84,1.76,1.67,1.59,1.51,1.49,1.47,1.45,1.43,1.39,1.35,1.31,1.27,1.33,1.4,1.46,1.53,1.87,2.22,2.56,2.91,3.37,3.83,4.3,4.76,5.01,5.27,5.52,5.77,6.01,6.24,6.47,6.71,6.78,6.85,6.93,7.0,7.08,7.15,7.23,7.31,7.31,7.32,7.32,7.33,7.15,6.98,6.81,6.63,6.44,6.25,6.06,5.86,5.83,5.8,5.77,5.74,5.65,5.56,5.47,5.39,5.21,5.03,4.85,4.67,4.49,4.31,4.13,3.95,3.8,3.65,3.5,3.34,3.22,3.09,2.96,2.83,2.71,2.59,2.46,2.34,2.24,2.14,2.04,1.95,1.84,1.73,1.62,1.52,1.42,1.33,1.24,1.14,1.08,1.02,0.95,0.89,0.84,0.78,0.72,0.67,0.59,0.52,0.45,0.38,0.26,0.15,0.03,-0.08,-0.04,-0.0,0.04,0.08,0.3,0.53,0.75,0.98,1.27,1.56,1.85,2.14,2.45,2.77,3.08,3.39,3.63,3.86,4.1,4.33,4.4,4.47,4.54,4.61,4.58,4.56,4.53,4.5,4.39,4.27,4.15,4.03,3.82,3.61,3.4,3.18,3.15,3.12,3.08,3.05,2.98,2.92,2.85,2.79,,
2018-11-19T00:00:00+00:00,1.88,1.76,1.64,1.53,1.43,1.32,1.22,1.1,0.98,0.87,0.75,0.65,0.56,0.46,0.37,0.31,0.25,0.19,0.14,0.09,0.05,0.01,-0.04,0.02,0.07,0.13,0.18,0.41,0.64,0.88,1.11,1.38,1.65,1.93,2.2,2.55,2.9,3.24,3.59,3.83,4.07,4.31,4.55,4.71,4.87,5.03,5.18,5.29,5.39,5.5,5.6,5.52,5.44,5.36,5.27,5.1,4.93,4.75,4.58,4.54,4.5,4.46,4.43,4.31,4.19,4.08,3.96,3.84,3.72,3.6,3.48,3.44,3.39,3.35,3.31,3.15,3.0,2.84,2.68,2.59,2.49,2.4,2.3,2.21,2.12,2.03,1.94,1.7,1.45,1.2,0.96,0.87,0.79,0.7,0.62,0.59,0.56,0.52,0.49,0.49,0.48,0.48,0.48,0.45,0.42,0.39,0.36,0.33,0.3,0.27,0.24,0.23,0.22,0.22,0.21,0.18,0.15,0.12,0.09,0.08,0.07,0.06,0.05,0.09,0.13,0.17,0.21,0.27,0.33,0.39,0.44,0.5,0.55,0.61,0.67,0.7,0.73,0.76,0.8,0.84,0.88,0.92,0.96,1.0,1.05,1.1,1.15,1.11,1.07,1.02,0.98,0.97,0.96,0.94,0.93,0.87,0.8,0.74,0.68,0.67,0.66,0.65,0.65,,
2018-11-20T00:00:00+00:00,2.01,1.77,1.53,1.71,1.88,2.06,2.23,1.99,1.74,1.5,1.25,1.22,1.18,1.14,1.1,1.12,1.14,1.15,1.17,1.1,1.02,0.95,0.87,0.85,0.83,0.81,0.79,0.79,0.8,0.8,0.8,0.86,0.92,0.97,1.03,1.07,1.12,1.16,1.21,1.26,1.31,1.36,1.41,1.44,1.47,1.5,1.53,1.58,1.63,1.67,1.72,1.73,1.74,1.75,1.76,1.71,1.66,1.61,1.55,1.59,1.62,1.65,1.69,1.52,1.36,1.19,1.03,0.89,0.75,0.62,0.48,0.31,0.13,-0.04,-0.21,-0.25,-0.28,-0.32,-0.35,-0.38,-0.42,-0.45,-0.48,-0.51,-0.54,-0.57,-0.6,-0.6,-0.59,-0.59,-0.58,-0.62,-0.65,-0.68,-0.72,-0.69,-0.66,-0.64,-0.61,-0.65,-0.7,-0.74,-0.78,-0.78,-0.78,-0.78,-0.78,-0.77,-0.77,-0.77,-0.76,-0.72,-0.67,-0.62,-0.57,-0.6,-0.64,-0.67,-0.7,-0.66,-0.63,-0.59,-0.56,-0.5,-0.44,-0.37,-0.31,-0.21,-0.11,-0.01,0.1,0.09,0.09,0.09,0.09,0.24,0.39,0.54,0.7,0.92,1.14,1.37,1.59,1.82,2.04,2.26,2.49,2.53,2.58,2.63,2.68,2.55,2.43,2.3,2.18,2.05,1.92,1.79,1.66,1.63,1.6,1.57,1.54,,
2018-11-21T00:00:00+00:00,-0.31,-0.45,-0.6,-0.72,-0.84,-0.96,-1.08,-1.13,-1.17,-1.22,-1.27,-1.31,-1.34,-1.38,-1.42,-1.42,-1.41,-1.41,-1.41,-1.48,-1.56,-1.63,-1.71,-1.67,-1.64,-1.6,-1.56,-1.47,-1.37,-1.27,-1.18,-1.11,-1.04,-0.97,-0.9,-0.82,-0.75,-0.67,-0.6,-0.36,-0.13,0.11,0.34,0.69,1.05,1.4,1.75,1.99,2.23,2.48,2.72,2.79,2.87,2.94,3.02,2.89,2.77,2.65,2.52,2.39,2.25,2.12,1.99,1.87,1.75,1.63,1.51,1.53,1.55,1.57,1.59,1.71,1.83,1.94,2.06,2.14,2.21,2.29,2.36,2.4,2.43,2.46,2.49,2.48,2.46,2.44,2.42,2.35,2.28,2.21,2.14,2.08,2.03,1.97,1.92,1.77,1.61,1.46,1.3,1.23,1.15,1.08,1.0,0.94,0.87,0.8,0.74,0.7,0.65,0.61,0.57,0.56,0.55,0.53,0.52,0.65,0.77,0.89,1.01,0.99,0.98,0.96,0.94,0.99,1.04,1.1,1.15,1.21,1.26,1.32,1.38,1.55,1.73,1.9,2.08,2.26,2.45,2.64,2.83,3.06,3.28,3.51,3.74,3.85,3.95,4.06,4.17,4.23,4.29,4.35,4.42,4.36,4.3,4.25,4.19,4.15,4.11,4.06,4.02,3.92,3.82,3.72,3.62,,
2018-11-22T00:00:00+00:00,3.05,2.88,2.72,2.61,2.51,2.4,2.29,2.26,2.22,2.18,2.14,2.08,2.03,1.98,1.92,1.85,1.77,1.7,1.62,1.52,1.42,1.32,1.21,1.14,1.06,0.98,0.91,0.83,0.76,0.69,0.62,0.81,1.0,1.19,1.38,1.56,1.74,1.92,2.1,2.23,2.35,2.48,2.61,2.8,2.99,3.18,3.37,3.52,3.68,3.83,3.99,4.05,4.11,4.17,4.23,4.27,4.32,4.36,4.4,4.4,4.39,4.39,4.38,4.33,4.28,4.23,4.19,4.18,4.17,4.16,4.15,4.18,4.22,4.25,4.28,4.32,4.36,4.39,4.43,4.4,4.37,4.34,4.31,4.3,4.28,4.27,4.25,4.26,4.26,4.26,4.26,4.3,4.35,4.4,4.45,4.43,4.41,4.39,4.38,4.35,4.33,4.3,4.27,4.19,4.11,4.03,3.94,3.82,3.7,3.58,3.46,3.45,3.44,3.43,3.41,3.37,3.32,3.28,3.24,3.24,3.24,3.24,3.25,3.3,3.34,3.39,3.44,3.53,3.61,3.7,3.78,3.88,3.98,4.08,4.17,4.29,4.4,4.51,4.62,4.82,5.01,5.2,5.4,5.52,5.65,5.77,5.9,5.94,5.98,6.02,6.07,6.08,6.09,6.1,6.12,6.07,6.03,5.98,5.93,5.87,5.8,5.74,5.68,,
2018-11-23T00:00:00+00:00,4.24,4.43,4.62,4.36,4.1,3.84,3.58,3.42,3.27,3.11,2.96,2.94,2.92,2.91,2.89,2.91,2.93,2.95,2.98,2.96,2.95,2.93,2.91,2.97,3.02,3.08,3.14,3.28,3.43,3.58,3.73,3.9,4.07,4.23,4.4,4.55,4.71,4.86,5.01,5.15,5.29,5.43,5.57,5.68,5.78,5.89,5.99,6.0,6.0,6.01,6.02,6.06,6.09,6.13,6.17,6.2,6.22,6.24,6.27,6.24,6.21,6.19,6.16,6.09,6.03,5.96,5.9,5.86,5.82,5.79,5.75,5.74,5.73,5.72,5.72,5.71,5.71,5.71,5.7,5.71,5.72,5.72,5.73,5.77,5.8,5.84,5.87,5.89,5.9,5.92,5.93,5.96,5.98,6.0,6.02,6.01,6.01,6.0,5.99,5.98,5.97,5.95,5.94,5.8,5.67,5.54,5.4,5.31,5.23,5.14,5.05,5.09,5.14,5.18,5.23,5.3,5.37,5.45,5.52,5.61,5.7,5.8,5.89,5.96,6.03,6.1,6.18,6.23,6.28,6.33,6.38,6.43,6.48,6.52,6.57,6.68,6.78,6.89,6.99,7.06,7.13,7.2,7.27,7.41,7.55,7.69,7.83,7.86,7.89,7.92,7.95,7.93,7.9,7.88,7.85,7.77,7.69,7.6,7.52,7.24,6.97,6.69,6.41,,
2018-11-24T00:00:00+00:00,6.63,6.65,6.67,6.58,6.48,6.38,6.28,6.35,6.42,6.49,6.56,6.54,6.51,6.48,6.46,6.53,6.59,6.66,6.73,6.79,6.85,6.92,6.98,6.9,6.82,6.74,6.66,6.6,6.55,6.49,6.44,6.49,6.55,6.61,6.67,6.63,6.58,6.54,6.5,6.54,6.58,6.62,6.66,6.7,6.75,6.8,6.85,6.91,6.97,7.03,7.1,7.25,7.4,7.55,7.7,7.71,7.72,7.73,7.74,7.71,7.68,7.64,7.61,7.55,7.49,7.43,7.37,7.37,7.36,7.35,7.34,7.29,7.25,7.2,7.15,7.1,7.06,7.01,6.96,6.88,6.79,6.71,6.62,6.57,6.52,6.47,6.42,6.44,6.46,6.47,6.49,6.43,6.38,6.32,6.26,6.22,6.17,6.13,6.08,6.04,6.0,5.96,5.91,5.92,5.92,5.93,5.94,5.93,5.93,5.93,5.93,5.98,6.04,6.1,6.16,6.16,6.17,6.18,6.19,6.19,6.2,6.21,6.22,6.3,6.37,6.45,6.53,6.67,6.81,6.95,7.09,7.08,7.07,7.06,7.05,7.2,7.35,7.5,7.65,7.63,7.6,7.57,7.55,7.53,7.51,7.49,7.47,7.48,7.48,7.48,7.48,7.45,7.42,7.38,7.35,7.31,7.26,7.21,7.17,7.11,7.05,6.99,6.93,,
2018-11-25T00:00:00+00:00,3.85,3.86,3.87,4.02,4.16,4.31,4.45,4.57,4.69,4.81,4.93,5.02,5.1,5.18,5.26,5.35,5.45,5.54,5.64,5.68,5.72,5.75,5.79,5.79,5.79,5.79,5.78,5.83,5.88,5.92,5.97,6.16,6.35,6.53,6.72,6.74,6.77,6.79,6.82,6.86,6.91,6.95,7.0,7.04,7.09,7.13,7.18,7.22,7.26,7.3,7.34,7.32,7.3,7.29,7.27,7.25,7.24,7.23,7.21,7.24,7.27,7.29,7.32,7.33,7.34,7.36,7.37,7.36,7.36,7.35,7.34,7.26,7.18,7.1,7.02,6.88,6.73,6.59,6.45,6.32,6.19,6.06,5.93,5.78,5.64,5.5,5.35,5.21,5.07,4.92,4.78,4.74,4.69,4.65,4.61,4.6,4.59,4.59,4.58,4.54,4.5,4.46,4.42,4.35,4.29,4.23,4.16,4.15,4.14,4.13,4.12,4.14,4.16,4.18,4.2,4.17,4.14,4.11,4.08,4.07,4.07,4.07,4.06,4.1,4.14,4.17,4.21,4.26,4.32,4.37,4.43,4.49,4.55,4.61,4.67,4.85,5.03,5.21,5.39,5.49,5.59,5.7,5.8,5.86,5.92,5.98,6.03,5.88,5.73,5.58,5.43,5.42,5.41,5.4,5.39,5.4,5.42,5.43,5.45,5.43,5.41,5.39,5.37,,
2018-11-26T00:00:00+00:00,4.75,4.66,4.57,4.54,4.52,4.49,4.46,4.39,4.33,4.26,4.2,4.22,4.24,4.26,4.28,4.39,4.51,4.63,4.74,4.67,4.6,4.53,4.46,4.42,4.38,4.34,4.3,4.33,4.36,4.39,4.42,4.43,4.43,4.44,4.45,4.55,4.66,4.77,4.87,5.05,5.22,5.39,5.56,5.69,5.81,5.94,6.07,6.05,6.04,6.02,6.0,6.01,6.02,6.02,6.03,6.01,5.99,5.97,5.95,5.94,5.93,5.91,5.9,5.86,5.82,5.78,5.74,5.72,5.7,5.68,5.66,5.62,5.58,5.54,5.5,5.47,5.44,5.42,5.39,5.42,5.45,5.48,5.51,5.5,5.5,5.5,5.49,5.49,5.48,5.47,5.47,5.43,5.4,5.37,5.33,5.31,5.28,5.26,5.24,5.14,5.05,4.96,4.87,4.84,4.82,4.79,4.76,4.74,4.71,4.68,4.65,4.6,4.54,4.49,4.43,4.42,4.41,4.41,4.4,4.48,4.56,4.65,4.73,4.78,4.82,4.87,4.92,5.06,5.21,5.35,5.5,5.68,5.86,6.04,6.22,6.35,6.48,6.61,6.74,6.86,6.99,7.11,7.23,7.18,7.13,7.07,7.02,7.01,7.01,7.0,6.99,6.9,6.81,6.72,6.63,6.61,6.59,6.57,6.54,6.51,6.48,6.45,6.42,,
2018-11-27T00:00:00+00:00,4.84,4.79,4.74,4.38,4.02,3.66,3.3,3.0,2.71,2.41,2.11,2.32,2.54,2.75,2.97,3.07,3.17,3.27,3.37,3.51,3.65,3.78,3.92,3.99,4.06,4.13,4.2,4.18,4.17,4.15,4.13,4.28,4.43,4.58,4.73,4.88,5.03,5.17,5.32,5.45,5.57,5.7,5.82,5.83,5.85,5.86,5.87,5.9,5.92,5.95,5.97,5.94,5.9,5.86,5.83,5.75,5.67,5.6,5.52,5.48,5.45,5.41,5.37,5.35,5.33,5.31,5.29,5.28,5.26,5.25,5.23,5.24,5.25,5.25,5.26,5.3,5.34,5.38,5.42,5.51,5.6,5.69,5.78,5.9,6.02,6.14,6.27,6.37,6.47,6.57,6.67,6.77,6.87,6.97,7.07,7.15,7.22,7.3,7.37,7.44,7.5,7.57,7.63,7.68,7.72,7.77,7.81,7.86,7.9,7.95,7.99,8.06,8.12,8.19,8.25,8.3,8.35,8.4,8.45,8.46,8.47,8.48,8.49,8.54,8.6,8.65,8.7,8.71,8.71,8.72,8.73,8.82,8.9,8.98,9.06,9.32,9.57,9.82,10.07,10.25,10.43,10.61,10.79,10.8,10.81,10.83,10.84,10.75,10.66,10.58,10.49,10.31,10.14,9.97,9.79,9.69,9.59,9.49,9.39,9.31,9.24,9.17,9.1,,
2018-11-28T00:00:00+00:00
2018-11-29T00:00:00+00:00
2018-11-30T00:00:00+00:00,10.17,10.09,10.01,10.04,10.07,10.1,10.13,10.04,9.96,9.87,9.78,9.64,9.5,9.36,9.22,9.17,9.11,9.05,8.99,8.91,8.83,8.75,8.66,8.6,8.54,8.47,8.41,8.49,8.58,8.66,8.75,9.04,9.32,9.61,9.89,10.02,10.16,10.29,10.42,10.57,10.73,10.88,11.04,11.21,11.38,11.55,11.72,11.71,11.71,11.7,11.69,11.59,11.49,11.4,11.3,11.06,10.83,10.59,10.35,10.1,9.85,9.6,9.35,9.18,9.02,8.86,8.7,8.53,8.37,8.21,8.05,7.91,7.77,7.63,7.5,7.44,7.37,7.31,7.25,7.12,6.98,6.85,6.72,6.6,6.48,6.37,6.25,6.14,6.04,5.93,5.82,5.7,5.58,5.46,5.33,5.17,5.0,4.84,4.68,4.64,4.61,4.57,4.53,4.57,4.61,4.64,4.68,4.69,4.71,4.72,4.74,4.71,4.68,4.65,4.62,4.66,4.71,4.75,4.8,4.96,5.11,5.27,5.43,5.58,5.74,5.9,6.05,6.17,6.29,6.41,6.52,6.79,7.06,7.33,7.59,7.78,7.96,8.14,8.32,8.47,8.62,8.76,8.91,8.96,9.0,9.05,9.1,9.11,9.12,9.13,9.15,9.2,9.25,9.3,9.35,9.35,9.36,9.37,9.37,9.34,9.31,9.27,9.24,,
2018-12-01T00:00:00+00:00,5.21,5.06,4.91,4.7,4.49,4.28,4.07,4.23,4.38,4.54,4.69,4.75,4.81,4.87,4.93,4.92,4.92,4.92,4.91,4.92,4.93,4.94,4.95,5.0,5.04,5.08,5.12,5.22,5.32,5.42,5.52,5.75,5.98,6.21,6.45,6.78,7.11,7.44,7.78,7.8,7.82,7.85,7.87,7.94,8.01,8.08,8.15,8.28,8.41,8.54,8.67,8.75,8.82,8.9,8.97,9.05,9.14,9.23,9.31,9.32,9.33,9.34,9.35,9.3,9.26,9.21,9.16,9.14,9.11,9.09,9.06,9.11,9.15,9.2,9.25,9.28,9.31,9.34,9.37,9.39,9.41,9.44,9.46,9.51,9.55,9.6,9.64,9.66,9.67,9.68,9.69,9.74,9.79,9.84,9.89,9.98,10.07,10.16,10.24,10.37,10.5,10.62,10.75,10.9,11.05,11.21,11.36,11.51,11.65,11.8,11.95,12.03,12.11,12.2,12.28,12.43,12.59,12.74,12.89,12.9,12.9,12.91,12.91,13.08,13.24,13.41,13.57,13.67,13.78,13.88,13.99,13.96,13.94,13.92,13.9,13.97,14.05,14.13,14.2,14.25,14.29,14.33,14.37,14.36,14.34,14.33,14.32,14.17,14.02,13.87,13.72,13.58,13.43,13.28,13.13,13.12,13.12,13.12,13.12,13.22,13.32,13.43,13.53,,
2018-12-02T00:00:00+00:00,11.21,11.37,11.54,11.59,11.63,11.68,11.73,11.78,11.83,11.88,11.92,12.22,12.53,12.83,13.13,13.18,13.23,13.28,13.32,13.35,13.38,13.41,13.44,13.3,13.16,13.02,12.88,12.93,12.97,13.02,13.07,13.09,13.11,13.13,13.15,13.19,13.22,13.26,13.29,13.34,13.38,13.42,13.47,13.38,13.29,13.2,13.11,13.12,13.13,13.14,13.15,13.17,13.18,13.19,13.21,13.17,13.13,13.09,13.05,13.11,13.18,13.24,13.3,13.38,13.45,13.52,13.59,13.62,13.65,13.68,13.71,13.66,13.6,13.55,13.49,13.53,13.56,13.6,13.64,13.6,13.55,13.51,13.46,13.5,13.54,13.58,13.62,13.62,13.62,13.62,13.63,13.59,13.55,13.5,13.46,13.47,13.47,13.48,13.49,13.47,13.46,13.45,13.44,13.42,13.4,13.38,13.36,13.44,13.52,13.6,13.68,13.63,13.58,13.53,13.48,13.45,13.41,13.38,13.35,13.38,13.41,13.44,13.47,13.44,13.4,13.37,13.34,13.44,13.53,13.63,13.73,13.7,13.67,13.63,13.6,13.54,13.47,13.4,13.34,13.52,13.71,13.89,14.07,14.03,13.98,13.94,13.89,13.91,13.92,13.93,13.95,13.79,13.62,13.46,13.3,13.18,13.07,12.96,12.84,12.7,12.55,12.41,12.26,,
2018-12-03T00:00:00+00:00,14.24,14.13,14.03,14.0,13.98,13.95,13.92,13.86,13.79,13.72,13.66,13.61,13.56,13.51,13.46,13.43,13.4,13.36,13.33,13.32,13.31,13.3,13.28,13.31,13.33,13.36,13.38,13.39,13.39,13.39,13.4,13.44,13.48,13.52,13.56,13.68,13.8,13.92,14.04,14.04,14.03,14.03,14.03,13.94,13.86,13.77,13.69,13.66,13.63,13.6,13.57,13.53,13.48,13.44,13.39,13.37,13.34,13.32,13.3,13.21,13.13,13.05,12.97,12.85,12.74,12.62,12.5,12.54,12.58,12.62,12.66,12.63,12.61,12.58,12.56,12.45,12.34,12.23,12.12,11.96,11.81,11.66,11.51,11.4,11.28,11.17,11.06,11.05,11.05,11.05,11.05,10.97,10.89,10.82,10.74,10.66,10.58,10.5,10.42,10.44,10.47,10.49,10.51,10.49,10.47,10.45,10.43,10.36,10.29,10.22,10.15,10.04,9.93,9.82,9.71,9.59,9.46,9.33,9.21,9.17,9.13,9.1,9.06,9.2,9.35,9.49,9.63,9.79,9.94,10.1,10.25,10.28,10.31,10.34,10.37,10.5,10.64,10.77,10.91,10.95,10.99,11.03,11.07,11.04,11.01,10.99,10.96,10.92,10.87,10.83,10.79,10.65,10.51,10.37,10.23,10.16,10.1,10.03,9.97,9.78,9.6,9.42,9.23,,
2018-12-04T00:00:00+00:00,10.41,10.37,10.33,10.14,9.96,9.78,9.59,9.53,9.46,9.39,9.32,9.36,9.4,9.43,9.47,9.43,9.39,9.36,9.32,9.27,9.23,9.18,9.14,9.2,9.27,9.33,9.39,9.42,9.45,9.48,9.5,9.75,9.99,10.23,10.47,10.67,10.88,11.08,11.28,11.2,11.12,11.04,10.96,11.08,11.2,11.31,11.43,11.45,11.47,11.49,11.51,11.49,11.47,11.46,11.44,11.32,11.2,11.08,10.96,10.91,10.86,10.81,10.77,10.75,10.73,10.71,10.69,10.62,10.55,10.48,10.41,10.32,10.23,10.14,10.04,10.02,10.0,9.97,9.95,9.85,9.75,9.65,9.56,9.53,9.5,9.46,9.43,9.44,9.45,9.46,9.47,9.52,9.56,9.61,9.65,9.59,9.54,9.48,9.43,9.44,9.45,9.46,9.47,9.54,9.6,9.67,9.73,9.74,9.75,9.76,9.76,9.78,9.8,9.82,9.84,9.82,9.81,9.79,9.78,9.73,9.69,9.64,9.6,9.61,9.63,9.65,9.66,9.77,9.88,9.99,10.1,10.2,10.3,10.4,10.5,10.68,10.86,11.04,11.22,11.22,11.22,11.22,11.21,11.16,11.12,11.07,11.02,10.97,10.93,10.88,10.84,10.74,10.63,10.53,10.42,10.29,10.16,10.03,9.9,9.8,9.7,9.6,9.5,,
2018-12-05T00:00:00+00:00,7.45,7.34,7.24,7.26,7.29,7.31,7.34,7.38,7.43,7.47,7.52,7.46,7.4,7.35,7.29,7.38,7.47,7.56,7.65,7.53,7.4,7.28,7.15,7.09,7.02,6.95,6.88,6.89,6.9,6.91,6.92,6.93,6.94,6.96,6.97,7.2,7.44,7.67,7.9,8.25,8.59,8.93,9.27,9.35,9.43,9.51,9.59,9.73,9.87,10.01,10.15,10.16,10.16,10.16,10.17,10.12,10.08,10.03,9.99,10.01,10.02,10.04,10.06,10.01,9.96,9.91,9.86,9.85,9.85,9.84,9.83,9.78,9.74,9.69,9.64,9.74,9.85,9.95,10.06,10.19,10.32,10.46,10.59,10.61,10.62,10.64,10.65,10.79,10.92,11.05,11.19,11.23,11.28,11.32,11.37,11.34,11.31,11.29,11.26,11.24,11.23,11.21,11.19,11.19,11.18,11.17,11.16,11.34,11.51,11.68,11.85,11.95,12.05,12.15,12.25,12.23,12.21,12.19,12.18,12.2,12.23,12.25,12.28,12.29,12.3,12.32,12.33,12.48,12.62,12.77,12.92,12.89,12.86,12.83,12.79,12.79,12.79,12.79,12.79,12.87,12.94,13.02,13.1,13.06,13.02,12.98,12.94,12.9,12.86,12.83,12.79,12.69,12.59,12.49,12.39,12.31,12.23,12.15,12.07,12.02,11.97,11.92,11.87,,
2018-12-06T00:00:00+00:00,11.34,11.32,11.3,11.44,11.57,11.71,11.85,11.89,11.93,11.97,12.01,11.9,11.8,11.69,11.59,11.72,11.85,11.98,12.11,12.08,12.05,12.01,11.98,12.04,12.1,12.16,12.22,12.23,12.25,12.27,12.28,12.32,12.35,12.39,12.42,12.5,12.58,12.65,12.73,12.7,12.67,12.64,12.61,12.63,12.65,12.67,12.69,12.74,12.8,12.85,12.9,12.83,12.75,12.68,12.61,12.53,12.46,12.39,12.31,12.28,12.26,12.23,12.2,12.12,12.04,11.97,11.89,11.83,11.77,11.71,11.64,11.63,11.62,11.61,11.6,11.53,11.47,11.4,11.34,11.26,11.18,11.11,11.03,10.96,10.9,10.83,10.77,10.69,10.62,10.54,10.46,10.43,10.4,10.37,10.34,10.36,10.37,10.39,10.41,10.39,10.38,10.36,10.35,10.36,10.36,10.37,10.38,10.33,10.28,10.24,10.19,10.2,10.21,10.21,10.22,10.18,10.13,10.09,10.04,10.09,10.13,10.18,10.23,10.28,10.33,10.38,10.42,10.49,10.55,10.61,10.68,10.71,10.73,10.76,10.79,10.65,10.52,10.38,10.24,10.21,10.18,10.15,10.12,10.22,10.32,10.43,10.53,10.31,10.1,9.88,9.67,9.53,9.4,9.27,9.13,9.05,8.96,8.88,8.79,7.92,7.04,6.16,5.28,,
2018-12-07T00:00:00+00:00,11.18,11.26,11.34,11.3,11.26,11.22,11.18,11.15,11.11,11.07,11.04,11.15,11.27,11.39,11.51,11.53,11.55,11.57,11.6,11.49,11.38,11.27,11.16,11.14,11.13,11.11,11.09,11.07,11.05,11.04,11.02,11.0,10.99,10.98,10.97,10.92,10.87,10.82,10.77,10.72,10.66,10.61,10.56,10.6,10.64,10.69,10.73,10.81,10.9,10.98,11.06,10.88,10.71,10.54,10.36,9.97,9.58,9.19,8.8,8.67,8.54,8.42,8.29,8.08,7.87,7.65,7.44,7.32,7.19,7.07,6.94,6.85,6.75,6.66,6.56,6.48,6.41,6.33,6.25,6.24,6.22,6.21,6.2,6.21,6.23,6.24,6.25,6.19,6.12,6.06,6.0,6.07,6.14,6.22,6.29,6.31,6.33,6.35,6.37,6.48,6.59,6.7,6.82,6.93,7.04,7.15,7.27,7.37,7.47,7.58,7.68,7.7,7.73,7.75,7.78,7.84,7.91,7.98,8.05,8.09,8.12,8.16,8.2,8.26,8.32,8.39,8.45,8.52,8.58,8.64,8.71,8.92,9.13,9.34,9.55,9.46,9.37,9.28,9.19,9.21,9.23,9.25,9.27,9.38,9.48,9.58,9.69,9.76,9.84,9.92,9.99,10.06,10.14,10.21,10.28,10.23,10.18,10.14,10.09,10.08,10.06,10.04,10.03,,
2018-12-08T00:00:00+00:00,6.1,6.08,6.07,6.1,6.13,6.16,6.19,6.2,6.2,6.2,6.2,6.25,6.3,6.35,6.4,6.54,6.69,6.83,6.97,7.14,7.3,7.47,7.63,7.72,7.82,7.91,8.0,7.98,7.96,7.94,7.93,8.02,8.12,8.21,8.31,8.4,8.5,8.59,8.69,8.73,8.77,8.81,8.86,8.92,8.98,9.03,9.09,9.3,9.51,9.72,9.93,9.86,9.78,9.7,9.63,9.7,9.77,9.84,9.9,9.92,9.93,9.94,9.95,10.0,10.05,10.1,10.15,10.27,10.39,10.52,10.64,10.71,10.79,10.87,10.94,11.05,11.15,11.26,11.37,11.31,11.26,11.21,11.15,11.05,10.95,10.85,10.75,10.46,10.17,9.88,9.6,9.8,10.0,10.2,10.4,10.26,10.13,10.0,9.86,9.67,9.48,9.29,9.1,9.0,8.89,8.79,8.69,8.66,8.64,8.61,8.59,8.57,8.56,8.55,8.54,8.58,8.63,8.67,8.71,8.78,8.85,8.92,8.99,9.0,9.01,9.03,9.04,9.25,9.46,9.67,9.88,10.03,10.18,10.33,10.48,10.42,10.36,10.3,10.25,10.19,10.13,10.06,10.0,10.04,10.07,10.11,10.14,10.2,10.25,10.3,10.35,10.23,10.12,10.0,9.88,9.86,9.85,9.83,9.81,9.73,9.64,9.56,9.47,,
2018-12-09T00:00:00+00:00,9.74,9.71,9.67,9.67,9.67,9.67,9.67,9.58,9.49,9.41,9.32,9.16,9.01,8.85,8.69,8.74,8.78,8.82,8.87,8.83,8.79,8.75,8.72,8.75,8.78,8.82,8.85,8.95,9.06,9.16,9.26,9.44,9.61,9.79,9.96,10.09,10.22,10.35,10.49,10.48,10.47,10.47,10.46,10.32,10.18,10.05,9.91,9.83,9.75,9.67,9.59,9.68,9.77,9.87,9.96,9.9,9.84,9.78,9.72,9.56,9.4,9.24,9.08,9.07,9.05,9.03,9.01,8.97,8.92,8.88,8.83,8.75,8.67,8.58,8.5,8.52,8.54,8.57,8.59,8.55,8.5,8.46,8.42,8.41,8.4,8.39,8.39,8.26,8.13,8.0,7.88,7.87,7.87,7.87,7.86,7.83,7.79,7.76,7.73,7.55,7.38,7.2,7.03,6.93,6.83,6.73,6.63,6.71,6.79,6.87,6.95,7.0,7.06,7.11,7.16,7.11,7.05,7.0,6.94,6.91,6.88,6.84,6.81,6.88,6.96,7.04,7.11,7.29,7.46,7.64,7.81,7.98,8.15,8.31,8.48,8.57,8.66,8.75,8.84,8.87,8.9,8.92,8.95,9.04,9.13,9.22,9.31,9.18,9.06,8.93,8.8,8.63,8.46,8.28,8.11,7.89,7.67,7.45,7.24,7.04,6.85,6.65,6.46,,
2018-12-10T00:00:00+00:00
2018-12-11T00:00:00+00:00
2018-12-12T00:00:00+00:00
2018-12-13T00:00:00+00:00
2018-12-14T00:00:00+00:00,-1.27,-1.33,-1.39,-1.46,-1.53,-1.6,-1.67,-1.73,-1.79,-1.85,-1.91,-1.97,-2.03,-2.08,-2.14,-2.18,-2.22,-2.26,-2.3,-2.33,-2.36,-2.39,-2.43,-2.43,-2.44,-2.45,-2.46,-2.27,-2.08,-1.89,-1.7,-1.4,-1.09,-0.79,-0.49,-0.24,0.01,0.26,0.51,0.71,0.91,1.11,1.31,1.45,1.58,1.71,1.84,1.87,1.9,1.93,1.96,1.88,1.8,1.72,1.64,1.44,1.23,1.03,0.82,0.61,0.4,0.19,-0.03,-0.14,-0.25,-0.36,-0.47,-0.57,-0.66,-0.76,-0.85,-0.96,-1.07,-1.18,-1.29,-1.39,-1.48,-1.58,-1.68,-1.73,-1.78,-1.84,-1.89,-1.98,-2.08,-2.17,-2.27,-2.35,-2.44,-2.53,-2.62,-2.7,-2.78,-2.86,-2.94,-3.04,-3.14,-3.24,-3.34,-3.36,-3.39,-3.42,-3.45,-3.51,-3.56,-3.62,-3.68,-3.68,-3.67,-3.67,-3.67,-3.62,-3.58,-3.53,-3.49,-3.43,-3.37,-3.31,-3.25,-3.23,-3.22,-3.2,-3.19,-3.03,-2.87,-2.71,-2.55,-2.37,-2.19,-2.01,-1.83,-1.67,-1.52,-1.36,-1.2,-0.98,-0.75,-0.53,-0.31,-0.19,-0.07,0.04,0.16,0.16,0.16,0.16,0.16,0.19,0.23,0.26,0.29,0.32,0.35,0.38,0.41,0.36,0.31,0.25,0.2,0.18,0.16,0.14,0.12,,
2018-12-15T00:00:00+00:00,-1.32,-1.42,-1.53,-1.62,-1.71,-1.8,-1.9,-1.95,-2.01,-2.06,-2.11,-2.26,-2.41,-2.55,-2.7,-2.49,-2.28,-2.06,-1.85,-1.84,-1.82,-1.8,-1.78,-1.76,-1.74,-1.71,-1.69,-1.59,-1.48,-1.38,-1.28,-1.09,-0.91,-0.73,-0.55,-0.34,-0.13,0.07,0.28,0.41,0.53,0.66,0.78,0.65,0.51,0.38,0.24,0.2,0.16,0.12,0.08,0.1,0.11,0.12,0.13,0.19,0.25,0.31,0.37,0.44,0.51,0.58,0.65,0.63,0.61,0.59,0.56,0.74,0.91,1.08,1.26,1.3,1.35,1.39,1.44,1.51,1.57,1.64,1.71,1.74,1.77,1.79,1.82,1.82,1.82,1.82,1.82,1.83,1.84,1.85,1.86,1.92,1.98,2.05,2.11,2.27,2.44,2.61,2.77,2.88,2.98,3.09,3.19,3.3,3.41,3.52,3.63,3.64,3.66,3.68,3.69,3.65,3.61,3.57,3.53,3.46,3.38,3.3,3.22,3.14,3.07,3.0,2.93,2.94,2.94,2.95,2.95,3.0,3.04,3.08,3.13,3.18,3.23,3.28,3.33,3.37,3.41,3.44,3.48,3.58,3.69,3.79,3.89,3.98,4.06,4.15,4.24,4.3,4.37,4.44,4.5,4.56,4.61,4.66,4.71,4.72,4.73,4.73,4.74,4.76,4.79,4.81,4.84,,
2018-12-16T00:00:00+00:00,2.46,2.55,2.64,2.78,2.92,3.06,3.21,3.29,3.37,3.45,3.54,3.47,3.4,3.33,3.27,3.3,3.33,3.36,3.4,3.51,3.63,3.74,3.85,3.83,3.81,3.79,3.77,3.79,3.8,3.82,3.83,3.91,4.0,4.08,4.16,4.27,4.38,4.48,4.59,4.6,4.6,4.61,4.62,4.63,4.64,4.65,4.66,4.68,4.7,4.72,4.73,4.74,4.74,4.75,4.76,4.69,4.63,4.57,4.51,4.48,4.44,4.41,4.38,4.42,4.47,4.51,4.55,4.53,4.51,4.5,4.48,4.59,4.71,4.82,4.93,4.96,5.0,5.03,5.06,5.17,5.28,5.39,5.5,5.55,5.59,5.64,5.69,5.6,5.52,5.43,5.35,5.19,5.04,4.88,4.72,4.68,4.64,4.6,4.55,4.44,4.33,4.22,4.11,4.0,3.89,3.78,3.66,3.63,3.59,3.56,3.52,3.37,3.22,3.07,2.92,2.84,2.76,2.68,2.59,2.55,2.5,2.46,2.42,2.63,2.85,3.06,3.27,3.45,3.63,3.81,3.99,4.26,4.52,4.79,5.06,5.38,5.71,6.03,6.36,6.59,6.83,7.07,7.31,7.39,7.47,7.55,7.63,7.55,7.47,7.38,7.3,7.05,6.79,6.54,6.29,6.1,5.92,5.73,5.54,5.38,5.23,5.07,4.92,,
2018-12-17T00:00:00+00:00,5.73,5.54,5.35,5.32,5.3,5.28,5.26,5.09,4.93,4.76,4.59,4.49,4.38,4.28,4.17,4.02,3.87,3.72,3.56,3.44,3.31,3.19,3.06,3.03,2.99,2.96,2.92,3.04,3.16,3.27,3.39,3.64,3.9,4.15,4.4,4.69,4.98,5.27,5.57,5.88,6.19,6.5,6.81,7.04,7.27,7.5,7.73,7.74,7.74,7.75,7.76,7.35,6.95,6.54,6.14,5.9,5.66,5.43,5.19,5.21,5.22,5.24,5.25,5.33,5.42,5.5,5.58,5.71,5.84,5.97,6.1,5.92,5.75,5.57,5.39,5.28,5.17,5.05,4.94,4.98,5.02,5.06,5.11,5.21,5.31,5.41,5.51,5.52,5.53,5.54,5.55,5.61,5.68,5.74,5.81,5.87,5.93,5.99,6.05,5.95,5.85,5.75,5.65,5.41,5.17,4.93,4.7,4.57,4.45,4.33,4.2,4.09,3.98,3.87,3.76,3.74,3.72,3.69,3.67,3.55,3.43,3.31,3.19,3.2,3.2,3.2,3.21,3.48,3.75,4.02,4.29,4.62,4.95,5.28,5.61,5.81,6.01,6.2,6.4,6.61,6.82,7.03,7.24,7.31,7.38,7.45,7.52,7.55,7.59,7.62,7.65,7.61,7.56,7.52,7.47,7.39,7.31,7.23,7.15,7.07,6.99,6.92,6.84,,
2018-12-18T00:00:00+00:00,5.53,5.54,5.55,5.48,5.41,5.34,5.27,5.24,5.21,5.18,5.15,5.24,5.33,5.42,5.5,5.32,5.14,4.95,4.77,4.54,4.3,4.07,3.84,3.68,3.53,3.38,3.22,3.34,3.46,3.58,3.7,3.98,4.25,4.52,4.79,5.0,5.2,5.4,5.6,5.78,5.96,6.15,6.33,6.49,6.65,6.8,6.96,7.05,7.13,7.21,7.3,7.26,7.22,7.18,7.15,6.99,6.83,6.68,6.52,6.4,6.28,6.16,6.04,6.0,5.95,5.91,5.87,5.75,5.64,5.52,5.41,5.39,5.37,5.35,5.32,5.54,5.75,5.97,6.18,6.28,6.39,6.49,6.6,6.64,6.69,6.73,6.78,6.87,6.96,7.05,7.14,7.08,7.01,6.95,6.89,6.92,6.96,6.99,7.02,7.08,7.13,7.19,7.24,7.28,7.32,7.36,7.39,7.39,7.39,7.39,7.39,7.39,7.39,7.39,7.39,7.43,7.47,7.51,7.55,7.6,7.64,7.68,7.73,7.75,7.77,7.8,7.82,7.86,7.9,7.94,7.99,8.11,8.23,8.35,8.47,8.47,8.46,8.45,8.44,8.45,8.46,8.47,8.48,8.5,8.52,8.54,8.57,8.59,8.61,8.64,8.66,8.63,8.6,8.57,8.55,8.48,8.42,8.36,8.3,8.2,8.1,8.0,7.91,,
2018-12-19T00:00:00+00:00,7.83,7.82,7.81,7.79,7.78,7.77,7.75,7.7,7.65,7.6,7.55,7.45,7.36,7.26,7.17,7.18,7.19,7.2,7.21,7.21,7.21,7.21,7.21,7.16,7.11,7.05,7.0,7.09,7.17,7.26,7.35,7.49,7.62,7.76,7.9,7.94,7.99,8.03,8.08,8.1,8.13,8.16,8.18,8.28,8.38,8.48,8.58,8.58,8.58,8.59,8.59,8.57,8.56,8.54,8.53,8.43,8.34,8.25,8.16,8.16,8.15,8.15,8.15,8.03,7.9,7.77,7.65,7.6,7.55,7.5,7.45,7.28,7.11,6.94,6.77,6.73,6.68,6.63,6.58,6.59,6.6,6.6,6.61,6.56,6.5,6.45,6.4,6.37,6.34,6.31,6.28,6.28,6.28,6.28,6.28,6.2,6.12,6.04,5.96,6.03,6.1,6.17,6.24,6.27,6.29,6.32,6.35,6.34,6.33,6.32,6.31,6.26,6.21,6.16,6.11,6.02,5.94,5.86,5.77,5.75,5.72,5.7,5.67,5.76,5.85,5.93,6.02,6.1,6.17,6.25,6.33,6.51,6.68,6.85,7.03,7.2,7.36,7.53,7.7,7.95,8.21,8.46,8.72,8.75,8.79,8.82,8.85,8.85,8.85,8.86,8.86,8.85,8.84,8.83,8.82,8.65,8.47,8.3,8.12,8.08,8.03,7.99,7.95,,
2018-12-21T00:00:00+00:00,10.04,10.16,10.28,10.33,10.37,10.42,10.47,10.58,10.7,10.82,10.94,10.93,10.92,10.91,10.9,10.95,11.0,11.04,11.09,11.2,11.3,11.41,11.51,11.49,11.47,11.45,11.43,11.45,11.48,11.51,11.54,11.65,11.77,11.89,12.01,12.06,12.11,12.16,12.21,12.17,12.14,12.1,12.07,12.05,12.04,12.02,12.01,11.99,11.98,11.96,11.95,12.1,12.26,12.42,12.57,12.66,12.75,12.84,12.92,12.96,12.99,13.03,13.06,13.03,12.99,12.96,12.92,12.84,12.76,12.67,12.59,12.54,12.48,12.42,12.36,12.36,12.36,12.36,12.36,12.34,12.32,12.29,12.27,12.23,12.19,12.15,12.1,12.09,12.09,12.08,12.07,12.04,12.01,11.98,11.95,11.9,11.86,11.81,11.77,11.74,11.71,11.68,11.64,11.6,11.55,11.5,11.45,11.34,11.24,11.14,11.03,10.97,10.91,10.85,10.8,10.7,10.61,10.52,10.42,10.35,10.28,10.21,10.14,10.17,10.19,10.22,10.24,10.27,10.3,10.33,10.37,10.48,10.6,10.71,10.83,10.89,10.95,11.01,11.07,11.16,11.25,11.34,11.43,11.47,11.52,11.56,11.61,11.61,11.61,11.61,11.61,11.45,11.29,11.13,10.97,10.92,10.88,10.83,10.78,10.65,10.52,10.39,10.26,,
2018-12-22T00:00:00+00:00,12.0,11.92,11.84,11.84,11.83,11.83,11.82,11.71,11.61,11.5,11.39,11.32,11.25,11.18,11.11,11.07,11.03,10.99,10.95,10.8,10.65,10.51,10.36,10.35,10.33,10.31,10.29,10.39,10.49,10.6,10.7,10.74,10.77,10.81,10.85,10.93,11.02,11.11,11.19,11.27,11.36,11.44,11.52,11.56,11.59,11.63,11.66,11.66,11.66,11.65,11.65,11.6,11.55,11.5,11.45,11.37,11.29,11.21,11.13,11.05,10.97,10.88,10.8,10.65,10.5,10.36,10.21,9.97,9.74,9.51,9.28,9.08,8.89,8.7,8.5,8.55,8.59,8.63,8.68,8.65,8.62,8.59,8.56,8.52,8.48,8.43,8.39,8.51,8.63,8.75,8.87,8.77,8.66,8.56,8.46,8.48,8.5,8.52,8.54,8.57,8.6,8.63,8.66,8.72,8.79,8.85,8.92,8.93,8.93,8.94,8.94,8.95,8.96,8.96,8.97,8.99,9.02,9.05,9.07,9.09,9.11,9.13,9.14,9.19,9.24,9.29,9.35,9.46,9.57,9.68,9.79,10.07,10.34,10.61,10.88,11.0,11.12,11.24,11.37,11.63,11.89,12.15,12.41,12.56,12.72,12.88,13.04,13.01,12.98,12.96,12.93,12.96,13.0,13.03,13.06,13.1,13.15,13.19,13.23,13.21,13.19,13.17,13.15,,
2018-12-23T00:00:00+00:00,7.92,7.93,7.94,7.89,7.84,7.79,7.74,7.81,7.88,7.96,8.03,8.0,7.96,7.92,7.89,8.17,8.45,8.73,9.01,9.14,9.27,9.4,9.54,9.72,9.9,10.08,10.26,10.36,10.46,10.56,10.66,10.87,11.07,11.28,11.48,11.53,11.57,11.62,11.66,11.78,11.9,12.02,12.14,12.15,12.15,12.16,12.16,12.15,12.15,12.14,12.13,12.14,12.15,12.15,12.16,12.19,12.22,12.24,12.27,12.3,12.33,12.36,12.39,12.35,12.31,12.26,12.22,12.21,12.19,12.18,12.17,12.14,12.12,12.09,12.07,11.99,11.92,11.85,11.78,11.7,11.62,11.54,11.45,11.42,11.39,11.35,11.32,11.31,11.31,11.31,11.3,11.25,11.2,11.14,11.09,11.09,11.1,11.11,11.11,11.14,11.16,11.19,11.22,11.33,11.43,11.54,11.65,11.44,11.24,11.03,10.82,10.48,10.14,9.79,9.45,9.3,9.15,9.0,8.85,8.71,8.58,8.44,8.31,8.28,8.26,8.23,8.2,8.16,8.11,8.06,8.01,8.06,8.11,8.16,8.21,8.32,8.44,8.55,8.67,8.69,8.71,8.73,8.76,8.71,8.67,8.63,8.59,8.46,8.33,8.2,8.07,7.89,7.7,7.51,7.33,7.16,6.99,6.82,6.65,6.5,6.36,6.21,6.07,,
2018-12-24T00:00:00+00:00,13.18,13.14,13.09,12.78,12.47,12.15,11.84,11.45,11.07,10.69,10.3,10.16,10.01,9.87,9.72,9.63,9.54,9.45,9.36,9.29,9.22,9.14,9.07,9.03,8.98,8.94,8.9,8.89,8.88,8.87,8.86,8.78,8.7,8.63,8.55,8.56,8.58,8.59,8.6,8.66,8.71,8.76,8.81,8.82,8.84,8.85,8.87,8.91,8.96,9.01,9.05,9.04,9.03,9.02,9.01,8.9,8.79,8.68,8.57,8.47,8.37,8.27,8.17,7.97,7.76,7.56,7.35,7.19,7.03,6.86,6.7,6.56,6.43,6.29,6.16,6.08,6.0,5.92,5.84,5.69,5.55,5.4,5.25,5.13,5.01,4.89,4.76,4.61,4.46,4.31,4.16,4.02,3.89,3.75,3.61,3.48,3.34,3.21,3.07,2.92,2.76,2.6,2.45,2.39,2.33,2.26,2.2,2.16,2.11,2.07,2.02,2.01,2.01,2.0,1.99,1.94,1.89,1.83,1.78,1.74,1.7,1.65,1.61,1.81,2.02,2.22,2.43,2.7,2.97,3.25,3.52,3.77,4.01,4.26,4.51,4.73,4.96,5.19,5.42,5.6,5.77,5.94,6.11,6.16,6.2,6.25,6.3,6.23,6.16,6.09,6.02,5.8,5.59,5.38,5.17,4.93,4.7,4.47,4.24,4.02,3.81,3.59,3.37,,
2018-12-25T00:00:00+00:00,2.02,1.92,1.83,1.7,1.58,1.45,1.33,1.27,1.22,1.17,1.11,0.67,0.23,-0.21,-0.66,-0.69,-0.72,-0.75,-0.78,-0.7,-0.61,-0.52,-0.43,-0.49,-0.55,-0.6,-0.66,-0.58,-0.51,-0.43,-0.35,-0.2,-0.04,0.11,0.26,0.47,0.67,0.87,1.08,1.29,1.51,1.72,1.93,2.13,2.33,2.53,2.73,2.81,2.89,2.96,3.04,3.05,3.05,3.06,3.07,2.86,2.66,2.46,2.26,2.02,1.79,1.56,1.33,1.19,1.05,0.91,0.77,0.64,0.52,0.39,0.26,0.19,0.12,0.05,-0.03,-0.06,-0.09,-0.12,-0.15,-0.2,-0.26,-0.31,-0.36,-0.41,-0.46,-0.51,-0.56,-0.61,-0.65,-0.7,-0.75,-0.82,-0.89,-0.96,-1.03,-1.29,-1.56,-1.83,-2.09,-2.25,-2.41,-2.57,-2.73,-2.76,-2.78,-2.8,-2.83,-2.85,-2.86,-2.88,-2.9,-2.83,-2.76,-2.69,-2.62,-2.5,-2.37,-2.25,-2.13,-2.04,-1.94,-1.85,-1.75,-1.64,-1.52,-1.41,-1.29,-0.96,-0.63,-0.29,0.04,0.46,0.88,1.3,1.72,2.11,2.5,2.89,3.28,3.55,3.82,4.08,4.35,4.44,4.52,4.6,4.68,4.7,4.72,4.74,4.76,4.7,4.64,4.59,4.53,4.4,4.27,4.14,4.02,3.85,3.68,3.51,3.35,,
2018-12-26T00:00:00+00:00,-0.95,-1.03,-1.11,-1.4,-1.69,-1.99,-2.28,-2.31,-2.35,-2.38,-2.42,-2.39,-2.37,-2.35,-2.32,-2.29,-2.26,-2.23,-2.2,-2.21,-2.22,-2.23,-2.23,-2.28,-2.32,-2.36,-2.41,-2.24,-2.06,-1.89,-1.72,-1.41,-1.11,-0.8,-0.5,-0.2,0.1,0.4,0.7,1.01,1.33,1.64,1.95,2.19,2.42,2.66,2.89,3.05,3.21,3.36,3.52,3.56,3.59,3.63,3.67,3.53,3.4,3.27,3.13,2.98,2.83,2.68,2.53,2.37,2.22,2.06,1.91,1.81,1.7,1.59,1.49,1.39,1.28,1.18,1.08,1.06,1.04,1.02,1.0,1.0,1.0,1.0,1.0,0.97,0.94,0.9,0.87,0.83,0.78,0.74,0.69,0.65,0.61,0.57,0.53,0.48,0.44,0.39,0.35,0.34,0.32,0.31,0.3,0.29,0.28,0.27,0.26,0.22,0.18,0.15,0.11,0.15,0.19,0.23,0.26,0.28,0.29,0.31,0.32,0.48,0.65,0.81,0.98,1.08,1.19,1.29,1.4,1.51,1.62,1.73,1.84,1.99,2.14,2.29,2.44,2.62,2.79,2.96,3.13,3.34,3.55,3.76,3.97,4.02,4.08,4.14,4.19,4.1,4.0,3.9,3.81,3.62,3.43,3.24,3.06,2.94,2.83,2.72,2.6,2.46,2.32,2.18,2.04,,
2018-12-27T00:00:00+00:00,-1.94,-1.98,-2.03,-2.06,-2.1,-2.14,-2.17,-2.19,-2.2,-2.22,-2.24,-2.22,-2.2,-2.18,-2.16,-2.04,-1.92,-1.8,-1.68,-1.63,-1.59,-1.54,-1.5,-1.49,-1.48,-1.47,-1.46,-1.36,-1.27,-1.17,-1.07,-0.9,-0.72,-0.55,-0.37,-0.17,0.04,0.24,0.44,0.7,0.95,1.21,1.46,1.63,1.8,1.97,2.14,2.21,2.29,2.36,2.44,2.4,2.37,2.34,2.3,2.18,2.05,1.93,1.81,1.74,1.66,1.59,1.52,1.36,1.19,1.03,0.87,0.73,0.59,0.45,0.31,0.23,0.15,0.07,-0.01,-0.09,-0.18,-0.26,-0.35,-0.4,-0.46,-0.51,-0.57,-0.64,-0.71,-0.79,-0.86,-0.9,-0.94,-0.98,-1.02,-1.06,-1.1,-1.15,-1.19,-1.21,-1.23,-1.25,-1.28,-1.29,-1.3,-1.31,-1.33,-1.41,-1.49,-1.57,-1.65,-1.66,-1.66,-1.66,-1.66,-1.57,-1.48,-1.4,-1.31,-1.32,-1.34,-1.36,-1.38,-1.39,-1.39,-1.4,-1.41,-1.38,-1.36,-1.33,-1.31,-0.77,-0.22,0.32,0.87,1.22,1.57,1.92,2.27,2.49,2.7,2.92,3.14,3.14,3.14,3.14,3.14,3.14,3.13,3.13,3.12,3.15,3.17,3.2,3.22,3.23,3.24,3.25,3.26,3.23,3.2,3.18,3.15,3.17,3.2,3.22,3.25,,
2018-12-28T00:00:00+00:00,-0.86,-0.92,-0.97,-1.03,-1.09,-1.15,-1.21,-1.27,-1.33,-1.39,-1.45,-1.45,-1.46,-1.47,-1.48,-1.44,-1.4,-1.37,-1.33,-1.37,-1.41,-1.45,-1.5,-1.53,-1.56,-1.6,-1.63,-1.57,-1.5,-1.44,-1.37,-1.24,-1.11,-0.97,-0.84,-0.68,-0.53,-0.38,-0.22,-0.04,0.14,0.33,0.51,0.66,0.82,0.97,1.12,1.23,1.34,1.45,1.55,1.57,1.59,1.61,1.63,1.67,1.7,1.74,1.78,1.81,1.85,1.88,1.91,1.9,1.89,1.88,1.86,1.85,1.84,1.82,1.81,1.83,1.85,1.87,1.89,1.83,1.76,1.7,1.63,1.62,1.61,1.59,1.58,1.61,1.65,1.68,1.71,1.74,1.76,1.78,1.8,1.79,1.79,1.79,1.78,1.76,1.73,1.71,1.68,1.6,1.53,1.45,1.38,1.33,1.28,1.23,1.17,1.18,1.18,1.19,1.19,1.27,1.34,1.42,1.49,1.59,1.69,1.79,1.89,1.99,2.09,2.19,2.29,2.34,2.38,2.42,2.47,2.55,2.63,2.71,2.79,2.9,3.02,3.13,3.24,3.35,3.46,3.57,3.68,3.89,4.11,4.32,4.53,4.71,4.88,5.05,5.23,5.26,5.3,5.34,5.37,5.3,5.24,5.17,5.1,5.05,5.0,4.96,4.91,4.86,4.81,4.77,4.72,,
2018-12-29T00:00:00+00:00,0.79,0.85,0.91,0.96,1.02,1.08,1.14,1.12,1.1,1.08,1.07,0.95,0.84,0.73,0.62,0.62,0.63,0.63,0.63,0.62,0.61,0.59,0.58,0.6,0.62,0.64,0.66,0.77,0.89,1.0,1.11,1.32,1.52,1.72,1.92,2.17,2.41,2.65,2.9,2.93,2.96,2.99,3.03,3.1,3.18,3.26,3.34,3.43,3.51,3.6,3.69,3.76,3.82,3.89,3.96,4.05,4.15,4.24,4.34,4.41,4.49,4.56,4.63,4.68,4.73,4.78,4.82,4.88,4.94,5.0,5.06,5.15,5.23,5.32,5.4,5.47,5.55,5.62,5.69,5.76,5.83,5.9,5.97,5.93,5.9,5.86,5.83,5.93,6.03,6.13,6.23,6.02,5.8,5.58,5.36,5.39,5.41,5.43,5.46,5.43,5.4,5.37,5.34,5.34,5.34,5.35,5.35,5.36,5.38,5.4,5.41,5.44,5.47,5.5,5.54,5.51,5.49,5.47,5.44,5.44,5.44,5.43,5.43,5.48,5.54,5.59,5.65,5.79,5.94,6.08,6.22,6.3,6.37,6.45,6.52,6.62,6.71,6.81,6.9,7.07,7.23,7.4,7.57,7.67,7.78,7.88,7.98,7.88,7.77,7.66,7.55,7.41,7.27,7.13,6.98,6.93,6.88,6.82,6.77,6.76,6.75,6.74,6.73,,
2018-12-30T00:00:00+00:00,6.76,6.79,6.81,6.85,6.9,6.95,6.99,7.06,7.12,7.19,7.26,7.0,6.74,6.48,6.22,6.33,6.44,6.55,6.66,6.63,6.61,6.58,6.56,6.54,6.53,6.52,6.51,6.48,6.45,6.42,6.39,6.47,6.55,6.63,6.71,6.83,6.95,7.08,7.2,7.23,7.25,7.27,7.29,7.44,7.59,7.74,7.9,7.86,7.82,7.78,7.75,7.79,7.84,7.89,7.94,7.93,7.91,7.9,7.89,7.88,7.88,7.87,7.87,7.75,7.63,7.52,7.4,7.37,7.34,7.32,7.29,7.25,7.21,7.17,7.12,7.07,7.02,6.96,6.91,6.88,6.85,6.82,6.8,6.84,6.88,6.92,6.96,6.98,7.01,7.03,7.06,7.12,7.17,7.23,7.29,7.29,7.28,7.27,7.27,7.26,7.25,7.24,7.23,7.21,7.2,7.19,7.17,7.18,7.18,7.19,7.2,7.22,7.25,7.27,7.3,7.36,7.42,7.49,7.55,7.57,7.58,7.6,7.61,7.63,7.65,7.67,7.69,7.73,7.77,7.82,7.86,7.95,8.05,8.14,8.24,8.35,8.46,8.57,8.68,8.66,8.64,8.63,8.61,8.66,8.72,8.77,8.82,8.78,8.74,8.71,8.67,8.65,8.63,8.61,8.59,8.56,8.52,8.49,8.46,8.39,8.32,8.26,8.19,,
2018-12-31T00:00:00+00:00
2019-01-01T00:00:00+00:00
2019-01-02T00:00:00+00:00
2019-01-03T00:00:00+00:00
2019-01-04T00:00:00+00:00
2019-01-05T00:00:00+00:00
2019-01-06T00:00:00+00:00
2019-01-07T00:00:00+00:00
2019-01-08T00:00:00+00:00,8.1,8.16,8.21,8.14,8.07,8.0,7.93,8.1,8.26,8.42,8.59,8.64,8.7,8.76,8.81,8.76,8.71,8.66,8.61,8.55,8.49,8.43,8.37,8.2,8.03,7.86,7.7,7.68,7.66,7.64,7.62,7.69,7.75,7.82,7.88,7.92,7.96,8.0,8.04,8.02,7.99,7.96,7.93,7.87,7.8,7.74,7.67,7.57,7.46,7.35,7.24,7.18,7.12,7.06,7.0,6.94,6.87,6.8,6.74,6.62,6.51,6.39,6.28,6.22,6.17,6.11,6.06,5.93,5.8,5.67,5.54,5.61,5.67,5.74,5.81,5.72,5.63,5.54,5.46,5.28,5.11,4.93,4.75,4.56,4.37,4.17,3.98,3.84,3.71,3.57,3.44,3.34,3.25,3.15,3.06,3.09,3.13,3.17,3.21,3.17,3.13,3.1,3.06,3.02,2.97,2.93,2.89,2.96,3.04,3.11,3.19,3.23,3.27,3.31,3.35,3.42,3.5,3.58,3.65,3.62,3.59,3.56,3.52,3.65,3.78,3.92,4.05,4.18,4.32,4.46,4.6,4.74,4.88,5.02,5.17,5.27,5.38,5.49,5.59,5.7,5.8,5.91,6.01,5.94,5.87,5.8,5.73,5.69,5.65,5.61,5.56,5.44,5.31,5.19,5.06,4.99,4.91,4.83,4.75,4.63,4.5,4.38,4.25,,
2019-01-09T00:00:00+00:00,4.12,3.99,3.86,3.78,3.71,3.63,3.55,3.51,3.47,3.43,3.38,3.32,3.26,3.19,3.13,3.12,3.12,3.11,3.11,3.13,3.15,3.16,3.18,3.2,3.21,3.23,3.24,3.34,3.44,3.53,3.63,3.73,3.84,3.94,4.05,4.25,4.46,4.67,4.87,5.01,5.15,5.28,5.42,5.4,5.39,5.38,5.36,5.28,5.2,5.12,5.04,4.68,4.33,3.97,3.62,3.76,3.91,4.05,4.2,4.18,4.16,4.14,4.12,4.03,3.94,3.86,3.77,3.64,3.5,3.36,3.22,3.07,2.91,2.75,2.59,2.71,2.83,2.95,3.07,3.06,3.06,3.05,3.05,3.01,2.97,2.93,2.9,2.8,2.71,2.61,2.52,2.39,2.25,2.12,1.99,1.91,1.83,1.76,1.68,1.66,1.65,1.63,1.61,1.53,1.44,1.36,1.28,1.22,1.16,1.11,1.05,1.03,1.01,0.99,0.97,0.96,0.95,0.94,0.93,0.93,0.92,0.92,0.92,1.12,1.32,1.52,1.72,2.02,2.31,2.61,2.9,3.16,3.41,3.66,3.91,4.05,4.19,4.34,4.48,4.48,4.49,4.5,4.51,4.57,4.62,4.68,4.74,4.71,4.68,4.65,4.62,4.49,4.37,4.24,4.11,3.89,3.67,3.44,3.22,3.08,2.94,2.8,2.66,,
2019-01-10T00:00:00+00:00,1.1,1.09,1.08,1.04,1.01,0.98,0.94,0.97,1.0,1.03,1.06,1.06,1.06,1.05,1.05,1.06,1.06,1.07,1.08,0.97,0.86,0.75,0.65,0.66,0.67,0.68,0.69,0.83,0.96,1.1,1.23,1.56,1.89,2.22,2.54,2.73,2.92,3.11,3.3,3.48,3.67,3.85,4.04,4.23,4.42,4.6,4.79,4.84,4.89,4.94,4.99,4.95,4.91,4.87,4.84,4.69,4.55,4.4,4.26,4.06,3.86,3.65,3.45,3.34,3.23,3.12,3.02,3.0,2.99,2.98,2.97,2.95,2.93,2.91,2.9,2.88,2.87,2.86,2.85,2.75,2.66,2.56,2.46,2.43,2.4,2.37,2.34,2.26,2.18,2.1,2.01,1.97,1.92,1.87,1.82,1.82,1.81,1.8,1.8,1.76,1.72,1.68,1.65,1.7,1.75,1.8,1.85,1.88,1.91,1.94,1.97,2.0,2.04,2.08,2.11,2.16,2.2,2.25,2.29,2.33,2.37,2.42,2.46,2.52,2.58,2.64,2.7,2.79,2.87,2.96,3.04,3.17,3.29,3.42,3.54,3.66,3.79,3.91,4.03,4.11,4.2,4.28,4.37,4.4,4.43,4.47,4.5,4.52,4.55,4.58,4.6,4.63,4.65,4.67,4.7,4.62,4.55,4.47,4.39,4.42,4.45,4.48,4.5,,
2019-01-11T00:00:00+00:00,2.82,2.68,2.54,2.45,2.36,2.27,2.18,2.12,2.05,1.99,1.93,1.96,1.99,2.02,2.05,2.06,2.06,2.06,2.06,2.12,2.17,2.22,2.27,2.28,2.29,2.3,2.31,2.34,2.36,2.38,2.41,2.47,2.54,2.6,2.67,2.78,2.9,3.02,3.14,3.31,3.48,3.66,3.83,3.96,4.08,4.21,4.34,4.46,4.58,4.7,4.82,4.99,5.17,5.35,5.53,5.58,5.63,5.68,5.73,5.66,5.58,5.51,5.43,5.45,5.47,5.49,5.51,5.34,5.18,5.01,4.85,4.68,4.51,4.34,4.17,3.96,3.76,3.55,3.34,3.27,3.19,3.12,3.04,3.17,3.3,3.43,3.56,3.54,3.52,3.5,3.49,3.5,3.51,3.52,3.54,3.55,3.56,3.57,3.58,3.64,3.69,3.74,3.79,3.95,4.11,4.27,4.43,4.46,4.48,4.5,4.53,4.5,4.48,4.46,4.43,4.51,4.59,4.67,4.75,4.78,4.81,4.84,4.87,4.92,4.96,5.0,5.04,5.17,5.3,5.43,5.56,5.67,5.78,5.9,6.01,6.17,6.32,6.48,6.64,6.72,6.81,6.89,6.98,7.03,7.09,7.14,7.2,7.2,7.2,7.2,7.2,7.18,7.16,7.14,7.12,7.09,7.05,7.02,6.99,7.03,7.07,7.1,7.14,,
2019-01-12T00:00:00+00:00,5.43,5.26,5.1,5.02,4.93,4.85,4.77,4.75,4.73,4.71,4.69,4.63,4.57,4.51,4.45,4.28,4.11,3.95,3.78,3.69,3.59,3.5,3.41,3.21,3.02,2.83,2.63,2.74,2.85,2.95,3.06,3.6,4.14,4.68,5.21,5.4,5.58,5.76,5.94,6.02,6.1,6.18,6.26,6.48,6.71,6.93,7.16,7.0,6.85,6.7,6.55,6.45,6.34,6.24,6.14,6.11,6.08,6.05,6.02,6.07,6.11,6.16,6.2,6.23,6.27,6.3,6.33,6.35,6.37,6.39,6.41,6.47,6.52,6.58,6.64,7.01,7.38,7.76,8.13,8.12,8.1,8.09,8.07,8.06,8.05,8.04,8.03,8.03,8.02,8.02,8.02,8.0,7.98,7.96,7.94,7.92,7.9,7.88,7.86,7.87,7.88,7.88,7.89,7.88,7.87,7.85,7.84,7.86,7.89,7.91,7.93,7.96,7.98,8.01,8.04,8.11,8.18,8.25,8.32,8.36,8.39,8.43,8.47,8.55,8.63,8.71,8.79,8.82,8.85,8.87,8.9,8.96,9.02,9.08,9.14,9.24,9.34,9.44,9.54,9.63,9.72,9.81,9.9,9.93,9.96,9.99,10.02,9.95,9.89,9.82,9.76,9.69,9.61,9.54,9.47,9.42,9.38,9.33,9.28,9.25,9.21,9.18,9.14,,
2019-01-13T00:00:00+00:00,8.34,8.31,8.28,8.28,8.28,8.28,8.29,8.33,8.38,8.43,8.47,8.5,8.52,8.55,8.58,8.58,8.59,8.6,8.61,8.63,8.65,8.67,8.69,8.67,8.65,8.63,8.62,8.68,8.75,8.82,8.88,8.94,8.99,9.05,9.11,9.14,9.17,9.21,9.24,9.31,9.37,9.43,9.5,9.59,9.68,9.77,9.86,9.98,10.1,10.22,10.35,10.32,10.3,10.28,10.26,10.17,10.08,9.99,9.9,9.8,9.71,9.61,9.52,9.46,9.41,9.35,9.3,9.24,9.18,9.11,9.05,9.03,9.01,8.99,8.97,8.94,8.91,8.89,8.86,8.98,9.09,9.21,9.32,9.31,9.3,9.29,9.27,9.28,9.29,9.3,9.31,9.17,9.04,8.91,8.78,8.46,8.15,7.84,7.52,7.34,7.16,6.98,6.8,6.83,6.85,6.87,6.9,6.89,6.88,6.87,6.86,6.85,6.84,6.82,6.81,6.84,6.86,6.89,6.91,6.93,6.94,6.96,6.97,6.99,7.0,7.01,7.02,7.13,7.24,7.36,7.47,7.61,7.75,7.89,8.03,8.07,8.11,8.15,8.2,8.12,8.04,7.97,7.89,7.9,7.9,7.9,7.91,7.97,8.04,8.11,8.18,8.09,8.01,7.93,7.85,7.65,7.46,7.27,7.08,7.03,6.99,6.95,6.91,,
2019-01-14T00:00:00+00:00,9.18,9.1,9.02,8.89,8.77,8.64,8.52,8.35,8.18,8.01,7.83,7.64,7.45,7.25,7.06,6.93,6.79,6.65,6.52,6.47,6.43,6.39,6.35,6.35,6.35,6.34,6.34,6.37,6.4,6.43,6.46,6.6,6.75,6.89,7.04,7.23,7.42,7.62,7.81,7.96,8.1,8.24,8.39,8.35,8.32,8.29,8.25,8.26,8.26,8.27,8.27,8.25,8.23,8.2,8.18,8.12,8.06,8.01,7.95,7.85,7.75,7.66,7.56,7.43,7.3,7.17,7.04,6.9,6.76,6.61,6.47,6.4,6.32,6.25,6.17,5.99,5.8,5.62,5.43,5.26,5.1,4.93,4.76,4.61,4.46,4.31,4.16,4.05,3.94,3.83,3.72,3.59,3.45,3.32,3.19,3.14,3.09,3.04,3.0,3.06,3.13,3.2,3.27,3.33,3.39,3.45,3.51,3.57,3.63,3.69,3.75,3.71,3.68,3.65,3.61,3.61,3.61,3.61,3.6,3.74,3.87,4.01,4.14,4.2,4.25,4.31,4.37,4.63,4.9,5.17,5.44,5.72,6.01,6.3,6.58,6.82,7.06,7.3,7.54,7.58,7.63,7.67,7.72,7.61,7.5,7.39,7.28,7.24,7.21,7.18,7.15,7.06,6.98,6.89,6.81,6.61,6.42,6.22,6.02,5.94,5.85,5.76,5.67,,
2019-01-15T00:00:00+00:00,5.45,5.47,5.48,5.37,5.27,5.17,5.07,5.0,4.93,4.86,4.79,4.81,4.84,4.86,4.89,4.64,4.4,4.15,3.91,4.02,4.14,4.26,4.37,4.36,4.34,4.33,4.32,4.48,4.64,4.8,4.96,5.26,5.57,5.87,6.17,6.45,6.72,6.99,7.26,7.5,7.74,7.98,8.22,8.38,8.54,8.7,8.86,8.86,8.85,8.84,8.83,8.79,8.74,8.69,8.65,8.55,8.45,8.35,8.26,8.16,8.06,7.96,7.86,7.67,7.48,7.29,7.09,7.0,6.9,6.8,6.7,6.64,6.58,6.51,6.45,6.43,6.4,6.38,6.35,6.32,6.29,6.27,6.24,6.2,6.16,6.12,6.08,6.03,5.99,5.95,5.9,5.86,5.81,5.77,5.72,5.68,5.63,5.59,5.54,5.44,5.34,5.24,5.14,5.1,5.07,5.04,5.01,5.0,4.99,4.98,4.97,4.92,4.87,4.83,4.78,4.78,4.79,4.79,4.8,4.78,4.77,4.76,4.75,4.8,4.86,4.91,4.97,5.13,5.28,5.44,5.6,5.76,5.91,6.07,6.22,6.32,6.41,6.5,6.59,6.66,6.72,6.78,6.85,6.82,6.8,6.77,6.75,6.75,6.74,6.74,6.73,6.69,6.65,6.61,6.57,6.52,6.48,6.43,6.38,6.37,6.35,6.34,6.32,,
2019-01-16T00:00:00+00:00,3.61,3.44,3.28,3.15,3.02,2.89,2.75,2.63,2.51,2.39,2.26,2.16,2.05,1.95,1.84,1.74,1.64,1.54,1.44,1.5,1.57,1.63,1.7,1.67,1.64,1.61,1.58,1.64,1.69,1.74,1.79,1.96,2.13,2.29,2.46,2.74,3.02,3.3,3.58,3.86,4.14,4.42,4.7,4.86,5.03,5.19,5.35,5.41,5.47,5.52,5.58,5.53,5.48,5.44,5.39,5.31,5.23,5.16,5.08,5.1,5.11,5.13,5.15,5.14,5.14,5.13,5.12,5.12,5.11,5.11,5.11,5.12,5.13,5.14,5.15,5.2,5.25,5.3,5.35,5.37,5.4,5.43,5.46,5.46,5.46,5.46,5.46,5.57,5.69,5.8,5.92,5.85,5.79,5.72,5.66,5.5,5.34,5.18,5.02,4.84,4.66,4.48,4.3,4.16,4.03,3.89,3.76,3.73,3.71,3.68,3.65,3.53,3.4,3.27,3.15,3.06,2.96,2.87,2.78,2.78,2.79,2.79,2.8,2.92,3.04,3.16,3.28,3.48,3.68,3.89,4.09,4.21,4.33,4.46,4.58,4.72,4.86,5.0,5.14,5.26,5.39,5.51,5.64,5.74,5.85,5.95,6.06,6.08,6.11,6.13,6.16,5.96,5.75,5.55,5.35,4.93,4.51,4.09,3.67,3.53,3.38,3.23,3.09,,
2019-01-17T00:00:00+00:00,6.25,6.24,6.23,6.13,6.02,5.91,5.81,5.77,5.73,5.68,5.64,5.64,5.64,5.64,5.64,5.6,5.55,5.5,5.46,5.47,5.48,5.49,5.5,5.44,5.38,5.32,5.26,5.4,5.54,5.68,5.81,5.91,6.01,6.1,6.2,6.24,6.29,6.34,6.39,6.52,6.66,6.8,6.93,7.02,7.1,7.19,7.27,7.31,7.35,7.38,7.42,6.91,6.4,5.89,5.39,5.27,5.16,5.04,4.92,4.84,4.76,4.68,4.59,4.22,3.86,3.49,3.12,2.93,2.75,2.56,2.38,2.24,2.11,1.98,1.85,1.75,1.64,1.54,1.44,1.35,1.25,1.15,1.05,1.0,0.94,0.88,0.82,0.81,0.81,0.8,0.79,0.8,0.81,0.82,0.82,0.78,0.74,0.69,0.65,0.67,0.68,0.7,0.72,0.66,0.6,0.54,0.49,0.44,0.4,0.36,0.32,0.33,0.33,0.33,0.33,0.51,0.69,0.87,1.05,1.09,1.14,1.18,1.23,1.31,1.4,1.48,1.56,1.68,1.79,1.9,2.01,2.21,2.42,2.62,2.82,2.99,3.16,3.33,3.5,3.67,3.83,3.99,4.15,4.24,4.33,4.42,4.51,4.48,4.45,4.42,4.39,4.21,4.04,3.87,3.7,3.42,3.15,2.87,2.6,2.45,2.29,2.14,1.99,,
2019-01-18T00:00:00+00:00,-0.68,-0.74,-0.8,-0.8,-0.8,-0.79,-0.79,-0.76,-0.72,-0.69,-0.65,-0.68,-0.71,-0.73,-0.76,-0.77,-0.78,-0.79,-0.8,-0.75,-0.7,-0.65,-0.6,-0.59,-0.58,-0.57,-0.56,-0.35,-0.15,0.06,0.26,0.49,0.72,0.96,1.19,1.39,1.6,1.8,2.01,2.13,2.25,2.37,2.49,2.59,2.69,2.78,2.88,2.94,2.99,3.05,3.1,3.1,3.09,3.09,3.08,2.99,2.9,2.81,2.72,2.52,2.33,2.14,1.94,1.75,1.56,1.37,1.18,1.0,0.82,0.63,0.45,0.34,0.23,0.12,0.0,-0.11,-0.23,-0.35,-0.47,-0.53,-0.59,-0.64,-0.7,-0.77,-0.84,-0.91,-0.98,-1.07,-1.16,-1.25,-1.33,-1.33,-1.33,-1.33,-1.32,-1.35,-1.38,-1.41,-1.44,-1.4,-1.36,-1.33,-1.29,-1.24,-1.19,-1.13,-1.08,-1.08,-1.08,-1.07,-1.07,-1.04,-1.01,-0.98,-0.96,-0.84,-0.73,-0.62,-0.51,-0.48,-0.45,-0.43,-0.4,-0.29,-0.18,-0.06,0.05,0.23,0.41,0.59,0.77,0.86,0.96,1.06,1.16,1.18,1.21,1.23,1.26,1.3,1.34,1.38,1.42,1.43,1.44,1.46,1.47,1.3,1.13,0.96,0.79,0.85,0.91,0.96,1.02,0.99,0.95,0.92,0.89,0.99,1.09,1.19,1.3,,
2019-01-19T00:00:00+00:00,-2.09,-2.17,-2.25,-2.26,-2.28,-2.29,-2.31,-2.29,-2.26,-2.24,-2.21,-2.27,-2.33,-2.39,-2.45,-2.46,-2.47,-2.48,-2.49,-2.44,-2.38,-2.33,-2.28,-2.28,-2.27,-2.27,-2.27,-2.13,-1.99,-1.86,-1.72,-1.53,-1.34,-1.14,-0.95,-0.87,-0.79,-0.71,-0.63,-0.66,-0.68,-0.71,-0.74,-0.7,-0.66,-0.62,-0.58,-0.47,-0.36,-0.24,-0.13,-0.01,0.11,0.23,0.35,0.42,0.49,0.56,0.63,0.66,0.7,0.73,0.77,0.86,0.95,1.05,1.14,1.16,1.18,1.19,1.21,1.24,1.27,1.31,1.34,1.35,1.37,1.38,1.4,1.38,1.36,1.34,1.32,1.31,1.3,1.29,1.27,1.26,1.25,1.23,1.22,1.21,1.2,1.19,1.18,1.17,1.17,1.17,1.17,1.18,1.19,1.2,1.21,1.21,1.2,1.2,1.19,1.19,1.19,1.19,1.19,1.2,1.22,1.23,1.25,1.33,1.42,1.51,1.6,1.63,1.67,1.7,1.74,1.79,1.85,1.91,1.96,2.07,2.18,2.29,2.4,2.49,2.59,2.69,2.78,2.82,2.87,2.91,2.95,2.89,2.83,2.77,2.72,2.71,2.7,2.69,2.68,2.71,2.73,2.76,2.79,2.77,2.75,2.73,2.71,2.63,2.54,2.45,2.37,2.26,2.15,2.03,1.92,,
2019-01-20T00:00:00+00:00,1.72,1.68,1.64,1.63,1.61,1.59,1.58,1.58,1.59,1.6,1.6,1.56,1.51,1.47,1.43,1.45,1.47,1.49,1.52,1.56,1.6,1.65,1.69,1.74,1.79,1.84,1.9,1.98,2.06,2.14,2.22,2.32,2.43,2.54,2.65,2.69,2.74,2.78,2.83,2.83,2.84,2.84,2.85,2.92,2.99,3.06,3.14,3.15,3.16,3.16,3.17,3.14,3.12,3.09,3.06,3.01,2.96,2.91,2.87,2.81,2.75,2.69,2.63,2.51,2.4,2.28,2.17,2.05,1.94,1.82,1.71,1.65,1.59,1.53,1.48,1.39,1.3,1.22,1.13,0.99,0.86,0.73,0.59,0.49,0.38,0.28,0.18,0.03,-0.12,-0.27,-0.42,-0.57,-0.71,-0.86,-1.0,-1.09,-1.18,-1.26,-1.35,-1.42,-1.5,-1.57,-1.64,-1.71,-1.77,-1.84,-1.9,-1.96,-2.01,-2.07,-2.12,-2.18,-2.23,-2.28,-2.34,-2.33,-2.33,-2.32,-2.32,-2.33,-2.35,-2.36,-2.37,-2.15,-1.92,-1.69,-1.47,-1.08,-0.7,-0.31,0.07,0.37,0.68,0.98,1.28,1.48,1.69,1.89,2.09,2.27,2.44,2.62,2.8,2.91,3.03,3.14,3.26,3.32,3.39,3.45,3.51,3.48,3.44,3.41,3.37,3.01,2.64,2.27,1.9,1.82,1.73,1.64,1.55,,
2019-01-21T00:00:00+00:00,-1.48,-1.55,-1.63,-1.72,-1.82,-1.91,-2.01,-2.11,-2.2,-2.3,-2.4,-2.48,-2.57,-2.66,-2.75,-2.82,-2.89,-2.96,-3.03,-3.03,-3.03,-3.04,-3.04,-3.07,-3.11,-3.15,-3.18,-2.97,-2.77,-2.56,-2.35,-2.01,-1.67,-1.33,-0.99,-0.71,-0.43,-0.16,0.12,0.36,0.61,0.85,1.1,1.3,1.51,1.71,1.91,2.02,2.13,2.24,2.35,2.37,2.39,2.41,2.43,2.37,2.31,2.25,2.19,1.98,1.78,1.57,1.36,1.25,1.14,1.03,0.92,0.69,0.46,0.22,-0.01,-0.14,-0.27,-0.4,-0.53,-0.62,-0.71,-0.79,-0.88,-0.91,-0.95,-0.98,-1.01,-1.05,-1.09,-1.12,-1.16,-1.27,-1.38,-1.49,-1.6,-1.6,-1.61,-1.61,-1.61,-1.6,-1.6,-1.59,-1.58,-1.54,-1.5,-1.47,-1.43,-1.34,-1.25,-1.16,-1.07,-0.98,-0.9,-0.82,-0.73,-0.66,-0.59,-0.52,-0.45,-0.4,-0.35,-0.29,-0.24,-0.15,-0.06,0.03,0.12,0.21,0.3,0.38,0.47,0.55,0.63,0.71,0.79,0.9,1.01,1.12,1.23,1.36,1.5,1.64,1.78,1.75,1.73,1.71,1.69,1.69,1.68,1.68,1.68,1.67,1.67,1.67,1.67,1.67,1.68,1.68,1.69,1.58,1.48,1.38,1.28,1.22,1.17,1.11,1.05,,
2019-01-22T00:00:00+00:00,-2.72,-2.87,-3.03,-3.24,-3.45,-3.66,-3.87,-3.76,-3.65,-3.54,-3.44,-3.33,-3.23,-3.13,-3.03,-2.95,-2.88,-2.8,-2.72,-2.59,-2.46,-2.32,-2.19,-2.14,-2.08,-2.02,-1.97,-1.71,-1.45,-1.19,-0.93,-0.63,-0.34,-0.04,0.26,0.35,0.44,0.54,0.63,0.81,0.99,1.16,1.34,1.45,1.56,1.68,1.79,1.82,1.85,1.89,1.92,2.0,2.08,2.16,2.24,2.27,2.3,2.33,2.35,2.31,2.27,2.23,2.19,2.15,2.11,2.07,2.03,1.96,1.89,1.82,1.74,1.69,1.64,1.58,1.53,1.47,1.42,1.37,1.32,1.31,1.3,1.28,1.27,1.15,1.04,0.92,0.8,0.76,0.71,0.67,0.62,0.65,0.67,0.69,0.71,0.7,0.7,0.7,0.69,0.66,0.63,0.61,0.58,0.58,0.59,0.59,0.6,0.62,0.63,0.65,0.66,0.66,0.66,0.65,0.65,0.62,0.59,0.56,0.53,0.54,0.56,0.57,0.58,0.6,0.62,0.64,0.66,0.73,0.8,0.86,0.93,1.05,1.18,1.3,1.42,1.66,1.9,2.13,2.37,2.45,2.53,2.61,2.69,2.77,2.85,2.93,3.01,2.97,2.92,2.88,2.83,2.74,2.64,2.55,2.45,2.27,2.08,1.9,1.72,1.59,1.46,1.33,1.21,,
2019-01-23T00:00:00+00:00,1.51,1.53,1.55,1.48,1.42,1.35,1.28,1.19,1.1,1.02,0.93,1.02,1.12,1.21,1.3,1.18,1.05,0.93,0.8,0.83,0.86,0.89,0.92,0.88,0.83,0.79,0.74,0.91,1.07,1.24,1.4,1.54,1.68,1.83,1.97,2.1,2.23,2.36,2.49,2.52,2.55,2.58,2.61,2.52,2.44,2.36,2.27,2.17,2.07,1.97,1.87,1.8,1.74,1.68,1.61,1.39,1.17,0.94,0.72,0.65,0.59,0.53,0.47,0.37,0.28,0.18,0.09,0.05,0.01,-0.04,-0.08,-0.15,-0.22,-0.29,-0.36,-0.32,-0.28,-0.24,-0.19,-0.2,-0.2,-0.21,-0.21,-0.35,-0.5,-0.65,-0.79,-0.77,-0.75,-0.73,-0.7,-0.72,-0.73,-0.74,-0.76,-0.77,-0.78,-0.8,-0.81,-0.82,-0.84,-0.85,-0.87,-0.9,-0.94,-0.97,-1.01,-1.04,-1.06,-1.09,-1.11,-1.11,-1.11,-1.11,-1.11,-1.1,-1.09,-1.08,-1.07,-1.06,-1.06,-1.05,-1.05,-1.03,-1.0,-0.98,-0.96,-0.69,-0.42,-0.14,0.13,0.34,0.56,0.78,1.0,1.17,1.34,1.51,1.69,1.8,1.92,2.04,2.16,2.32,2.48,2.64,2.79,2.83,2.86,2.89,2.93,2.88,2.83,2.78,2.74,2.53,2.33,2.12,1.92,1.85,1.78,1.72,1.65,,
2019-01-24T00:00:00+00:00,-2.43,-2.43,-2.43,-2.4,-2.38,-2.35,-2.33,-2.48,-2.63,-2.78,-2.93,-3.04,-3.15,-3.26,-3.37,-3.44,-3.51,-3.57,-3.64,-3.74,-3.84,-3.93,-4.03,-4.14,-4.26,-4.37,-4.48,-4.22,-3.96,-3.7,-3.43,-3.07,-2.71,-2.35,-1.99,-1.67,-1.36,-1.05,-0.73,-0.39,-0.05,0.29,0.62,0.86,1.1,1.35,1.59,1.7,1.82,1.94,2.06,2.04,2.03,2.01,1.99,1.84,1.68,1.53,1.37,1.16,0.95,0.74,0.53,0.47,0.41,0.35,0.29,0.23,0.17,0.11,0.05,-0.02,-0.08,-0.15,-0.21,-0.21,-0.22,-0.22,-0.22,-0.25,-0.28,-0.32,-0.35,-0.26,-0.17,-0.08,0.01,0.15,0.29,0.43,0.58,0.64,0.7,0.77,0.83,0.81,0.8,0.78,0.76,0.76,0.75,0.75,0.75,0.74,0.73,0.72,0.71,0.76,0.81,0.85,0.9,0.9,0.89,0.89,0.88,0.9,0.91,0.93,0.95,0.89,0.84,0.78,0.73,0.86,0.98,1.11,1.24,1.56,1.87,2.19,2.5,2.68,2.85,3.03,3.2,3.25,3.29,3.34,3.38,3.45,3.51,3.58,3.64,3.58,3.51,3.45,3.39,3.5,3.61,3.72,3.83,3.88,3.94,3.99,4.05,4.06,4.06,4.07,4.08,4.05,4.02,3.98,3.95,,
2019-01-25T00:00:00+00:00,1.61,1.51,1.41,1.33,1.26,1.18,1.1,1.06,1.02,0.98,0.94,0.8,0.67,0.53,0.39,0.44,0.49,0.53,0.58,0.66,0.75,0.84,0.92,1.04,1.16,1.28,1.39,1.48,1.56,1.64,1.72,1.84,1.96,2.08,2.2,2.29,2.39,2.49,2.58,2.73,2.87,3.01,3.15,3.12,3.1,3.08,3.05,3.03,3.0,2.98,2.95,2.93,2.9,2.88,2.85,2.93,3.01,3.09,3.17,3.2,3.24,3.27,3.3,3.34,3.38,3.41,3.45,3.43,3.41,3.39,3.37,3.4,3.43,3.46,3.48,3.62,3.76,3.9,4.03,4.03,4.02,4.01,4.01,3.96,3.92,3.88,3.83,3.96,4.08,4.21,4.34,4.39,4.45,4.5,4.56,4.63,4.7,4.78,4.85,4.79,4.74,4.68,4.62,4.64,4.66,4.68,4.71,4.74,4.78,4.82,4.86,4.84,4.83,4.82,4.81,4.87,4.94,5.01,5.08,5.15,5.23,5.31,5.38,5.56,5.73,5.91,6.08,6.25,6.41,6.57,6.73,6.95,7.16,7.37,7.59,7.76,7.93,8.1,8.27,8.27,8.28,8.28,8.29,8.28,8.27,8.26,8.25,8.28,8.31,8.34,8.37,8.29,8.21,8.12,8.04,7.9,7.76,7.63,7.49,7.48,7.47,7.46,7.45,,
2019-01-26T00:00:00+00:00,5.09,4.85,4.6,4.67,4.73,4.79,4.86,4.97,5.07,5.18,5.29,5.29,5.28,5.27,5.27,5.34,5.41,5.48,5.55,5.62,5.7,5.77,5.84,5.84,5.84,5.83,5.83,5.93,6.04,6.15,6.25,6.33,6.41,6.49,6.57,6.78,6.98,7.19,7.39,7.39,7.38,7.37,7.36,7.41,7.46,7.51,7.56,7.65,7.75,7.84,7.93,7.88,7.84,7.8,7.75,7.7,7.66,7.61,7.57,7.51,7.46,7.41,7.35,7.29,7.23,7.17,7.1,7.14,7.18,7.21,7.25,7.23,7.21,7.18,7.16,7.28,7.41,7.53,7.65,7.68,7.71,7.74,7.77,7.72,7.68,7.64,7.59,7.61,7.64,7.66,7.68,7.7,7.73,7.75,7.77,7.77,7.76,7.76,7.75,7.62,7.49,7.36,7.22,7.07,6.92,6.77,6.62,6.43,6.24,6.05,5.86,5.85,5.85,5.84,5.84,5.8,5.76,5.72,5.68,5.77,5.85,5.94,6.03,6.14,6.24,6.35,6.46,6.57,6.68,6.78,6.89,6.84,6.79,6.73,6.68,6.39,6.1,5.81,5.52,5.43,5.34,5.25,5.16,5.39,5.62,5.85,6.08,6.18,6.28,6.37,6.47,6.08,5.69,5.3,4.91,4.46,4.01,3.57,3.12,3.17,3.22,3.27,3.32,,
2019-01-27T00:00:00+00:00,7.79,7.82,7.85,7.85,7.84,7.84,7.83,7.78,7.72,7.67,7.61,7.54,7.47,7.4,7.33,7.25,7.17,7.09,7.01,6.97,6.93,6.89,6.85,6.83,6.8,6.78,6.75,6.84,6.93,7.02,7.11,7.14,7.17,7.2,7.23,7.2,7.18,7.15,7.13,7.01,6.89,6.78,6.66,6.21,5.76,5.31,4.86,5.03,5.19,5.36,5.52,5.34,5.16,4.98,4.79,4.92,5.04,5.16,5.28,4.9,4.51,4.13,3.74,3.71,3.67,3.63,3.59,3.55,3.51,3.47,3.42,3.65,3.88,4.11,4.34,4.31,4.28,4.25,4.22,4.21,4.19,4.18,4.17,4.15,4.13,4.12,4.1,4.09,4.07,4.05,4.04,4.06,4.09,4.11,4.14,4.08,4.02,3.97,3.91,3.8,3.69,3.57,3.46,3.27,3.07,2.88,2.68,2.36,2.03,1.7,1.37,1.43,1.48,1.53,1.58,1.7,1.82,1.94,2.06,2.05,2.03,2.02,2.01,2.16,2.32,2.47,2.62,2.87,3.12,3.37,3.62,3.92,4.22,4.51,4.81,5.0,5.19,5.38,5.56,5.69,5.82,5.94,6.07,6.13,6.18,6.24,6.3,6.26,6.23,6.19,6.16,5.99,5.82,5.65,5.49,5.22,4.95,4.67,4.4,4.14,3.88,3.62,3.36,,
2019-01-28T00:00:00+00:00,2.45,2.49,2.54,2.36,2.19,2.01,1.83,1.77,1.71,1.64,1.58,1.52,1.47,1.42,1.36,1.32,1.28,1.24,1.2,1.27,1.34,1.41,1.48,1.56,1.64,1.72,1.81,1.98,2.15,2.32,2.5,2.77,3.05,3.33,3.61,3.89,4.18,4.46,4.74,4.91,5.07,5.23,5.4,5.5,5.6,5.7,5.81,5.87,5.93,5.99,6.06,5.96,5.87,5.78,5.69,5.49,5.28,5.08,4.88,4.75,4.62,4.5,4.37,4.21,4.04,3.88,3.71,3.47,3.23,2.99,2.75,2.66,2.57,2.49,2.4,2.29,2.18,2.07,1.96,1.77,1.59,1.4,1.22,1.09,0.96,0.84,0.71,0.63,0.55,0.47,0.39,0.3,0.2,0.11,0.02,-0.02,-0.07,-0.11,-0.16,-0.23,-0.3,-0.37,-0.44,-0.48,-0.52,-0.56,-0.6,-0.64,-0.69,-0.74,-0.78,-0.82,-0.86,-0.9,-0.94,-0.84,-0.74,-0.64,-0.54,-0.51,-0.47,-0.44,-0.4,-0.17,0.05,0.28,0.51,0.67,0.84,1.01,1.17,1.37,1.56,1.75,1.95,2.16,2.38,2.59,2.81,2.97,3.13,3.29,3.45,3.52,3.58,3.64,3.71,3.68,3.65,3.62,3.59,3.49,3.39,3.29,3.19,3.11,3.03,2.95,2.87,2.78,2.69,2.6,2.51,,
2019-01-29T00:00:00+00:00,-0.78,-0.81,-0.84,-0.82,-0.81,-0.8,-0.79,-0.84,-0.88,-0.93,-0.97,-0.99,-1.01,-1.03,-1.05,-1.07,-1.09,-1.11,-1.13,-0.98,-0.83,-0.68,-0.53,-0.41,-0.29,-0.17,-0.04,0.1,0.25,0.39,0.54,0.76,0.99,1.22,1.44,1.68,1.93,2.17,2.41,2.63,2.85,3.06,3.28,3.31,3.34,3.37,3.41,3.42,3.44,3.46,3.47,3.43,3.39,3.35,3.31,3.2,3.08,2.96,2.85,2.82,2.79,2.76,2.74,2.57,2.4,2.23,2.07,1.71,1.36,1.01,0.65,0.56,0.47,0.38,0.29,0.27,0.25,0.23,0.22,0.23,0.25,0.26,0.28,0.29,0.31,0.32,0.33,0.42,0.51,0.6,0.69,0.78,0.87,0.96,1.04,1.23,1.42,1.6,1.79,1.62,1.46,1.29,1.13,1.33,1.54,1.74,1.95,1.92,1.89,1.86,1.82,1.51,1.2,0.89,0.58,0.33,0.08,-0.16,-0.41,-0.47,-0.54,-0.6,-0.67,-0.45,-0.23,-0.01,0.2,0.46,0.71,0.96,1.22,1.4,1.59,1.78,1.97,1.99,2.01,2.03,2.06,2.13,2.2,2.27,2.34,2.41,2.48,2.55,2.62,2.61,2.59,2.58,2.56,2.55,2.53,2.51,2.5,2.39,2.27,2.16,2.05,2.02,2.0,1.97,1.94,,
2019-01-30T00:00:00+00:00,0.23,0.28,0.32,0.59,0.85,1.12,1.38,1.63,1.89,2.14,2.4,2.24,2.09,1.93,1.78,1.88,1.98,2.07,2.17,2.26,2.34,2.42,2.5,2.38,2.26,2.15,2.03,1.95,1.87,1.79,1.71,1.75,1.8,1.84,1.88,2.05,2.21,2.38,2.55,2.59,2.63,2.67,2.71,2.73,2.75,2.77,2.8,2.36,1.93,1.5,1.07,1.37,1.68,1.98,2.29,2.25,2.22,2.19,2.15,2.19,2.22,2.26,2.29,2.03,1.76,1.5,1.24,1.17,1.11,1.04,0.98,0.84,0.7,0.56,0.42,0.51,0.6,0.69,0.79,0.6,0.4,0.21,0.02,-0.19,-0.39,-0.6,-0.81,-0.99,-1.17,-1.35,-1.54,-1.69,-1.85,-2.01,-2.17,-2.29,-2.41,-2.53,-2.66,-2.44,-2.22,-2.0,-1.78,-1.74,-1.7,-1.66,-1.63,-1.6,-1.57,-1.54,-1.51,-1.49,-1.46,-1.43,-1.41,-1.26,-1.11,-0.95,-0.8,-0.73,-0.65,-0.58,-0.5,-0.48,-0.47,-0.45,-0.44,-0.34,-0.24,-0.14,-0.04,0.07,0.18,0.29,0.4,0.6,0.79,0.99,1.18,1.35,1.51,1.68,1.84,1.63,1.42,1.21,1.0,1.03,1.05,1.08,1.11,1.11,1.12,1.12,1.13,1.46,1.8,2.13,2.47,2.66,2.86,3.06,3.26,,
2019-01-31T00:00:00+00:00,-2.36,-2.77,-3.19,-3.3,-3.42,-3.53,-3.64,-3.31,-2.98,-2.64,-2.31,-2.22,-2.13,-2.04,-1.95,-1.85,-1.75,-1.65,-1.56,-1.58,-1.61,-1.63,-1.66,-1.85,-2.04,-2.23,-2.42,-2.35,-2.27,-2.2,-2.13,-1.91,-1.69,-1.47,-1.25,-1.03,-0.81,-0.58,-0.36,-0.14,0.08,0.29,0.51,0.63,0.74,0.86,0.98,1.13,1.29,1.44,1.6,1.63,1.66,1.69,1.72,1.75,1.78,1.8,1.83,1.7,1.57,1.44,1.3,1.33,1.37,1.4,1.43,1.49,1.55,1.6,1.66,1.88,2.09,2.31,2.53,2.88,3.24,3.6,3.95,4.15,4.35,4.55,4.75,4.42,4.08,3.75,3.41,3.17,2.93,2.68,2.44,2.42,2.41,2.4,2.38,2.26,2.14,2.01,1.89,2.32,2.74,3.17,3.59,3.65,3.71,3.76,3.82,3.69,3.56,3.43,3.3,3.3,3.3,3.29,3.29,3.4,3.5,3.6,3.71,3.55,3.4,3.24,3.09,3.02,2.94,2.87,2.8,2.93,3.06,3.19,3.32,3.45,3.58,3.71,3.84,3.95,4.05,4.16,4.26,4.43,4.6,4.77,4.94,5.0,5.06,5.12,5.19,5.19,5.19,5.19,5.19,5.28,5.36,5.45,5.54,5.5,5.47,5.44,5.41,5.36,5.31,5.26,5.22,,
2019-02-01T00:00:00+00:00,2.82,2.76,2.7,2.62,2.54,2.45,2.37,2.48,2.6,2.71,2.83,3.04,3.25,3.45,3.66,3.62,3.58,3.54,3.5,3.41,3.33,3.24,3.15,3.12,3.09,3.05,3.02,3.11,3.2,3.3,3.39,3.47,3.55,3.63,3.71,3.88,4.04,4.21,4.37,4.41,4.45,4.49,4.53,4.74,4.95,5.15,5.36,5.35,5.35,5.34,5.33,5.26,5.19,5.12,5.04,5.03,5.02,5.01,5.0,4.96,4.91,4.87,4.83,4.83,4.83,4.83,4.83,4.7,4.57,4.44,4.31,4.23,4.16,4.08,4.0,3.98,3.96,3.94,3.92,3.86,3.8,3.74,3.68,3.59,3.5,3.41,3.32,3.28,3.23,3.19,3.15,3.13,3.11,3.09,3.07,3.02,2.97,2.92,2.87,2.84,2.81,2.79,2.76,2.58,2.41,2.23,2.05,1.85,1.65,1.45,1.25,1.16,1.07,0.98,0.88,0.94,0.99,1.05,1.1,1.12,1.14,1.16,1.18,1.27,1.35,1.44,1.52,1.61,1.7,1.79,1.88,2.01,2.13,2.26,2.39,2.58,2.77,2.96,3.15,3.13,3.1,3.08,3.05,3.1,3.14,3.18,3.23,3.18,3.12,3.07,3.02,3.04,3.05,3.07,3.09,3.03,2.98,2.93,2.87,2.78,2.69,2.6,2.5,,
2019-02-02T00:00:00+00:00,3.78,3.72,3.66,3.54,3.42,3.3,3.19,3.13,3.07,3.01,2.95,2.88,2.81,2.75,2.68,2.67,2.66,2.64,2.63,2.61,2.58,2.55,2.53,2.49,2.44,2.4,2.36,2.34,2.31,2.29,2.27,2.33,2.39,2.45,2.51,2.74,2.97,3.2,3.43,3.67,3.91,4.14,4.38,4.4,4.41,4.43,4.45,4.41,4.38,4.35,4.31,4.26,4.21,4.16,4.11,4.0,3.89,3.79,3.68,3.5,3.33,3.15,2.98,2.91,2.84,2.78,2.71,2.52,2.33,2.14,1.95,1.88,1.8,1.73,1.65,1.63,1.6,1.58,1.55,1.56,1.57,1.58,1.59,1.45,1.3,1.16,1.01,1.06,1.1,1.14,1.19,1.23,1.26,1.3,1.34,1.24,1.14,1.04,0.95,0.95,0.96,0.97,0.97,0.94,0.9,0.87,0.84,0.87,0.91,0.94,0.98,0.93,0.88,0.83,0.78,0.84,0.9,0.95,1.01,1.09,1.17,1.25,1.33,1.3,1.27,1.24,1.21,1.41,1.61,1.81,2.01,2.27,2.52,2.78,3.04,3.21,3.37,3.54,3.7,3.87,4.03,4.2,4.37,4.46,4.55,4.64,4.74,4.71,4.68,4.65,4.62,4.51,4.39,4.28,4.16,3.91,3.66,3.41,3.16,3.01,2.87,2.72,2.58,,
2019-02-03T00:00:00+00:00,2.4,2.26,2.12,2.04,1.96,1.88,1.8,1.71,1.63,1.55,1.47,1.42,1.38,1.33,1.28,1.21,1.14,1.07,1.01,0.97,0.93,0.9,0.86,0.91,0.95,0.99,1.04,1.07,1.1,1.13,1.16,1.38,1.59,1.81,2.03,2.17,2.32,2.46,2.6,2.79,2.98,3.17,3.36,3.51,3.65,3.8,3.95,4.04,4.14,4.24,4.33,4.39,4.45,4.51,4.57,4.51,4.46,4.4,4.34,4.12,3.9,3.68,3.46,3.29,3.12,2.95,2.78,2.62,2.47,2.32,2.16,2.0,1.84,1.68,1.52,1.42,1.32,1.21,1.11,1.02,0.93,0.85,0.76,0.69,0.62,0.55,0.49,0.41,0.33,0.25,0.17,0.14,0.12,0.09,0.07,0.13,0.2,0.26,0.33,0.31,0.3,0.28,0.27,0.3,0.33,0.36,0.38,0.47,0.56,0.65,0.74,0.75,0.76,0.77,0.78,0.88,0.98,1.08,1.18,1.25,1.33,1.4,1.48,1.6,1.73,1.85,1.98,2.12,2.25,2.39,2.53,2.68,2.83,2.98,3.13,3.2,3.27,3.34,3.42,3.47,3.53,3.58,3.64,3.67,3.7,3.72,3.75,3.66,3.58,3.49,3.41,3.34,3.27,3.21,3.14,3.09,3.04,3.0,2.95,2.92,2.89,2.86,2.83,,
2019-02-04T00:00:00+00:00,-1.07,-1.19,-1.31,-1.26,-1.21,-1.16,-1.11,-1.1,-1.09,-1.08,-1.07,-1.1,-1.13,-1.16,-1.19,-1.15,-1.11,-1.06,-1.02,-0.91,-0.81,-0.71,-0.61,-0.48,-0.35,-0.23,-0.1,0.04,0.18,0.32,0.46,0.65,0.85,1.04,1.24,1.42,1.6,1.78,1.96,2.03,2.09,2.16,2.22,2.34,2.45,2.56,2.68,2.79,2.9,3.01,3.12,3.1,3.09,3.07,3.05,2.79,2.52,2.26,2.0,1.74,1.49,1.24,0.99,0.98,0.97,0.96,0.96,0.96,0.97,0.97,0.98,0.95,0.92,0.89,0.86,0.88,0.9,0.91,0.93,0.95,0.97,0.98,1.0,1.0,1.0,1.0,1.0,1.0,1.0,0.99,0.99,0.99,0.98,0.98,0.98,0.97,0.97,0.97,0.97,0.96,0.95,0.94,0.94,0.94,0.93,0.93,0.93,0.94,0.95,0.95,0.96,0.96,0.96,0.97,0.97,0.99,1.01,1.03,1.05,1.05,1.05,1.05,1.05,1.11,1.17,1.24,1.3,1.42,1.55,1.67,1.79,2.04,2.28,2.52,2.77,3.08,3.39,3.71,4.02,4.39,4.77,5.14,5.51,5.83,6.15,6.47,6.78,6.91,7.03,7.15,7.27,7.21,7.16,7.1,7.04,6.89,6.74,6.58,6.43,6.3,6.17,6.04,5.9,,
2019-02-05T00:00:00+00:00,3.17,3.21,3.25,3.25,3.24,3.23,3.22,3.15,3.07,3.0,2.93,2.89,2.86,2.82,2.79,2.77,2.75,2.73,2.71,2.74,2.77,2.79,2.82,2.74,2.66,2.58,2.49,2.65,2.8,2.96,3.12,3.37,3.62,3.88,4.13,4.4,4.67,4.94,5.21,5.53,5.84,6.16,6.48,6.71,6.94,7.17,7.4,7.53,7.65,7.78,7.9,7.9,7.91,7.91,7.91,7.8,7.68,7.57,7.45,7.19,6.94,6.68,6.42,6.18,5.94,5.7,5.47,5.26,5.06,4.86,4.66,4.56,4.46,4.37,4.27,4.34,4.41,4.48,4.55,4.45,4.35,4.26,4.16,4.1,4.05,4.0,3.94,3.99,4.04,4.09,4.14,3.95,3.76,3.57,3.38,3.39,3.4,3.4,3.41,3.54,3.66,3.79,3.91,3.99,4.06,4.13,4.21,4.21,4.21,4.21,4.21,4.21,4.2,4.2,4.19,4.22,4.25,4.28,4.3,4.25,4.19,4.13,4.07,4.07,4.07,4.07,4.08,4.08,4.09,4.1,4.1,4.09,4.07,4.06,4.04,4.04,4.03,4.02,4.01,4.19,4.36,4.54,4.71,4.77,4.82,4.88,4.93,4.99,5.04,5.09,5.15,5.25,5.35,5.45,5.55,5.56,5.56,5.57,5.58,5.64,5.69,5.75,5.8,,
2019-02-06T00:00:00+00:00,3.34,3.28,3.21,2.88,2.54,2.2,1.87,1.84,1.81,1.78,1.76,1.77,1.79,1.81,1.82,2.0,2.17,2.34,2.51,2.64,2.76,2.88,3.01,3.11,3.22,3.32,3.42,3.38,3.34,3.3,3.26,3.42,3.58,3.74,3.9,4.08,4.26,4.44,4.62,4.76,4.9,5.04,5.17,5.34,5.51,5.68,5.85,5.99,6.13,6.28,6.42,6.65,6.88,7.11,7.34,7.33,7.32,7.31,7.31,7.3,7.3,7.29,7.29,7.28,7.27,7.26,7.25,7.21,7.18,7.14,7.11,7.09,7.07,7.05,7.03,7.05,7.06,7.08,7.09,7.19,7.28,7.37,7.47,7.55,7.64,7.72,7.81,7.84,7.87,7.9,7.93,7.94,7.96,7.97,7.98,8.04,8.1,8.16,8.22,8.24,8.25,8.27,8.29,8.31,8.33,8.35,8.38,8.49,8.61,8.73,8.85,8.81,8.78,8.74,8.7,8.57,8.44,8.3,8.17,7.87,7.58,7.29,6.99,6.97,6.95,6.92,6.9,7.02,7.15,7.28,7.4,7.68,7.95,8.22,8.5,8.72,8.95,9.17,9.39,9.52,9.64,9.77,9.89,9.95,10.0,10.06,10.11,10.04,9.96,9.88,9.8,9.48,9.16,8.83,8.51,8.36,8.21,8.06,7.91,7.69,7.48,7.26,7.05,,
2019-02-07T00:00:00+00:00,9.94,9.93,9.92,9.97,10.02,10.08,10.13,10.17,10.21,10.25,10.29,10.13,9.96,9.8,9.64,9.28,8.92,8.56,8.2,8.1,8.01,7.91,7.81,7.69,7.57,7.45,7.34,7.37,7.4,7.44,7.47,7.62,7.78,7.93,8.09,8.28,8.47,8.66,8.85,8.99,9.14,9.28,9.42,9.54,9.66,9.78,9.89,9.92,9.94,9.96,9.98,9.18,8.38,7.58,6.77,6.98,7.2,7.41,7.62,7.42,7.23,7.03,6.83,6.72,6.61,6.5,6.39,6.32,6.24,6.17,6.1,5.9,5.7,5.51,5.31,5.17,5.04,4.91,4.77,4.7,4.63,4.56,4.49,4.58,4.68,4.77,4.87,4.95,5.04,5.12,5.21,5.24,5.26,5.29,5.32,5.4,5.48,5.56,5.64,5.76,5.89,6.02,6.14,6.2,6.26,6.32,6.37,6.42,6.47,6.52,6.57,6.58,6.59,6.6,6.6,6.64,6.67,6.71,6.74,6.83,6.92,7.01,7.1,7.14,7.18,7.23,7.27,7.31,7.35,7.39,7.43,7.59,7.75,7.91,8.07,8.11,8.15,8.19,8.23,8.32,8.42,8.51,8.6,8.7,8.79,8.89,8.98,8.98,8.97,8.97,8.96,8.95,8.94,8.93,8.92,8.94,8.96,8.98,9.0,9.01,9.02,9.04,9.05,,
2019-02-08T00:00:00+00:00,5.27,5.28,5.28,5.35,5.42,5.49,5.56,5.64,5.71,5.79,5.87,6.02,6.17,6.32,6.47,6.55,6.63,6.71,6.78,6.8,6.82,6.83,6.85,6.85,6.86,6.86,6.86,6.87,6.88,6.88,6.89,6.98,7.08,7.17,7.27,7.38,7.49,7.6,7.71,7.75,7.8,7.84,7.88,7.88,7.87,7.86,7.86,7.97,8.07,8.18,8.29,8.32,8.35,8.38,8.41,8.43,8.45,8.47,8.49,8.46,8.44,8.42,8.4,8.44,8.49,8.53,8.57,8.56,8.56,8.55,8.54,8.57,8.59,8.61,8.63,8.63,8.63,8.62,8.62,8.61,8.61,8.61,8.61,8.55,8.5,8.45,8.39,8.31,8.24,8.16,8.08,8.1,8.12,8.13,8.15,7.97,7.8,7.62,7.44,7.41,7.37,7.34,7.3,7.28,7.27,7.25,7.24,7.27,7.3,7.33,7.36,7.31,7.26,7.21,7.17,7.1,7.04,6.97,6.91,6.93,6.95,6.97,6.99,7.23,7.46,7.69,7.92,8.13,8.35,8.56,8.77,8.99,9.21,9.43,9.65,9.81,9.96,10.12,10.28,10.33,10.39,10.44,10.5,10.56,10.63,10.69,10.76,10.77,10.79,10.81,10.83,10.73,10.63,10.53,10.43,9.83,9.23,8.63,8.03,7.87,7.71,7.54,7.38,,
2019-02-09T00:00:00+00:00,8.89,8.86,8.83,8.68,8.53,8.38,8.23,8.11,7.99,7.87,7.75,7.73,7.7,7.68,7.65,7.64,7.62,7.6,7.58,7.5,7.41,7.33,7.24,7.26,7.28,7.31,7.33,7.46,7.58,7.71,7.84,7.9,7.96,8.02,8.08,8.22,8.36,8.5,8.64,8.88,9.11,9.35,9.59,9.63,9.67,9.71,9.75,9.86,9.97,10.08,10.19,10.25,10.3,10.36,10.42,10.31,10.21,10.1,9.99,9.84,9.69,9.54,9.39,9.32,9.25,9.18,9.11,9.08,9.05,9.03,9.0,8.95,8.89,8.83,8.78,8.68,8.58,8.49,8.39,8.44,8.48,8.52,8.57,8.78,8.98,9.19,9.4,9.52,9.64,9.76,9.89,10.01,10.14,10.26,10.39,10.39,10.39,10.39,10.39,10.39,10.38,10.38,10.38,10.29,10.2,10.12,10.03,10.0,9.97,9.94,9.92,9.91,9.91,9.91,9.9,9.93,9.96,9.99,10.02,9.97,9.92,9.87,9.83,9.58,9.34,9.1,8.86,8.92,8.98,9.04,9.1,8.68,8.25,7.83,7.41,7.75,8.09,8.43,8.77,8.64,8.51,8.38,8.25,8.14,8.03,7.91,7.8,7.63,7.47,7.3,7.13,7.28,7.43,7.58,7.73,7.4,7.08,6.76,6.43,6.45,6.47,6.49,6.5,,
2019-02-10T00:00:00+00:00,10.21,10.3,10.39,10.46,10.54,10.61,10.69,10.65,10.62,10.58,10.55,10.59,10.63,10.67,10.72,10.66,10.6,10.54,10.48,10.43,10.38,10.33,10.28,10.3,10.32,10.34,10.37,10.02,9.67,9.32,8.97,9.05,9.12,9.19,9.27,8.69,8.11,7.54,6.96,7.13,7.3,7.47,7.65,7.4,7.15,6.9,6.66,6.52,6.39,6.25,6.12,6.17,6.23,6.29,6.35,6.32,6.3,6.28,6.26,6.1,5.94,5.79,5.63,5.51,5.39,5.26,5.14,5.31,5.48,5.65,5.82,5.61,5.4,5.19,4.98,4.93,4.87,4.82,4.77,4.77,4.77,4.77,4.77,4.43,4.1,3.77,3.44,3.26,3.08,2.9,2.73,2.82,2.91,3.0,3.09,3.14,3.19,3.23,3.28,3.22,3.16,3.1,3.03,3.1,3.17,3.24,3.31,3.36,3.41,3.46,3.51,3.53,3.54,3.56,3.57,3.58,3.59,3.6,3.61,3.67,3.73,3.79,3.85,3.99,4.12,4.25,4.38,4.95,5.52,6.09,6.65,6.68,6.71,6.74,6.77,6.98,7.2,7.42,7.64,7.6,7.57,7.54,7.5,7.65,7.8,7.95,8.1,8.12,8.14,8.16,8.18,8.1,8.03,7.96,7.89,7.65,7.41,7.18,6.94,6.64,6.35,6.05,5.75,,
2019-02-11T00:00:00+00:00,3.95,3.88,3.81,3.66,3.51,3.36,3.22,3.09,2.96,2.83,2.7,2.66,2.61,2.57,2.53,2.57,2.61,2.64,2.68,2.82,2.96,3.1,3.24,3.3,3.35,3.41,3.46,3.66,3.86,4.06,4.26,4.44,4.61,4.78,4.96,5.26,5.57,5.88,6.19,6.39,6.59,6.79,6.99,7.27,7.54,7.81,8.09,8.21,8.33,8.45,8.56,8.59,8.62,8.65,8.68,8.64,8.61,8.57,8.54,8.35,8.17,7.99,7.8,7.49,7.18,6.88,6.57,6.38,6.19,6.0,5.81,5.67,5.53,5.39,5.25,5.03,4.81,4.59,4.37,4.12,3.87,3.62,3.36,3.23,3.1,2.97,2.84,2.72,2.61,2.5,2.39,2.33,2.27,2.21,2.15,2.11,2.07,2.02,1.98,1.94,1.9,1.86,1.81,1.71,1.61,1.5,1.4,1.41,1.42,1.43,1.44,1.44,1.43,1.43,1.42,1.45,1.48,1.51,1.54,1.64,1.73,1.83,1.92,1.99,2.06,2.12,2.19,2.23,2.27,2.32,2.36,2.82,3.29,3.76,4.22,4.72,5.21,5.71,6.21,6.49,6.78,7.06,7.34,7.5,7.66,7.82,7.97,8.03,8.1,8.16,8.22,8.19,8.16,8.13,8.1,7.88,7.66,7.44,7.21,6.91,6.62,6.32,6.02,,
2019-02-12T00:00:00+00:00,1.39,1.33,1.28,1.29,1.31,1.32,1.34,1.29,1.24,1.18,1.13,1.07,1.0,0.94,0.87,0.91,0.95,0.99,1.04,1.08,1.12,1.17,1.21,1.31,1.42,1.52,1.63,1.93,2.22,2.52,2.82,3.12,3.42,3.73,4.03,4.42,4.82,5.21,5.6,5.91,6.21,6.51,6.82,7.02,7.22,7.42,7.63,7.76,7.89,8.03,8.16,8.2,8.23,8.27,8.31,8.27,8.24,8.21,8.18,7.99,7.8,7.61,7.42,7.29,7.15,7.02,6.88,6.64,6.4,6.16,5.92,5.75,5.58,5.41,5.25,5.07,4.89,4.71,4.53,4.55,4.56,4.57,4.59,4.55,4.52,4.48,4.44,4.31,4.17,4.04,3.9,3.65,3.41,3.16,2.91,2.74,2.58,2.41,2.25,2.13,2.01,1.89,1.78,1.66,1.55,1.43,1.32,1.21,1.11,1.0,0.9,0.83,0.77,0.71,0.65,0.66,0.66,0.67,0.68,0.78,0.89,1.0,1.11,1.44,1.78,2.11,2.44,2.76,3.09,3.41,3.73,4.16,4.6,5.03,5.47,5.83,6.2,6.56,6.92,7.21,7.49,7.77,8.05,8.26,8.46,8.67,8.88,9.01,9.15,9.28,9.42,9.46,9.5,9.54,9.59,9.28,8.96,8.65,8.34,7.99,7.65,7.3,6.95,,
2019-02-13T00:00:00+00:00,-0.55,-1.03,-1.51,-1.44,-1.38,-1.31,-1.25,-1.23,-1.21,-1.19,-1.17,-1.15,-1.14,-1.13,-1.11,-1.08,-1.05,-1.02,-0.99,-0.92,-0.85,-0.78,-0.71,-0.68,-0.64,-0.6,-0.56,-0.41,-0.26,-0.11,0.04,0.24,0.44,0.64,0.84,1.12,1.4,1.68,1.96,2.37,2.79,3.21,3.63,4.0,4.38,4.75,5.13,5.45,5.77,6.09,6.41,6.58,6.76,6.94,7.11,7.14,7.17,7.2,7.22,7.05,6.87,6.69,6.52,6.29,6.06,5.83,5.6,5.4,5.2,5.0,4.8,4.6,4.4,4.21,4.01,3.86,3.71,3.56,3.41,3.31,3.21,3.1,3.0,2.93,2.87,2.8,2.73,2.63,2.54,2.44,2.35,2.24,2.12,2.01,1.9,1.81,1.71,1.62,1.52,1.41,1.3,1.19,1.08,1.0,0.93,0.85,0.78,0.74,0.69,0.65,0.61,0.55,0.49,0.42,0.36,0.45,0.53,0.62,0.71,0.85,0.99,1.13,1.27,1.73,2.2,2.66,3.12,3.47,3.82,4.17,4.52,5.03,5.53,6.03,6.54,7.05,7.56,8.07,8.59,9.01,9.43,9.85,10.28,10.53,10.78,11.04,11.29,11.43,11.56,11.69,11.83,11.8,11.76,11.73,11.69,11.4,11.11,10.82,10.52,10.21,9.9,9.59,9.28,,
2019-02-14T00:00:00+00:00,1.57,1.46,1.36,1.27,1.18,1.1,1.01,0.87,0.74,0.61,0.47,0.0,-0.47,-0.94,-1.41,-1.47,-1.54,-1.61,-1.67,-1.66,-1.64,-1.63,-1.61,-1.51,-1.41,-1.31,-1.21,-0.93,-0.66,-0.38,-0.1,0.43,0.96,1.49,2.02,2.59,3.15,3.72,4.29,4.82,5.35,5.88,6.41,6.9,7.38,7.87,8.36,8.71,9.07,9.43,9.79,9.95,10.11,10.27,10.43,10.42,10.41,10.4,10.39,10.11,9.84,9.56,9.28,8.99,8.7,8.42,8.13,7.8,7.46,7.12,6.79,6.55,6.31,6.07,5.83,5.68,5.52,5.37,5.21,5.07,4.92,4.78,4.63,4.55,4.47,4.38,4.3,4.17,4.05,3.92,3.79,3.65,3.51,3.37,3.23,3.11,2.99,2.87,2.76,2.72,2.69,2.66,2.62,2.52,2.42,2.31,2.21,2.14,2.07,2.01,1.94,1.94,1.94,1.94,1.95,1.93,1.92,1.91,1.9,2.0,2.11,2.21,2.32,2.76,3.2,3.63,4.07,4.54,5.01,5.48,5.95,6.51,7.07,7.63,8.19,8.67,9.15,9.63,10.11,10.43,10.74,11.06,11.37,11.56,11.74,11.92,12.1,12.14,12.18,12.21,12.25,12.21,12.17,12.12,12.08,11.77,11.47,11.17,10.86,10.58,10.3,10.01,9.73,,
2019-02-15T00:00:00+00:00,3.74,3.64,3.53,3.49,3.45,3.41,3.36,3.18,3.0,2.81,2.63,2.62,2.61,2.59,2.58,2.56,2.53,2.51,2.48,2.42,2.36,2.3,2.24,2.29,2.33,2.38,2.43,2.8,3.18,3.55,3.92,4.48,5.03,5.59,6.14,6.67,7.21,7.74,8.27,8.79,9.3,9.81,10.32,10.63,10.95,11.26,11.57,11.72,11.86,12.01,12.16,12.28,12.41,12.54,12.67,12.66,12.64,12.62,12.6,12.3,12.0,11.69,11.39,11.07,10.75,10.43,10.1,9.77,9.44,9.11,8.77,8.53,8.28,8.03,7.79,7.56,7.32,7.09,6.86,6.63,6.4,6.16,5.93,5.89,5.85,5.82,5.78,5.7,5.61,5.53,5.45,5.37,5.3,5.23,5.16,5.05,4.94,4.83,4.72,4.47,4.23,3.98,3.73,3.5,3.26,3.03,2.8,2.25,1.71,1.17,0.63,0.25,-0.12,-0.49,-0.87,-0.75,-0.64,-0.52,-0.4,-0.1,0.19,0.49,0.79,1.36,1.93,2.51,3.08,3.77,4.45,5.14,5.83,6.55,7.27,7.99,8.71,9.21,9.72,10.22,10.72,11.0,11.28,11.55,11.83,12.06,12.29,12.52,12.75,12.78,12.82,12.85,12.89,12.74,12.59,12.44,12.29,11.96,11.64,11.31,10.98,10.68,10.38,10.09,9.79,,
2019-02-16T00:00:00+00:00,4.61,4.64,4.68,4.41,4.14,3.88,3.61,3.26,2.92,2.57,2.23,2.17,2.11,2.06,2.0,2.36,2.73,3.09,3.46,3.62,3.79,3.95,4.12,4.27,4.43,4.59,4.75,5.16,5.57,5.99,6.4,6.89,7.37,7.85,8.33,8.84,9.35,9.86,10.37,10.76,11.15,11.54,11.94,12.16,12.39,12.62,12.85,13.01,13.17,13.33,13.49,13.51,13.53,13.54,13.56,13.42,13.28,13.14,13.0,12.66,12.32,11.98,11.64,11.3,10.95,10.61,10.27,9.94,9.61,9.28,8.95,8.76,8.57,8.38,8.18,8.01,7.83,7.66,7.48,7.25,7.03,6.8,6.57,6.48,6.39,6.3,6.22,5.89,5.56,5.23,4.9,4.94,4.99,5.04,5.08,4.95,4.82,4.69,4.56,4.61,4.67,4.72,4.78,4.45,4.12,3.79,3.46,3.33,3.19,3.05,2.91,2.84,2.77,2.7,2.63,2.77,2.9,3.04,3.17,3.37,3.58,3.78,3.98,4.54,5.1,5.66,6.23,6.91,7.6,8.29,8.98,9.48,9.99,10.49,11.0,11.26,11.53,11.79,12.06,12.22,12.37,12.53,12.69,12.75,12.81,12.87,12.93,12.87,12.8,12.74,12.68,12.56,12.44,12.32,12.2,11.94,11.67,11.4,11.14,10.86,10.59,10.31,10.04,,
2019-02-17T00:00:00+00:00,4.29,4.05,3.8,3.77,3.73,3.7,3.66,3.56,3.46,3.35,3.25,3.29,3.32,3.36,3.4,3.5,3.59,3.69,3.79,3.86,3.93,4.0,4.08,4.12,4.16,4.2,4.25,4.95,5.66,6.36,7.07,7.66,8.25,8.83,9.42,9.74,10.05,10.36,10.67,10.91,11.15,11.39,11.63,11.88,12.12,12.37,12.61,12.69,12.76,12.84,12.91,12.89,12.87,12.85,12.82,12.76,12.69,12.62,12.55,12.3,12.05,11.8,11.55,11.24,10.92,10.6,10.29,10.03,9.78,9.52,9.27,9.09,8.9,8.72,8.54,8.37,8.2,8.03,7.86,7.74,7.61,7.49,7.36,7.22,7.08,6.93,6.79,6.77,6.75,6.73,6.71,6.54,6.36,6.18,6.01,5.83,5.64,5.46,5.28,4.93,4.58,4.22,3.87,3.79,3.71,3.63,3.55,3.58,3.61,3.64,3.67,3.75,3.84,3.92,4.0,4.08,4.16,4.24,4.32,4.53,4.74,4.96,5.17,5.51,5.85,6.19,6.53,6.78,7.04,7.29,7.54,7.89,8.23,8.58,8.92,9.29,9.66,10.03,10.4,10.64,10.88,11.11,11.35,11.47,11.59,11.72,11.84,11.81,11.77,11.74,11.71,11.65,11.59,11.53,11.47,11.2,10.94,10.67,10.41,10.11,9.82,9.53,9.23,,
2019-02-18T00:00:00+00:00,6.82,6.76,6.71,6.57,6.44,6.31,6.17,5.76,5.34,4.93,4.51,4.29,4.08,3.86,3.64,3.64,3.64,3.65,3.65,3.85,4.05,4.24,4.44,4.59,4.73,4.87,5.01,5.26,5.5,5.74,5.98,6.41,6.85,7.28,7.72,8.13,8.53,8.94,9.35,9.78,10.21,10.64,11.07,11.29,11.51,11.72,11.94,11.97,11.99,12.01,12.03,11.92,11.81,11.69,11.58,11.43,11.27,11.12,10.97,10.83,10.69,10.55,10.41,10.27,10.13,9.99,9.85,9.7,9.56,9.42,9.27,9.17,9.06,8.95,8.85,8.71,8.57,8.43,8.29,8.16,8.02,7.89,7.75,7.69,7.63,7.57,7.51,7.43,7.34,7.26,7.17,7.17,7.16,7.16,7.15,7.16,7.16,7.17,7.17,7.11,7.05,6.99,6.93,6.89,6.84,6.79,6.75,6.58,6.4,6.23,6.06,5.89,5.71,5.53,5.36,5.35,5.34,5.34,5.33,5.39,5.45,5.51,5.57,5.59,5.62,5.64,5.67,5.86,6.05,6.24,6.44,6.79,7.15,7.51,7.87,8.17,8.48,8.78,9.08,9.33,9.57,9.81,10.05,10.13,10.2,10.28,10.36,10.41,10.46,10.51,10.56,10.49,10.42,10.35,10.29,10.07,9.85,9.64,9.42,9.16,8.91,8.65,8.39,,
2019-02-19T00:00:00+00:00,7.28,7.17,7.07,7.03,6.99,6.95,6.91,6.83,6.75,6.67,6.59,6.56,6.53,6.49,6.46,6.4,6.33,6.27,6.21,6.2,6.2,6.19,6.18,6.17,6.15,6.14,6.12,6.36,6.6,6.84,7.07,7.22,7.36,7.5,7.64,7.72,7.81,7.89,7.98,8.16,8.35,8.53,8.72,8.91,9.1,9.29,9.48,9.49,9.5,9.51,9.52,9.57,9.62,9.67,9.72,9.7,9.67,9.65,9.63,9.46,9.29,9.12,8.95,8.82,8.69,8.57,8.44,8.34,8.25,8.15,8.05,8.05,8.04,8.03,8.02,7.92,7.81,7.71,7.6,7.4,7.2,6.99,6.79,6.57,6.36,6.14,5.93,5.8,5.67,5.54,5.41,5.31,5.22,5.13,5.04,4.91,4.78,4.66,4.53,4.44,4.35,4.25,4.16,3.77,3.39,3.0,2.61,2.46,2.31,2.16,2.01,2.41,2.81,3.21,3.6,3.81,4.02,4.23,4.44,4.64,4.85,5.05,5.25,5.43,5.61,5.8,5.98,6.17,6.37,6.56,6.76,7.17,7.57,7.98,8.38,8.64,8.89,9.15,9.4,9.65,9.89,10.14,10.38,10.51,10.65,10.78,10.91,11.05,11.19,11.33,11.46,11.41,11.35,11.3,11.24,11.14,11.04,10.93,10.83,10.76,10.68,10.6,10.53,,
2019-02-20T00:00:00+00:00
2019-02-21T00:00:00+00:00,5.07,5.02,4.96,5.03,5.1,5.16,5.23,5.13,5.04,4.95,4.85,4.84,4.83,4.83,4.82,4.67,4.53,4.39,4.24,4.42,4.6,4.77,4.95,5.2,5.44,5.69,5.93,6.39,6.85,7.31,7.76,8.27,8.77,9.27,9.78,10.29,10.8,11.31,11.82,12.25,12.67,13.1,13.52,13.79,14.07,14.34,14.61,14.77,14.92,15.08,15.23,15.26,15.29,15.32,15.34,15.25,15.16,15.07,14.98,14.71,14.44,14.18,13.91,13.56,13.22,12.87,12.52,12.2,11.88,11.56,11.24,10.95,10.66,10.37,10.08,9.89,9.7,9.51,9.33,9.12,8.92,8.72,8.51,8.39,8.27,8.15,8.03,7.9,7.78,7.65,7.52,7.43,7.33,7.23,7.13,6.96,6.79,6.62,6.46,6.16,5.87,5.57,5.28,4.93,4.58,4.24,3.89,3.76,3.64,3.51,3.38,3.25,3.12,2.99,2.86,2.81,2.76,2.7,2.65,2.62,2.58,2.55,2.51,2.91,3.31,3.71,4.1,4.61,5.11,5.61,6.11,6.52,6.93,7.34,7.75,8.23,8.71,9.19,9.67,10.22,10.77,11.33,11.88,12.24,12.6,12.96,13.31,13.53,13.75,13.97,14.19,14.25,14.3,14.36,14.42,14.23,14.05,13.86,13.68,13.33,12.98,12.63,12.28,,
2019-02-22T00:00:00+00:00,5.3,5.27,5.24,5.29,5.34,5.39,5.44,5.41,5.38,5.35,5.31,5.16,5.01,4.86,4.71,4.64,4.57,4.51,4.44,4.36,4.28,4.2,4.12,3.79,3.46,3.12,2.79,3.07,3.36,3.65,3.94,4.73,5.52,6.3,7.09,7.9,8.71,9.52,10.32,10.75,11.17,11.59,12.01,12.43,12.86,13.28,13.71,14.0,14.3,14.6,14.89,15.07,15.26,15.44,15.62,15.64,15.67,15.69,15.72,15.46,15.2,14.94,14.68,14.39,14.09,13.79,13.5,13.08,12.66,12.25,11.83,11.57,11.31,11.05,10.79,10.6,10.4,10.2,10.0,9.83,9.66,9.49,9.32,9.23,9.14,9.05,8.96,9.11,9.27,9.42,9.57,9.44,9.3,9.16,9.03,8.71,8.39,8.08,7.76,7.59,7.42,7.25,7.08,6.93,6.77,6.62,6.46,6.33,6.2,6.08,5.95,5.8,5.65,5.5,5.35,5.23,5.11,4.99,4.87,5.02,5.17,5.33,5.48,5.78,6.08,6.38,6.68,7.01,7.35,7.68,8.01,8.37,8.73,9.1,9.46,9.88,10.3,10.72,11.14,11.47,11.8,12.13,12.46,12.73,13.01,13.28,13.55,13.67,13.78,13.9,14.02,13.86,13.7,13.55,13.39,13.12,12.84,12.57,12.3,11.94,11.58,11.22,10.87,,
2019-02-23T00:00:00+00:00,7.91,7.86,7.8,7.77,7.74,7.71,7.68,7.56,7.45,7.33,7.21,7.15,7.08,7.01,6.94,6.8,6.65,6.51,6.37,6.22,6.07,5.92,5.78,5.96,6.14,6.33,6.51,6.95,7.4,7.84,8.28,8.67,9.06,9.45,9.84,10.25,10.66,11.07,11.48,11.84,12.21,12.57,12.94,13.18,13.43,13.67,13.92,14.11,14.31,14.51,14.71,14.79,14.87,14.96,15.04,14.91,14.79,14.66,14.53,14.2,13.87,13.53,13.2,12.82,12.44,12.05,11.67,11.29,10.92,10.54,10.16,9.84,9.52,9.2,8.88,8.65,8.42,8.2,7.97,7.8,7.62,7.45,7.27,7.09,6.9,6.71,6.52,6.35,6.18,6.0,5.83,5.7,5.57,5.44,5.31,5.16,5.02,4.87,4.73,4.59,4.45,4.31,4.17,4.06,3.94,3.82,3.7,3.61,3.53,3.44,3.36,3.29,3.22,3.15,3.08,3.07,3.05,3.04,3.03,3.25,3.47,3.69,3.91,4.32,4.72,5.13,5.53,5.93,6.33,6.73,7.13,7.58,8.02,8.47,8.91,9.42,9.92,10.43,10.93,11.38,11.83,12.28,12.73,12.94,13.16,13.37,13.59,13.55,13.52,13.48,13.44,13.28,13.11,12.94,12.77,12.5,12.22,11.94,11.67,11.36,11.06,10.76,10.46,,
2019-02-24T00:00:00+00:00,5.76,5.51,5.26,5.12,4.99,4.86,4.73,4.61,4.5,4.39,4.28,4.16,4.05,3.94,3.83,3.76,3.7,3.63,3.57,3.56,3.55,3.54,3.53,3.76,3.99,4.22,4.45,4.83,5.21,5.59,5.97,6.32,6.68,7.03,7.38,7.8,8.22,8.64,9.06,9.57,10.08,10.6,11.11,11.56,12.02,12.47,12.93,13.21,13.49,13.77,14.05,14.1,14.14,14.18,14.22,14.07,13.92,13.76,13.61,13.27,12.94,12.6,12.26,11.88,11.49,11.1,10.71,10.44,10.16,9.89,9.61,9.41,9.2,9.0,8.79,8.56,8.33,8.1,7.87,7.69,7.51,7.33,7.15,6.97,6.79,6.61,6.43,6.35,6.27,6.19,6.11,5.99,5.87,5.76,5.64,5.46,5.28,5.1,4.92,4.86,4.8,4.75,4.69,4.64,4.58,4.53,4.47,4.42,4.37,4.32,4.27,4.21,4.16,4.11,4.06,4.11,4.16,4.21,4.26,4.52,4.78,5.05,5.31,5.78,6.25,6.72,7.19,7.68,8.17,8.66,9.15,9.65,10.15,10.65,11.15,11.58,12.02,12.45,12.89,13.3,13.71,14.13,14.54,14.75,14.96,15.17,15.39,15.52,15.65,15.78,15.91,15.94,15.97,16.0,16.03,15.68,15.32,14.97,14.62,14.21,13.81,13.4,12.99,,
2019-02-25T00:00:00+00:00,5.93,5.88,5.83,5.75,5.67,5.59,5.5,5.43,5.36,5.29,5.22,5.12,5.03,4.94,4.84,4.77,4.71,4.64,4.58,4.52,4.47,4.42,4.36,4.67,4.99,5.3,5.62,6.13,6.65,7.17,7.68,8.18,8.68,9.18,9.67,10.14,10.6,11.06,11.52,11.93,12.34,12.75,13.16,13.48,13.79,14.11,14.42,14.72,15.01,15.3,15.59,15.71,15.84,15.97,16.09,16.02,15.96,15.89,15.82,15.53,15.24,14.95,14.66,14.23,13.8,13.37,12.94,12.58,12.22,11.86,11.5,11.2,10.9,10.59,10.29,10.07,9.85,9.63,9.41,9.32,9.23,9.14,9.05,8.92,8.78,8.65,8.52,8.34,8.16,7.98,7.8,7.66,7.53,7.4,7.27,7.15,7.02,6.89,6.77,6.57,6.36,6.16,5.96,5.82,5.67,5.53,5.38,5.26,5.15,5.03,4.91,4.82,4.73,4.65,4.56,4.54,4.53,4.51,4.5,4.79,5.09,5.38,5.67,6.17,6.66,7.16,7.65,8.06,8.48,8.89,9.3,9.85,10.39,10.93,11.47,12.07,12.67,13.26,13.86,14.29,14.72,15.15,15.58,15.82,16.05,16.29,16.53,16.64,16.74,16.85,16.96,16.88,16.8,16.72,16.64,16.35,16.06,15.76,15.47,15.11,14.74,14.38,14.01,,
2019-02-26T00:00:00+00:00,7.53,7.48,7.42,7.31,7.19,7.08,6.96,6.77,6.58,6.39,6.19,6.08,5.97,5.86,5.75,5.64,5.52,5.41,5.3,5.18,5.06,4.94,4.82,5.11,5.41,5.71,6.0,6.63,7.26,7.89,8.52,9.05,9.58,10.11,10.64,11.29,11.95,12.6,13.26,13.75,14.25,14.74,15.24,15.61,15.98,16.35,16.72,16.85,16.98,17.11,17.24,17.27,17.3,17.33,17.36,17.24,17.11,16.99,16.87,16.57,16.28,15.99,15.7,15.31,14.92,14.53,14.14,13.76,13.38,13.0,12.62,12.28,11.95,11.61,11.28,11.01,10.75,10.48,10.21,10.01,9.82,9.62,9.43,9.3,9.18,9.05,8.93,8.72,8.51,8.3,8.09,7.93,7.78,7.62,7.46,7.37,7.27,7.18,7.08,6.92,6.76,6.61,6.45,6.16,5.88,5.6,5.31,5.22,5.12,5.02,4.93,4.78,4.64,4.5,4.35,3.96,3.56,3.17,2.77,3.07,3.38,3.68,3.98,4.55,5.11,5.68,6.24,7.03,7.81,8.6,9.38,9.85,10.32,10.79,11.27,11.88,12.49,13.1,13.71,14.15,14.59,15.03,15.47,15.74,16.01,16.28,16.55,16.66,16.76,16.87,16.97,16.95,16.92,16.89,16.87,16.58,16.28,15.99,15.7,15.34,14.97,14.6,14.23,,
2019-02-27T00:00:00+00:00,7.37,7.36,7.35,7.3,7.24,7.19,7.14,6.66,6.18,5.71,5.23,5.0,4.78,4.55,4.32,4.48,4.64,4.8,4.96,5.09,5.23,5.36,5.5,5.81,6.13,6.44,6.75,7.33,7.91,8.49,9.06,9.79,10.51,11.23,11.95,12.42,12.89,13.35,13.82,14.53,15.24,15.94,16.65,16.96,17.26,17.56,17.86,18.0,18.13,18.26,18.4,18.41,18.43,18.44,18.46,18.32,18.18,18.04,17.9,17.55,17.21,16.86,16.52,16.11,15.71,15.31,14.91,14.47,14.04,13.61,13.18,12.82,12.46,12.1,11.74,11.52,11.3,11.09,10.87,10.72,10.58,10.43,10.29,10.14,9.99,9.85,9.7,9.44,9.17,8.91,8.65,8.53,8.42,8.31,8.19,8.15,8.11,8.07,8.04,7.87,7.7,7.53,7.37,7.28,7.19,7.1,7.01,6.79,6.57,6.35,6.14,6.1,6.07,6.04,6.01,6.44,6.87,7.3,7.72,7.75,7.77,7.79,7.81,7.99,8.18,8.36,8.55,8.84,9.12,9.41,9.7,9.94,10.18,10.42,10.66,10.96,11.26,11.56,11.86,11.81,11.76,11.71,11.67,11.74,11.82,11.89,11.97,11.96,11.96,11.95,11.95,12.02,12.1,12.18,12.26,12.04,11.83,11.61,11.4,11.31,11.22,11.13,11.05,,
2019-02-28T00:00:00+00:00,8.39,8.21,8.02,8.06,8.09,8.12,8.15,8.15,8.14,8.13,8.12,8.08,8.03,7.99,7.95,7.78,7.62,7.45,7.29,7.32,7.35,7.37,7.4,7.54,7.67,7.81,7.94,8.19,8.44,8.69,8.94,8.97,9.0,9.04,9.07,9.19,9.32,9.44,9.57,9.83,10.1,10.36,10.63,10.81,11.0,11.18,11.37,11.56,11.75,11.95,12.14,12.3,12.47,12.63,12.79,12.77,12.76,12.75,12.73,12.33,11.92,11.51,11.11,10.92,10.73,10.54,10.35,10.16,9.97,9.78,9.59,9.47,9.35,9.22,9.1,9.12,9.13,9.15,9.16,9.11,9.06,9.0,8.95,8.91,8.87,8.84,8.8,8.82,8.84,8.87,8.89,8.91,8.92,8.94,8.95,8.91,8.87,8.82,8.78,8.78,8.78,8.77,8.77,8.71,8.66,8.6,8.54,8.49,8.43,8.37,8.32,8.35,8.39,8.43,8.46,8.47,8.47,8.47,8.47,8.59,8.71,8.83,8.95,8.93,8.91,8.89,8.88,8.9,8.93,8.96,8.98,9.17,9.37,9.56,9.75,9.89,10.04,10.18,10.33,10.13,9.94,9.75,9.56,9.41,9.26,9.11,8.96,9.28,9.6,9.93,10.25,10.21,10.18,10.14,10.1,10.09,10.08,10.07,10.06,10.05,10.04,10.04,10.03,,
2019-03-01T00:00:00+00:00,9.47,9.42,9.38,9.25,9.12,8.99,8.86,8.77,8.68,8.59,8.5,8.48,8.45,8.42,8.39,8.36,8.32,8.28,8.24,8.26,8.27,8.29,8.31,8.39,8.46,8.54,8.62,8.72,8.81,8.91,9.01,9.3,9.59,9.89,10.18,10.23,10.27,10.31,10.36,10.34,10.31,10.29,10.26,10.46,10.65,10.84,11.03,11.02,11.02,11.01,11.0,11.21,11.41,11.61,11.82,11.83,11.85,11.86,11.87,11.78,11.68,11.58,11.48,11.31,11.13,10.96,10.78,10.61,10.43,10.26,10.09,10.03,9.98,9.92,9.87,9.78,9.69,9.6,9.51,9.43,9.35,9.27,9.19,9.12,9.06,8.99,8.92,8.79,8.66,8.53,8.4,8.31,8.23,8.15,8.06,8.0,7.94,7.88,7.82,7.74,7.67,7.59,7.52,7.5,7.49,7.48,7.46,7.47,7.48,7.49,7.49,7.51,7.52,7.53,7.55,7.65,7.75,7.85,7.95,8.08,8.2,8.32,8.45,8.65,8.85,9.05,9.25,9.28,9.31,9.35,9.38,9.72,10.06,10.4,10.74,10.86,10.98,11.11,11.23,11.44,11.65,11.87,12.08,12.08,12.07,12.07,12.06,11.98,11.9,11.82,11.74,11.63,11.51,11.4,11.28,11.09,10.91,10.72,10.53,10.54,10.55,10.55,10.56,,
2019-03-02T00:00:00+00:00,8.84,8.82,8.79,8.76,8.72,8.68,8.64,8.65,8.65,8.66,8.67,8.59,8.52,8.45,8.38,8.25,8.12,8.0,7.87,7.89,7.92,7.95,7.97,8.02,8.06,8.11,8.15,8.34,8.54,8.73,8.93,9.18,9.44,9.69,9.95,9.88,9.81,9.74,9.67,9.88,10.08,10.29,10.49,10.66,10.82,10.98,11.14,11.32,11.49,11.67,11.85,11.99,12.13,12.28,12.42,12.36,12.29,12.23,12.16,12.03,11.9,11.77,11.64,11.49,11.34,11.19,11.04,10.82,10.61,10.39,10.17,10.04,9.9,9.77,9.63,9.61,9.59,9.58,9.56,9.62,9.68,9.74,9.81,9.86,9.92,9.98,10.04,9.98,9.93,9.87,9.81,9.81,9.8,9.79,9.79,9.8,9.81,9.82,9.84,9.84,9.84,9.84,9.85,9.85,9.85,9.85,9.86,9.78,9.7,9.62,9.54,9.59,9.64,9.69,9.74,9.81,9.89,9.96,10.04,10.18,10.33,10.48,10.62,10.64,10.66,10.67,10.69,10.8,10.92,11.03,11.14,11.35,11.55,11.76,11.96,11.9,11.84,11.78,11.72,11.95,12.17,12.4,12.62,12.73,12.83,12.93,13.04,13.08,13.11,13.15,13.19,13.27,13.35,13.42,13.5,13.46,13.41,13.36,13.32,13.34,13.37,13.39,13.42,,
2019-03-03T00:00:00+00:00,9.08,9.08,9.08,9.18,9.28,9.38,9.47,9.64,9.8,9.96,10.13,10.12,10.1,10.09,10.08,10.09,10.1,10.11,10.12,10.23,10.34,10.45,10.56,10.6,10.64,10.67,10.71,10.66,10.6,10.55,10.49,10.55,10.6,10.66,10.72,10.86,11.01,11.15,11.3,11.25,11.19,11.14,11.09,11.29,11.5,11.71,11.91,12.08,12.24,12.41,12.58,12.64,12.71,12.78,12.85,12.83,12.81,12.78,12.76,12.83,12.9,12.97,13.04,12.92,12.81,12.7,12.58,12.59,12.6,12.61,12.61,12.6,12.58,12.56,12.54,12.52,12.51,12.5,12.49,12.44,12.38,12.33,12.27,12.11,11.95,11.78,11.62,11.62,11.63,11.63,11.64,11.53,11.42,11.31,11.2,11.05,10.9,10.75,10.6,10.54,10.47,10.4,10.34,10.37,10.39,10.42,10.44,10.11,9.78,9.45,9.11,8.94,8.76,8.58,8.4,8.37,8.33,8.29,8.25,8.27,8.29,8.3,8.32,8.38,8.44,8.51,8.57,8.35,8.13,7.91,7.7,7.52,7.34,7.16,6.98,7.14,7.29,7.45,7.6,7.86,8.11,8.36,8.62,8.45,8.28,8.11,7.94,7.79,7.65,7.51,7.36,7.33,7.3,7.26,7.23,7.16,7.09,7.02,6.95,6.9,6.84,6.79,6.74,,
2019-03-04T00:00:00+00:00,10.99,11.13,11.27,11.22,11.16,11.11,11.05,10.81,10.57,10.32,10.08,9.92,9.76,9.6,9.45,9.27,9.1,8.93,8.75,8.75,8.75,8.75,8.75,8.68,8.61,8.55,8.48,8.33,8.18,8.03,7.88,7.78,7.69,7.6,7.5,7.26,7.01,6.77,6.52,6.34,6.17,5.99,5.82,6.13,6.44,6.75,7.06,6.97,6.88,6.79,6.69,6.88,7.07,7.25,7.44,7.53,7.62,7.72,7.81,7.8,7.8,7.79,7.78,7.6,7.41,7.22,7.04,6.94,6.85,6.75,6.65,6.58,6.51,6.44,6.37,6.03,5.69,5.35,5.02,4.87,4.73,4.59,4.45,4.32,4.19,4.06,3.92,3.87,3.82,3.77,3.72,3.66,3.61,3.55,3.5,3.6,3.7,3.81,3.91,3.88,3.85,3.82,3.79,3.87,3.96,4.04,4.13,4.29,4.46,4.62,4.79,4.99,5.19,5.4,5.6,5.72,5.84,5.96,6.08,6.05,6.02,5.99,5.97,6.19,6.41,6.64,6.86,7.12,7.37,7.63,7.89,7.88,7.87,7.86,7.86,8.27,8.68,9.09,9.5,9.62,9.74,9.87,9.99,9.8,9.6,9.41,9.22,9.43,9.64,9.86,10.07,10.11,10.15,10.18,10.22,10.23,10.23,10.23,10.23,10.04,9.84,9.65,9.45,,
2019-03-05T00:00:00+00:00,4.61,4.57,4.52,4.47,4.41,4.35,4.3,4.25,4.2,4.15,4.11,4.2,4.29,4.39,4.48,4.58,4.68,4.78,4.88,5.03,5.18,5.32,5.47,5.58,5.68,5.79,5.9,6.1,6.3,6.5,6.7,6.71,6.73,6.74,6.76,7.02,7.27,7.52,7.78,8.1,8.42,8.74,9.06,9.33,9.6,9.87,10.14,10.3,10.45,10.6,10.75,10.93,11.1,11.27,11.45,11.44,11.44,11.43,11.43,11.26,11.09,10.92,10.75,10.57,10.39,10.22,10.04,9.91,9.77,9.63,9.5,9.34,9.18,9.02,8.86,8.77,8.68,8.59,8.5,8.37,8.24,8.11,7.98,7.94,7.91,7.88,7.84,7.8,7.75,7.7,7.65,7.57,7.49,7.41,7.32,7.32,7.31,7.3,7.29,7.34,7.39,7.44,7.49,7.44,7.39,7.35,7.3,7.37,7.44,7.52,7.59,7.61,7.63,7.64,7.66,7.66,7.67,7.67,7.68,7.75,7.82,7.89,7.96,8.17,8.38,8.58,8.79,8.77,8.74,8.72,8.7,8.6,8.51,8.42,8.32,8.34,8.36,8.37,8.39,8.52,8.64,8.77,8.9,9.05,9.21,9.36,9.52,9.61,9.7,9.8,9.89,9.98,10.06,10.15,10.24,10.23,10.23,10.23,10.22,10.17,10.13,10.08,10.03,,
2019-03-06T00:00:00+00:00,7.69,7.62,7.55,7.57,7.6,7.63,7.65,7.6,7.55,7.5,7.45,7.44,7.44,7.43,7.43,7.51,7.59,7.67,7.75,7.67,7.59,7.51,7.43,7.52,7.61,7.69,7.78,7.98,8.19,8.39,8.59,8.61,8.64,8.66,8.68,8.62,8.57,8.51,8.46,8.51,8.57,8.63,8.69,8.83,8.97,9.11,9.25,9.34,9.42,9.5,9.59,9.82,10.06,10.29,10.53,10.58,10.63,10.68,10.73,10.67,10.6,10.53,10.47,10.37,10.26,10.16,10.06,10.03,9.99,9.96,9.93,9.8,9.67,9.54,9.42,9.37,9.32,9.27,9.22,9.28,9.35,9.41,9.48,9.46,9.44,9.43,9.41,9.35,9.3,9.24,9.19,9.03,8.87,8.72,8.56,8.49,8.43,8.36,8.29,8.25,8.21,8.17,8.13,8.02,7.92,7.81,7.7,7.63,7.56,7.49,7.42,7.32,7.23,7.13,7.04,6.99,6.94,6.9,6.85,6.85,6.84,6.83,6.83,6.9,6.98,7.06,7.13,7.33,7.52,7.71,7.9,8.3,8.7,9.09,9.49,9.51,9.53,9.55,9.57,9.7,9.84,9.97,10.1,10.33,10.57,10.8,11.03,10.96,10.89,10.82,10.75,10.43,10.11,9.79,9.47,9.38,9.29,9.2,9.11,8.87,8.64,8.4,8.17,,
2019-03-07T00:00:00+00:00,9.22,9.09,8.97,9.02,9.06,9.11,9.16,8.99,8.83,8.66,8.5,8.34,8.18,8.02,7.86,7.86,7.86,7.86,7.87,7.92,7.97,8.02,8.07,8.09,8.11,8.13,8.15,8.26,8.36,8.47,8.57,8.58,8.59,8.6,8.61,8.81,9.02,9.22,9.43,9.71,9.99,10.27,10.56,10.64,10.72,10.8,10.88,10.88,10.87,10.86,10.86,10.65,10.44,10.23,10.02,10.03,10.05,10.07,10.08,9.51,8.94,8.36,7.79,7.73,7.66,7.6,7.54,7.39,7.23,7.08,6.92,6.87,6.81,6.75,6.69,6.62,6.55,6.48,6.41,6.18,5.96,5.73,5.5,5.41,5.32,5.22,5.13,5.17,5.2,5.24,5.27,5.16,5.05,4.93,4.82,4.72,4.62,4.52,4.42,4.32,4.22,4.12,4.02,3.94,3.86,3.78,3.7,3.69,3.68,3.68,3.67,3.6,3.54,3.47,3.41,3.34,3.27,3.2,3.13,3.25,3.36,3.48,3.59,4.19,4.78,5.38,5.97,6.42,6.87,7.31,7.76,8.2,8.65,9.09,9.54,9.77,9.99,10.21,10.44,10.55,10.67,10.78,10.9,10.99,11.08,11.17,11.25,11.22,11.19,11.16,11.13,11.05,10.97,10.89,10.81,10.67,10.52,10.38,10.24,10.02,9.79,9.57,9.35,,
2019-03-08T00:00:00+00:00,5.1,4.99,4.88,4.77,4.67,4.56,4.45,4.4,4.36,4.31,4.27,4.21,4.15,4.1,4.04,3.98,3.91,3.85,3.78,3.87,3.96,4.05,4.14,4.46,4.78,5.1,5.41,5.82,6.22,6.62,7.03,7.42,7.8,8.19,8.58,8.93,9.28,9.63,9.97,10.19,10.41,10.63,10.85,10.91,10.97,11.03,11.09,11.09,11.09,11.08,11.08,11.1,11.11,11.12,11.13,11.06,10.99,10.93,10.86,10.63,10.4,10.17,9.94,9.86,9.79,9.71,9.64,9.47,9.31,9.15,8.98,8.94,8.9,8.86,8.82,8.73,8.63,8.53,8.43,8.38,8.33,8.28,8.23,8.21,8.18,8.15,8.12,8.07,8.02,7.97,7.92,7.94,7.96,7.98,8.0,8.05,8.11,8.16,8.21,8.29,8.36,8.44,8.51,8.54,8.57,8.61,8.64,8.98,9.32,9.66,10.01,9.86,9.71,9.57,9.42,9.29,9.15,9.01,8.87,8.87,8.87,8.87,8.87,8.95,9.03,9.11,9.18,9.34,9.49,9.65,9.8,10.07,10.35,10.62,10.89,11.1,11.3,11.51,11.71,11.88,12.06,12.23,12.41,12.45,12.5,12.55,12.6,12.63,12.66,12.69,12.73,12.71,12.69,12.66,12.64,12.58,12.52,12.45,12.39,12.22,12.06,11.89,11.72,,
2019-03-09T00:00:00+00:00,8.83,8.82,8.82,8.84,8.86,8.89,8.91,8.88,8.85,8.82,8.79,8.84,8.89,8.93,8.98,9.08,9.17,9.27,9.36,9.46,9.55,9.64,9.73,9.71,9.69,9.67,9.65,9.78,9.92,10.05,10.18,10.14,10.1,10.06,10.02,10.06,10.11,10.15,10.19,10.16,10.14,10.11,10.08,10.12,10.15,10.19,10.23,10.29,10.34,10.4,10.46,10.64,10.82,11.0,11.18,11.24,11.3,11.36,11.42,11.47,11.51,11.56,11.6,11.47,11.33,11.2,11.06,10.92,10.78,10.64,10.5,10.39,10.27,10.16,10.05,9.93,9.81,9.69,9.58,9.42,9.26,9.11,8.95,8.87,8.8,8.72,8.64,8.54,8.43,8.33,8.22,8.35,8.48,8.6,8.73,9.02,9.31,9.6,9.89,9.98,10.08,10.17,10.27,10.26,10.26,10.26,10.26,10.38,10.5,10.61,10.73,10.85,10.96,11.08,11.19,11.17,11.14,11.12,11.09,11.07,11.04,11.02,11.0,11.17,11.34,11.51,11.68,11.65,11.62,11.58,11.55,11.38,11.21,11.04,10.88,10.84,10.81,10.77,10.74,10.93,11.12,11.31,11.51,11.33,11.14,10.96,10.78,10.53,10.29,10.04,9.79,9.82,9.84,9.87,9.89,9.7,9.51,9.32,9.13,8.9,8.66,8.42,8.19,,
2019-03-10T00:00:00+00:00,11.99,11.99,12.0,11.98,11.95,11.93,11.91,11.99,12.07,12.15,12.23,12.14,12.06,11.97,11.88,11.74,11.6,11.47,11.33,11.42,11.51,11.61,11.7,11.67,11.65,11.62,11.59,11.4,11.21,11.02,10.83,10.89,10.95,11.02,11.08,11.0,10.92,10.83,10.75,10.72,10.69,10.66,10.62,10.72,10.81,10.91,11.0,10.99,10.98,10.97,10.95,10.9,10.85,10.79,10.74,10.42,10.1,9.78,9.46,9.19,8.93,8.67,8.4,8.26,8.11,7.97,7.83,7.75,7.67,7.59,7.51,7.39,7.27,7.15,7.03,6.91,6.79,6.68,6.56,6.5,6.45,6.4,6.34,6.17,6.0,5.83,5.65,5.29,4.93,4.56,4.2,4.43,4.66,4.88,5.11,4.78,4.45,4.11,3.78,3.73,3.68,3.63,3.59,3.66,3.74,3.82,3.9,3.93,3.95,3.98,4.0,3.46,2.92,2.38,1.84,1.82,1.8,1.78,1.76,2.34,2.92,3.51,4.09,4.51,4.94,5.37,5.8,5.96,6.13,6.29,6.46,6.66,6.87,7.07,7.28,6.79,6.31,5.83,5.35,6.17,6.99,7.81,8.64,8.82,9.0,9.18,9.36,9.35,9.35,9.34,9.33,9.28,9.22,9.17,9.11,8.94,8.77,8.6,8.42,8.13,7.84,7.55,7.27,,
2019-03-11T00:00:00+00:00,4.96,4.86,4.76,4.87,4.98,5.09,5.2,5.09,4.99,4.88,4.78,4.77,4.77,4.77,4.76,4.79,4.81,4.84,4.86,4.5,4.15,3.79,3.44,3.99,4.53,5.08,5.63,5.63,5.64,5.65,5.66,6.08,6.5,6.93,7.35,7.13,6.92,6.71,6.5,6.85,7.2,7.55,7.9,8.13,8.36,8.59,8.83,8.88,8.92,8.97,9.02,9.09,9.16,9.23,9.3,9.2,9.1,8.99,8.89,8.75,8.6,8.45,8.31,8.08,7.85,7.63,7.4,7.13,6.86,6.59,6.32,6.16,6.0,5.84,5.67,5.58,5.49,5.4,5.31,5.26,5.22,5.18,5.14,5.08,5.03,4.97,4.92,4.8,4.68,4.56,4.44,4.3,4.16,4.02,3.88,3.8,3.72,3.64,3.57,3.58,3.59,3.6,3.61,3.7,3.8,3.89,3.98,3.99,3.99,3.99,3.99,3.98,3.96,3.95,3.93,4.01,4.09,4.17,4.25,4.41,4.57,4.73,4.89,5.25,5.61,5.97,6.33,6.74,7.16,7.58,7.99,8.28,8.56,8.85,9.13,9.4,9.66,9.92,10.19,10.41,10.63,10.86,11.08,11.04,10.99,10.95,10.91,11.02,11.14,11.25,11.37,11.24,11.11,10.98,10.85,10.76,10.67,10.58,10.49,9.44,8.39,7.34,6.29,,
2019-03-12T00:00:00+00:00,4.04,3.94,3.84,3.91,3.98,4.05,4.12,4.13,4.14,4.15,4.15,4.01,3.86,3.71,3.56,3.51,3.47,3.43,3.38,3.42,3.45,3.49,3.53,3.74,3.95,4.16,4.37,4.6,4.84,5.08,5.32,5.73,6.13,6.54,6.95,7.44,7.93,8.42,8.91,9.27,9.64,10.01,10.37,10.49,10.6,10.72,10.83,10.86,10.88,10.91,10.93,10.89,10.85,10.81,10.77,10.88,11.0,11.11,11.22,11.0,10.78,10.56,10.34,9.27,8.2,7.13,6.06,5.98,5.91,5.83,5.75,5.71,5.67,5.63,5.59,5.5,5.41,5.32,5.22,5.03,4.84,4.65,4.46,4.55,4.64,4.73,4.82,4.81,4.81,4.8,4.8,4.7,4.61,4.51,4.42,4.32,4.22,4.13,4.03,4.04,4.05,4.06,4.07,4.06,4.06,4.05,4.04,4.04,4.04,4.03,4.03,4.05,4.08,4.1,4.12,4.1,4.08,4.06,4.04,4.11,4.19,4.26,4.34,4.78,5.21,5.65,6.08,6.45,6.82,7.19,7.56,7.68,7.81,7.93,8.06,8.32,8.59,8.86,9.12,9.27,9.42,9.56,9.71,9.89,10.08,10.26,10.45,10.51,10.57,10.63,10.69,10.59,10.49,10.4,10.3,10.1,9.9,9.71,9.51,9.38,9.26,9.14,9.01,,
2019-03-13T00:00:00+00:00,4.69,4.65,4.61,4.52,4.44,4.36,4.27,4.13,3.99,3.86,3.72,3.63,3.55,3.47,3.39,3.36,3.33,3.3,3.27,3.35,3.44,3.52,3.61,3.82,4.04,4.25,4.47,4.8,5.14,5.47,5.8,6.19,6.59,6.98,7.37,7.45,7.53,7.61,7.69,8.11,8.53,8.94,9.36,9.33,9.31,9.28,9.25,9.34,9.42,9.51,9.59,9.7,9.81,9.93,10.04,9.97,9.9,9.84,9.77,9.63,9.48,9.34,9.2,9.05,8.91,8.76,8.61,8.54,8.46,8.38,8.31,8.23,8.16,8.09,8.02,7.88,7.74,7.6,7.46,7.38,7.31,7.23,7.16,7.07,6.98,6.9,6.81,6.73,6.65,6.57,6.49,6.44,6.39,6.34,6.29,6.18,6.07,5.97,5.86,5.85,5.84,5.83,5.82,5.76,5.7,5.65,5.59,5.7,5.82,5.93,6.04,6.04,6.04,6.04,6.04,6.14,6.25,6.35,6.46,6.52,6.57,6.63,6.69,6.82,6.94,7.07,7.19,7.23,7.27,7.3,7.34,7.41,7.49,7.56,7.64,7.72,7.81,7.89,7.98,8.09,8.19,8.29,8.4,8.51,8.62,8.74,8.85,9.0,9.15,9.3,9.45,9.84,10.23,10.62,11.01,11.04,11.07,11.11,11.14,10.95,10.76,10.57,10.38,,
2019-03-14T00:00:00+00:00,6.03,5.88,5.72,5.64,5.55,5.47,5.38,5.63,5.88,6.13,6.38,6.39,6.4,6.41,6.42,6.42,6.41,6.41,6.4,6.48,6.57,6.65,6.74,6.72,6.7,6.68,6.66,6.74,6.81,6.89,6.96,7.06,7.16,7.25,7.35,7.43,7.51,7.59,7.67,7.75,7.84,7.92,8.0,8.04,8.07,8.1,8.13,8.26,8.38,8.51,8.63,8.77,8.92,9.06,9.2,9.32,9.45,9.58,9.7,9.82,9.93,10.05,10.16,10.24,10.32,10.4,10.48,10.47,10.46,10.46,10.45,10.43,10.42,10.4,10.38,10.47,10.55,10.64,10.72,10.64,10.57,10.49,10.41,10.45,10.49,10.53,10.56,10.57,10.58,10.58,10.59,10.55,10.51,10.47,10.43,10.39,10.35,10.31,10.27,10.38,10.5,10.61,10.73,10.68,10.62,10.57,10.51,10.44,10.36,10.28,10.2,10.17,10.15,10.12,10.1,10.14,10.19,10.23,10.28,10.32,10.36,10.4,10.44,10.51,10.57,10.63,10.69,10.54,10.39,10.24,10.08,10.21,10.34,10.46,10.59,10.57,10.56,10.54,10.53,10.52,10.52,10.51,10.51,10.5,10.5,10.5,10.5,10.63,10.75,10.88,11.01,11.01,11.02,11.03,11.04,10.99,10.95,10.9,10.86,10.89,10.93,10.97,11.01,,
2019-03-15T00:00:00+00:00,11.08,11.11,11.14,11.05,10.96,10.87,10.78,10.67,10.56,10.44,10.33,10.29,10.24,10.2,10.16,10.16,10.17,10.18,10.18,10.17,10.15,10.13,10.12,10.28,10.45,10.61,10.78,10.79,10.81,10.82,10.84,10.86,10.87,10.89,10.9,10.93,10.95,10.98,11.01,11.06,11.12,11.17,11.23,11.16,11.09,11.02,10.95,10.97,10.99,11.01,11.03,11.19,11.35,11.51,11.66,11.74,11.82,11.89,11.97,11.93,11.89,11.86,11.82,11.77,11.72,11.66,11.61,11.64,11.67,11.7,11.73,11.66,11.6,11.53,11.46,11.41,11.36,11.3,11.25,11.19,11.14,11.08,11.02,10.98,10.94,10.9,10.85,10.76,10.66,10.57,10.47,10.37,10.26,10.16,10.05,9.92,9.79,9.67,9.54,9.49,9.43,9.38,9.33,9.29,9.26,9.22,9.18,9.17,9.16,9.14,9.13,9.09,9.05,9.01,8.98,8.98,8.99,8.99,9.0,9.06,9.11,9.17,9.23,9.27,9.32,9.36,9.4,9.46,9.51,9.56,9.61,9.79,9.96,10.14,10.31,10.61,10.9,11.2,11.49,11.78,12.06,12.35,12.63,12.77,12.9,13.04,13.17,13.25,13.33,13.41,13.49,13.44,13.39,13.34,13.29,13.17,13.04,12.92,12.8,12.64,12.48,12.31,12.15,,
2019-03-16T00:00:00+00:00,10.13,10.06,9.98,9.85,9.72,9.58,9.45,9.46,9.47,9.47,9.48,9.45,9.41,9.38,9.34,9.37,9.39,9.41,9.43,9.43,9.42,9.41,9.41,9.42,9.43,9.44,9.45,9.52,9.59,9.65,9.72,9.77,9.81,9.86,9.9,10.04,10.17,10.31,10.45,10.95,11.46,11.96,12.46,12.72,12.97,13.22,13.47,13.65,13.82,14.0,14.17,14.25,14.34,14.42,14.5,14.46,14.42,14.38,14.35,14.21,14.08,13.95,13.82,13.62,13.42,13.22,13.01,12.85,12.68,12.51,12.35,12.18,12.02,11.85,11.69,11.55,11.42,11.28,11.15,11.04,10.93,10.82,10.72,10.61,10.51,10.4,10.3,10.07,9.85,9.62,9.39,9.26,9.12,8.99,8.85,8.86,8.87,8.87,8.88,8.89,8.9,8.9,8.91,8.92,8.93,8.94,8.95,8.38,7.81,7.24,6.67,6.58,6.49,6.4,6.31,6.32,6.34,6.35,6.37,6.48,6.6,6.72,6.84,6.89,6.95,7.01,7.06,7.24,7.41,7.58,7.75,7.81,7.86,7.91,7.96,7.83,7.69,7.56,7.43,7.61,7.79,7.98,8.16,8.13,8.1,8.08,8.05,7.64,7.23,6.82,6.41,6.59,6.77,6.94,7.12,7.17,7.21,7.25,7.3,7.12,6.94,6.77,6.59,,
2019-03-17T00:00:00+00:00,8.56,8.5,8.44,8.46,8.48,8.51,8.53,8.65,8.76,8.88,9.0,8.7,8.4,8.1,7.8,7.53,7.26,6.99,6.72,6.7,6.68,6.67,6.65,6.88,7.12,7.36,7.59,7.67,7.74,7.81,7.88,8.01,8.14,8.27,8.4,8.16,7.93,7.7,7.46,7.84,8.21,8.59,8.96,9.0,9.04,9.07,9.11,8.9,8.69,8.48,8.27,8.21,8.16,8.1,8.05,8.03,8.01,8.0,7.98,7.92,7.87,7.82,7.76,7.4,7.03,6.66,6.29,6.04,5.79,5.53,5.28,5.1,4.92,4.75,4.57,4.42,4.28,4.13,3.99,3.87,3.75,3.63,3.51,3.53,3.56,3.58,3.61,3.75,3.88,4.02,4.16,4.18,4.2,4.21,4.23,4.23,4.23,4.23,4.23,4.3,4.36,4.43,4.5,4.37,4.25,4.13,4.01,3.89,3.77,3.65,3.53,3.37,3.2,3.03,2.86,3.07,3.27,3.48,3.68,4.1,4.52,4.94,5.35,5.82,6.3,6.77,7.24,7.51,7.78,8.05,8.32,8.55,8.79,9.03,9.26,9.02,8.78,8.54,8.3,8.81,9.31,9.82,10.33,10.39,10.45,10.5,10.56,10.56,10.56,10.56,10.56,10.48,10.4,10.32,10.24,10.04,9.83,9.63,9.43,9.12,8.8,8.49,8.18,,
2019-03-18T00:00:00+00:00,3.78,4.1,4.42,4.32,4.22,4.13,4.03,3.91,3.8,3.69,3.57,3.46,3.35,3.24,3.13,3.1,3.07,3.04,3.02,3.24,3.47,3.7,3.93,4.43,4.93,5.44,5.94,6.32,6.7,7.07,7.45,7.65,7.85,8.05,8.26,8.34,8.43,8.51,8.6,8.78,8.95,9.13,9.31,9.44,9.57,9.71,9.84,9.95,10.06,10.18,10.29,10.28,10.27,10.26,10.25,9.45,8.64,7.84,7.04,6.88,6.73,6.57,6.42,6.39,6.37,6.34,6.31,6.22,6.13,6.03,5.94,5.92,5.89,5.86,5.84,5.85,5.87,5.89,5.9,5.82,5.73,5.64,5.56,5.49,5.42,5.35,5.28,4.98,4.68,4.39,4.09,3.91,3.72,3.54,3.36,3.29,3.23,3.16,3.1,3.15,3.19,3.24,3.29,3.19,3.08,2.97,2.86,2.77,2.68,2.58,2.49,2.41,2.34,2.26,2.19,2.39,2.59,2.79,2.99,3.43,3.87,4.31,4.74,5.24,5.73,6.23,6.72,7.09,7.45,7.82,8.18,8.42,8.66,8.9,9.14,9.33,9.51,9.7,9.89,10.08,10.27,10.47,10.66,10.74,10.81,10.89,10.96,11.03,11.1,11.16,11.23,11.25,11.26,11.28,11.3,11.24,11.18,11.12,11.07,10.8,10.53,10.26,10.0,,
2019-03-19T00:00:00+00:00,3.32,3.27,3.21,3.08,2.96,2.83,2.7,2.64,2.58,2.52,2.46,2.37,2.28,2.2,2.11,2.05,1.98,1.92,1.86,2.15,2.44,2.73,3.02,3.53,4.04,4.54,5.05,5.46,5.86,6.27,6.67,7.06,7.46,7.85,8.25,8.59,8.94,9.29,9.64,9.85,10.07,10.28,10.49,10.65,10.8,10.95,11.11,11.24,11.37,11.51,11.64,11.71,11.78,11.85,11.92,11.94,11.96,11.98,12.0,11.8,11.6,11.4,11.2,10.93,10.65,10.37,10.09,9.77,9.45,9.13,8.8,8.59,8.37,8.16,7.94,7.71,7.49,7.26,7.03,6.88,6.73,6.58,6.42,6.32,6.21,6.11,6.0,5.85,5.71,5.56,5.42,5.32,5.21,5.11,5.01,4.95,4.9,4.85,4.8,4.95,5.11,5.27,5.42,5.35,5.27,5.19,5.11,5.05,4.99,4.94,4.88,5.03,5.18,5.33,5.48,5.66,5.84,6.02,6.2,6.48,6.76,7.03,7.31,7.88,8.45,9.02,9.59,9.89,10.2,10.5,10.8,10.99,11.19,11.38,11.58,11.78,11.99,12.19,12.4,12.53,12.67,12.8,12.94,13.08,13.22,13.36,13.5,13.49,13.48,13.47,13.46,13.33,13.2,13.07,12.94,12.76,12.58,12.39,12.21,12.05,11.9,11.75,11.6,,
2019-03-20T00:00:00+00:00,4.54,4.43,4.32,4.31,4.31,4.31,4.31,4.27,4.23,4.19,4.15,4.0,3.86,3.71,3.57,3.62,3.68,3.74,3.79,4.05,4.32,4.58,4.84,5.28,5.73,6.17,6.61,7.13,7.65,8.16,8.68,9.09,9.51,9.92,10.33,10.62,10.9,11.18,11.46,11.66,11.87,12.08,12.28,12.38,12.48,12.58,12.67,12.76,12.85,12.94,13.03,13.02,13.02,13.01,13.0,13.01,13.01,13.01,13.01,12.91,12.81,12.7,12.6,12.31,12.03,11.75,11.47,11.35,11.22,11.1,10.97,10.71,10.44,10.17,9.9,9.63,9.36,9.09,8.82,8.64,8.46,8.28,8.11,7.97,7.84,7.7,7.57,7.43,7.29,7.16,7.02,6.91,6.79,6.68,6.56,6.45,6.35,6.24,6.13,5.98,5.83,5.68,5.52,5.41,5.3,5.19,5.08,4.96,4.85,4.74,4.63,4.64,4.65,4.67,4.68,4.91,5.14,5.38,5.61,6.22,6.82,7.43,8.03,8.6,9.16,9.72,10.28,10.68,11.09,11.49,11.9,12.2,12.51,12.82,13.13,13.39,13.66,13.92,14.19,14.41,14.64,14.87,15.1,15.2,15.29,15.39,15.49,15.51,15.54,15.57,15.59,15.51,15.42,15.33,15.24,15.04,14.84,14.64,14.45,14.09,13.74,13.39,13.03,,
2019-03-21T00:00:00+00:00,5.68,5.68,5.67,5.64,5.62,5.59,5.57,5.62,5.66,5.71,5.75,5.75,5.75,5.74,5.74,5.53,5.31,5.1,4.88,5.06,5.24,5.41,5.59,6.12,6.66,7.19,7.73,8.34,8.95,9.56,10.16,10.57,10.98,11.39,11.8,12.08,12.37,12.66,12.94,13.13,13.31,13.5,13.68,13.84,13.99,14.15,14.3,14.54,14.78,15.02,15.25,15.21,15.17,15.13,15.09,15.02,14.94,14.87,14.8,14.62,14.44,14.26,14.08,13.71,13.35,12.99,12.62,12.25,11.88,11.51,11.14,10.87,10.59,10.32,10.04,9.86,9.69,9.51,9.34,9.2,9.06,8.93,8.79,8.64,8.49,8.34,8.18,8.04,7.89,7.75,7.6,7.41,7.22,7.03,6.84,6.61,6.39,6.16,5.93,5.72,5.52,5.31,5.11,4.9,4.7,4.49,4.29,4.44,4.59,4.74,4.89,4.94,4.98,5.03,5.08,5.06,5.04,5.02,4.99,5.12,5.24,5.36,5.48,5.86,6.25,6.63,7.02,7.56,8.11,8.65,9.2,9.76,10.32,10.89,11.45,11.94,12.43,12.92,13.41,13.74,14.06,14.38,14.71,14.9,15.1,15.29,15.49,15.49,15.5,15.5,15.51,15.52,15.52,15.53,15.54,15.35,15.15,14.96,14.77,14.42,14.08,13.73,13.39,,
2019-03-22T00:00:00+00:00,7.11,7.0,6.88,6.74,6.6,6.46,6.32,6.17,6.02,5.87,5.72,5.64,5.56,5.48,5.4,5.34,5.28,5.23,5.17,5.35,5.53,5.72,5.9,6.17,6.43,6.7,6.96,7.45,7.93,8.41,8.9,9.54,10.19,10.84,11.49,12.04,12.6,13.15,13.7,14.21,14.73,15.24,15.76,15.93,16.1,16.26,16.43,16.51,16.58,16.66,16.73,16.7,16.66,16.62,16.58,16.49,16.4,16.3,16.21,15.99,15.76,15.54,15.32,14.91,14.5,14.09,13.68,13.32,12.97,12.62,12.26,11.95,11.64,11.33,11.02,10.75,10.48,10.21,9.94,9.7,9.46,9.22,8.98,8.79,8.59,8.4,8.21,8.05,7.89,7.73,7.57,7.45,7.33,7.2,7.08,7.0,6.91,6.83,6.75,6.62,6.5,6.38,6.25,6.15,6.05,5.94,5.84,5.56,5.28,5.0,4.72,4.92,5.13,5.34,5.55,5.63,5.7,5.78,5.85,5.92,5.99,6.06,6.13,6.39,6.65,6.91,7.16,7.56,7.95,8.35,8.74,9.11,9.48,9.84,10.21,10.62,11.03,11.44,11.85,12.11,12.37,12.63,12.89,12.93,12.97,13.01,13.05,13.05,13.05,13.04,13.04,13.15,13.27,13.38,13.49,13.43,13.37,13.31,13.25,12.99,12.73,12.47,12.22,,
2019-03-23T00:00:00+00:00,6.67,6.77,6.87,6.67,6.47,6.26,6.06,6.02,5.99,5.96,5.93,5.85,5.78,5.71,5.63,5.2,4.77,4.33,3.9,4.28,4.66,5.03,5.41,5.74,6.07,6.4,6.73,7.18,7.63,8.08,8.53,8.87,9.2,9.53,9.87,10.1,10.33,10.56,10.79,11.05,11.31,11.56,11.82,11.59,11.36,11.13,10.9,11.01,11.13,11.24,11.36,11.13,10.9,10.67,10.44,10.66,10.88,11.1,11.32,11.33,11.34,11.35,11.36,11.25,11.15,11.04,10.93,10.81,10.7,10.58,10.47,10.44,10.41,10.38,10.35,10.32,10.28,10.25,10.22,10.23,10.24,10.24,10.25,10.12,9.98,9.84,9.71,9.71,9.71,9.71,9.71,9.57,9.43,9.3,9.16,9.01,8.87,8.72,8.58,8.45,8.33,8.21,8.09,7.97,7.85,7.72,7.6,7.53,7.45,7.38,7.31,7.35,7.39,7.43,7.47,7.56,7.66,7.75,7.85,8.0,8.15,8.31,8.46,8.77,9.07,9.38,9.69,10.03,10.38,10.72,11.07,11.39,11.71,12.03,12.35,12.58,12.81,13.04,13.27,13.5,13.73,13.96,14.18,14.09,13.99,13.89,13.8,13.58,13.36,13.14,12.92,12.83,12.75,12.66,12.58,12.45,12.33,12.2,12.08,11.86,11.63,11.41,11.19,,
2019-03-24T00:00:00+00:00,6.75,6.66,6.58,6.47,6.36,6.25,6.15,5.83,5.51,5.19,4.87,4.91,4.94,4.97,5.0,5.07,5.13,5.19,5.26,5.49,5.73,5.96,6.2,6.53,6.86,7.19,7.52,7.88,8.25,8.61,8.97,9.27,9.58,9.88,10.19,10.53,10.87,11.21,11.55,11.78,12.02,12.26,12.5,12.71,12.93,13.14,13.36,13.44,13.52,13.6,13.68,13.56,13.44,13.32,13.2,13.1,12.99,12.89,12.78,12.49,12.2,11.92,11.63,11.22,10.81,10.4,9.99,9.64,9.29,8.93,8.58,8.37,8.15,7.94,7.72,7.38,7.03,6.69,6.34,6.12,5.9,5.68,5.45,5.27,5.08,4.9,4.71,4.56,4.41,4.26,4.11,4.06,4.01,3.95,3.9,3.81,3.71,3.62,3.52,3.44,3.35,3.26,3.17,3.15,3.13,3.1,3.08,3.06,3.05,3.04,3.02,3.01,3.0,2.98,2.97,3.26,3.55,3.84,4.14,4.65,5.17,5.68,6.2,6.45,6.71,6.96,7.22,7.63,8.04,8.45,8.86,9.1,9.34,9.59,9.83,9.98,10.14,10.29,10.45,10.58,10.72,10.85,10.99,11.06,11.14,11.21,11.28,11.25,11.22,11.19,11.16,11.04,10.92,10.8,10.68,10.47,10.26,10.05,9.85,9.54,9.23,8.93,8.62,,
2019-03-25T00:00:00+00:00,3.63,3.56,3.5,3.41,3.31,3.22,3.13,3.07,3.0,2.94,2.88,2.85,2.82,2.8,2.77,2.79,2.81,2.83,2.85,3.12,3.38,3.65,3.92,4.52,5.12,5.71,6.31,6.74,7.17,7.6,8.03,8.22,8.41,8.6,8.79,8.95,9.12,9.29,9.46,9.74,10.02,10.3,10.58,10.8,11.02,11.24,11.46,11.42,11.39,11.36,11.32,11.26,11.21,11.15,11.09,10.98,10.86,10.74,10.63,10.44,10.26,10.08,9.89,9.6,9.3,9.0,8.71,8.45,8.19,7.93,7.67,7.53,7.38,7.23,7.09,6.87,6.66,6.45,6.23,6.03,5.83,5.62,5.42,5.3,5.17,5.05,4.93,4.76,4.6,4.44,4.27,4.25,4.23,4.21,4.19,4.21,4.23,4.25,4.27,4.21,4.15,4.08,4.02,3.92,3.81,3.71,3.6,3.56,3.51,3.47,3.42,3.34,3.26,3.18,3.11,3.32,3.54,3.75,3.97,4.49,5.01,5.53,6.05,6.36,6.67,6.97,7.28,7.6,7.91,8.23,8.54,8.9,9.25,9.61,9.96,10.24,10.52,10.8,11.08,11.32,11.55,11.79,12.03,12.18,12.32,12.46,12.61,12.63,12.66,12.69,12.72,12.62,12.51,12.41,12.3,12.12,11.93,11.75,11.57,11.27,10.96,10.66,10.36,,
2019-03-26T00:00:00+00:00,5.89,5.82,5.75,5.58,5.42,5.26,5.09,4.99,4.89,4.79,4.69,4.51,4.33,4.15,3.97,3.91,3.86,3.8,3.75,3.93,4.12,4.31,4.49,4.92,5.35,5.77,6.2,6.55,6.91,7.26,7.62,7.96,8.3,8.65,8.99,9.27,9.55,9.82,10.1,10.33,10.56,10.79,11.01,11.21,11.41,11.6,11.8,11.88,11.96,12.04,12.12,12.13,12.14,12.15,12.16,12.09,12.02,11.96,11.89,11.76,11.63,11.5,11.37,11.08,10.8,10.51,10.22,9.88,9.54,9.2,8.86,8.58,8.31,8.03,7.75,7.53,7.31,7.1,6.88,6.71,6.54,6.37,6.2,5.99,5.78,5.57,5.36,5.17,4.97,4.77,4.57,4.38,4.19,4.0,3.82,3.69,3.56,3.43,3.3,3.21,3.12,3.03,2.94,2.88,2.82,2.76,2.71,2.81,2.9,3.0,3.1,3.06,3.02,2.97,2.93,3.19,3.46,3.72,3.98,4.61,5.24,5.87,6.51,6.96,7.41,7.87,8.32,8.75,9.19,9.62,10.05,10.37,10.69,11.01,11.33,11.57,11.81,12.05,12.29,12.44,12.59,12.74,12.89,12.98,13.08,13.17,13.26,13.25,13.25,13.25,13.25,13.19,13.13,13.07,13.01,12.88,12.74,12.6,12.46,12.18,11.91,11.63,11.35,,
2019-03-27T00:00:00+00:00,4.46,4.47,4.48,4.55,4.62,4.69,4.76,4.73,4.7,4.67,4.64,4.5,4.36,4.22,4.09,3.87,3.65,3.44,3.22,3.43,3.65,3.87,4.08,4.83,5.58,6.32,7.07,7.61,8.14,8.68,9.21,9.63,10.06,10.48,10.91,11.17,11.43,11.69,11.95,12.14,12.32,12.51,12.69,12.89,13.08,13.27,13.46,13.55,13.64,13.72,13.81,13.81,13.82,13.82,13.82,13.66,13.49,13.33,13.16,12.98,12.81,12.63,12.45,12.23,12.01,11.79,11.56,11.25,10.94,10.63,10.31,10.1,9.89,9.68,9.46,9.43,9.39,9.35,9.31,9.35,9.39,9.44,9.48,9.46,9.44,9.41,9.39,9.27,9.15,9.03,8.92,8.79,8.67,8.54,8.41,8.21,8.0,7.79,7.58,7.33,7.07,6.81,6.55,6.39,6.23,6.06,5.9,5.75,5.61,5.46,5.32,5.27,5.22,5.17,5.11,5.45,5.78,6.12,6.45,6.97,7.48,8.0,8.51,8.91,9.31,9.71,10.11,10.39,10.67,10.95,11.24,11.42,11.61,11.8,11.99,12.13,12.27,12.41,12.55,12.63,12.71,12.79,12.87,13.03,13.19,13.35,13.51,13.47,13.42,13.38,13.33,13.28,13.23,13.19,13.14,12.99,12.84,12.69,12.54,12.39,12.23,12.08,11.92,,
2019-03-28T00:00:00+00:00,6.0,5.93,5.87,5.72,5.57,5.42,5.27,5.27,5.28,5.29,5.3,5.21,5.11,5.02,4.92,4.78,4.63,4.48,4.33,4.69,5.05,5.41,5.76,6.32,6.88,7.43,7.99,8.43,8.87,9.32,9.76,10.14,10.52,10.9,11.28,11.6,11.91,12.23,12.55,12.77,13.0,13.22,13.45,13.55,13.66,13.77,13.88,13.93,13.97,14.02,14.07,14.13,14.19,14.25,14.31,14.24,14.17,14.1,14.03,13.89,13.76,13.62,13.48,13.25,13.01,12.77,12.54,12.34,12.13,11.93,11.73,11.56,11.4,11.23,11.06,10.88,10.7,10.51,10.33,10.11,9.9,9.68,9.46,9.29,9.11,8.93,8.76,8.62,8.48,8.34,8.2,8.01,7.83,7.64,7.45,7.3,7.14,6.98,6.83,6.71,6.59,6.48,6.36,6.24,6.13,6.01,5.9,5.78,5.66,5.55,5.43,5.42,5.4,5.39,5.37,5.7,6.02,6.35,6.68,7.16,7.64,8.12,8.6,9.03,9.45,9.88,10.31,10.79,11.27,11.75,12.23,12.75,13.27,13.79,14.31,14.71,15.11,15.51,15.91,16.11,16.3,16.5,16.69,16.8,16.91,17.02,17.13,17.15,17.17,17.19,17.21,17.07,16.93,16.79,16.65,16.46,16.28,16.1,15.91,15.68,15.45,15.22,14.99,,
2019-03-29T00:00:00+00:00,6.65,6.57,6.48,6.33,6.18,6.03,5.87,5.83,5.79,5.75,5.7,5.69,5.69,5.68,5.67,5.66,5.65,5.64,5.63,5.91,6.18,6.46,6.74,7.25,7.77,8.28,8.8,9.25,9.71,10.17,10.63,11.13,11.63,12.14,12.64,13.07,13.5,13.93,14.36,14.72,15.07,15.42,15.78,16.05,16.33,16.61,16.89,16.95,17.01,17.08,17.14,17.13,17.13,17.12,17.11,17.01,16.91,16.8,16.7,16.54,16.38,16.21,16.05,15.74,15.42,15.1,14.78,14.43,14.07,13.72,13.36,13.12,12.88,12.65,12.41,12.22,12.03,11.84,11.65,11.49,11.34,11.18,11.02,10.86,10.7,10.54,10.38,10.2,10.02,9.84,9.66,9.54,9.43,9.31,9.2,9.01,8.82,8.63,8.44,8.37,8.3,8.24,8.17,8.1,8.03,7.97,7.9,7.68,7.46,7.25,7.03,6.97,6.91,6.85,6.79,7.1,7.4,7.71,8.02,8.52,9.02,9.52,10.02,10.69,11.36,12.04,12.71,13.19,13.67,14.15,14.63,15.02,15.41,15.8,16.18,16.46,16.73,17.0,17.28,17.44,17.6,17.76,17.92,17.96,17.99,18.03,18.07,18.07,18.07,18.08,18.08,18.03,17.97,17.92,17.87,17.75,17.64,17.53,17.41,17.1,16.78,16.47,16.15,,
2019-03-30T00:00:00+00:00,8.01,8.03,8.05,8.01,7.98,7.95,7.92,7.67,7.43,7.18,6.93,6.81,6.69,6.57,6.45,6.64,6.83,7.02,7.21,7.44,7.66,7.89,8.11,8.69,9.26,9.83,10.41,10.91,11.41,11.91,12.41,12.81,13.22,13.62,14.03,14.46,14.88,15.31,15.74,16.05,16.36,16.67,16.98,17.2,17.41,17.62,17.83,17.9,17.97,18.04,18.1,18.08,18.06,18.03,18.01,17.93,17.86,17.78,17.71,17.6,17.5,17.4,17.29,16.98,16.68,16.37,16.06,15.75,15.44,15.13,14.81,14.54,14.27,14.0,13.73,13.34,12.95,12.56,12.17,12.0,11.84,11.67,11.5,11.34,11.18,11.02,10.86,10.73,10.59,10.46,10.33,10.2,10.07,9.94,9.81,9.6,9.4,9.2,9.0,8.9,8.8,8.71,8.61,8.58,8.55,8.52,8.49,8.43,8.36,8.3,8.23,8.11,7.99,7.87,7.75,8.23,8.7,9.18,9.66,10.37,11.09,11.81,12.53,13.16,13.78,14.41,15.03,15.5,15.97,16.44,16.91,17.11,17.3,17.5,17.69,17.82,17.95,18.08,18.21,18.33,18.45,18.57,18.69,18.7,18.71,18.71,18.72,18.67,18.62,18.58,18.53,18.44,18.36,18.27,18.19,18.05,17.91,17.77,17.63,17.08,16.52,15.97,15.42,,
2019-03-31T00:00:00+00:00,8.31,8.25,8.19,7.97,7.74,7.52,7.3,7.21,7.12,7.03,6.94,7.0,7.07,7.13,7.19,7.17,7.15,7.13,7.11,7.43,7.76,8.09,8.42,9.14,9.87,10.59,11.31,11.84,12.36,12.89,13.41,13.9,14.38,14.86,15.35,15.74,16.13,16.52,16.91,17.25,17.58,17.92,18.25,18.43,18.62,18.8,18.98,19.16,19.34,19.52,19.7,19.71,19.72,19.73,19.74,19.66,19.57,19.49,19.41,19.22,19.03,18.84,18.65,18.32,17.99,17.65,17.32,16.96,16.6,16.24,15.89,15.42,14.95,14.49,14.02,13.78,13.54,13.3,13.06,12.82,12.58,12.34,12.1,11.89,11.69,11.48,11.27,11.06,10.86,10.65,10.44,10.25,10.05,9.85,9.65,9.48,9.31,9.14,8.97,8.81,8.66,8.51,8.35,8.23,8.11,7.98,7.86,7.75,7.65,7.54,7.43,7.39,7.34,7.3,7.25,7.49,7.73,7.98,8.22,8.58,8.94,9.31,9.67,10.07,10.47,10.86,11.26,11.76,12.26,12.75,13.25,13.76,14.27,14.79,15.3,15.78,16.26,16.75,17.23,17.54,17.85,18.16,18.46,18.56,18.66,18.76,18.86,18.87,18.87,18.88,18.88,18.83,18.77,18.72,18.66,18.5,18.34,18.18,18.02,17.73,17.43,17.14,16.84,,
2019-04-01T00:00:00+00:00,9.17,8.97,8.77,8.63,8.48,8.33,8.18,8.06,7.94,7.82,7.71,7.57,7.44,7.31,7.17,7.09,7.02,6.94,6.86,7.13,7.39,7.65,7.92,8.38,8.84,9.31,9.77,10.21,10.65,11.09,11.53,12.03,12.54,13.04,13.54,14.13,14.72,15.31,15.9,16.41,16.91,17.41,17.92,18.19,18.47,18.74,19.02,19.16,19.3,19.45,19.59,19.5,19.42,19.34,19.26,19.18,19.1,19.02,18.95,18.86,18.77,18.68,18.59,18.37,18.14,17.92,17.7,17.44,17.18,16.91,16.65,15.64,14.64,13.63,12.62,12.87,13.12,13.38,13.63,13.62,13.62,13.61,13.6,13.54,13.49,13.43,13.37,13.07,12.77,12.47,12.17,11.99,11.82,11.64,11.47,11.23,10.99,10.75,10.52,10.29,10.06,9.83,9.6,9.52,9.43,9.35,9.26,9.05,8.85,8.64,8.43,8.3,8.18,8.05,7.93,8.09,8.25,8.41,8.57,8.97,9.37,9.78,10.18,10.73,11.28,11.82,12.37,12.74,13.12,13.49,13.86,14.2,14.53,14.87,15.2,15.29,15.37,15.45,15.54,15.08,14.61,14.15,13.69,13.43,13.16,12.9,12.63,12.27,11.91,11.55,11.19,10.17,9.16,8.14,7.12,7.01,6.9,6.79,6.67,6.7,6.72,6.74,6.77,,
2019-04-02T00:00:00+00:00,13.42,13.82,14.21,13.91,13.6,13.29,12.99,12.84,12.69,12.55,12.4,12.2,11.99,11.79,11.58,11.58,11.57,11.57,11.57,11.68,11.8,11.91,12.03,12.1,12.17,12.24,12.31,12.44,12.57,12.71,12.84,12.92,13.01,13.09,13.17,13.38,13.58,13.78,13.99,14.05,14.1,14.16,14.22,13.41,12.59,11.78,10.97,11.04,11.12,11.19,11.27,11.22,11.16,11.11,11.06,10.63,10.2,9.78,9.35,8.82,8.28,7.75,7.22,7.12,7.03,6.94,6.84,6.68,6.52,6.36,6.2,6.11,6.03,5.94,5.86,5.8,5.74,5.68,5.62,5.62,5.62,5.62,5.62,5.62,5.62,5.62,5.62,5.58,5.53,5.49,5.44,5.39,5.35,5.3,5.25,5.17,5.09,5.01,4.93,4.84,4.74,4.65,4.55,4.48,4.41,4.34,4.27,4.22,4.17,4.12,4.07,3.97,3.88,3.79,3.7,3.82,3.95,4.08,4.21,4.42,4.64,4.85,5.07,5.25,5.43,5.61,5.78,6.0,6.22,6.44,6.66,6.86,7.07,7.28,7.48,7.64,7.79,7.95,8.11,8.25,8.4,8.55,8.7,8.78,8.87,8.96,9.05,9.13,9.22,9.31,9.4,9.37,9.33,9.3,9.27,8.76,8.25,7.74,7.23,7.07,6.9,6.74,6.58,,
2019-04-03T00:00:00+00:00,4.88,4.77,4.67,4.57,4.47,4.38,4.28,4.28,4.28,4.28,4.28,4.29,4.3,4.31,4.31,4.21,4.11,4.0,3.9,3.92,3.95,3.98,4.01,4.08,4.16,4.23,4.31,4.59,4.87,5.16,5.44,5.58,5.72,5.86,6.0,6.12,6.24,6.37,6.49,6.54,6.58,6.63,6.67,6.81,6.95,7.1,7.24,7.49,7.75,8.01,8.26,8.1,7.94,7.78,7.63,8.0,8.38,8.76,9.13,9.13,9.14,9.14,9.14,8.88,8.62,8.37,8.11,7.78,7.46,7.13,6.8,6.43,6.06,5.69,5.32,5.24,5.15,5.07,4.98,5.02,5.06,5.1,5.14,5.1,5.07,5.03,5.0,4.72,4.45,4.18,3.91,3.79,3.68,3.56,3.44,3.41,3.39,3.36,3.33,3.34,3.35,3.36,3.37,3.11,2.86,2.6,2.35,2.08,1.81,1.54,1.26,1.13,1.0,0.86,0.73,0.77,0.8,0.84,0.87,1.1,1.33,1.56,1.79,2.11,2.43,2.75,3.07,3.57,4.07,4.57,5.06,5.54,6.02,6.49,6.97,7.23,7.49,7.75,8.01,8.28,8.56,8.83,9.11,9.36,9.61,9.85,10.1,10.18,10.26,10.34,10.43,10.43,10.43,10.44,10.44,10.38,10.31,10.24,10.18,9.99,9.8,9.6,9.41,,
2019-04-04T00:00:00+00:00,2.25,2.01,1.77,1.65,1.53,1.41,1.29,1.22,1.16,1.09,1.02,0.82,0.62,0.42,0.21,0.07,-0.06,-0.2,-0.34,-0.14,0.06,0.26,0.46,0.76,1.07,1.38,1.69,2.03,2.36,2.7,3.04,3.61,4.19,4.76,5.34,5.86,6.38,6.9,7.42,7.81,8.19,8.57,8.96,9.26,9.56,9.86,10.16,10.25,10.34,10.43,10.52,10.53,10.54,10.55,10.55,10.55,10.55,10.55,10.56,10.51,10.46,10.42,10.37,10.2,10.02,9.84,9.66,9.33,9.0,8.67,8.35,8.13,7.91,7.69,7.47,7.33,7.19,7.05,6.9,6.71,6.52,6.32,6.13,5.9,5.67,5.44,5.21,5.04,4.88,4.72,4.56,4.37,4.17,3.98,3.79,3.72,3.66,3.6,3.53,3.41,3.28,3.15,3.03,2.9,2.77,2.65,2.52,2.47,2.42,2.37,2.32,2.34,2.36,2.39,2.41,2.71,3.02,3.32,3.63,4.18,4.74,5.3,5.86,6.45,7.04,7.63,8.21,8.69,9.17,9.64,10.12,10.48,10.85,11.21,11.58,11.79,12.0,12.21,12.42,12.41,12.41,12.4,12.4,12.45,12.49,12.54,12.59,12.61,12.64,12.66,12.68,12.57,12.45,12.34,12.22,12.19,12.15,12.11,12.08,11.92,11.76,11.6,11.44,,
2019-04-05T00:00:00+00:00,2.69,2.58,2.47,2.42,2.37,2.33,2.28,2.17,2.07,1.96,1.86,1.78,1.7,1.63,1.55,1.57,1.59,1.61,1.63,1.95,2.28,2.6,2.93,3.41,3.9,4.38,4.86,5.46,6.06,6.66,7.26,7.7,8.14,8.58,9.02,9.41,9.81,10.2,10.6,10.77,10.95,11.13,11.31,11.47,11.64,11.8,11.96,11.98,11.99,12.01,12.03,12.06,12.09,12.13,12.16,12.17,12.17,12.18,12.19,12.1,12.01,11.93,11.84,11.65,11.46,11.26,11.07,10.8,10.53,10.26,9.99,9.77,9.55,9.33,9.11,8.95,8.79,8.63,8.47,8.33,8.19,8.05,7.91,7.78,7.64,7.51,7.38,7.23,7.09,6.94,6.8,6.71,6.62,6.53,6.44,6.38,6.32,6.25,6.19,6.1,6.02,5.93,5.85,5.69,5.53,5.38,5.22,5.02,4.82,4.62,4.42,4.41,4.4,4.39,4.38,4.71,5.05,5.38,5.72,6.23,6.75,7.27,7.78,8.33,8.88,9.42,9.97,10.5,11.04,11.58,12.11,12.74,13.38,14.01,14.64,14.98,15.33,15.67,16.01,16.18,16.36,16.53,16.7,16.41,16.12,15.84,15.55,15.35,15.14,14.94,14.74,14.62,14.5,14.38,14.26,13.92,13.59,13.26,12.92,12.57,12.22,11.87,11.51,,
2019-04-06T00:00:00+00:00,6.48,6.38,6.28,6.11,5.94,5.77,5.6,5.56,5.52,5.48,5.45,5.41,5.38,5.34,5.31,5.24,5.17,5.09,5.02,5.26,5.5,5.75,5.99,6.55,7.1,7.66,8.22,8.82,9.43,10.03,10.64,11.2,11.76,12.32,12.88,13.17,13.46,13.75,14.05,14.41,14.77,15.13,15.49,15.88,16.27,16.65,17.04,17.16,17.28,17.4,17.53,17.59,17.65,17.71,17.77,17.54,17.31,17.09,16.86,16.65,16.45,16.24,16.04,15.71,15.38,15.04,14.71,14.18,13.64,13.11,12.57,12.45,12.32,12.19,12.07,11.92,11.77,11.63,11.48,11.32,11.17,11.01,10.85,10.75,10.66,10.57,10.47,10.45,10.43,10.42,10.4,10.2,10.0,9.8,9.6,9.4,9.21,9.01,8.81,8.5,8.18,7.87,7.55,7.45,7.35,7.26,7.16,7.08,7.0,6.93,6.85,6.83,6.81,6.79,6.77,6.97,7.17,7.37,7.56,7.96,8.36,8.76,9.16,9.39,9.62,9.84,10.07,10.49,10.9,11.31,11.73,12.1,12.47,12.85,13.22,13.49,13.76,14.03,14.3,14.47,14.64,14.81,14.98,15.11,15.24,15.37,15.5,15.55,15.61,15.66,15.71,15.69,15.67,15.65,15.62,15.5,15.37,15.25,15.12,14.9,14.68,14.45,14.23,,
2019-04-07T00:00:00+00:00,8.05,7.91,7.77,7.61,7.45,7.29,7.13,7.06,6.99,6.92,6.85,6.82,6.79,6.76,6.73,6.77,6.81,6.86,6.9,7.06,7.22,7.37,7.53,7.87,8.21,8.55,8.88,9.36,9.84,10.31,10.79,11.18,11.58,11.98,12.37,12.46,12.54,12.63,12.72,12.8,12.89,12.97,13.06,13.22,13.39,13.55,13.71,13.95,14.2,14.44,14.68,14.75,14.83,14.9,14.98,15.0,15.03,15.06,15.09,15.03,14.98,14.92,14.87,14.65,14.42,14.2,13.98,13.6,13.22,12.85,12.47,12.17,11.87,11.57,11.27,11.02,10.78,10.54,10.29,10.07,9.84,9.62,9.39,9.2,9.0,8.81,8.61,8.46,8.31,8.15,8.0,7.84,7.69,7.53,7.38,7.37,7.35,7.34,7.33,7.24,7.15,7.06,6.97,6.98,6.98,6.98,6.99,7.02,7.06,7.09,7.13,7.28,7.43,7.58,7.73,8.04,8.34,8.65,8.96,9.43,9.9,10.37,10.84,11.33,11.82,12.31,12.8,13.13,13.46,13.79,14.12,14.31,14.51,14.7,14.89,15.08,15.26,15.44,15.63,15.74,15.85,15.96,16.07,16.15,16.22,16.29,16.36,16.38,16.4,16.42,16.45,16.42,16.39,16.37,16.34,16.23,16.12,16.01,15.89,15.67,15.46,15.24,15.02,,
2019-04-08T00:00:00+00:00,7.55,7.55,7.55,7.53,7.52,7.5,7.49,7.49,7.49,7.49,7.49,7.41,7.32,7.24,7.16,7.15,7.15,7.14,7.14,7.53,7.93,8.33,8.72,9.33,9.93,10.53,11.14,11.6,12.07,12.53,12.99,13.16,13.33,13.5,13.68,13.74,13.8,13.86,13.92,14.14,14.37,14.59,14.82,14.96,15.11,15.25,15.4,15.56,15.73,15.89,16.05,16.06,16.06,16.06,16.06,16.0,15.95,15.89,15.84,15.8,15.77,15.73,15.69,15.47,15.25,15.03,14.81,14.47,14.13,13.79,13.45,13.18,12.91,12.63,12.36,12.36,12.36,12.37,12.37,12.19,12.01,11.83,11.65,11.55,11.44,11.34,11.24,11.13,11.03,10.93,10.83,10.72,10.62,10.51,10.4,10.34,10.27,10.21,10.14,9.99,9.84,9.69,9.54,9.49,9.44,9.38,9.33,9.4,9.47,9.54,9.62,9.6,9.58,9.57,9.55,9.73,9.91,10.09,10.27,10.75,11.23,11.71,12.19,12.5,12.81,13.12,13.43,13.69,13.95,14.22,14.48,14.68,14.88,15.07,15.27,15.44,15.61,15.78,15.94,16.11,16.28,16.44,16.61,16.67,16.73,16.8,16.86,16.85,16.84,16.83,16.82,16.72,16.63,16.53,16.44,16.19,15.93,15.68,15.43,15.11,14.79,14.47,14.15,,
2019-04-09T00:00:00+00:00,8.16,8.03,7.9,7.85,7.81,7.76,7.72,7.72,7.72,7.73,7.73,7.89,8.06,8.22,8.39,8.7,9.01,9.32,9.63,9.77,9.91,10.04,10.18,10.28,10.38,10.49,10.59,10.81,11.03,11.25,11.47,11.57,11.68,11.78,11.89,11.76,11.64,11.51,11.39,11.37,11.36,11.34,11.32,11.48,11.64,11.81,11.97,12.16,12.35,12.54,12.73,12.88,13.02,13.17,13.32,13.3,13.27,13.24,13.21,13.03,12.84,12.66,12.47,12.25,12.03,11.81,11.59,11.31,11.04,10.76,10.49,10.36,10.24,10.11,9.99,9.79,9.59,9.39,9.19,9.1,9.01,8.91,8.82,8.77,8.73,8.69,8.64,8.55,8.46,8.37,8.28,8.21,8.14,8.06,7.99,8.08,8.17,8.26,8.35,8.41,8.46,8.51,8.57,8.62,8.67,8.73,8.78,8.79,8.81,8.82,8.83,8.92,9.0,9.09,9.17,9.33,9.49,9.64,9.8,10.09,10.38,10.67,10.96,10.86,10.76,10.66,10.56,10.43,10.3,10.18,10.05,10.46,10.86,11.26,11.66,11.31,10.96,10.61,10.25,9.9,9.54,9.19,8.84,8.72,8.61,8.49,8.38,8.45,8.53,8.61,8.68,9.09,9.5,9.91,10.31,10.46,10.6,10.74,10.88,10.83,10.78,10.74,10.69,,
2019-04-10T00:00:00+00:00,8.8,8.82,8.83,8.74,8.66,8.58,8.5,8.6,8.71,8.81,8.91,8.98,9.05,9.12,9.18,9.27,9.36,9.44,9.53,9.65,9.76,9.88,9.99,10.09,10.19,10.28,10.38,10.42,10.45,10.49,10.52,10.58,10.65,10.71,10.78,10.49,10.21,9.93,9.64,9.87,10.1,10.33,10.56,10.52,10.48,10.44,10.41,10.6,10.79,10.97,11.16,11.47,11.78,12.08,12.39,12.35,12.3,12.26,12.21,12.3,12.4,12.49,12.58,12.45,12.33,12.21,12.09,11.82,11.55,11.29,11.02,10.77,10.52,10.26,10.01,9.8,9.59,9.38,9.17,8.98,8.8,8.61,8.43,8.22,8.02,7.82,7.62,7.41,7.2,6.98,6.77,6.57,6.36,6.16,5.95,5.83,5.7,5.57,5.45,5.42,5.4,5.37,5.34,5.23,5.11,5.0,4.88,4.73,4.59,4.44,4.29,4.14,3.99,3.83,3.68,3.86,4.03,4.21,4.38,4.75,5.11,5.47,5.84,6.31,6.77,7.24,7.71,8.24,8.77,9.3,9.83,10.25,10.66,11.08,11.49,11.78,12.06,12.35,12.63,12.78,12.93,13.07,13.22,13.29,13.37,13.44,13.52,13.53,13.55,13.56,13.58,13.47,13.36,13.26,13.15,12.92,12.69,12.45,12.22,11.89,11.56,11.22,10.89,,
2019-04-11T00:00:00+00:00,5.39,5.3,5.22,5.09,4.97,4.85,4.72,4.53,4.35,4.16,3.97,3.75,3.53,3.3,3.08,3.01,2.94,2.87,2.8,3.15,3.5,3.85,4.2,4.65,5.11,5.56,6.01,6.48,6.95,7.42,7.89,8.41,8.92,9.43,9.95,10.33,10.72,11.1,11.49,11.73,11.97,12.21,12.45,12.66,12.87,13.09,13.3,13.41,13.52,13.64,13.75,13.73,13.71,13.69,13.67,13.51,13.35,13.19,13.03,12.81,12.59,12.36,12.14,11.8,11.47,11.13,10.8,10.46,10.12,9.79,9.45,9.24,9.03,8.82,8.61,8.44,8.27,8.1,7.92,7.78,7.63,7.48,7.34,7.17,7.01,6.85,6.68,6.34,6.0,5.66,5.32,5.11,4.91,4.7,4.5,4.31,4.12,3.93,3.74,3.52,3.31,3.09,2.87,2.75,2.62,2.5,2.37,2.28,2.18,2.08,1.98,2.09,2.19,2.3,2.4,2.96,3.52,4.07,4.63,5.15,5.67,6.19,6.71,7.14,7.56,7.99,8.42,8.79,9.16,9.53,9.9,10.2,10.49,10.78,11.08,11.3,11.51,11.73,11.94,12.1,12.25,12.41,12.56,12.62,12.68,12.73,12.79,12.74,12.7,12.65,12.61,12.46,12.31,12.17,12.02,11.82,11.63,11.43,11.23,10.93,10.63,10.33,10.03,,
2019-04-12T00:00:00+00:00,4.04,3.83,3.63,3.43,3.24,3.04,2.85,2.68,2.52,2.36,2.2,2.09,1.99,1.88,1.77,1.84,1.91,1.98,2.05,2.55,3.05,3.55,4.04,4.63,5.22,5.8,6.39,6.76,7.14,7.52,7.9,8.16,8.43,8.69,8.96,9.25,9.54,9.83,10.12,10.37,10.61,10.86,11.11,11.28,11.46,11.63,11.81,11.92,12.03,12.14,12.26,12.27,12.28,12.3,12.31,12.17,12.02,11.87,11.73,11.52,11.31,11.11,10.9,10.6,10.31,10.01,9.71,9.36,9.0,8.65,8.29,8.07,7.85,7.63,7.4,7.21,7.01,6.81,6.62,6.47,6.31,6.16,6.01,5.87,5.73,5.58,5.44,5.3,5.16,5.02,4.88,4.74,4.6,4.45,4.31,4.11,3.91,3.71,3.51,3.35,3.19,3.02,2.86,2.75,2.65,2.54,2.44,2.33,2.22,2.11,2.0,2.02,2.05,2.07,2.1,2.45,2.8,3.15,3.5,3.92,4.34,4.76,5.18,5.61,6.04,6.48,6.91,7.24,7.58,7.91,8.24,8.5,8.76,9.02,9.28,9.48,9.69,9.9,10.1,10.25,10.39,10.54,10.68,10.76,10.83,10.9,10.98,10.97,10.97,10.96,10.95,10.83,10.71,10.58,10.46,10.24,10.02,9.8,9.58,9.26,8.93,8.61,8.28,,
2019-04-13T00:00:00+00:00,2.76,2.63,2.5,2.42,2.35,2.27,2.2,2.1,2.0,1.9,1.8,1.67,1.53,1.4,1.27,1.37,1.47,1.56,1.66,2.06,2.47,2.87,3.27,3.56,3.85,4.14,4.43,4.73,5.03,5.33,5.63,5.96,6.29,6.63,6.96,7.25,7.54,7.83,8.11,8.35,8.59,8.83,9.06,9.22,9.37,9.52,9.67,9.76,9.85,9.95,10.04,10.05,10.06,10.08,10.09,10.01,9.92,9.84,9.76,9.59,9.43,9.26,9.1,8.84,8.58,8.32,8.06,7.74,7.41,7.09,6.77,6.53,6.3,6.06,5.83,5.59,5.35,5.12,4.88,4.67,4.46,4.25,4.04,3.88,3.71,3.54,3.38,3.18,2.99,2.8,2.61,2.47,2.33,2.19,2.05,1.98,1.9,1.83,1.75,1.64,1.52,1.41,1.29,1.18,1.07,0.95,0.84,0.7,0.55,0.41,0.27,0.34,0.42,0.5,0.57,1.0,1.44,1.87,2.3,2.81,3.31,3.82,4.32,4.7,5.08,5.46,5.84,6.22,6.6,6.98,7.35,7.68,8.0,8.32,8.65,8.91,9.17,9.43,9.69,9.85,10.0,10.15,10.3,10.37,10.44,10.51,10.58,10.64,10.7,10.75,10.81,10.8,10.79,10.77,10.76,10.69,10.61,10.54,10.46,10.29,10.11,9.93,9.75,,
2019-04-14T00:00:00+00:00,1.52,1.38,1.25,1.11,0.97,0.82,0.68,0.53,0.39,0.25,0.1,-0.01,-0.12,-0.23,-0.35,-0.25,-0.16,-0.07,0.03,0.51,0.99,1.47,1.95,2.45,2.95,3.45,3.95,4.37,4.79,5.21,5.64,5.99,6.34,6.69,7.04,7.34,7.64,7.94,8.23,8.51,8.79,9.07,9.35,9.57,9.78,10.0,10.22,10.34,10.47,10.59,10.72,10.72,10.72,10.72,10.72,10.71,10.71,10.7,10.69,10.58,10.47,10.36,10.24,10.03,9.81,9.59,9.37,9.08,8.79,8.5,8.21,7.97,7.72,7.48,7.24,7.01,6.78,6.55,6.32,6.13,5.94,5.75,5.55,5.37,5.19,5.01,4.83,4.71,4.59,4.47,4.35,4.28,4.22,4.16,4.09,3.98,3.86,3.74,3.62,3.48,3.33,3.19,3.04,2.94,2.84,2.74,2.64,2.59,2.54,2.48,2.43,2.56,2.7,2.83,2.97,3.4,3.84,4.27,4.71,5.26,5.81,6.36,6.91,7.57,8.23,8.88,9.54,10.05,10.55,11.05,11.55,11.91,12.27,12.64,13.0,13.25,13.5,13.75,14.0,14.2,14.41,14.61,14.81,14.96,15.12,15.27,15.42,15.51,15.6,15.69,15.78,15.75,15.72,15.7,15.67,15.55,15.42,15.29,15.17,14.98,14.8,14.62,14.43,,
2019-04-15T00:00:00+00:00,2.35,2.32,2.3,2.21,2.13,2.05,1.96,1.91,1.85,1.8,1.74,1.66,1.58,1.5,1.41,1.58,1.75,1.92,2.09,2.55,3.01,3.47,3.93,4.64,5.34,6.05,6.76,7.38,8.0,8.62,9.24,9.72,10.21,10.7,11.18,11.52,11.86,12.2,12.54,12.82,13.1,13.38,13.66,13.88,14.1,14.32,14.54,14.73,14.91,15.1,15.29,15.35,15.42,15.48,15.55,15.53,15.52,15.51,15.49,15.43,15.37,15.31,15.25,15.05,14.85,14.66,14.46,14.19,13.92,13.65,13.38,13.14,12.9,12.66,12.42,12.24,12.06,11.88,11.7,11.51,11.31,11.12,10.92,10.71,10.51,10.3,10.09,9.91,9.73,9.54,9.36,9.2,9.04,8.88,8.72,8.66,8.6,8.54,8.48,8.42,8.36,8.3,8.24,8.12,8.0,7.89,7.77,7.69,7.61,7.53,7.45,7.5,7.55,7.6,7.65,7.88,8.1,8.32,8.54,8.72,8.9,9.09,9.27,9.69,10.11,10.53,10.96,11.19,11.43,11.67,11.91,11.86,11.82,11.78,11.73,11.45,11.17,10.89,10.61,10.44,10.28,10.11,9.94,9.83,9.73,9.62,9.51,9.64,9.78,9.91,10.05,10.09,10.13,10.17,10.21,10.17,10.13,10.08,10.04,9.97,9.91,9.84,9.77,,
2019-04-16T00:00:00+00:00,9.7,9.67,9.63,9.61,9.59,9.56,9.54,9.49,9.43,9.38,9.33,9.01,8.7,8.39,8.08,8.07,8.07,8.06,8.05,8.2,8.34,8.48,8.62,8.73,8.84,8.96,9.07,9.28,9.49,9.7,9.91,9.93,9.94,9.95,9.97,9.88,9.79,9.7,9.61,9.6,9.6,9.6,9.59,9.64,9.69,9.74,9.79,9.93,10.06,10.2,10.33,10.35,10.37,10.38,10.4,10.47,10.55,10.63,10.7,10.76,10.81,10.86,10.91,10.85,10.79,10.73,10.68,10.56,10.45,10.34,10.23,9.99,9.75,9.5,9.26,9.05,8.84,8.63,8.42,8.21,7.99,7.78,7.56,7.47,7.37,7.27,7.17,7.04,6.91,6.78,6.65,6.69,6.73,6.76,6.8,6.91,7.03,7.14,7.26,7.2,7.14,7.08,7.03,7.1,7.16,7.23,7.3,7.19,7.07,6.95,6.84,6.97,7.11,7.24,7.38,7.53,7.68,7.83,7.97,8.11,8.25,8.39,8.53,8.83,9.12,9.42,9.71,10.03,10.35,10.67,10.99,11.5,12.01,12.53,13.04,13.49,13.93,14.38,14.82,15.15,15.47,15.79,16.11,16.32,16.52,16.73,16.94,16.89,16.84,16.8,16.75,16.71,16.68,16.64,16.61,16.49,16.38,16.27,16.15,15.93,15.71,15.48,15.26,,
2019-04-17T00:00:00+00:00,6.79,6.78,6.77,6.76,6.74,6.72,6.7,6.69,6.67,6.65,6.64,6.67,6.71,6.74,6.77,6.88,6.99,7.09,7.2,7.84,8.48,9.13,9.77,10.18,10.58,10.99,11.4,11.73,12.06,12.4,12.73,13.09,13.45,13.81,14.17,14.47,14.77,15.07,15.37,15.66,15.96,16.25,16.54,16.88,17.21,17.54,17.88,18.03,18.19,18.35,18.5,18.49,18.47,18.46,18.45,18.37,18.3,18.23,18.15,18.02,17.89,17.76,17.63,17.37,17.12,16.86,16.61,16.3,15.99,15.68,15.37,15.16,14.95,14.75,14.54,14.41,14.27,14.14,14.01,13.89,13.77,13.65,13.53,13.39,13.25,13.11,12.97,12.8,12.64,12.48,12.31,12.21,12.12,12.02,11.92,11.9,11.88,11.86,11.85,11.76,11.67,11.58,11.49,11.32,11.14,10.97,10.79,10.72,10.64,10.57,10.5,10.56,10.62,10.68,10.74,11.09,11.44,11.8,12.15,12.54,12.93,13.33,13.72,14.18,14.64,15.1,15.56,16.11,16.66,17.22,17.77,18.22,18.68,19.13,19.59,19.86,20.14,20.42,20.7,20.88,21.07,21.25,21.44,21.5,21.57,21.64,21.7,21.71,21.71,21.72,21.73,21.64,21.56,21.48,21.4,21.23,21.06,20.9,20.73,20.43,20.12,19.82,19.52,,
2019-04-18T00:00:00+00:00,11.53,11.33,11.12,10.97,10.81,10.66,10.51,10.37,10.24,10.1,9.97,9.89,9.81,9.72,9.64,9.75,9.85,9.96,10.06,10.41,10.76,11.12,11.47,11.87,12.28,12.69,13.1,13.71,14.33,14.94,15.55,16.15,16.74,17.34,17.93,18.46,19.0,19.54,20.07,20.41,20.75,21.09,21.43,21.49,21.54,21.6,21.66,21.76,21.86,21.96,22.06,21.92,21.79,21.65,21.51,21.52,21.54,21.55,21.56,21.45,21.35,21.24,21.14,20.91,20.69,20.46,20.24,19.94,19.64,19.34,19.05,18.81,18.57,18.34,18.1,18.05,17.99,17.94,17.88,17.68,17.47,17.26,17.06,16.84,16.63,16.41,16.19,16.02,15.85,15.68,15.51,15.29,15.08,14.86,14.65,14.43,14.22,14.0,13.78,13.6,13.41,13.22,13.03,12.84,12.65,12.46,12.27,12.07,11.87,11.67,11.47,11.55,11.63,11.72,11.8,12.21,12.63,13.05,13.47,14.01,14.55,15.1,15.64,16.15,16.66,17.18,17.69,18.17,18.64,19.12,19.59,19.95,20.31,20.67,21.03,21.23,21.43,21.63,21.84,21.98,22.12,22.27,22.41,22.46,22.51,22.56,22.61,22.59,22.57,22.55,22.53,22.48,22.44,22.39,22.34,22.19,22.04,21.89,21.74,21.04,20.34,19.64,18.93,,
2019-04-19T00:00:00+00:00,13.43,13.21,12.99,12.78,12.57,12.36,12.15,11.94,11.72,11.51,11.3,11.08,10.87,10.66,10.44,10.59,10.73,10.88,11.03,11.58,12.13,12.68,13.24,13.76,14.28,14.81,15.33,15.86,16.39,16.92,17.45,17.95,18.45,18.96,19.46,19.94,20.41,20.89,21.36,21.68,21.99,22.3,22.61,22.86,23.11,23.36,23.61,23.71,23.8,23.9,24.0,24.01,24.02,24.04,24.05,24.04,24.02,24.01,24.0,23.9,23.79,23.69,23.59,22.86,22.13,21.4,20.66,20.6,20.54,20.48,20.42,20.09,19.76,19.44,19.11,18.79,18.47,18.14,17.82,17.59,17.35,17.11,16.88,16.6,16.33,16.06,15.78,15.52,15.25,14.98,14.72,14.62,14.52,14.43,14.33,14.08,13.82,13.57,13.32,13.13,12.94,12.75,12.56,12.6,12.64,12.68,12.72,12.57,12.42,12.27,12.12,12.57,13.02,13.47,13.92,14.36,14.81,15.25,15.7,16.07,16.45,16.82,17.2,17.68,18.16,18.65,19.13,19.66,20.18,20.71,21.23,21.58,21.93,22.28,22.63,22.81,22.99,23.17,23.35,23.69,24.03,24.37,24.71,23.77,22.83,21.9,20.96,21.08,21.2,21.32,21.44,21.75,22.06,22.37,22.68,22.68,22.68,22.69,22.69,22.44,22.19,21.94,21.7,,
2019-04-20T00:00:00+00:00,16.37,16.14,15.91,15.68,15.45,15.22,15.0,14.7,14.41,14.11,13.81,13.66,13.51,13.35,13.2,13.41,13.62,13.83,14.04,14.6,15.17,15.74,16.3,16.83,17.37,17.9,18.43,18.89,19.35,19.82,20.28,20.69,21.1,21.51,21.92,22.3,22.69,23.08,23.47,23.66,23.85,24.04,24.23,24.3,24.36,24.42,24.49,24.53,24.58,24.62,24.67,24.67,24.66,24.66,24.65,24.53,24.41,24.28,24.16,23.96,23.77,23.57,23.37,23.08,22.78,22.49,22.2,21.87,21.55,21.23,20.91,20.64,20.37,20.1,19.82,19.55,19.28,19.01,18.74,18.37,18.01,17.64,17.28,17.04,16.81,16.58,16.34,16.22,16.09,15.96,15.83,15.71,15.6,15.48,15.36,15.16,14.96,14.76,14.56,14.34,14.12,13.89,13.67,13.45,13.23,13.0,12.78,12.65,12.52,12.39,12.25,12.44,12.63,12.82,13.01,13.53,14.05,14.57,15.09,15.64,16.19,16.73,17.28,17.76,18.24,18.71,19.19,19.71,20.24,20.77,21.29,21.62,21.94,22.26,22.58,22.79,22.99,23.19,23.39,23.57,23.75,23.93,24.11,24.16,24.21,24.26,24.31,24.27,24.23,24.19,24.15,24.06,23.97,23.89,23.8,23.6,23.39,23.19,22.99,22.64,22.3,21.96,21.61,,
2019-04-21T00:00:00+00:00,13.68,13.47,13.26,13.11,12.97,12.83,12.68,12.59,12.49,12.4,12.3,12.2,12.11,12.01,11.91,12.15,12.39,12.64,12.88,13.37,13.86,14.35,14.84,15.29,15.73,16.17,16.61,17.05,17.49,17.93,18.37,18.91,19.45,19.99,20.53,20.96,21.39,21.81,22.24,22.64,23.03,23.42,23.81,23.99,24.16,24.34,24.51,24.56,24.61,24.65,24.7,24.66,24.62,24.58,24.55,24.48,24.41,24.34,24.28,24.06,23.85,23.64,23.43,23.1,22.77,22.45,22.12,21.72,21.31,20.91,20.5,20.23,19.95,19.67,19.4,19.05,18.7,18.35,18.0,17.79,17.59,17.39,17.18,17.13,17.07,17.01,16.96,16.9,16.84,16.78,16.72,16.44,16.16,15.88,15.6,15.23,14.85,14.48,14.11,14.03,13.95,13.87,13.79,13.72,13.66,13.59,13.53,13.38,13.24,13.1,12.96,13.16,13.36,13.57,13.77,14.35,14.93,15.52,16.1,16.47,16.83,17.2,17.57,18.06,18.54,19.03,19.52,19.89,20.26,20.64,21.01,21.42,21.83,22.24,22.66,22.95,23.25,23.55,23.85,23.99,24.13,24.28,24.42,24.43,24.45,24.46,24.48,24.49,24.51,24.52,24.54,24.41,24.29,24.17,24.05,24.03,24.01,23.99,23.97,23.76,23.55,23.34,23.13,,
2019-04-22T00:00:00+00:00,13.38,13.24,13.1,13.04,12.98,12.91,12.85,12.52,12.18,11.85,11.51,11.4,11.3,11.19,11.08,11.42,11.76,12.1,12.44,13.25,14.05,14.86,15.67,16.35,17.03,17.71,18.39,18.87,19.34,19.81,20.29,20.63,20.96,21.3,21.64,21.94,22.25,22.55,22.86,23.04,23.22,23.4,23.59,23.75,23.91,24.07,24.23,24.31,24.38,24.45,24.53,24.37,24.21,24.04,23.88,23.9,23.93,23.95,23.97,23.83,23.69,23.55,23.41,23.19,22.98,22.76,22.54,22.21,21.87,21.53,21.2,20.86,20.53,20.19,19.86,19.56,19.26,18.97,18.67,18.43,18.2,17.96,17.72,17.45,17.17,16.89,16.62,16.21,15.8,15.4,14.99,14.91,14.83,14.75,14.68,14.65,14.62,14.59,14.56,14.37,14.18,14.0,13.81,13.7,13.58,13.47,13.36,13.29,13.21,13.14,13.07,13.26,13.46,13.65,13.85,14.23,14.62,15.0,15.39,15.75,16.11,16.48,16.84,17.29,17.73,18.18,18.63,19.07,19.51,19.96,20.4,20.77,21.13,21.49,21.85,22.2,22.55,22.9,23.25,23.31,23.36,23.42,23.47,23.26,23.05,22.84,22.63,22.34,22.05,21.76,21.47,21.42,21.37,21.32,21.27,21.35,21.42,21.49,21.57,21.45,21.33,21.22,21.1,,
2019-04-23T00:00:00+00:00,13.96,13.9,13.85,13.8,13.75,13.69,13.64,13.5,13.35,13.2,13.05,12.91,12.78,12.64,12.51,12.74,12.96,13.19,13.42,14.0,14.58,15.16,15.74,16.12,16.51,16.9,17.29,17.79,18.28,18.78,19.28,19.74,20.2,20.66,21.12,21.28,21.45,21.62,21.79,21.86,21.94,22.02,22.09,22.38,22.66,22.95,23.23,23.34,23.44,23.54,23.65,23.65,23.64,23.64,23.64,23.66,23.69,23.72,23.74,23.48,23.22,22.96,22.7,22.46,22.21,21.96,21.71,21.35,20.99,20.63,20.27,20.0,19.73,19.46,19.19,18.78,18.36,17.95,17.53,17.31,17.09,16.87,16.65,16.44,16.24,16.03,15.83,15.65,15.47,15.3,15.12,15.04,14.96,14.88,14.8,14.77,14.73,14.69,14.65,14.59,14.53,14.47,14.41,14.37,14.32,14.28,14.24,14.16,14.08,14.0,13.91,14.11,14.31,14.5,14.7,15.12,15.53,15.95,16.37,16.74,17.12,17.49,17.87,17.98,18.1,18.22,18.33,17.72,17.1,16.48,15.86,15.06,14.26,13.47,12.67,12.76,12.85,12.95,13.04,13.35,13.65,13.96,14.26,14.34,14.42,14.49,14.57,14.55,14.53,14.51,14.49,14.7,14.92,15.13,15.35,15.49,15.63,15.78,15.92,15.83,15.73,15.63,15.54,,
2019-04-24T00:00:00+00:00,12.83,12.69,12.55,12.54,12.53,12.52,12.5,12.61,12.72,12.83,12.94,13.13,13.32,13.51,13.7,13.9,14.09,14.28,14.47,14.36,14.25,14.14,14.03,13.64,13.24,12.85,12.46,12.45,12.44,12.44,12.43,12.79,13.14,13.5,13.86,13.95,14.05,14.14,14.23,14.05,13.87,13.7,13.52,13.33,13.14,12.95,12.76,12.67,12.58,12.49,12.39,12.37,12.35,12.33,12.31,12.32,12.32,12.33,12.34,12.37,12.4,12.43,12.46,12.36,12.26,12.15,12.05,11.86,11.67,11.48,11.29,11.14,10.99,10.84,10.69,10.67,10.64,10.62,10.59,10.75,10.9,11.06,11.21,11.15,11.1,11.04,10.98,10.97,10.95,10.93,10.91,11.09,11.26,11.44,11.61,11.63,11.65,11.67,11.69,11.76,11.83,11.9,11.97,11.94,11.91,11.88,11.85,11.6,11.35,11.11,10.86,10.92,10.97,11.02,11.08,11.06,11.04,11.02,11.0,11.1,11.19,11.28,11.37,11.47,11.57,11.67,11.77,12.27,12.76,13.26,13.75,13.96,14.17,14.37,14.58,14.68,14.79,14.89,14.99,15.18,15.37,15.56,15.75,15.79,15.84,15.88,15.93,15.81,15.69,15.57,15.45,15.42,15.4,15.37,15.34,14.18,13.03,11.87,10.71,10.67,10.63,10.59,10.55,,
2019-04-25T00:00:00+00:00,11.38,11.38,11.37,11.24,11.1,10.97,10.83,10.84,10.86,10.87,10.88,10.94,11.01,11.07,11.13,11.07,11.01,10.95,10.89,10.84,10.79,10.74,10.69,10.67,10.64,10.61,10.59,10.74,10.9,11.05,11.21,11.34,11.47,11.6,11.73,11.74,11.74,11.74,11.74,11.78,11.81,11.85,11.89,11.87,11.85,11.83,11.81,12.09,12.36,12.63,12.91,12.95,12.99,13.03,13.07,12.4,11.73,11.06,10.38,10.4,10.42,10.44,10.45,10.45,10.44,10.44,10.43,10.25,10.08,9.9,9.72,9.59,9.46,9.34,9.21,9.14,9.07,9.0,8.93,9.01,9.1,9.18,9.27,9.2,9.14,9.08,9.01,8.83,8.66,8.48,8.3,8.13,7.96,7.79,7.62,7.52,7.42,7.32,7.22,7.25,7.28,7.32,7.35,7.27,7.19,7.11,7.03,6.88,6.74,6.59,6.44,6.49,6.53,6.58,6.63,6.95,7.28,7.61,7.93,8.32,8.71,9.09,9.48,9.87,10.27,10.66,11.05,11.52,11.98,12.45,12.91,13.26,13.6,13.94,14.29,14.16,14.03,13.9,13.77,13.97,14.17,14.37,14.57,14.83,15.1,15.37,15.64,15.68,15.73,15.77,15.81,15.17,14.53,13.89,13.24,13.52,13.79,14.06,14.34,14.26,14.17,14.09,14.01,,
2019-04-26T00:00:00+00:00,7.22,7.19,7.16,7.06,6.96,6.86,6.76,6.59,6.42,6.26,6.09,5.91,5.74,5.56,5.38,5.6,5.82,6.04,6.26,6.65,7.04,7.44,7.83,8.31,8.78,9.26,9.74,10.32,10.89,11.47,12.04,12.48,12.91,13.35,13.78,14.11,14.43,14.75,15.07,15.14,15.21,15.27,15.34,15.35,15.36,15.37,15.38,15.41,15.44,15.48,15.51,15.33,15.16,14.99,14.81,14.73,14.65,14.58,14.5,14.6,14.71,14.81,14.91,14.82,14.72,14.63,14.53,14.37,14.21,14.04,13.88,13.46,13.04,12.63,12.21,12.06,11.91,11.76,11.61,11.48,11.35,11.22,11.09,10.93,10.78,10.63,10.47,10.21,9.94,9.68,9.41,9.27,9.14,9.0,8.86,8.89,8.93,8.96,9.0,9.01,9.02,9.03,9.03,9.19,9.35,9.51,9.67,9.68,9.68,9.68,9.69,9.33,8.98,8.62,8.27,8.51,8.75,8.98,9.22,9.38,9.53,9.68,9.83,9.89,9.94,10.0,10.05,9.96,9.87,9.78,9.69,9.07,8.44,7.81,7.19,8.15,9.12,10.09,11.06,10.95,10.83,10.72,10.61,10.19,9.78,9.37,8.96,8.61,8.26,7.91,7.57,7.69,7.82,7.94,8.07,8.28,8.49,8.7,8.91,9.2,9.49,9.78,10.07,,
2019-04-27T00:00:00+00:00
2019-04-28T00:00:00+00:00,6.42,6.46,6.49,6.33,6.17,6.01,5.85,5.71,5.57,5.42,5.28,5.3,5.31,5.33,5.34,5.53,5.72,5.91,6.1,6.47,6.85,7.22,7.6,7.81,8.03,8.25,8.46,8.4,8.34,8.28,8.22,8.58,8.93,9.29,9.64,9.68,9.71,9.75,9.78,9.98,10.18,10.38,10.58,10.55,10.51,10.48,10.44,10.47,10.49,10.51,10.54,10.58,10.63,10.67,10.71,10.85,10.98,11.12,11.25,11.27,11.28,11.3,11.31,11.17,11.02,10.88,10.74,10.47,10.21,9.95,9.68,9.38,9.07,8.77,8.46,8.24,8.02,7.8,7.57,7.4,7.23,7.06,6.89,6.79,6.69,6.59,6.5,6.36,6.23,6.1,5.97,5.82,5.67,5.52,5.37,5.29,5.2,5.12,5.04,4.87,4.7,4.53,4.37,4.34,4.31,4.29,4.26,4.18,4.1,4.02,3.94,4.27,4.6,4.93,5.26,5.92,6.59,7.25,7.92,8.53,9.14,9.76,10.37,10.72,11.06,11.41,11.76,12.05,12.35,12.64,12.94,13.23,13.53,13.82,14.11,14.37,14.63,14.89,15.15,15.31,15.47,15.63,15.79,15.92,16.05,16.18,16.3,16.35,16.39,16.44,16.49,16.49,16.49,16.5,16.5,16.4,16.29,16.19,16.08,15.88,15.67,15.46,15.26,,
2019-04-29T00:00:00+00:00,5.58,5.51,5.44,5.53,5.62,5.71,5.8,5.86,5.91,5.96,6.02,5.81,5.6,5.39,5.18,5.19,5.2,5.22,5.23,5.85,6.47,7.1,7.72,8.38,9.04,9.7,10.36,10.75,11.15,11.54,11.94,12.23,12.52,12.81,13.1,13.36,13.63,13.89,14.16,14.38,14.6,14.82,15.05,15.24,15.42,15.61,15.8,15.95,16.11,16.26,16.41,16.55,16.68,16.82,16.95,16.85,16.75,16.65,16.55,16.37,16.19,16.02,15.84,15.62,15.4,15.18,14.96,14.66,14.37,14.08,13.78,13.43,13.08,12.72,12.37,12.1,11.83,11.56,11.29,11.05,10.82,10.58,10.35,10.13,9.91,9.69,9.47,9.35,9.22,9.1,8.98,8.83,8.68,8.53,8.38,8.29,8.21,8.12,8.03,7.87,7.71,7.54,7.38,7.23,7.08,6.93,6.78,6.67,6.56,6.45,6.34,6.67,7.0,7.33,7.66,8.27,8.87,9.47,10.08,10.64,11.21,11.78,12.35,12.85,13.34,13.84,14.34,14.58,14.81,15.05,15.29,15.55,15.81,16.06,16.32,16.53,16.73,16.94,17.14,17.3,17.46,17.62,17.78,17.85,17.92,17.99,18.06,18.09,18.12,18.16,18.19,18.13,18.07,18.01,17.95,17.75,17.55,17.34,17.14,16.89,16.63,16.38,16.13,,
2019-04-30T00:00:00+00:00,6.98,6.86,6.74,6.72,6.71,6.69,6.68,6.65,6.62,6.59,6.56,6.56,6.57,6.58,6.59,6.91,7.23,7.55,7.88,8.41,8.95,9.48,10.02,10.52,11.03,11.53,12.03,12.4,12.77,13.13,13.5,13.82,14.14,14.45,14.77,15.04,15.3,15.57,15.83,16.06,16.28,16.5,16.73,16.91,17.09,17.27,17.45,17.57,17.68,17.8,17.92,17.97,18.02,18.08,18.13,18.13,18.13,18.14,18.14,18.03,17.93,17.83,17.73,17.42,17.11,16.8,16.49,16.09,15.68,15.28,14.87,14.56,14.26,13.95,13.65,13.39,13.14,12.89,12.63,12.37,12.1,11.83,11.57,11.36,11.15,10.94,10.74,10.6,10.46,10.33,10.19,10.03,9.87,9.7,9.54,9.33,9.12,8.92,8.71,8.57,8.43,8.29,8.15,8.03,7.91,7.79,7.67,7.56,7.45,7.34,7.23,7.57,7.91,8.25,8.6,9.2,9.8,10.4,11.0,11.52,12.04,12.55,13.07,13.55,14.03,14.51,14.99,15.39,15.79,16.19,16.58,16.86,17.14,17.41,17.69,17.9,18.1,18.31,18.52,18.66,18.8,18.94,19.08,19.07,19.07,19.06,19.06,19.05,19.04,19.03,19.02,18.89,18.76,18.62,18.49,18.22,17.95,17.68,17.41,17.19,16.96,16.74,16.51,,
2019-05-01T00:00:00+00:00,7.82,7.73,7.65,7.64,7.62,7.6,7.59,7.56,7.54,7.51,7.49,7.35,7.22,7.08,6.95,7.22,7.49,7.76,8.03,8.49,8.96,9.42,9.89,10.34,10.79,11.24,11.7,12.17,12.64,13.11,13.58,14.03,14.48,14.93,15.38,15.68,15.98,16.28,16.58,16.81,17.03,17.26,17.48,17.57,17.66,17.75,17.84,17.91,17.99,18.07,18.15,18.09,18.03,17.97,17.91,17.76,17.61,17.46,17.31,17.17,17.02,16.88,16.73,16.59,16.45,16.31,16.17,15.99,15.8,15.62,15.43,15.2,14.96,14.72,14.49,14.36,14.24,14.12,14.0,13.7,13.41,13.11,12.81,12.66,12.51,12.36,12.2,12.1,12.0,11.89,11.79,11.6,11.42,11.23,11.04,10.88,10.71,10.55,10.38,10.23,10.08,9.93,9.77,9.68,9.59,9.5,9.41,9.36,9.32,9.27,9.23,9.33,9.43,9.54,9.64,9.7,9.76,9.83,9.89,10.07,10.25,10.44,10.62,10.92,11.21,11.51,11.81,12.09,12.37,12.66,12.94,13.18,13.42,13.67,13.91,13.74,13.57,13.41,13.24,13.33,13.42,13.5,13.59,13.84,14.1,14.35,14.6,14.13,13.66,13.2,12.73,13.08,13.44,13.79,14.15,14.08,14.02,13.96,13.89,13.64,13.38,13.12,12.86,,
2019-05-02T00:00:00+00:00,10.51,10.31,10.12,9.99,9.86,9.73,9.6,9.5,9.4,9.29,9.19,9.15,9.1,9.06,9.01,9.16,9.3,9.44,9.59,9.86,10.14,10.42,10.69,10.85,11.0,11.15,11.3,11.68,12.06,12.44,12.81,12.97,13.14,13.3,13.46,13.73,14.01,14.28,14.55,14.43,14.3,14.18,14.06,13.54,13.03,12.51,12.0,12.51,13.03,13.54,14.06,13.85,13.64,13.44,13.23,13.13,13.03,12.93,12.83,12.94,13.05,13.17,13.28,13.08,12.88,12.69,12.49,12.18,11.88,11.57,11.26,11.09,10.92,10.74,10.57,10.52,10.47,10.42,10.37,10.2,10.03,9.87,9.7,9.41,9.12,8.83,8.54,8.35,8.17,7.99,7.8,7.64,7.48,7.32,7.16,7.09,7.02,6.95,6.89,7.11,7.34,7.56,7.79,7.91,8.04,8.17,8.3,8.34,8.38,8.41,8.45,8.59,8.73,8.87,9.01,9.14,9.27,9.4,9.52,9.71,9.89,10.07,10.26,10.66,11.06,11.46,11.86,11.82,11.79,11.76,11.73,12.33,12.93,13.53,14.13,14.36,14.58,14.81,15.04,14.74,14.44,14.14,13.84,13.8,13.77,13.74,13.7,13.97,14.23,14.49,14.76,14.62,14.49,14.36,14.22,13.52,12.81,12.11,11.4,11.43,11.45,11.48,11.51,,
2019-05-03T00:00:00+00:00,6.76,6.65,6.53,6.45,6.37,6.28,6.2,6.03,5.86,5.69,5.52,5.61,5.7,5.79,5.88,6.14,6.39,6.65,6.9,7.23,7.57,7.9,8.23,8.7,9.18,9.65,10.12,10.24,10.36,10.49,10.61,10.88,11.16,11.43,11.7,12.13,12.56,12.99,13.42,13.73,14.05,14.37,14.69,14.93,15.17,15.42,15.66,15.66,15.66,15.66,15.66,15.46,15.26,15.05,14.85,14.86,14.88,14.89,14.91,14.5,14.09,13.67,13.26,13.15,13.04,12.93,12.82,12.59,12.37,12.15,11.92,11.74,11.55,11.37,11.18,10.95,10.73,10.5,10.27,9.98,9.68,9.39,9.09,8.87,8.64,8.42,8.2,7.99,7.79,7.58,7.38,7.22,7.06,6.91,6.75,6.85,6.95,7.05,7.14,7.11,7.08,7.04,7.01,7.09,7.18,7.26,7.34,7.34,7.34,7.34,7.34,6.61,5.88,5.16,4.43,4.41,4.4,4.38,4.36,4.25,4.13,4.01,3.89,3.9,3.91,3.93,3.94,4.48,5.02,5.56,6.1,6.37,6.65,6.92,7.2,7.74,8.29,8.84,9.38,9.35,9.32,9.29,9.26,9.32,9.38,9.43,9.49,9.52,9.55,9.58,9.61,9.37,9.13,8.88,8.64,8.44,8.25,8.05,7.85,7.87,7.88,7.89,7.9,,
2019-05-04T00:00:00+00:00,6.16,6.1,6.05,6.05,6.05,6.06,6.06,6.1,6.14,6.19,6.23,6.44,6.66,6.87,7.09,7.11,7.13,7.16,7.18,6.99,6.81,6.63,6.45,6.06,5.68,5.29,4.91,4.74,4.57,4.4,4.23,4.33,4.43,4.53,4.63,5.08,5.52,5.97,6.42,6.56,6.7,6.83,6.97,6.78,6.58,6.38,6.18,6.97,7.76,8.55,9.33,9.19,9.05,8.9,8.76,9.02,9.28,9.54,9.8,9.75,9.71,9.66,9.62,9.44,9.26,9.07,8.89,8.54,8.18,7.82,7.47,7.19,6.92,6.65,6.38,6.2,6.02,5.84,5.66,5.52,5.38,5.24,5.1,4.97,4.84,4.7,4.57,4.38,4.2,4.01,3.82,3.76,3.7,3.64,3.58,3.67,3.77,3.86,3.95,3.89,3.82,3.76,3.69,3.72,3.75,3.78,3.81,3.86,3.91,3.97,4.02,4.28,4.53,4.79,5.05,5.41,5.76,6.12,6.47,6.52,6.57,6.62,6.66,7.15,7.63,8.12,8.6,8.71,8.82,8.93,9.03,9.06,9.09,9.12,9.15,9.48,9.81,10.14,10.47,10.64,10.82,10.99,11.16,11.09,11.01,10.94,10.86,10.52,10.17,9.83,9.48,9.77,10.06,10.35,10.64,10.84,11.04,11.23,11.43,11.18,10.94,10.69,10.44,,
2019-05-05T00:00:00+00:00,3.27,3.23,3.19,3.16,3.12,3.09,3.05,2.96,2.86,2.77,2.67,2.6,2.54,2.47,2.4,2.76,3.12,3.47,3.83,4.32,4.81,5.3,5.79,6.2,6.62,7.03,7.44,7.74,8.04,8.34,8.64,8.83,9.03,9.23,9.43,9.48,9.53,9.58,9.64,9.26,8.89,8.52,8.14,8.06,7.97,7.89,7.8,8.41,9.03,9.64,10.25,9.99,9.72,9.46,9.2,9.5,9.81,10.12,10.43,10.45,10.48,10.5,10.52,10.3,10.08,9.86,9.63,9.36,9.08,8.81,8.53,8.33,8.12,7.92,7.71,7.49,7.27,7.05,6.84,6.58,6.32,6.06,5.81,5.47,5.14,4.81,4.47,4.31,4.15,3.99,3.82,3.67,3.51,3.35,3.2,3.11,3.03,2.95,2.86,2.79,2.71,2.64,2.56,2.49,2.41,2.33,2.25,2.25,2.25,2.26,2.26,2.68,3.11,3.53,3.96,4.47,4.99,5.5,6.02,6.62,7.23,7.84,8.44,8.89,9.33,9.77,10.22,10.53,10.84,11.15,11.46,11.7,11.94,12.18,12.42,12.61,12.79,12.97,13.15,13.29,13.44,13.58,13.73,13.82,13.91,14.0,14.09,14.11,14.14,14.17,14.2,14.16,14.13,14.1,14.06,13.91,13.76,13.6,13.45,13.27,13.1,12.92,12.74,,
2019-05-06T00:00:00+00:00,2.73,2.64,2.54,2.46,2.38,2.3,2.22,2.14,2.05,1.96,1.88,1.87,1.87,1.86,1.86,2.23,2.61,2.98,3.36,3.93,4.5,5.08,5.65,6.21,6.76,7.32,7.87,8.26,8.64,9.03,9.41,9.69,9.97,10.25,10.53,10.8,11.06,11.32,11.59,11.81,12.04,12.27,12.5,12.69,12.89,13.09,13.28,13.38,13.48,13.57,13.67,13.69,13.72,13.74,13.76,13.74,13.72,13.69,13.67,13.59,13.51,13.42,13.34,13.13,12.92,12.72,12.51,12.24,11.98,11.71,11.45,11.14,10.83,10.52,10.21,10.08,9.95,9.83,9.7,9.7,9.71,9.71,9.72,9.41,9.09,8.78,8.47,8.29,8.12,7.95,7.78,7.64,7.51,7.37,7.23,7.17,7.11,7.05,6.99,6.92,6.85,6.78,6.71,6.67,6.63,6.59,6.55,6.41,6.26,6.12,5.98,6.2,6.42,6.64,6.87,7.49,8.12,8.75,9.37,9.9,10.42,10.94,11.46,11.78,12.1,12.41,12.73,12.99,13.24,13.5,13.75,13.95,14.14,14.33,14.53,14.64,14.76,14.87,14.99,15.11,15.24,15.37,15.5,15.55,15.6,15.65,15.7,15.74,15.78,15.82,15.87,15.9,15.94,15.97,16.01,16.04,16.07,16.1,16.13,15.99,15.85,15.7,15.56,,
2019-05-07T00:00:00+00:00,6.1,6.0,5.9,5.92,5.93,5.95,5.97,6.02,6.07,6.12,6.18,6.03,5.89,5.75,5.6,5.75,5.89,6.04,6.18,6.72,7.25,7.79,8.33,8.78,9.24,9.7,10.15,10.5,10.85,11.2,11.55,11.77,11.99,12.22,12.44,12.54,12.64,12.74,12.84,12.99,13.14,13.29,13.44,13.53,13.62,13.71,13.8,13.92,14.04,14.16,14.28,14.42,14.57,14.72,14.86,14.9,14.94,14.97,15.01,14.95,14.9,14.85,14.79,14.65,14.51,14.37,14.23,14.03,13.84,13.65,13.45,13.31,13.17,13.03,12.89,12.64,12.38,12.13,11.88,11.78,11.69,11.59,11.49,11.52,11.54,11.56,11.58,11.39,11.21,11.03,10.84,10.59,10.34,10.09,9.83,9.72,9.6,9.48,9.37,9.42,9.48,9.53,9.59,9.68,9.76,9.85,9.93,10.01,10.09,10.16,10.24,10.39,10.54,10.69,10.84,10.98,11.12,11.25,11.39,11.47,11.56,11.64,11.72,11.66,11.59,11.53,11.46,11.56,11.66,11.75,11.85,12.34,12.82,13.31,13.8,14.09,14.37,14.66,14.95,15.21,15.48,15.74,16.01,16.11,16.21,16.31,16.41,16.5,16.58,16.67,16.75,16.74,16.72,16.71,16.69,16.43,16.17,15.91,15.66,15.29,14.93,14.56,14.2,,
2019-05-08T00:00:00+00:00,9.76,9.66,9.55,9.68,9.82,9.95,10.09,10.15,10.22,10.29,10.36,10.37,10.38,10.39,10.41,10.45,10.5,10.55,10.6,10.66,10.73,10.79,10.86,10.87,10.88,10.9,10.91,11.05,11.18,11.32,11.46,11.62,11.79,11.95,12.12,12.2,12.28,12.36,12.44,12.64,12.83,13.02,13.21,13.36,13.51,13.67,13.82,14.18,14.53,14.89,15.24,14.71,14.19,13.66,13.14,13.17,13.21,13.24,13.28,13.5,13.71,13.93,14.14,13.83,13.51,13.19,12.87,12.51,12.16,11.8,11.44,11.19,10.95,10.71,10.46,10.3,10.14,9.97,9.81,9.83,9.85,9.87,9.89,9.86,9.84,9.81,9.79,9.77,9.76,9.75,9.73,9.85,9.96,10.07,10.19,10.2,10.21,10.22,10.23,10.34,10.44,10.54,10.64,10.7,10.75,10.81,10.87,10.89,10.9,10.92,10.94,10.91,10.88,10.86,10.83,10.79,10.75,10.71,10.68,10.75,10.82,10.89,10.96,11.1,11.25,11.4,11.54,11.75,11.97,12.18,12.4,12.75,13.11,13.46,13.82,13.73,13.64,13.56,13.47,13.63,13.79,13.95,14.11,14.61,15.11,15.61,16.11,16.05,16.0,15.94,15.89,15.86,15.84,15.81,15.79,15.68,15.57,15.46,15.35,15.15,14.95,14.74,14.54,,
2019-05-09T00:00:00+00:00,9.28,9.33,9.39,9.42,9.44,9.47,9.5,9.75,10.0,10.26,10.51,10.57,10.63,10.69,10.76,10.7,10.64,10.58,10.53,10.56,10.59,10.62,10.64,10.59,10.54,10.49,10.44,10.77,11.1,11.42,11.75,11.8,11.85,11.91,11.96,12.18,12.4,12.62,12.83,13.09,13.35,13.61,13.87,14.04,14.21,14.38,14.55,14.52,14.49,14.46,14.43,14.53,14.62,14.72,14.81,14.92,15.02,15.13,15.23,15.17,15.1,15.03,14.97,14.72,14.47,14.22,13.98,13.69,13.39,13.1,12.81,12.46,12.12,11.77,11.42,11.12,10.82,10.52,10.22,10.17,10.13,10.09,10.04,10.04,10.03,10.03,10.02,9.93,9.84,9.75,9.65,9.54,9.42,9.3,9.19,9.09,8.99,8.89,8.79,8.75,8.71,8.67,8.64,8.69,8.74,8.79,8.84,8.79,8.75,8.71,8.67,8.91,9.15,9.39,9.64,9.86,10.09,10.32,10.55,10.85,11.15,11.45,11.75,12.05,12.36,12.66,12.96,13.34,13.72,14.09,14.47,14.75,15.03,15.31,15.59,15.82,16.06,16.3,16.54,16.7,16.87,17.04,17.21,17.14,17.07,17.01,16.94,16.87,16.81,16.74,16.67,16.28,15.88,15.49,15.1,15.17,15.24,15.31,15.39,15.14,14.89,14.64,14.39,,
2019-05-10T00:00:00+00:00,9.49,9.2,8.91,8.63,8.35,8.07,7.79,7.63,7.46,7.3,7.13,7.02,6.91,6.79,6.68,6.82,6.96,7.1,7.25,7.63,8.02,8.4,8.79,9.41,10.04,10.67,11.3,11.95,12.59,13.24,13.89,14.05,14.22,14.39,14.55,14.77,14.98,15.19,15.4,15.55,15.7,15.84,15.99,16.0,16.01,16.03,16.04,15.87,15.71,15.54,15.38,14.91,14.43,13.96,13.49,13.54,13.58,13.63,13.68,13.53,13.39,13.24,13.1,12.91,12.73,12.54,12.35,12.26,12.16,12.07,11.98,11.95,11.92,11.89,11.87,11.89,11.91,11.93,11.95,12.12,12.3,12.47,12.64,12.84,13.04,13.24,13.44,13.34,13.25,13.16,13.06,12.84,12.61,12.38,12.15,11.94,11.72,11.5,11.29,11.15,11.01,10.88,10.74,10.6,10.45,10.31,10.16,9.92,9.68,9.43,9.19,9.12,9.05,8.98,8.91,8.87,8.84,8.81,8.77,8.99,9.21,9.43,9.65,9.71,9.76,9.81,9.87,10.05,10.23,10.41,10.59,10.96,11.34,11.71,12.09,11.95,11.8,11.66,11.52,12.02,12.52,13.02,13.53,13.79,14.05,14.31,14.57,14.6,14.63,14.65,14.68,14.69,14.7,14.71,14.72,14.47,14.22,13.97,13.72,13.56,13.41,13.25,13.09,,
2019-05-11T00:00:00+00:00,10.4,10.35,10.31,10.25,10.2,10.14,10.09,10.04,9.99,9.95,9.9,9.94,9.98,10.02,10.06,10.03,10.01,9.99,9.97,9.92,9.88,9.83,9.79,9.87,9.96,10.04,10.13,10.15,10.18,10.21,10.24,10.42,10.6,10.78,10.96,11.32,11.69,12.05,12.41,12.64,12.87,13.1,13.33,13.62,13.91,14.2,14.49,14.12,13.75,13.38,13.01,13.19,13.37,13.56,13.74,13.4,13.05,12.71,12.37,12.29,12.21,12.13,12.04,12.19,12.33,12.47,12.62,12.46,12.3,12.14,11.99,11.67,11.35,11.03,10.71,10.5,10.29,10.07,9.86,9.64,9.43,9.21,9.0,8.83,8.66,8.49,8.32,8.16,8.0,7.84,7.67,7.51,7.35,7.18,7.02,6.89,6.76,6.64,6.51,6.37,6.23,6.09,5.95,5.85,5.75,5.65,5.55,5.54,5.52,5.5,5.48,5.91,6.34,6.76,7.19,7.58,7.96,8.34,8.73,9.12,9.5,9.89,10.28,10.58,10.89,11.19,11.49,11.84,12.19,12.54,12.89,13.21,13.53,13.86,14.18,14.43,14.69,14.94,15.2,15.34,15.49,15.64,15.78,15.83,15.88,15.92,15.97,15.91,15.85,15.79,15.73,15.62,15.52,15.41,15.3,15.16,15.02,14.87,14.73,14.51,14.3,14.08,13.87,,
2019-05-12T00:00:00+00:00,6.83,6.68,6.53,6.4,6.26,6.12,5.98,5.83,5.67,5.52,5.36,5.29,5.21,5.14,5.07,5.47,5.87,6.27,6.68,7.09,7.5,7.92,8.33,8.72,9.11,9.5,9.88,10.19,10.51,10.82,11.13,11.45,11.78,12.1,12.43,12.72,13.01,13.3,13.58,13.79,13.99,14.2,14.4,14.52,14.65,14.77,14.9,14.94,14.97,15.01,15.05,15.02,15.0,14.97,14.95,14.87,14.8,14.73,14.65,14.52,14.38,14.24,14.1,13.89,13.68,13.47,13.26,12.98,12.71,12.43,12.16,11.91,11.67,11.42,11.18,10.97,10.77,10.57,10.37,10.21,10.05,9.9,9.74,9.58,9.42,9.26,9.1,8.91,8.73,8.55,8.37,8.2,8.04,7.88,7.71,7.63,7.55,7.47,7.39,7.26,7.12,6.98,6.85,6.75,6.64,6.54,6.44,6.41,6.38,6.35,6.32,6.57,6.82,7.07,7.32,7.68,8.04,8.39,8.75,9.17,9.59,10.0,10.42,10.84,11.26,11.68,12.1,12.41,12.71,13.02,13.32,13.58,13.84,14.11,14.37,14.56,14.76,14.96,15.15,15.27,15.38,15.49,15.61,15.66,15.72,15.77,15.83,15.8,15.78,15.75,15.72,15.66,15.6,15.54,15.48,15.38,15.29,15.2,15.11,14.93,14.76,14.59,14.41,,
2019-05-13T00:00:00+00:00,7.5,7.34,7.18,7.07,6.95,6.84,6.73,6.63,6.52,6.42,6.32,6.28,6.24,6.2,6.16,6.46,6.76,7.07,7.37,7.83,8.29,8.75,9.21,9.67,10.13,10.6,11.06,11.52,11.98,12.44,12.9,13.22,13.53,13.85,14.16,14.38,14.59,14.8,15.02,15.19,15.36,15.53,15.7,15.85,15.99,16.14,16.28,16.38,16.48,16.58,16.68,16.67,16.67,16.66,16.66,16.57,16.48,16.4,16.31,16.2,16.09,15.97,15.86,15.62,15.38,15.15,14.91,14.62,14.34,14.05,13.77,13.55,13.33,13.11,12.89,12.66,12.43,12.21,11.98,11.82,11.67,11.51,11.35,11.18,11.0,10.82,10.64,10.45,10.27,10.08,9.89,9.74,9.59,9.45,9.3,9.16,9.03,8.89,8.76,8.61,8.46,8.31,8.16,8.01,7.87,7.73,7.59,7.54,7.49,7.45,7.4,7.67,7.95,8.22,8.5,8.92,9.34,9.76,10.18,10.6,11.01,11.43,11.85,12.25,12.65,13.05,13.45,13.76,14.08,14.39,14.7,14.94,15.18,15.42,15.66,15.84,16.02,16.2,16.38,16.56,16.74,16.92,17.1,17.15,17.19,17.24,17.29,17.24,17.19,17.14,17.09,16.97,16.85,16.73,16.62,16.41,16.21,16.0,15.79,15.57,15.35,15.13,14.91,,
2019-05-14T00:00:00+00:00,9.13,8.96,8.78,8.66,8.54,8.42,8.3,8.25,8.2,8.14,8.09,8.04,8.0,7.95,7.91,8.17,8.42,8.68,8.94,9.34,9.74,10.14,10.54,10.97,11.4,11.83,12.26,12.69,13.12,13.54,13.97,14.3,14.63,14.96,15.28,15.49,15.7,15.91,16.12,16.32,16.52,16.72,16.92,17.08,17.24,17.4,17.56,17.71,17.86,18.01,18.15,18.1,18.05,18.0,17.95,17.81,17.67,17.53,17.39,17.2,17.01,16.82,16.63,16.39,16.14,15.9,15.66,15.36,15.07,14.77,14.47,14.23,13.99,13.75,13.51,13.33,13.16,12.99,12.82,12.62,12.42,12.22,12.02,11.82,11.62,11.42,11.22,11.05,10.88,10.71,10.54,10.39,10.23,10.08,9.92,9.77,9.62,9.47,9.32,9.17,9.02,8.87,8.72,8.58,8.45,8.31,8.18,8.17,8.16,8.14,8.13,8.42,8.71,9.0,9.29,9.67,10.05,10.42,10.8,11.23,11.66,12.09,12.52,12.89,13.26,13.63,14.0,14.29,14.58,14.88,15.17,15.41,15.65,15.89,16.13,16.28,16.44,16.59,16.74,16.87,17.0,17.13,17.27,17.38,17.49,17.61,17.72,17.82,17.92,18.02,18.12,18.09,18.06,18.03,17.99,17.84,17.69,17.54,17.39,17.14,16.88,16.63,16.37,,
2019-05-15T00:00:00+00:00,9.22,9.04,8.87,8.76,8.65,8.54,8.44,8.3,8.16,8.03,7.89,7.86,7.84,7.81,7.78,8.11,8.45,8.78,9.11,9.53,9.94,10.35,10.77,11.21,11.66,12.1,12.55,12.92,13.29,13.66,14.03,14.34,14.64,14.94,15.24,15.48,15.71,15.94,16.18,16.34,16.5,16.67,16.83,17.0,17.18,17.35,17.53,17.68,17.84,18.0,18.16,18.22,18.28,18.33,18.39,18.34,18.29,18.24,18.19,18.07,17.95,17.83,17.72,17.49,17.25,17.02,16.79,16.45,16.1,15.75,15.41,15.11,14.81,14.52,14.22,13.98,13.73,13.49,13.25,13.02,12.79,12.56,12.32,12.12,11.91,11.7,11.49,11.22,10.94,10.67,10.39,10.18,9.98,9.77,9.56,9.41,9.26,9.12,8.97,8.83,8.7,8.56,8.43,8.25,8.08,7.9,7.72,7.68,7.63,7.59,7.54,7.92,8.29,8.66,9.03,9.53,10.02,10.51,11.0,11.43,11.87,12.3,12.73,13.12,13.51,13.9,14.29,14.57,14.85,15.14,15.42,15.66,15.9,16.14,16.38,16.56,16.74,16.92,17.1,17.23,17.37,17.5,17.63,17.68,17.74,17.8,17.86,17.88,17.91,17.93,17.96,17.91,17.87,17.82,17.78,17.63,17.48,17.33,17.18,16.95,16.72,16.48,16.25,,
2019-05-16T00:00:00+00:00,8.81,8.59,8.36,8.19,8.01,7.84,7.67,7.55,7.44,7.33,7.22,7.23,7.24,7.25,7.26,7.67,8.08,8.49,8.9,9.3,9.69,10.08,10.47,10.91,11.36,11.8,12.24,12.73,13.22,13.71,14.2,14.54,14.88,15.22,15.56,15.76,15.96,16.16,16.36,16.53,16.69,16.85,17.01,17.12,17.23,17.34,17.44,17.5,17.55,17.6,17.66,17.65,17.64,17.63,17.62,17.6,17.59,17.57,17.56,17.45,17.34,17.23,17.12,16.95,16.78,16.61,16.45,16.3,16.14,15.99,15.84,15.73,15.62,15.51,15.4,15.08,14.75,14.43,14.1,14.08,14.05,14.03,14.0,13.79,13.59,13.38,13.17,12.99,12.82,12.64,12.46,12.27,12.09,11.9,11.71,11.56,11.41,11.26,11.11,10.9,10.7,10.49,10.28,10.19,10.09,10.0,9.91,9.89,9.86,9.84,9.81,10.12,10.42,10.73,11.03,11.29,11.55,11.81,12.07,12.43,12.79,13.15,13.51,13.91,14.3,14.7,15.09,15.43,15.77,16.11,16.45,16.65,16.85,17.05,17.25,17.39,17.53,17.67,17.81,17.92,18.03,18.14,18.25,18.29,18.32,18.36,18.4,18.37,18.33,18.3,18.27,18.39,18.51,18.63,18.75,18.76,18.77,18.78,18.79,18.19,17.59,16.99,16.39,,
2019-05-17T00:00:00+00:00,10.28,10.09,9.9,9.74,9.58,9.42,9.25,9.15,9.06,8.96,8.86,8.8,8.73,8.67,8.6,8.99,9.38,9.77,10.16,10.61,11.06,11.51,11.96,12.49,13.01,13.54,14.07,14.62,15.16,15.71,16.26,16.71,17.16,17.61,18.06,18.29,18.52,18.76,18.99,19.11,19.23,19.35,19.48,19.6,19.71,19.83,19.95,19.91,19.87,19.83,19.79,19.18,18.56,17.95,17.34,17.48,17.63,17.77,17.92,17.73,17.55,17.37,17.18,17.15,17.12,17.08,17.05,16.87,16.69,16.52,16.34,16.1,15.86,15.62,15.38,15.34,15.3,15.26,15.22,14.9,14.59,14.28,13.97,13.72,13.48,13.24,13.0,12.82,12.63,12.44,12.25,12.24,12.23,12.23,12.22,12.28,12.35,12.41,12.48,12.49,12.51,12.52,12.53,12.39,12.24,12.1,11.96,12.0,12.05,12.1,12.14,12.25,12.36,12.47,12.58,12.55,12.51,12.48,12.44,12.68,12.91,13.15,13.38,13.51,13.63,13.75,13.88,14.35,14.82,15.3,15.77,15.71,15.65,15.59,15.53,16.17,16.8,17.44,18.08,18.24,18.41,18.58,18.74,18.8,18.86,18.92,18.98,18.67,18.37,18.06,17.75,17.79,17.83,17.87,17.91,17.91,17.9,17.9,17.89,17.46,17.04,16.61,16.18,,
2019-05-18T00:00:00+00:00,13.17,13.02,12.86,12.67,12.49,12.3,12.11,11.97,11.84,11.7,11.56,11.57,11.57,11.58,11.58,11.74,11.89,12.05,12.2,12.24,12.27,12.31,12.34,12.54,12.74,12.94,13.14,13.35,13.57,13.78,13.99,13.99,13.99,13.99,13.99,14.56,15.13,15.69,16.26,16.55,16.84,17.14,17.43,17.64,17.86,18.07,18.29,18.22,18.15,18.08,18.0,18.05,18.1,18.15,18.2,18.47,18.74,19.01,19.28,18.53,17.79,17.04,16.3,16.37,16.45,16.52,16.59,16.11,15.63,15.14,14.66,14.37,14.09,13.8,13.52,13.41,13.31,13.2,13.1,12.95,12.79,12.64,12.48,12.44,12.4,12.36,12.32,12.23,12.15,12.07,11.98,11.9,11.81,11.73,11.64,11.66,11.67,11.69,11.7,11.58,11.45,11.33,11.2,11.21,11.22,11.23,11.24,11.29,11.34,11.39,11.44,11.6,11.77,11.93,12.09,12.21,12.34,12.46,12.58,12.84,13.09,13.35,13.6,13.82,14.04,14.25,14.47,14.71,14.96,15.21,15.46,15.79,16.13,16.47,16.81,16.67,16.53,16.39,16.25,15.96,15.67,15.38,15.09,15.64,16.19,16.75,17.3,17.15,17.01,16.87,16.73,16.57,16.41,16.24,16.08,16.0,15.91,15.82,15.74,15.68,15.62,15.56,15.5,,
2019-05-19T00:00:00+00:00,11.31,11.36,11.41,11.21,11.01,10.82,10.62,10.72,10.82,10.91,11.01,11.18,11.35,11.52,11.69,11.81,11.93,12.05,12.18,12.26,12.34,12.42,12.5,12.65,12.79,12.94,13.08,13.37,13.65,13.93,14.21,14.54,14.87,15.2,15.53,15.82,16.12,16.41,16.7,16.91,17.11,17.31,17.51,17.08,16.65,16.22,15.8,15.63,15.47,15.3,15.14,15.7,16.26,16.82,17.38,16.74,16.11,15.47,14.84,14.79,14.74,14.69,14.64,14.67,14.7,14.73,14.77,14.59,14.42,14.25,14.08,14.08,14.08,14.08,14.08,13.93,13.79,13.64,13.49,13.45,13.4,13.35,13.3,13.15,13.01,12.86,12.71,12.75,12.8,12.85,12.9,12.74,12.58,12.42,12.26,12.07,11.87,11.68,11.49,11.4,11.31,11.22,11.13,11.05,10.97,10.89,10.81,10.76,10.71,10.67,10.62,10.92,11.21,11.51,11.81,12.07,12.33,12.59,12.86,13.15,13.43,13.72,14.01,14.13,14.24,14.35,14.47,14.57,14.67,14.77,14.87,15.5,16.12,16.75,17.37,17.61,17.84,18.07,18.3,18.5,18.7,18.9,19.1,19.08,19.06,19.03,19.01,18.76,18.5,18.25,18.0,18.14,18.27,18.41,18.55,18.59,18.63,18.67,18.71,18.5,18.28,18.07,17.86,,
2019-05-20T00:00:00+00:00,11.64,11.55,11.46,11.37,11.29,11.2,11.11,11.07,11.03,11.0,10.96,10.96,10.96,10.96,10.96,11.01,11.06,11.11,11.16,11.42,11.69,11.96,12.22,12.53,12.83,13.14,13.45,13.66,13.87,14.08,14.29,14.67,15.05,15.44,15.82,16.14,16.46,16.78,17.1,17.22,17.35,17.47,17.6,17.49,17.38,17.27,17.16,17.39,17.62,17.86,18.09,18.12,18.14,18.16,18.19,18.31,18.43,18.55,18.67,18.47,18.28,18.08,17.89,17.63,17.37,17.12,16.86,16.58,16.31,16.03,15.76,15.56,15.37,15.17,14.98,14.73,14.48,14.23,13.98,13.67,13.36,13.05,12.74,12.56,12.38,12.21,12.03,11.82,11.61,11.4,11.19,11.03,10.88,10.73,10.57,10.41,10.25,10.09,9.93,9.81,9.69,9.56,9.44,9.34,9.24,9.14,9.04,9.05,9.05,9.06,9.06,9.53,10.0,10.47,10.94,11.45,11.96,12.47,12.97,13.34,13.7,14.06,14.42,14.74,15.06,15.38,15.7,16.1,16.51,16.91,17.32,17.55,17.77,18.0,18.23,18.39,18.54,18.7,18.86,18.96,19.06,19.16,19.26,19.35,19.44,19.53,19.62,19.69,19.76,19.82,19.89,19.81,19.72,19.64,19.56,19.17,18.78,18.39,18.0,17.84,17.68,17.52,17.35,,
2019-05-21T00:00:00+00:00,10.54,10.4,10.25,10.26,10.27,10.28,10.3,10.26,10.23,10.2,10.17,10.15,10.13,10.11,10.09,10.43,10.77,11.11,11.45,11.93,12.4,12.88,13.35,13.79,14.22,14.66,15.1,15.51,15.92,16.33,16.74,17.08,17.41,17.74,18.07,18.28,18.49,18.7,18.91,18.98,19.04,19.1,19.16,19.22,19.27,19.32,19.37,19.3,19.22,19.15,19.07,19.2,19.33,19.45,19.58,18.87,18.15,17.44,16.73,16.97,17.22,17.46,17.7,17.52,17.34,17.16,16.98,16.83,16.68,16.53,16.37,16.08,15.8,15.51,15.22,14.99,14.77,14.55,14.32,14.18,14.04,13.89,13.75,13.81,13.87,13.92,13.98,13.96,13.94,13.92,13.9,13.6,13.3,13.0,12.7,12.41,12.12,11.83,11.54,11.35,11.16,10.97,10.78,10.56,10.34,10.12,9.9,9.93,9.97,10.0,10.03,10.53,11.02,11.51,12.01,12.54,13.08,13.62,14.16,14.58,14.99,15.41,15.83,16.21,16.59,16.98,17.36,17.61,17.85,18.1,18.35,18.52,18.7,18.88,19.05,19.15,19.24,19.33,19.43,19.44,19.46,19.48,19.49,19.43,19.36,19.3,19.24,19.38,19.52,19.66,19.81,19.78,19.75,19.73,19.7,19.59,19.47,19.36,19.25,19.14,19.03,18.92,18.81,,
2019-05-22T00:00:00+00:00,9.94,9.73,9.52,9.42,9.32,9.22,9.12,9.07,9.02,8.96,8.91,8.93,8.94,8.96,8.98,9.47,9.97,10.46,10.96,11.58,12.2,12.82,13.44,13.94,14.44,14.94,15.44,15.84,16.24,16.65,17.05,17.35,17.64,17.93,18.22,18.45,18.68,18.91,19.14,19.27,19.39,19.51,19.64,19.76,19.88,19.99,20.11,20.21,20.31,20.41,20.5,20.53,20.57,20.6,20.63,20.6,20.57,20.55,20.52,20.4,20.28,20.15,20.03,19.88,19.74,19.59,19.44,19.22,18.99,18.76,18.53,18.14,17.75,17.37,16.98,16.7,16.42,16.14,15.86,15.62,15.37,15.13,14.89,14.77,14.65,14.53,14.42,14.2,13.98,13.76,13.54,13.43,13.31,13.19,13.07,12.97,12.86,12.75,12.65,12.53,12.41,12.29,12.18,12.19,12.21,12.23,12.24,12.31,12.38,12.45,12.51,12.88,13.25,13.62,13.98,14.73,15.47,16.22,16.96,17.41,17.85,18.29,18.73,19.0,19.27,19.54,19.81,20.1,20.39,20.68,20.97,21.09,21.21,21.33,21.46,21.51,21.56,21.61,21.66,21.79,21.92,22.06,22.19,22.25,22.32,22.38,22.45,22.52,22.58,22.65,22.72,22.69,22.66,22.64,22.61,22.53,22.44,22.36,22.28,22.07,21.86,21.65,21.44,,
2019-05-23T00:00:00+00:00,11.26,11.19,11.12,10.94,10.75,10.56,10.38,10.23,10.08,9.93,9.79,9.92,10.06,10.2,10.34,10.94,11.55,12.16,12.76,13.37,13.98,14.58,15.19,15.62,16.05,16.47,16.9,17.28,17.66,18.04,18.41,18.7,18.99,19.27,19.56,19.79,20.02,20.25,20.47,20.66,20.84,21.02,21.21,21.32,21.44,21.56,21.67,21.72,21.78,21.83,21.88,21.9,21.92,21.93,21.95,21.88,21.8,21.73,21.65,21.56,21.46,21.37,21.27,21.15,21.02,20.9,20.77,20.52,20.28,20.03,19.78,19.47,19.17,18.86,18.55,18.34,18.13,17.92,17.71,17.49,17.27,17.04,16.82,16.5,16.18,15.86,15.53,15.51,15.49,15.47,15.45,15.3,15.15,15.0,14.85,14.68,14.51,14.34,14.17,14.0,13.82,13.65,13.48,13.28,13.07,12.87,12.67,12.75,12.84,12.92,13.0,13.41,13.82,14.24,14.65,15.21,15.78,16.35,16.92,17.47,18.03,18.59,19.15,19.53,19.91,20.29,20.67,20.9,21.13,21.36,21.59,21.76,21.94,22.11,22.28,22.27,22.25,22.23,22.21,22.23,22.25,22.26,22.28,22.31,22.34,22.37,22.4,22.44,22.49,22.53,22.58,22.43,22.28,22.14,21.99,21.83,21.67,21.51,21.34,21.2,21.05,20.9,20.76,,
2019-05-24T00:00:00+00:00,12.81,12.7,12.59,12.59,12.59,12.58,12.58,12.54,12.51,12.47,12.43,12.5,12.57,12.63,12.7,13.02,13.34,13.66,13.98,14.43,14.88,15.33,15.78,16.04,16.29,16.55,16.81,17.06,17.31,17.56,17.81,18.12,18.43,18.75,19.06,19.22,19.39,19.56,19.72,19.87,20.03,20.18,20.33,20.61,20.88,21.15,21.42,21.54,21.66,21.78,21.9,21.97,22.04,22.1,22.17,22.07,21.97,21.87,21.77,21.66,21.55,21.44,21.33,21.13,20.92,20.71,20.5,19.87,19.23,18.6,17.96,17.79,17.61,17.43,17.25,17.07,16.88,16.7,16.52,16.31,16.11,15.9,15.7,15.64,15.58,15.51,15.45,15.2,14.95,14.7,14.45,14.35,14.24,14.14,14.04,13.99,13.94,13.9,13.85,13.82,13.78,13.75,13.72,13.69,13.65,13.62,13.59,13.55,13.52,13.48,13.45,13.61,13.78,13.94,14.1,14.4,14.69,14.98,15.28,15.78,16.28,16.79,17.29,17.78,18.27,18.76,19.25,19.54,19.84,20.13,20.43,20.52,20.61,20.7,20.78,21.0,21.21,21.42,21.63,20.86,20.09,19.32,18.55,19.2,19.86,20.52,21.17,21.26,21.34,21.42,21.51,20.94,20.38,19.82,19.25,19.32,19.38,19.44,19.5,19.47,19.44,19.41,19.37,,
2019-05-25T00:00:00+00:00,13.29,13.06,12.83,12.6,12.36,12.13,11.9,11.77,11.65,11.53,11.4,11.52,11.64,11.76,11.87,12.32,12.76,13.21,13.65,14.19,14.73,15.27,15.81,16.29,16.76,17.24,17.72,18.08,18.44,18.79,19.15,19.35,19.55,19.74,19.94,20.1,20.26,20.42,20.58,20.64,20.71,20.78,20.84,21.0,21.15,21.3,21.45,21.47,21.49,21.51,21.53,20.96,20.39,19.82,19.25,19.47,19.68,19.89,20.1,19.88,19.65,19.42,19.2,19.12,19.04,18.97,18.89,18.68,18.48,18.28,18.07,17.69,17.32,16.94,16.56,16.33,16.1,15.88,15.65,15.44,15.24,15.03,14.82,14.61,14.4,14.19,13.98,13.81,13.64,13.47,13.3,13.17,13.04,12.91,12.78,12.59,12.39,12.2,12.0,11.86,11.72,11.58,11.44,11.37,11.3,11.23,11.15,11.24,11.33,11.42,11.51,11.97,12.43,12.89,13.35,13.82,14.29,14.76,15.23,15.55,15.87,16.19,16.51,16.74,16.97,17.2,17.43,17.67,17.91,18.15,18.39,18.57,18.75,18.92,19.1,19.12,19.14,19.16,19.18,19.43,19.68,19.93,20.19,20.27,20.36,20.45,20.53,20.39,20.24,20.09,19.94,19.63,19.31,18.99,18.68,18.69,18.7,18.72,18.73,18.67,18.61,18.55,18.49,,
2019-05-26T00:00:00+00:00,12.07,11.92,11.76,11.82,11.88,11.94,12.0,12.05,12.1,12.15,12.19,12.21,12.23,12.25,12.26,12.58,12.9,13.22,13.53,13.89,14.25,14.62,14.98,15.25,15.52,15.79,16.06,16.26,16.47,16.68,16.89,17.21,17.53,17.86,18.18,18.43,18.67,18.92,19.17,19.37,19.58,19.78,19.99,19.87,19.76,19.65,19.53,19.39,19.24,19.1,18.95,18.77,18.58,18.4,18.22,18.26,18.29,18.33,18.37,18.17,17.96,17.76,17.55,17.48,17.4,17.32,17.25,17.21,17.17,17.12,17.08,16.98,16.88,16.78,16.68,16.64,16.6,16.56,16.52,16.47,16.43,16.38,16.33,16.2,16.06,15.92,15.79,15.75,15.72,15.69,15.66,15.59,15.52,15.45,15.38,15.3,15.23,15.16,15.08,15.02,14.95,14.89,14.82,14.71,14.6,14.49,14.38,14.34,14.3,14.26,14.22,14.21,14.19,14.18,14.17,14.18,14.2,14.21,14.23,14.45,14.67,14.89,15.11,15.17,15.22,15.28,15.33,15.4,15.47,15.55,15.62,16.14,16.67,17.2,17.72,18.01,18.29,18.58,18.86,19.01,19.17,19.32,19.48,19.58,19.68,19.78,19.88,19.8,19.72,19.64,19.56,19.48,19.39,19.31,19.22,18.98,18.75,18.51,18.27,17.94,17.61,17.28,16.95,,
2019-05-27T00:00:00+00:00,13.89,13.84,13.78,13.61,13.43,13.25,13.07,12.95,12.83,12.7,12.58,12.65,12.72,12.8,12.87,13.11,13.34,13.58,13.81,13.92,14.02,14.13,14.23,14.59,14.95,15.31,15.67,15.78,15.89,16.01,16.12,16.18,16.25,16.32,16.38,16.67,16.95,17.24,17.52,17.62,17.72,17.82,17.92,18.09,18.27,18.44,18.61,18.58,18.54,18.5,18.47,18.61,18.76,18.91,19.06,18.98,18.9,18.82,18.74,18.52,18.29,18.07,17.84,17.56,17.29,17.01,16.73,16.46,16.19,15.92,15.65,15.43,15.21,14.99,14.78,14.49,14.2,13.91,13.62,13.36,13.1,12.84,12.58,12.47,12.35,12.24,12.13,12.09,12.06,12.03,12.0,11.96,11.93,11.9,11.87,11.84,11.8,11.77,11.73,11.68,11.62,11.57,11.51,11.35,11.19,11.04,10.88,10.79,10.71,10.62,10.53,10.76,10.99,11.22,11.46,11.56,11.67,11.77,11.88,11.96,12.03,12.11,12.19,12.49,12.8,13.11,13.42,13.7,13.99,14.28,14.56,14.84,15.12,15.4,15.68,15.64,15.6,15.56,15.52,15.01,14.5,13.99,13.48,13.31,13.13,12.95,12.77,13.18,13.6,14.01,14.42,14.42,14.41,14.41,14.41,14.65,14.89,15.13,15.37,15.22,15.07,14.92,14.77,,
2019-05-28T00:00:00+00:00,10.82,10.64,10.46,10.31,10.15,10.0,9.84,9.9,9.95,10.01,10.06,10.12,10.17,10.22,10.28,10.56,10.84,11.12,11.4,11.67,11.94,12.21,12.48,12.52,12.56,12.59,12.63,12.77,12.92,13.06,13.21,13.36,13.51,13.66,13.81,13.35,12.89,12.42,11.96,12.64,13.32,14.0,14.68,14.23,13.78,13.33,12.88,12.94,13.0,13.06,13.12,13.68,14.23,14.79,15.34,15.41,15.49,15.56,15.63,15.6,15.56,15.52,15.49,15.33,15.18,15.02,14.87,14.6,14.33,14.06,13.79,13.47,13.16,12.85,12.53,12.24,11.94,11.64,11.34,11.15,10.96,10.77,10.58,10.4,10.23,10.05,9.88,9.7,9.53,9.35,9.18,9.01,8.83,8.66,8.49,8.37,8.24,8.11,7.98,7.91,7.84,7.76,7.69,7.6,7.51,7.41,7.32,7.46,7.59,7.73,7.86,8.32,8.78,9.24,9.7,10.24,10.78,11.32,11.86,12.35,12.84,13.32,13.81,14.23,14.64,15.06,15.48,15.72,15.96,16.2,16.45,16.68,16.9,17.13,17.36,17.47,17.57,17.68,17.79,17.87,17.95,18.03,18.11,18.07,18.03,17.99,17.95,17.98,18.0,18.03,18.06,17.92,17.77,17.63,17.49,17.18,16.87,16.57,16.26,16.09,15.92,15.76,15.59,,
2019-05-29T00:00:00+00:00,8.25,8.07,7.9,7.86,7.82,7.78,7.73,7.71,7.69,7.67,7.65,7.71,7.77,7.83,7.88,8.21,8.54,8.86,9.19,9.68,10.18,10.67,11.17,11.65,12.13,12.6,13.08,13.44,13.8,14.17,14.53,14.86,15.2,15.54,15.88,16.11,16.35,16.58,16.82,16.92,17.03,17.13,17.23,17.46,17.68,17.9,18.13,18.19,18.25,18.31,18.37,18.38,18.39,18.4,18.41,18.39,18.37,18.35,18.33,17.96,17.6,17.23,16.86,16.47,16.09,15.7,15.31,15.06,14.81,14.57,14.32,14.23,14.14,14.06,13.97,13.83,13.68,13.54,13.4,13.28,13.15,13.03,12.91,12.85,12.78,12.72,12.66,12.65,12.64,12.62,12.61,12.61,12.62,12.62,12.62,12.65,12.68,12.71,12.73,12.74,12.76,12.77,12.78,12.78,12.77,12.76,12.76,12.78,12.8,12.83,12.85,12.94,13.03,13.12,13.21,13.39,13.56,13.74,13.92,13.95,13.99,14.03,14.07,14.6,15.12,15.65,16.18,16.59,17.0,17.41,17.83,17.71,17.59,17.47,17.36,17.75,18.15,18.54,18.94,19.12,19.31,19.5,19.68,19.67,19.66,19.65,19.63,19.36,19.08,18.81,18.53,18.7,18.87,19.05,19.22,19.18,19.13,19.09,19.05,18.97,18.89,18.82,18.74,,
2019-05-30T00:00:00+00:00,14.12,14.07,14.01,14.07,14.12,14.17,14.23,14.14,14.05,13.96,13.88,13.86,13.84,13.82,13.8,14.01,14.22,14.43,14.63,14.88,15.13,15.38,15.63,15.9,16.18,16.45,16.73,16.98,17.22,17.47,17.71,17.83,17.95,18.06,18.18,18.26,18.34,18.42,18.5,18.53,18.56,18.59,18.62,19.14,19.65,20.16,20.67,20.71,20.75,20.8,20.84,20.65,20.45,20.26,20.07,20.3,20.52,20.75,20.98,20.96,20.94,20.92,20.9,20.73,20.56,20.39,20.22,20.03,19.84,19.65,19.46,19.18,18.89,18.6,18.32,18.01,17.71,17.4,17.09,16.9,16.7,16.5,16.3,16.19,16.07,15.96,15.85,15.6,15.35,15.1,14.86,14.74,14.63,14.51,14.4,14.31,14.22,14.12,14.03,13.96,13.88,13.8,13.73,13.66,13.59,13.52,13.45,13.5,13.56,13.62,13.68,14.19,14.69,15.19,15.7,16.17,16.65,17.12,17.59,17.9,18.21,18.52,18.83,19.19,19.56,19.92,20.29,20.59,20.9,21.2,21.5,21.76,22.01,22.26,22.51,22.77,23.02,23.28,23.53,23.7,23.86,24.03,24.19,24.32,24.44,24.56,24.69,24.75,24.81,24.87,24.94,24.94,24.95,24.96,24.97,24.93,24.89,24.86,24.82,24.67,24.51,24.36,24.21,,
2019-05-31T00:00:00+00:00,14.15,13.92,13.7,13.56,13.42,13.28,13.14,13.11,13.07,13.04,13.01,13.14,13.28,13.41,13.54,13.95,14.37,14.78,15.19,15.59,15.98,16.38,16.77,17.2,17.63,18.06,18.49,18.8,19.12,19.43,19.75,20.05,20.35,20.65,20.95,21.2,21.45,21.71,21.96,22.2,22.43,22.67,22.9,23.1,23.29,23.48,23.67,23.79,23.9,24.02,24.14,24.22,24.31,24.4,24.48,24.44,24.39,24.34,24.3,24.26,24.22,24.18,24.14,23.99,23.83,23.68,23.53,23.29,23.05,22.82,22.58,22.27,21.96,21.64,21.33,21.01,20.69,20.38,20.06,19.79,19.52,19.25,18.99,18.76,18.54,18.32,18.1,17.93,17.76,17.58,17.41,17.31,17.2,17.09,16.98,16.86,16.74,16.62,16.5,16.48,16.45,16.42,16.39,16.37,16.35,16.33,16.31,16.27,16.22,16.18,16.13,16.73,17.32,17.91,18.5,18.94,19.37,19.8,20.24,20.66,21.09,21.51,21.94,22.25,22.57,22.89,23.21,23.5,23.79,24.09,24.38,24.66,24.94,25.21,25.49,25.73,25.97,26.21,26.45,26.62,26.8,26.97,27.15,27.26,27.37,27.48,27.58,27.69,27.79,27.89,28.0,28.01,28.01,28.02,28.03,27.99,27.94,27.9,27.86,27.7,27.54,27.38,27.23,,
2019-06-01T00:00:00+00:00,14.61,14.59,14.58,14.47,14.36,14.26,14.15,14.13,14.11,14.08,14.06,14.12,14.19,14.25,14.32,14.66,14.99,15.33,15.67,16.29,16.9,17.52,18.13,18.69,19.24,19.79,20.34,20.76,21.19,21.61,22.03,22.42,22.81,23.2,23.59,23.9,24.2,24.51,24.81,25.05,25.29,25.53,25.77,25.95,26.13,26.32,26.5,26.67,26.83,27.0,27.16,27.25,27.34,27.43,27.52,27.56,27.6,27.64,27.67,27.64,27.61,27.57,27.54,27.35,27.16,26.97,26.79,26.51,26.24,25.96,25.69,25.37,25.06,24.75,24.43,24.09,23.75,23.4,23.06,22.88,22.7,22.52,22.34,22.13,21.93,21.73,21.53,21.35,21.18,21.0,20.83,20.77,20.71,20.64,20.58,20.43,20.28,20.13,19.97,19.77,19.57,19.37,19.17,18.79,18.41,18.03,17.64,17.61,17.58,17.55,17.52,18.16,18.8,19.44,20.08,20.65,21.22,21.79,22.36,22.88,23.39,23.91,24.43,24.92,25.4,25.88,26.37,26.72,27.08,27.43,27.79,28.12,28.45,28.77,29.1,29.25,29.4,29.54,29.69,29.86,30.04,30.22,30.4,30.45,30.51,30.57,30.62,30.55,30.47,30.39,30.32,30.24,30.16,30.08,30.01,29.9,29.78,29.67,29.56,29.41,29.26,29.12,28.97,,
2019-06-02T00:00:00+00:00,17.88,17.79,17.7,17.46,17.22,16.98,16.74,16.67,16.6,16.53,16.46,16.63,16.79,16.96,17.12,17.77,18.42,19.06,19.71,20.13,20.55,20.97,21.39,21.73,22.06,22.4,22.73,23.14,23.55,23.95,24.36,24.84,25.32,25.79,26.27,26.64,27.01,27.38,27.75,27.98,28.21,28.43,28.66,28.78,28.89,29.01,29.12,29.11,29.1,29.08,29.07,29.06,29.06,29.05,29.04,28.94,28.85,28.75,28.66,28.52,28.39,28.26,28.13,27.92,27.71,27.49,27.28,27.04,26.8,26.56,26.32,26.0,25.68,25.35,25.03,24.57,24.11,23.64,23.18,22.84,22.5,22.16,21.81,21.57,21.32,21.08,20.83,20.6,20.36,20.12,19.89,19.73,19.57,19.41,19.25,19.0,18.76,18.51,18.26,18.04,17.82,17.61,17.39,17.2,17.01,16.81,16.62,16.59,16.57,16.54,16.51,16.66,16.81,16.96,17.1,17.21,17.33,17.44,17.55,17.73,17.91,18.09,18.27,18.43,18.59,18.74,18.9,19.08,19.26,19.44,19.63,19.87,20.12,20.36,20.61,20.48,20.35,20.22,20.09,20.76,21.43,22.1,22.77,22.9,23.03,23.17,23.3,23.48,23.66,23.84,24.02,24.04,24.07,24.09,24.12,23.37,22.62,21.87,21.12,21.18,21.23,21.29,21.35,,
2019-06-03T00:00:00+00:00,18.96,18.79,18.62,18.51,18.41,18.31,18.21,18.02,17.84,17.66,17.47,17.35,17.24,17.12,17.0,17.02,17.04,17.06,17.08,17.19,17.3,17.42,17.53,17.42,17.32,17.21,17.1,17.11,17.11,17.12,17.12,17.09,17.05,17.02,16.98,16.53,16.08,15.63,15.18,15.15,15.12,15.1,15.07,15.87,16.66,17.46,18.26,18.69,19.12,19.54,19.97,20.15,20.33,20.52,20.7,20.86,21.03,21.2,21.36,21.36,21.35,21.35,21.34,21.22,21.1,20.98,20.86,20.68,20.5,20.31,20.13,19.86,19.59,19.31,19.04,18.82,18.59,18.37,18.15,17.84,17.54,17.24,16.93,16.83,16.73,16.62,16.52,16.43,16.34,16.25,16.16,16.08,16.0,15.92,15.84,15.73,15.63,15.53,15.43,15.42,15.41,15.4,15.4,15.41,15.43,15.44,15.46,15.5,15.54,15.58,15.63,15.97,16.32,16.67,17.01,17.52,18.02,18.52,19.03,19.31,19.59,19.87,20.15,20.58,21.01,21.44,21.88,22.31,22.74,23.17,23.6,24.08,24.57,25.05,25.54,25.97,26.4,26.83,27.26,27.56,27.86,28.17,28.47,28.82,29.17,29.52,29.87,30.16,30.45,30.74,31.03,30.69,30.36,30.02,29.68,28.69,27.7,26.72,25.73,25.09,24.45,23.82,23.18,,
2019-06-04T00:00:00+00:00,13.86,13.83,13.79,13.75,13.72,13.68,13.64,13.56,13.49,13.42,13.34,13.45,13.55,13.66,13.76,13.87,13.99,14.1,14.21,14.92,15.63,16.34,17.05,17.45,17.84,18.23,18.63,18.97,19.32,19.67,20.01,20.45,20.89,21.32,21.76,22.17,22.59,23.01,23.42,23.62,23.81,24.0,24.2,24.44,24.68,24.92,25.16,25.2,25.24,25.28,25.32,24.76,24.2,23.64,23.08,22.31,21.54,20.78,20.01,19.65,19.29,18.93,18.57,18.53,18.5,18.46,18.43,18.32,18.21,18.09,17.98,17.7,17.41,17.13,16.84,16.58,16.31,16.05,15.78,15.61,15.45,15.28,15.12,15.03,14.94,14.85,14.76,14.89,15.02,15.15,15.28,15.31,15.34,15.37,15.41,15.27,15.13,14.99,14.85,14.9,14.95,14.99,15.04,15.02,14.99,14.97,14.95,14.93,14.92,14.91,14.89,14.92,14.95,14.98,15.01,15.02,15.03,15.04,15.06,15.04,15.02,15.0,14.98,14.89,14.81,14.73,14.64,14.61,14.58,14.55,14.52,14.49,14.47,14.45,14.43,14.48,14.53,14.58,14.63,14.63,14.64,14.65,14.65,14.55,14.44,14.33,14.22,14.21,14.21,14.2,14.2,14.06,13.93,13.79,13.66,13.44,13.21,12.99,12.77,12.71,12.66,12.6,12.55,,
2019-06-05T00:00:00+00:00,14.86,14.72,14.59,14.26,13.94,13.61,13.28,13.29,13.29,13.29,13.29,13.32,13.34,13.37,13.39,13.47,13.54,13.62,13.69,13.76,13.83,13.9,13.97,14.01,14.05,14.1,14.14,14.04,13.94,13.84,13.73,13.55,13.37,13.19,13.0,12.97,12.94,12.9,12.87,12.84,12.82,12.8,12.77,12.7,12.63,12.56,12.49,12.45,12.41,12.37,12.34,12.35,12.36,12.37,12.38,12.39,12.4,12.41,12.43,12.22,12.02,11.81,11.61,11.51,11.41,11.31,11.21,11.17,11.14,11.1,11.06,10.95,10.84,10.73,10.62,10.59,10.56,10.54,10.51,10.52,10.53,10.54,10.55,10.63,10.72,10.8,10.89,10.9,10.91,10.92,10.93,10.94,10.95,10.96,10.97,11.05,11.12,11.19,11.27,11.2,11.14,11.07,11.01,10.84,10.66,10.49,10.32,10.21,10.1,10.0,9.89,9.98,10.06,10.15,10.24,10.52,10.8,11.08,11.35,11.62,11.89,12.16,12.43,12.7,12.96,13.23,13.5,13.81,14.12,14.43,14.74,15.04,15.33,15.62,15.92,16.21,16.5,16.8,17.09,17.07,17.05,17.04,17.02,17.35,17.68,18.01,18.34,18.39,18.45,18.5,18.55,18.57,18.6,18.62,18.64,18.64,18.64,18.64,18.65,18.49,18.33,18.17,18.01,,
2019-06-06T00:00:00+00:00,10.95,10.94,10.93,10.86,10.79,10.71,10.64,10.66,10.68,10.69,10.71,10.71,10.72,10.72,10.73,10.89,11.06,11.23,11.4,11.51,11.62,11.74,11.85,11.95,12.04,12.13,12.22,12.55,12.87,13.19,13.51,13.76,14.01,14.26,14.51,14.85,15.18,15.52,15.86,16.15,16.44,16.74,17.03,16.9,16.77,16.64,16.5,16.72,16.94,17.16,17.38,17.57,17.75,17.94,18.13,18.15,18.17,18.19,18.21,18.13,18.06,17.98,17.91,17.84,17.78,17.72,17.65,17.49,17.32,17.16,16.99,16.73,16.47,16.21,15.96,15.65,15.35,15.05,14.75,14.56,14.36,14.17,13.97,13.89,13.8,13.71,13.62,13.63,13.63,13.64,13.64,13.57,13.5,13.44,13.37,13.35,13.34,13.32,13.3,13.26,13.22,13.18,13.14,13.07,13.0,12.93,12.87,12.9,12.93,12.96,13.0,13.21,13.43,13.64,13.85,14.1,14.35,14.6,14.85,15.29,15.72,16.16,16.59,16.56,16.53,16.5,16.47,16.07,15.67,15.27,14.87,14.44,14.02,13.59,13.17,13.48,13.78,14.09,14.4,14.92,15.45,15.97,16.49,16.78,17.07,17.35,17.64,17.46,17.28,17.1,16.92,16.52,16.11,15.71,15.31,14.83,14.36,13.89,13.41,13.42,13.44,13.45,13.46,,
2019-06-07T00:00:00+00:00,13.47,13.46,13.46,13.36,13.25,13.15,13.04,12.91,12.78,12.66,12.53,12.51,12.5,12.48,12.47,12.64,12.81,12.99,13.16,13.18,13.21,13.23,13.25,13.54,13.82,14.11,14.39,14.52,14.65,14.78,14.91,14.6,14.29,13.97,13.66,13.95,14.24,14.52,14.81,14.66,14.5,14.35,14.19,14.65,15.1,15.55,16.01,16.3,16.59,16.88,17.17,17.22,17.28,17.33,17.39,17.12,16.85,16.58,16.31,15.83,15.35,14.87,14.39,14.22,14.06,13.89,13.73,13.42,13.11,12.8,12.49,12.39,12.29,12.19,12.09,12.11,12.14,12.16,12.19,12.31,12.43,12.54,12.66,12.64,12.61,12.59,12.57,12.45,12.34,12.23,12.12,12.09,12.07,12.04,12.02,11.97,11.92,11.86,11.81,11.83,11.85,11.87,11.89,11.8,11.71,11.62,11.54,11.51,11.49,11.47,11.45,11.56,11.67,11.78,11.9,12.13,12.37,12.6,12.84,13.05,13.26,13.47,13.67,13.94,14.2,14.46,14.72,14.97,15.21,15.45,15.7,15.88,16.07,16.26,16.45,16.63,16.8,16.98,17.15,17.21,17.26,17.32,17.37,17.58,17.78,17.98,18.18,18.22,18.26,18.31,18.35,17.96,17.56,17.17,16.78,16.68,16.58,16.48,16.39,16.4,16.41,16.42,16.43,,
2019-06-08T00:00:00+00:00,11.68,11.73,11.77,11.77,11.76,11.75,11.74,11.7,11.65,11.61,11.57,11.5,11.44,11.37,11.31,11.4,11.5,11.59,11.69,11.8,11.91,12.01,12.12,12.39,12.66,12.93,13.19,13.4,13.61,13.82,14.03,14.33,14.64,14.94,15.24,15.59,15.94,16.28,16.63,16.53,16.43,16.33,16.23,16.14,16.06,15.97,15.89,16.4,16.92,17.43,17.94,17.18,16.42,15.67,14.91,15.25,15.59,15.93,16.27,16.36,16.45,16.54,16.63,16.56,16.49,16.42,16.35,16.28,16.2,16.12,16.05,15.66,15.27,14.89,14.5,14.41,14.32,14.23,14.14,14.06,13.97,13.89,13.8,13.58,13.35,13.12,12.89,12.83,12.77,12.7,12.64,12.57,12.51,12.44,12.38,12.31,12.24,12.17,12.11,12.0,11.89,11.78,11.68,11.63,11.58,11.53,11.48,11.51,11.54,11.56,11.59,11.94,12.29,12.64,12.99,13.35,13.7,14.06,14.41,14.59,14.76,14.94,15.11,15.61,16.1,16.59,17.09,17.41,17.74,18.06,18.39,18.52,18.65,18.79,18.92,18.63,18.34,18.05,17.76,18.02,18.28,18.54,18.79,18.35,17.91,17.46,17.02,17.36,17.7,18.04,18.38,18.59,18.81,19.02,19.24,19.3,19.36,19.42,19.48,19.3,19.11,18.93,18.75,,
2019-06-09T00:00:00+00:00,12.51,12.42,12.32,12.21,12.1,12.0,11.89,11.73,11.58,11.42,11.26,11.2,11.15,11.09,11.03,11.61,12.19,12.77,13.34,13.59,13.83,14.08,14.32,14.51,14.7,14.89,15.09,15.34,15.6,15.86,16.12,16.51,16.91,17.31,17.7,18.03,18.36,18.68,19.01,18.99,18.97,18.96,18.94,19.02,19.1,19.17,19.25,19.3,19.35,19.4,19.45,19.44,19.43,19.42,19.41,19.6,19.79,19.98,20.16,20.26,20.35,20.44,20.54,20.5,20.46,20.42,20.38,20.22,20.06,19.89,19.73,19.45,19.17,18.89,18.61,18.39,18.18,17.97,17.75,17.63,17.51,17.39,17.27,16.99,16.71,16.43,16.16,15.65,15.14,14.63,14.12,14.12,14.12,14.12,14.12,14.04,13.96,13.87,13.79,13.61,13.43,13.25,13.06,12.96,12.86,12.76,12.66,12.67,12.68,12.7,12.71,12.76,12.82,12.87,12.92,13.05,13.18,13.32,13.45,13.45,13.44,13.44,13.43,13.66,13.89,14.13,14.36,14.6,14.85,15.09,15.34,15.67,16.0,16.33,16.66,16.88,17.1,17.32,17.54,17.21,16.88,16.54,16.21,16.73,17.25,17.77,18.29,18.37,18.45,18.53,18.62,18.48,18.33,18.19,18.05,17.59,17.13,16.67,16.21,16.17,16.12,16.07,16.03,,
2019-06-10T00:00:00+00:00,13.6,13.41,13.22,13.14,13.06,12.97,12.89,12.88,12.86,12.85,12.84,12.79,12.73,12.67,12.62,12.58,12.53,12.49,12.44,12.78,13.11,13.44,13.77,13.94,14.11,14.28,14.45,14.71,14.97,15.23,15.48,15.45,15.41,15.37,15.33,15.63,15.92,16.21,16.51,16.51,16.51,16.51,16.51,16.34,16.18,16.02,15.86,15.66,15.46,15.26,15.06,15.31,15.56,15.81,16.06,16.06,16.06,16.06,16.06,15.51,14.95,14.4,13.84,13.77,13.7,13.63,13.56,13.41,13.27,13.12,12.98,12.73,12.48,12.23,11.98,11.93,11.89,11.85,11.81,11.78,11.75,11.72,11.68,11.6,11.51,11.42,11.33,11.21,11.1,10.98,10.87,10.84,10.81,10.79,10.76,10.57,10.38,10.19,10.0,9.72,9.44,9.16,8.88,8.69,8.49,8.29,8.1,8.1,8.11,8.12,8.13,8.22,8.32,8.42,8.51,8.72,8.93,9.14,9.35,9.75,10.16,10.57,10.97,11.13,11.29,11.44,11.6,11.78,11.96,12.14,12.32,12.96,13.59,14.23,14.86,15.18,15.49,15.81,16.12,16.34,16.56,16.78,17.01,16.89,16.77,16.66,16.54,16.7,16.87,17.03,17.19,17.07,16.94,16.81,16.68,16.96,17.25,17.53,17.81,17.67,17.53,17.39,17.25,,
2019-06-11T00:00:00+00:00,8.63,8.54,8.45,8.35,8.25,8.15,8.05,7.92,7.79,7.66,7.53,7.55,7.57,7.59,7.61,8.0,8.39,8.78,9.18,9.52,9.85,10.19,10.53,11.06,11.59,12.12,12.66,13.14,13.62,14.11,14.59,14.8,15.01,15.23,15.44,15.68,15.93,16.17,16.42,16.58,16.75,16.91,17.07,17.39,17.7,18.01,18.32,18.51,18.7,18.9,19.09,19.2,19.3,19.4,19.51,19.37,19.23,19.09,18.95,18.19,17.44,16.68,15.92,16.02,16.11,16.2,16.3,15.5,14.71,13.91,13.12,12.94,12.77,12.59,12.42,12.36,12.31,12.26,12.21,12.28,12.36,12.43,12.5,12.41,12.32,12.23,12.14,12.08,12.03,11.97,11.92,11.85,11.79,11.72,11.66,11.67,11.69,11.7,11.72,11.65,11.58,11.51,11.44,11.36,11.28,11.2,11.12,10.92,10.71,10.5,10.3,10.31,10.33,10.34,10.36,10.32,10.27,10.23,10.19,10.54,10.89,11.24,11.59,11.9,12.22,12.54,12.85,13.17,13.49,13.81,14.13,14.23,14.34,14.45,14.55,14.5,14.44,14.38,14.32,14.64,14.96,15.29,15.61,15.74,15.86,15.99,16.12,16.08,16.05,16.01,15.98,16.25,16.52,16.79,17.07,16.39,15.71,15.03,14.35,14.35,14.35,14.35,14.35,,
2019-06-12T00:00:00+00:00,9.37,9.28,9.2,9.06,8.92,8.78,8.64,8.57,8.5,8.44,8.37,8.44,8.51,8.58,8.64,8.76,8.87,8.98,9.1,9.45,9.81,10.16,10.52,10.84,11.16,11.48,11.8,12.2,12.6,13.0,13.4,13.79,14.19,14.58,14.98,14.87,14.76,14.65,14.54,14.94,15.33,15.72,16.12,15.75,15.38,15.02,14.65,14.92,15.19,15.46,15.72,15.7,15.67,15.65,15.62,15.74,15.86,15.98,16.1,15.88,15.65,15.43,15.2,15.17,15.13,15.09,15.06,14.76,14.46,14.16,13.86,13.72,13.59,13.46,13.32,13.18,13.04,12.89,12.75,12.53,12.31,12.09,11.87,11.72,11.57,11.42,11.27,11.21,11.15,11.1,11.04,10.97,10.91,10.85,10.79,10.76,10.74,10.72,10.69,10.73,10.76,10.8,10.83,10.71,10.58,10.46,10.33,10.29,10.24,10.19,10.15,10.29,10.43,10.57,10.72,11.08,11.45,11.81,12.17,12.47,12.77,13.06,13.36,13.58,13.81,14.04,14.26,14.57,14.89,15.2,15.52,15.88,16.25,16.62,16.99,17.25,17.52,17.79,18.05,18.29,18.53,18.77,19.01,19.15,19.29,19.43,19.57,19.63,19.69,19.75,19.81,19.84,19.86,19.88,19.91,19.94,19.97,19.99,20.02,19.84,19.65,19.47,19.28,,
2019-06-13T00:00:00+00:00,10.09,10.01,9.94,9.91,9.89,9.86,9.83,9.89,9.94,9.99,10.05,10.13,10.21,10.29,10.38,10.52,10.67,10.82,10.97,11.17,11.37,11.57,11.77,12.11,12.44,12.78,13.12,13.44,13.76,14.08,14.4,14.71,15.02,15.32,15.63,15.83,16.03,16.22,16.42,16.73,17.05,17.36,17.68,17.8,17.92,18.04,18.16,18.29,18.42,18.55,18.68,18.95,19.21,19.48,19.74,19.74,19.74,19.73,19.73,19.66,19.59,19.51,19.44,19.36,19.28,19.19,19.11,18.92,18.73,18.54,18.36,18.03,17.7,17.38,17.05,16.84,16.63,16.42,16.2,16.01,15.81,15.61,15.41,15.17,14.93,14.7,14.46,14.23,14.01,13.78,13.55,13.45,13.35,13.25,13.14,13.11,13.07,13.03,12.99,12.93,12.87,12.8,12.74,12.72,12.7,12.68,12.67,12.72,12.78,12.84,12.9,13.29,13.68,14.07,14.45,14.74,15.03,15.32,15.6,15.97,16.34,16.71,17.08,17.29,17.51,17.73,17.94,18.32,18.69,19.06,19.43,19.69,19.95,20.21,20.47,20.68,20.89,21.1,21.3,21.4,21.49,21.58,21.67,21.78,21.88,21.99,22.1,22.1,22.1,22.1,22.1,22.07,22.03,21.99,21.95,22.0,22.04,22.09,22.13,21.99,21.84,21.7,21.55,,
2019-06-14T00:00:00+00:00,12.72,12.82,12.93,13.08,13.24,13.4,13.55,13.48,13.4,13.33,13.25,13.3,13.35,13.4,13.45,13.56,13.67,13.78,13.89,14.28,14.67,15.06,15.45,15.95,16.45,16.95,17.45,17.64,17.84,18.04,18.24,18.61,18.97,19.34,19.7,20.03,20.36,20.69,21.02,21.24,21.46,21.67,21.89,22.15,22.42,22.68,22.94,23.12,23.29,23.47,23.65,23.65,23.66,23.66,23.67,23.7,23.73,23.76,23.78,23.74,23.7,23.66,23.62,23.52,23.41,23.31,23.2,22.85,22.51,22.17,21.82,21.55,21.28,21.02,20.75,20.61,20.48,20.35,20.21,19.95,19.68,19.42,19.15,19.02,18.9,18.77,18.64,18.59,18.53,18.48,18.42,18.25,18.08,17.91,17.74,17.62,17.5,17.38,17.26,17.0,16.75,16.5,16.24,15.97,15.69,15.42,15.14,15.06,14.97,14.89,14.81,14.91,15.02,15.13,15.23,15.4,15.57,15.74,15.91,16.18,16.45,16.73,17.0,17.25,17.49,17.73,17.98,18.12,18.26,18.41,18.55,18.74,18.93,19.12,19.31,19.46,19.61,19.76,19.91,20.02,20.13,20.23,20.34,20.4,20.45,20.51,20.57,20.57,20.58,20.59,20.59,20.54,20.48,20.43,20.38,20.31,20.24,20.18,20.11,19.97,19.82,19.68,19.54,,
2019-06-15T00:00:00+00:00,15.39,15.3,15.22,15.03,14.85,14.67,14.48,14.18,13.87,13.56,13.25,13.37,13.49,13.61,13.73,13.91,14.1,14.28,14.47,14.8,15.12,15.45,15.78,16.06,16.35,16.63,16.91,17.21,17.51,17.81,18.12,18.38,18.64,18.89,19.15,19.38,19.6,19.83,20.05,20.14,20.22,20.31,20.39,20.45,20.52,20.58,20.64,20.73,20.81,20.9,20.98,20.92,20.86,20.81,20.75,20.23,19.71,19.18,18.66,18.88,19.09,19.3,19.52,19.14,18.76,18.38,18.01,17.85,17.7,17.54,17.39,17.14,16.89,16.63,16.38,16.17,15.97,15.76,15.55,15.39,15.24,15.08,14.92,14.74,14.56,14.38,14.2,14.05,13.9,13.75,13.6,13.44,13.28,13.12,12.96,12.82,12.68,12.54,12.4,12.37,12.34,12.31,12.29,12.25,12.21,12.17,12.13,12.26,12.39,12.51,12.64,12.93,13.22,13.51,13.8,14.17,14.54,14.92,15.29,15.66,16.03,16.41,16.78,16.97,17.15,17.34,17.53,17.76,17.99,18.22,18.45,18.66,18.88,19.09,19.31,19.56,19.8,20.04,20.29,20.4,20.51,20.62,20.74,20.89,21.04,21.19,21.34,21.43,21.52,21.61,21.7,21.77,21.84,21.91,21.97,21.96,21.95,21.94,21.93,21.82,21.71,21.6,21.49,,
2019-06-16T00:00:00+00:00,13.34,13.36,13.39,13.49,13.6,13.71,13.81,13.84,13.87,13.9,13.93,13.94,13.96,13.97,13.98,14.02,14.06,14.1,14.14,14.27,14.4,14.53,14.66,14.77,14.87,14.98,15.09,15.57,16.06,16.54,17.03,17.31,17.59,17.88,18.16,18.18,18.2,18.23,18.25,18.72,19.2,19.67,20.15,20.14,20.13,20.12,20.12,20.43,20.74,21.05,21.36,21.3,21.24,21.18,21.13,21.25,21.38,21.5,21.63,21.54,21.45,21.37,21.28,21.18,21.08,20.98,20.88,20.71,20.54,20.37,20.2,19.92,19.64,19.36,19.08,18.88,18.67,18.47,18.27,18.11,17.95,17.78,17.62,17.42,17.21,17.01,16.81,16.68,16.55,16.42,16.29,16.16,16.02,15.89,15.76,15.63,15.5,15.38,15.25,15.09,14.94,14.78,14.62,14.52,14.42,14.32,14.22,14.24,14.25,14.26,14.27,14.62,14.97,15.32,15.67,16.28,16.89,17.5,18.11,18.62,19.13,19.64,20.14,20.46,20.79,21.11,21.43,21.67,21.92,22.16,22.41,22.68,22.94,23.21,23.47,23.68,23.88,24.09,24.29,24.44,24.59,24.74,24.89,24.99,25.09,25.19,25.29,25.33,25.36,25.4,25.44,25.43,25.43,25.42,25.42,25.36,25.31,25.25,25.2,25.05,24.91,24.76,24.61,,
2019-06-17T00:00:00+00:00,13.49,13.47,13.46,13.31,13.16,13.01,12.86,12.76,12.66,12.56,12.46,12.72,12.97,13.23,13.48,14.04,14.59,15.15,15.7,16.26,16.81,17.37,17.92,18.35,18.79,19.22,19.65,20.09,20.53,20.96,21.4,21.75,22.09,22.44,22.79,23.08,23.37,23.66,23.95,24.16,24.38,24.59,24.81,24.96,25.1,25.25,25.4,25.53,25.67,25.8,25.93,25.97,26.01,26.04,26.08,26.08,26.09,26.09,26.09,26.04,25.98,25.93,25.87,25.75,25.63,25.51,25.39,25.16,24.94,24.72,24.49,24.18,23.86,23.55,23.23,22.96,22.69,22.42,22.16,21.86,21.57,21.28,20.99,20.76,20.52,20.28,20.05,19.45,18.85,18.25,17.66,17.45,17.25,17.04,16.84,16.63,16.43,16.22,16.01,15.79,15.57,15.35,15.13,15.04,14.95,14.86,14.77,14.91,15.05,15.2,15.34,15.77,16.21,16.65,17.08,17.49,17.9,18.31,18.72,19.29,19.86,20.42,20.99,21.51,22.03,22.55,23.07,23.44,23.82,24.19,24.56,24.76,24.96,25.16,25.36,25.52,25.69,25.85,26.01,26.35,26.69,27.03,27.36,27.5,27.65,27.79,27.93,28.0,28.07,28.15,28.22,28.31,28.39,28.48,28.56,28.5,28.44,28.38,28.32,28.19,28.06,27.92,27.79,,
2019-06-18T00:00:00+00:00
2019-06-19T00:00:00+00:00
2019-06-20T00:00:00+00:00
2019-06-21T00:00:00+00:00
2019-06-22T00:00:00+00:00
2019-06-23T00:00:00+00:00
2019-06-24T00:00:00+00:00
2019-06-25T00:00:00+00:00
2019-06-26T00:00:00+00:00,21.99,21.87,21.75,21.68,21.61,21.54,21.47,21.38,21.29,21.2,21.12,21.13,21.15,21.17,21.19,21.42,21.66,21.9,22.13,22.49,22.84,23.2,23.55,24.05,24.55,25.04,25.54,26.04,26.55,27.05,27.56,28.09,28.63,29.16,29.7,30.13,30.56,31.0,31.43,31.88,32.33,32.78,33.22,33.51,33.8,34.09,34.38,34.49,34.6,34.7,34.81,34.83,34.84,34.85,34.86,34.89,34.92,34.94,34.97,34.96,34.94,34.93,34.92,34.83,34.74,34.65,34.57,33.91,33.25,32.59,31.93,31.34,30.75,30.16,29.58,29.3,29.01,28.73,28.45,28.12,27.8,27.47,27.15,26.8,26.46,26.11,25.76,25.27,24.77,24.28,23.78,23.59,23.41,23.23,23.04,22.88,22.72,22.56,22.4,22.28,22.16,22.04,21.92,21.85,21.78,21.7,21.63,21.64,21.65,21.66,21.67,21.86,22.04,22.22,22.4,22.69,22.99,23.28,23.58,24.03,24.48,24.93,25.38,25.84,26.31,26.78,27.24,27.73,28.22,28.71,29.19,29.64,30.09,30.53,30.98,31.35,31.72,32.09,32.46,32.72,32.97,33.22,33.48,33.56,33.65,33.74,33.83,33.82,33.82,33.82,33.82,33.73,33.65,33.57,33.48,33.19,32.89,32.6,32.3,31.8,31.29,30.79,30.28,,
2019-06-27T00:00:00+00:00,21.69,21.46,21.24,21.06,20.87,20.69,20.5,20.35,20.2,20.04,19.89,19.97,20.04,20.11,20.19,20.45,20.72,20.98,21.25,21.61,21.98,22.34,22.71,23.14,23.57,24.0,24.43,24.95,25.46,25.98,26.5,27.01,27.51,28.01,28.52,28.96,29.4,29.85,30.29,30.57,30.85,31.12,31.4,31.6,31.8,32.0,32.2,32.31,32.43,32.54,32.65,32.71,32.76,32.81,32.87,32.84,32.82,32.8,32.77,32.54,32.3,32.07,31.83,31.44,31.04,30.65,30.25,29.76,29.27,28.79,28.3,27.89,27.48,27.07,26.66,26.32,25.98,25.64,25.3,25.0,24.71,24.42,24.13,23.88,23.64,23.39,23.15,22.95,22.76,22.57,22.38,22.21,22.04,21.87,21.7,21.56,21.42,21.28,21.14,21.04,20.93,20.82,20.71,20.62,20.52,20.42,20.33,20.26,20.2,20.14,20.07,20.25,20.44,20.62,20.8,21.11,21.42,21.72,22.03,22.46,22.9,23.33,23.76,24.31,24.85,25.39,25.93,26.45,26.96,27.48,27.99,28.5,29.01,29.52,30.03,30.37,30.71,31.05,31.39,31.67,31.95,32.22,32.5,32.7,32.9,33.11,33.31,33.41,33.5,33.6,33.7,33.7,33.7,33.71,33.71,33.6,33.5,33.39,33.28,33.01,32.74,32.47,32.2,,
2019-06-28T00:00:00+00:00,20.25,20.03,19.81,19.62,19.44,19.26,19.07,18.96,18.85,18.74,18.62,18.61,18.59,18.57,18.55,18.79,19.02,19.25,19.48,19.9,20.31,20.73,21.15,21.69,22.22,22.76,23.3,23.84,24.38,24.92,25.47,26.02,26.58,27.14,27.69,28.2,28.72,29.23,29.74,30.2,30.65,31.11,31.57,31.87,32.17,32.47,32.77,32.94,33.11,33.28,33.45,33.57,33.69,33.81,33.93,33.91,33.88,33.86,33.84,33.65,33.47,33.28,33.1,32.78,32.46,32.14,31.82,31.42,31.02,30.62,30.22,29.86,29.5,29.15,28.79,28.4,28.01,27.62,27.23,26.96,26.69,26.42,26.15,25.79,25.44,25.08,24.73,24.48,24.22,23.97,23.72,23.52,23.32,23.12,22.92,22.73,22.54,22.35,22.15,21.99,21.83,21.66,21.5,21.36,21.22,21.08,20.94,21.0,21.06,21.12,21.18,21.48,21.79,22.1,22.41,22.85,23.29,23.74,24.18,24.71,25.23,25.76,26.29,26.83,27.38,27.93,28.48,29.04,29.59,30.14,30.69,31.19,31.68,32.18,32.67,33.02,33.37,33.72,34.06,34.27,34.48,34.69,34.9,35.07,35.24,35.4,35.57,35.69,35.81,35.93,36.05,36.05,36.06,36.07,36.08,35.93,35.78,35.63,35.48,35.16,34.83,34.51,34.19,,
2019-06-29T00:00:00+00:00,20.75,20.59,20.42,20.33,20.23,20.13,20.04,19.85,19.67,19.49,19.31,19.35,19.38,19.42,19.46,19.81,20.17,20.53,20.89,21.26,21.64,22.02,22.4,22.87,23.34,23.81,24.28,24.78,25.28,25.78,26.28,26.83,27.38,27.93,28.48,28.93,29.38,29.83,30.27,30.73,31.19,31.65,32.11,32.42,32.74,33.05,33.36,33.54,33.73,33.91,34.09,34.16,34.24,34.31,34.38,34.46,34.54,34.62,34.69,34.64,34.59,34.54,34.49,34.35,34.21,34.07,33.92,33.65,33.38,33.11,32.84,32.34,31.84,31.35,30.85,30.39,29.93,29.48,29.02,28.72,28.42,28.12,27.82,27.72,27.61,27.5,27.39,27.33,27.26,27.2,27.13,26.12,25.11,24.1,23.09,22.86,22.62,22.39,22.16,21.89,21.61,21.34,21.07,20.85,20.63,20.41,20.18,19.97,19.76,19.55,19.34,19.42,19.49,19.57,19.64,19.88,20.11,20.35,20.59,20.88,21.17,21.46,21.75,22.09,22.44,22.78,23.12,23.43,23.74,24.05,24.36,24.48,24.61,24.74,24.86,24.92,24.99,25.05,25.11,24.79,24.48,24.16,23.85,24.31,24.77,25.22,25.68,25.87,26.06,26.25,26.44,26.47,26.5,26.53,26.56,26.46,26.35,26.25,26.14,25.89,25.65,25.4,25.15,,
2019-06-30T00:00:00+00:00,22.59,22.11,21.64,21.38,21.13,20.87,20.61,20.39,20.17,19.94,19.72,19.59,19.45,19.32,19.18,19.33,19.48,19.63,19.77,20.05,20.33,20.61,20.89,21.17,21.45,21.73,22.02,22.35,22.69,23.03,23.36,23.62,23.87,24.13,24.38,24.67,24.97,25.26,25.55,25.85,26.15,26.44,26.74,26.94,27.13,27.33,27.52,27.64,27.76,27.88,27.99,28.05,28.1,28.15,28.21,28.17,28.13,28.09,28.06,27.94,27.82,27.7,27.58,27.33,27.08,26.83,26.57,26.14,25.7,25.27,24.83,24.47,24.11,23.75,23.39,23.25,23.11,22.97,22.83,22.62,22.41,22.21,22.0,21.73,21.46,21.18,20.91,20.76,20.62,20.47,20.33,20.11,19.9,19.69,19.48,19.26,19.04,18.82,18.6,18.48,18.35,18.22,18.09,17.99,17.9,17.81,17.71,17.61,17.51,17.41,17.31,17.39,17.47,17.55,17.62,17.83,18.04,18.25,18.46,18.7,18.95,19.19,19.44,19.67,19.91,20.15,20.38,20.63,20.87,21.12,21.36,21.58,21.8,22.03,22.25,22.55,22.85,23.15,23.45,23.69,23.92,24.16,24.4,24.53,24.67,24.8,24.94,24.53,24.12,23.71,23.31,23.66,24.01,24.37,24.72,24.7,24.69,24.67,24.65,24.32,23.99,23.66,23.33,,
2019-07-01T00:00:00+00:00,16.97,16.84,16.7,16.46,16.22,15.98,15.74,15.57,15.39,15.21,15.04,15.06,15.09,15.11,15.13,15.31,15.48,15.65,15.83,16.07,16.31,16.55,16.8,17.2,17.61,18.02,18.43,18.78,19.12,19.47,19.81,20.12,20.42,20.73,21.03,21.34,21.65,21.97,22.28,22.52,22.77,23.02,23.26,23.43,23.6,23.76,23.93,24.09,24.26,24.43,24.59,24.66,24.73,24.79,24.86,24.85,24.85,24.84,24.84,24.82,24.79,24.77,24.75,24.44,24.13,23.82,23.51,23.16,22.82,22.47,22.12,21.73,21.33,20.93,20.54,20.23,19.92,19.61,19.3,19.05,18.81,18.56,18.32,18.01,17.71,17.4,17.1,16.76,16.42,16.08,15.74,15.47,15.2,14.92,14.65,14.48,14.31,14.13,13.96,13.72,13.49,13.25,13.02,12.88,12.74,12.6,12.46,12.55,12.64,12.73,12.82,13.44,14.06,14.67,15.29,15.74,16.19,16.64,17.09,17.51,17.94,18.36,18.79,19.27,19.75,20.24,20.72,21.06,21.39,21.73,22.06,22.36,22.65,22.94,23.23,23.51,23.78,24.06,24.34,24.52,24.69,24.87,25.05,25.14,25.24,25.33,25.43,25.45,25.47,25.49,25.52,25.44,25.37,25.3,25.23,25.09,24.95,24.81,24.67,24.44,24.22,23.99,23.76,,
2019-07-03T00:00:00+00:00
2019-07-04T00:00:00+00:00
2019-07-08T00:00:00+00:00
2019-07-09T00:00:00+00:00,14.02,13.73,13.44,13.21,12.98,12.75,12.53,12.33,12.13,11.93,11.73,11.73,11.73,11.73,11.73,12.01,12.29,12.57,12.85,13.21,13.58,13.94,14.3,14.81,15.31,15.81,16.32,16.84,17.36,17.88,18.4,18.79,19.19,19.58,19.98,20.41,20.84,21.27,21.7,22.05,22.41,22.76,23.11,23.32,23.52,23.73,23.94,24.1,24.27,24.44,24.61,24.67,24.74,24.81,24.87,24.87,24.86,24.85,24.84,24.75,24.67,24.59,24.5,24.32,24.13,23.94,23.75,23.48,23.21,22.95,22.68,22.36,22.04,21.72,21.4,21.15,20.9,20.66,20.41,20.19,19.97,19.74,19.52,19.33,19.14,18.96,18.77,18.59,18.42,18.24,18.07,17.91,17.74,17.58,17.42,17.28,17.14,17.01,16.87,16.73,16.59,16.45,16.32,16.17,16.03,15.88,15.74,15.78,15.82,15.87,15.91,16.29,16.67,17.05,17.44,17.91,18.38,18.85,19.33,19.77,20.22,20.67,21.11,21.45,21.79,22.13,22.47,22.82,23.17,23.52,23.87,24.2,24.53,24.86,25.19,25.46,25.73,26.0,26.27,26.48,26.69,26.9,27.11,27.21,27.32,27.42,27.52,27.71,27.89,28.07,28.26,28.33,28.4,28.47,28.55,28.48,28.41,28.34,28.28,28.18,28.08,27.98,27.88,27.68,27.47,27.26,27.06,26.76,26.46,26.17,25.87,25.63,25.39,25.14,24.9,24.77,24.65,24.52,24.39,24.24,24.09,23.94,23.79,23.71,23.62,23.53,23.45,,
